PlayerName,PlayerId,Pos,Team,PlayerOpponent,TacklesTot,TacklesAst,TacklesSck,TacklesTfl,TurnoverInt,TurnoverFrcFum,TurnoverFumRec,ScoreIntTd,ScoreFumTd,ScoreBlkTd,ScoreSaf,ScoreDef2ptRet,Blk,PDef,QBHit,ReturnIntYds,ReturnFumYds,Rank,TotalPoints
Mike Hughes,2560746,DB,KC,LV,8,1,,,,2,1,,1,,,,,,,,23,1,27.17
Ahkello Witherspoon,2558157,DB,PIT,@MIN,4,,,,2,,,,,,,,,3,,45,,2,22.80
Vonn Bell,2555530,DB,CIN,SF,5,5,,,,1,,,,,,,,2,,,,3,21.00
Landon Collins,2552454,DB,WAS,DAL,5,,2,1,1,,,,,,,,,1,1,3,,4,20.60
Bashaud Breeland,2543571,DB,ARI,LA,7,1,,,1,,,,,,,,,1,,18,,5,19.30
Darious Williams,2561469,DB,LA,@ARI,6,,,1,,,,,,,,,,3,,,,6,19.20
Grant Delpit,2563773,DB,CLE,BAL,11,,,,,,,,,,,,,,,,,7,18.70
Rasul Douglas,2558168,DB,GB,CHI,2,,,,1,,,1,,,,,,2,,55,,8,17.73
Jeremy Chinn,2563632,DB,CAR,ATL,8,5,,,,,,,,,,,,,,,,9,17.60
Jourdan Lewis,2557920,DB,DAL,@WAS,6,,,,,1,1,,,,,,,1,,,,10,17.20
Jessie Bates,2560970,DB,CIN,SF,8,1,,,,,,,,,,,,1,,,,11,16.90
Dane Jackson,2563614,DB,BUF,@TB,7,,,,,,,,,,,,,2,,,,12,16.90
Anthony Averett,2560963,DB,BAL,@CLE,4,1,,,1,,,,,,,,,2,,21,,13,16.80
Jordan Poyer,2539290,DB,BUF,@TB,7,3,,,,,,,,,,,,1,,,,14,16.80
Michael Davis,2559164,DB,LAC,NYG,3,,,1,,,,,,,,,,4,,,,15,16.60
Eddie Jackson,2558176,DB,CHI,@GB,7,2,,,,,,,,,,,,1,,,,16,16.00
Xavier Woods,2558159,DB,MIN,PIT,6,2,,1,,,,,,,,,,1,,,,17,15.80
Tyrann Mathieu,2540180,DB,KC,LV,5,,,,1,,1,,,,,,,1,,6,,18,15.70
Justin Simmons,2555550,DB,DEN,DET,5,1,,,1,,,,,,,,,1,,,,19,15.30
Kendall Fuller,2555349,DB,WAS,DAL,6,,,,,,,,,,,,,2,,,,20,15.20
A.J. Terrell,2563527,DB,ATL,@CAR,1,3,,,1,,,,,,,,,3,,,,21,15.10
Buster Skrine,2495343,DB,TEN,JAX,3,1,,,1,,,,,,,,,2,,17,,22,14.97
Chidobe Awuzie,2557840,DB,CIN,SF,4,2,,1,,,,,,,,,,2,,,,23,14.90
Troy Hill,2553536,DB,CLE,BAL,5,2,,3,,,,,,,,,,,,,,24,14.60
Kristian Fulton,2564046,DB,TEN,JAX,3,1,,,1,,,,,,,,,2,,,,25,14.40
Antoine Winfield Jr.,2565261,DB,TB,BUF,8,1,,,,,,,,,,,,,,,,26,14.40
Ugo Amadi,2562464,DB,SEA,@HOU,4,1,,1,,,,,,,,,,2,,,,27,14.10
Harrison Smith,2532948,DB,MIN,PIT,4,1,1,1,,,,,,,,,,1,1,,,28,14.10
K'Waun Williams,2550654,DB,SF,@CIN,5,2,1,1,,,,,,,,,,,1,,,29,14.10
D.J. Reed,2560850,DB,SEA,@HOU,8,,,,,,,,,,,,,,,,,30,13.60
Marshon Lattimore,2558061,DB,NO,@NYJ,5,,,,,,,,,,,,,2,,,,31,13.50
Aaron Robinson,2566370,DB,NYG,@LAC,7,2,,,,,,,,,,,,,,,,32,13.50
Paulson Adebo,2566346,DB,NO,@NYJ,6,,,,,,,,,,,,,1,,,,33,12.70
Micah Hyde,2539240,DB,BUF,@TB,7,1,,,,,,,,,,,,,,,,34,12.70
Sean Murphy-Bunting,2562635,DB,TB,BUF,7,1,,,,,,,,,,,,,,,,35,12.70
Chris Westry,2562902,DB,BAL,@CLE,6,,,,,,,,,,,,,1,,,,36,12.70
Artie Burns,2555344,DB,CHI,@GB,6,3,,,,,,,,,,,,,,,,37,12.60
Logan Ryan,2540162,DB,NYG,@LAC,6,3,,,,,,,,,,,,,,,,38,12.60
Divine Deablo,2566253,DB,LV,@KC,5,5,,,,,,,,,,,,,,,,39,12.50
John Johnson,2558183,DB,CLE,BAL,6,1,0.5,,,,,,,,,,,,1,,,40,12.50
Henry Black,2563974,DB,GB,CHI,3,1,,,,1,,,,,,,,1,,,,41,11.90
William Jackson,2556367,DB,WAS,DAL,7,,,,,,,,,,,,,,,,,42,11.90
David Long,2562798,DB,LA,@ARI,5,1,,,,,,,,,,,,1,,,,43,11.80
Brandon Stephens,2565851,DB,BAL,@CLE,6,2,,,,,,,,,,,,,,,,44,11.80
Andrew Adams,2556456,DB,TB,BUF,3,2,,,,,,,,,,,,2,,,,45,11.70
Nasir Adderley,2562617,DB,LAC,NYG,4,3,,,,,,,,,,,,1,,,,46,11.70
Jalen Thompson,2563339,DB,ARI,LA,5,4,,,,,,,,,,,,,,,,47,11.70
Johnathan Abram,2562616,DB,LV,@KC,4,6,,,,,,,,,,,,,,,,48,11.60
Elijah Riley,2564853,DB,NYJ,NO,4,6,,,,,,,,,,,,,,,,49,11.60
Will Harris,2562395,DB,DET,@DEN,2,7,,,,,,,,,,,,1,,,,50,11.50
Tashaun Gipson,2532848,DB,CHI,@GB,5,3,,,,,,,,,,,,,,,,51,10.90
Chris Harris,2530510,DB,LAC,NYG,2,,,,,,,,,,,,,3,,,,52,10.90
Andrew Wingard,2562606,DB,JAX,@TEN,5,3,,,,,,,,,,,,,,,,53,10.90
Lonnie Johnson,2562295,DB,HOU,SEA,4,,,1,,,,,,,,,,1,,,,54,10.80
Ryan Neal,2561381,DB,SEA,@HOU,4,3,,1,,,,,,,,,,,,,,55,10.70
Greedy Williams,2562785,DB,CLE,BAL,6,,,,,,,,,,,,,,,,,56,10.20
Robert Alford,2539653,DB,ARI,LA,5,2,,,,,,,,,,,,,,,,57,10.10
Chuck Clark,2558248,DB,BAL,@CLE,5,2,,,,,,,,,,,,,,,,58,10.10
Terrell Edmunds,2560712,DB,PIT,@MIN,4,1,,,,,,,,,,,,1,,,,59,10.10
Trevon Diggs,2563836,DB,DAL,@WAS,1,1,,,,,,,,,,,,3,,,,60,10.00
Minkah Fitzpatrick,2560725,DB,PIT,@MIN,3,3,,,,,,,,,,,,1,,,,61,10.00
Ronald Darby,2552689,DB,DEN,DET,4,,,,,,,,,,,,,1,,,,62,9.30
Jordan Fuller,2564340,DB,LA,@ARI,5,1,,,,,,,,,,,,,,,,63,9.30
Darren Hall,2565821,DB,ATL,@CAR,4,,,,,,,,,,,,,1,,,,64,9.30
Cameron Sutton,2558849,DB,PIT,@MIN,4,,,,,,,,,,,,,1,,,,65,9.30
Kareem Jackson,496735,DB,DEN,DET,3,2,,,,,,,,,,,,1,,,,66,9.20
Jimmie Ward,2543741,DB,SF,@CIN,3,2,,,,,,,,,,,,1,,,,67,9.20
Kamren Curl,2565270,DB,WAS,DAL,3,5,,,,,,,,,,,,,,,,68,9.10
Julian Love,2562414,DB,NYG,@LAC,3,3,,1,,,,,,,,,,,,,,69,9.00
Chandon Sullivan,2560887,DB,GB,CHI,1,1,,,1,,,,,,,,,1,,1,,70,8.53
Blessuan Austin,2562468,DB,SEA,@HOU,5,,,,,,,,,,,,,,,,,71,8.50
Kris Boyd,2562630,DB,MIN,PIT,5,,,,,,,,,,,,,,,,,72,8.50
Adrian Amos,2552385,DB,GB,CHI,3,1,,,,,,,,,,,,1,,,,73,8.40
Kevin Byard,2555158,DB,TEN,JAX,2,3,,,,,,,,,,,,1,,,,74,8.30
Brandin Echols,2565726,DB,NYJ,NO,4,,,1,,,,,,,,,,,,,,75,8.30
Jaquiski Tartt,2552391,DB,SF,@CIN,3,4,,,,,,,,,,,,,,,,76,8.30
Ross Cockrell,2543799,DB,TB,BUF,4,1,,,,,,,,,,,,,1,,,77,8.10
Jayron Kearse,2555156,DB,DAL,@WAS,2,1,,,,,1,,,,,,,1,,,1,78,7.73
Carlton Davis,2561039,DB,TB,BUF,4,1,,,,,,,,,,,,,,,,79,7.60
C.J. Henderson,2564199,DB,CAR,ATL,3,,,,,,,,,,,,,1,,,,80,7.60
DeAndre Houston-Carson,2555381,DB,CHI,@GB,4,1,,,,,,,,,,,,,,,,81,7.60
Talanoa Hufanga,2566529,DB,SF,@CIN,4,1,,,,,,,,,,,,,,,,82,7.60
Jaylon Johnson,2563701,DB,CHI,@GB,3,,,,,,,,,,,,,1,,,,83,7.60
Taron Johnson,2560766,DB,BUF,@TB,4,1,,,,,,,,,,,,,,,,84,7.60
Byron Murphy,2562318,DB,ARI,LA,3,,,,,,,,,,,,,1,,,,85,7.60
Pat Surtain II,2566043,DB,DEN,DET,4,1,,,,,,,,,,,,,,,,86,7.60
Marcus Williams,2558847,DB,NO,@NYJ,4,1,,,,,,,,,,,,,,,,87,7.60
Dean Marlowe,2553562,DB,DET,@DEN,2,5,,,,,,,,,,,,,,,,88,7.40
Shaquill Griffin,2558259,DB,JAX,@TEN,4,,,,,,,,,,,,,,1,,,89,7.30
M.J. Stewart,2560884,DB,CLE,BAL,4,,,,,,,,,,,,,,,,,90,6.80
Denzel Ward,2560916,DB,CLE,BAL,4,,,,,,,,,,,,,,,,,91,6.80
Eli Apple,2555277,DB,CIN,SF,2,1,,,,,,,,,,,,1,,,,92,6.70
Budda Baker,2558009,DB,ARI,LA,3,2,,,,,,,,,,,,,,,,93,6.70
Desmond King,2557927,DB,HOU,SEA,3,2,,,,,,,,,,,,,,,,94,6.70
Josh Norman,2532920,DB,SF,@CIN,2,1,,,,,,,,,,,,1,,,,95,6.70
Patrick Peterson,2495504,DB,MIN,PIT,3,2,,,,,,,,,,,,,,,,96,6.70
Daniel Sorensen,2550257,DB,KC,LV,1,,,,,,,,,,,,,2,,,,97,6.70
Bryce Hall,2564796,DB,NYJ,NO,3,,,1,,,,,,,,,,,,,,98,6.60
C.J. Moore,2563193,DB,DET,@DEN,2,4,,,,,,,,,,,,,,,,99,6.60
Ambry Thomas,2566547,DB,SF,@CIN,2,4,,,,,,,,,,,,,,,,100,6.60
Richard Sherman,2495507,DB,TB,BUF,,,,,1,,,,,,,,,1,,,,101,6.00
Armani Watts,2560921,DB,KC,LV,2,2,,,,,1,,,,,,,,,,,102,6.00
Anthony Brown,2555531,DB,DAL,@WAS,2,,,,,,,,,,,,,1,,,,103,5.90
J.T. Gray,2561206,DB,NO,@NYJ,3,1,,,,,,,,,,,,,,,,104,5.90
Javelin Guidry,2565504,DB,NYJ,NO,3,1,,,,,,,,,,,,,,,,105,5.90
Amani Hooker,2562666,DB,TEN,JAX,2,,,,,,,,,,,,,1,,,,106,5.90
Fabian Moreau,2558136,DB,ATL,@CAR,2,,,,,,,,,,,,,1,,,,107,5.90
Trayvon Mullen,2562380,DB,LV,@KC,3,1,,,,,,,,,,,,,,,,108,5.90
Kareem Orr,2563274,DB,LA,@ARI,3,1,,,,,,,,,,,,,,,,109,5.90
Taylor Rapp,2562707,DB,LA,@ARI,3,1,,,,,,,,,,,,,,,,110,5.90
Nickell Robey-Coleman,2540197,DB,DET,@DEN,3,1,,,,,,,,,,,,,,,,111,5.90
Nick Scott,2562905,DB,LA,@ARI,3,1,,,,,,,,,,,,,,,,112,5.90
Eric Stokes,2566097,DB,GB,CHI,2,,,,,,,,,,,,,1,,,,113,5.90
Elijah Molden,2566115,DB,TEN,JAX,2,3,,,,,,,,,,,,,,,,114,5.80
Ashtyn Davis,2564793,DB,NYJ,NO,2,1,0.5,,,,,,,,,,,,1,,,115,5.70
Malcolm Jenkins,79848,DB,NO,@NYJ,3,,,,,,,,,,,,,,1,,,116,5.60
Duron Harmon,2541243,DB,ATL,@CAR,3,,,,,,,,,,,,,,,,,117,5.10
Nate Hobbs,2566259,DB,LV,@KC,3,,,,,,,,,,,,,,,,,118,5.10
Rayshawn Jenkins,2558182,DB,JAX,@TEN,3,,,,,,,,,,,,,,,,,119,5.10
Terrance Mitchell,2543637,DB,HOU,SEA,3,,,,,,,,,,,,,,,,,120,5.10
Trevon Moehrig,2566268,DB,LV,@KC,3,,,,,,,,,,,,,,,,,121,5.10
Charvarius Ward,2561417,DB,KC,LV,3,,,,,,,,,,,,,,,,,122,5.10
P.J. Williams,2552484,DB,NO,@NYJ,3,,,,,,,,,,,,,,,,,123,5.10
Tyson Campbell,2566151,DB,JAX,@TEN,2,2,,,,,,,,,,,,,,,,124,5.00
Rashad Fenton,2562649,DB,KC,LV,2,2,,,,,,,,,,,,,,,,125,5.00
Eric Murray,2555173,DB,HOU,SEA,2,2,,,,,,,,,,,,,,,,126,5.00
Justin Reid,2560851,DB,HOU,SEA,2,2,,,,,,,,,,,,,,,,127,5.00
Jarren Williams,2564958,DB,NYG,@LAC,2,2,,,,,,,,,,,,,,,,128,5.00
Mackensie Alexander,2555177,DB,MIN,PIT,1,4,,,,,,,,,,,,,,,,129,4.90
Miles Killebrew,2555315,DB,PIT,@MIN,2,,,1,,,,,,,,,,,,,,130,4.90
Mike Hilton,2556559,DB,CIN,SF,2,1,,,,,,,,,,,,,1,,,131,4.70
Andre Cisco,2566154,DB,JAX,@TEN,,1,,,,1,,,,,,,,,,,,132,4.30
Deandre Baker,2562227,DB,KC,LV,2,1,,,,,,,,,,,,,,,,133,4.20
James Bradberry,2555175,DB,NYG,@LAC,1,,,,,,,,,,,,,1,,,,134,4.20
Tevaughn Campbell,2562806,DB,LAC,NYG,1,,,,,,,,,,,,,1,,,,135,4.20
Rudy Ford,2558174,DB,JAX,@TEN,2,1,,,,,,,,,,,,,,,,136,4.20
Kyle Fuller,2543681,DB,DEN,DET,2,1,,,,,,,,,,,,,,,,137,4.20
Myles Hartsfield,2563644,DB,CAR,ATL,1,,,,,,,,,,,,,1,,,,138,4.20
Damontae Kazee,2558184,DB,DAL,@WAS,2,1,,,,,,,,,,,,,,,,139,4.20
Xavier McKinney,2564766,DB,NYG,@LAC,2,1,,,,,,,,,,,,,,,,140,4.20
Darnell Savage,2562724,DB,GB,CHI,2,1,,,,,,,,,,,,,,,,141,4.20
Caden Sterns,2566040,DB,DEN,DET,2,1,,,,,,,,,,,,,,,,142,4.20
Cameron Dantzler,2564526,DB,MIN,PIT,,2,,,,,,,,,,,,1,,,,143,4.10
Marco Wilson,2566439,DB,ARI,LA,1,1,,1,,,,,,,,,,,,,,144,4.00
Deon Bush,2555155,DB,CHI,@GB,2,,,,,,,,,,,,,,,,,145,3.40
Xavier Crawford,2562515,DB,CHI,@GB,2,,,,,,,,,,,,,,,,,146,3.40
Jamel Dean,2562556,DB,TB,BUF,2,,,,,,,,,,,,,,,,,147,3.40
Deommodore Lenoir,2566535,DB,SF,@CIN,2,,,,,,,,,,,,,,,,,148,3.40
Greg Mabin,2558971,DB,TEN,JAX,2,,,,,,,,,,,,,,,,,149,3.40
Jonathan Owens,2561255,DB,HOU,SEA,2,,,,,,,,,,,,,,,,,150,3.40
Kevon Seymour,2555549,DB,BAL,@CLE,2,,,,,,,,,,,,,,,,,151,3.40
Juston Burris,2555313,DB,CAR,ATL,1,2,,,,,,,,,,,,,,,,152,3.30
Marcell Harris,2561006,DB,SF,@CIN,1,2,,,,,,,,,,,,,,,,153,3.30
Jaylinn Hawkins,2563500,DB,ATL,@CAR,1,2,,,,,,,,,,,,,,,,154,3.30
Casey Hayward,2532861,DB,LV,@KC,1,2,,,,,,,,,,,,,,,,155,3.30
Stephon Gilmore,2533062,DB,CAR,ATL,1,,,1,,,,,,,,,,,,,,156,3.20
Antonio Hamilton,2556804,DB,ARI,LA,1,,,1,,,,,,,,,,,,,,157,3.20
Erik Harris,2555568,DB,ATL,@CAR,1,,,1,,,,,,,,,,,,,,158,3.20
Sharrod Neasman,2556443,DB,LA,@ARI,1,,,1,,,,,,,,,,,,,,159,3.20
Ricardo Allen,2543850,DB,CIN,SF,1,1,,,,,,,,,,,,,,,,160,2.50
Deshazor Everett,2553710,DB,WAS,DAL,1,1,,,,,,,,,,,,,,,,161,2.50
Brandon Facyson,2560719,DB,LV,@KC,1,1,,,,,,,,,,,,,,,,162,2.50
Tre Flowers,2560728,DB,CIN,SF,1,1,,,,,,,,,,,,,,,,163,2.50
Malik Hooker,2558060,DB,DAL,@WAS,1,1,,,,,,,,,,,,,,,,164,2.50
Chris Jones,2560767,DB,TEN,JAX,1,1,,,,,,,,,,,,,,,,165,2.50
Bobby McCain,2552434,DB,WAS,DAL,1,1,,,,,,,,,,,,,,,,166,2.50
Levi Wallace,2560914,DB,BUF,@TB,1,1,,,,,,,,,,,,,,,,167,2.50
A.J. Bouye,2541162,DB,CAR,ATL,1,,,,,,,,,,,,,,,,,168,1.70
Chris Claybrooks,2564169,DB,JAX,@TEN,1,,,,,,,,,,,,,,,,,169,1.70
Quandre Diggs,2552262,DB,SEA,@HOU,1,,,,,,,,,,,,,,,,,170,1.70
Matthias Farley,2556429,DB,TEN,JAX,1,,,,,,,,,,,,,,,,,171,1.70
Mike Ford,2561527,DB,DEN,DET,1,,,,,,,,,,,,,,,,,172,1.70
Darrick Forrest,2566598,DB,WAS,DAL,1,,,,,,,,,,,,,,,,,173,1.70
Justin Hardee,2559181,DB,NYJ,NO,1,,,,,,,,,,,,,,,,,174,1.70
Gavin Heslop,2565156,DB,SEA,@HOU,1,,,,,,,,,,,,,,,,,175,1.70
Shemar Jean-Charles,2566079,DB,GB,CHI,1,,,,,,,,,,,,,,,,,176,1.70
Danny Johnson,2560764,DB,WAS,DAL,1,,,,,,,,,,,,,,,,,177,1.70
Anthony Levine,2508004,DB,BAL,@CLE,1,,,,,,,,,,,,,,,,,178,1.70
Arthur Maulet,2559087,DB,PIT,@MIN,1,,,,,,,,,,,,,,,,,179,1.70
Rashaan Melvin,2541200,DB,CAR,ATL,1,,,,,,,,,,,,,,,,,180,1.70
Herb Miller,2563153,DB,CLE,BAL,1,,,,,,,,,,,,,,,,,181,1.70
Tre Norwood,2566463,DB,PIT,@MIN,1,,,,,,,,,,,,,,,,,182,1.70
Amani Oruwariye,2562390,DB,DET,@DEN,1,,,,,,,,,,,,,,,,,183,1.70
Jeremy Reaves,2561394,DB,WAS,DAL,1,,,,,,,,,,,,,,,,,184,1.70
Bradley Roby,2543505,DB,NO,@NYJ,1,,,,,,,,,,,,,,,,,185,1.70
Geno Stone,2563584,DB,BAL,@CLE,1,,,,,,,,,,,,,,,,,186,1.70
Darian Thompson,2555154,DB,DAL,@WAS,1,,,,,,,,,,,,,,,,,187,1.70
Deionte Thompson,2562760,DB,ARI,LA,1,,,,,,,,,,,,,,,,,188,1.70
Kindle Vildor,2563713,DB,CHI,@GB,1,,,,,,,,,,,,,,,,,189,1.70
Tavon Young,2555378,DB,BAL,@CLE,1,,,,,,,,,,,,,,,,,190,1.70
Trey Marshall,2561370,DB,LAC,NYG,,2,,,,,,,,,,,,,,,,191,1.60
Tavierre Thomas,2561278,DB,HOU,SEA,,2,,,,,,,,,,,,,,,,192,1.60
Juan Thornhill,2562761,DB,KC,LV,,,,,,,1,,,,,,,,,,,193,1.00
Marcus Allen,2560956,DB,PIT,@MIN,,1,,,,,,,,,,,,,,,,194,0.80
Terrell Burgess,2564331,DB,LA,@ARI,,1,,,,,,,,,,,,,,,,195,0.80
Dane Cruikshank,2561033,DB,TEN,JAX,,1,,,,,,,,,,,,,,,,196,0.80
Chauncey Gardner-Johnson,2562588,DB,NO,@NYJ,,1,,,,,,,,,,,,,,,,197,0.80
Jeff Heath,2541832,DB,NO,@NYJ,,1,,,,,,,,,,,,,,,,198,0.80
Josh Jackson,2560755,DB,KC,LV,,1,,,,,,,,,,,,,,,,199,0.80
Kevin King,2557996,DB,GB,CHI,,1,,,,,,,,,,,,,,,,200,0.80
Justin Layne,2562479,DB,PIT,@MIN,,1,,,,,,,,,,,,,,,,201,0.80
J.R. Reed,2564220,DB,NYG,@LAC,,1,,,,,,,,,,,,,,,,202,0.80
Keith Taylor,2565911,DB,CAR,ATL,,1,,,,,,,,,,,,,,,,203,0.80
Rachad Wildgoose,2565881,DB,NYJ,NO,,1,,,,,,,,,,,,,,,,204,0.80
Avery Williams,2565833,DB,ATL,@CAR,,1,,,,,,,,,,,,,,,,205,0.80
Shawn Williams,2539233,DB,ATL,@CAR,,1,,,,,,,,,,,,,,,,206,0.80
Jarrod Wilson,2556711,DB,SF,@CIN,,1,,,,,,,,,,,,,,,,207,0.80
Kemon Hall,2562975,DB,LAC,NYG,,,,,,,,,,,,,,,1,,,208,0.50
Dallin Leavitt,2561585,DB,LV,@KC,,,,,,,,,,,,,,,,,,209,0.40
Delrick Abrams,2563464,DB,FA,Bye,,,,,,,,,,,,,,,,,,210,0.00
DeMarkus Acy,2565087,DB,PIT,@MIN,,,,,,,,,,,,,,,,,,211,0.00
Jamal Adams,2557979,DB,SEA,@HOU,,,,,,,,,,,,,,,,,,212,0.00
Jahleel Addae,2541958,DB,IND,Bye,,,,,,,,,,,,,,,,,,213,0.00
Jaire Alexander,2560952,DB,GB,CHI,,,,,,,,,,,,,,,,,,214,0.00
Brian Allen,2558237,DB,CLE,BAL,,,,,,,,,,,,,,,,,,215,0.00
Johnathan Alston,2561520,DB,FA,Bye,,,,,,,,,,,,,,,,,,216,0.00
Troy Apke,2560958,DB,WAS,DAL,,,,,,,,,,,,,,,,,,217,0.00
Cornell Armstrong,2561147,DB,ATL,@CAR,,,,,,,,,,,,,,,,,,218,0.00
Damon Arnette,2564409,DB,MIA,Bye,,,,,,,,,,,,,,,,,,219,0.00
Grayland Arnold,2564814,DB,HOU,SEA,,,,,,,,,,,,,,,,,,220,0.00
Jaytlin Askew,2566656,DB,FA,Bye,,,,,,,,,,,,,,,,,,221,0.00
Corey Ballentine,2562228,DB,DET,@DEN,,,,,,,,,,,,,,,,,,222,0.00
Chris Banjo,2541192,DB,ARI,LA,,,,,,,,,,,,,,,,,,223,0.00
Luq Barcoo,2564160,DB,SF,@CIN,,,,,,,,,,,,,,,,,,224,0.00
Essang Bassey,2563875,DB,FA,Bye,,,,,,,,,,,,,,,,,,225,0.00
DeVante Bausby,2553790,DB,NE,Bye,,,,,,,,,,,,,,,,,,226,0.00
Sam Beal,2561643,DB,FA,Bye,,,,,,,,,,,,,,,,,,227,0.00
Elijah Benton,2563758,DB,FA,Bye,,,,,,,,,,,,,,,,,,228,0.00
Justin Bethel,2532792,DB,NE,Bye,,,,,,,,,,,,,,,,,,229,0.00
Julian Blackmon,2564103,DB,IND,Bye,,,,,,,,,,,,,,,,,,230,0.00
Marquise Blair,2562233,DB,SEA,@HOU,,,,,,,,,,,,,,,,,,231,0.00
Joshuah Bledsoe,2566331,DB,NE,Bye,,,,,,,,,,,,,,,,,,232,0.00
Briean Boddy-Calhoun,2556475,DB,TEN,JAX,,,,,,,,,,,,,,,,,,233,0.00
Terrell Bonds,2563136,DB,FA,Bye,,,,,,,,,,,,,,,,,,234,0.00
Breon Borders,2559015,DB,ARI,LA,,,,,,,,,,,,,,,,,,235,0.00
Tre Boston,2543830,DB,FA,Bye,,,,,,,,,,,,,,,,,,236,0.00
John Brannon,2565018,DB,CIN,SF,,,,,,,,,,,,,,,,,,237,0.00
Brady Breeze,2566103,DB,DET,@DEN,,,,,,,,,,,,,,,,,,238,0.00
Antoine Brooks Jr.,2564967,DB,LA,@ARI,,,,,,,,,,,,,,,,,,239,0.00
Terrence Brooks,2543712,DB,HOU,SEA,,,,,,,,,,,,,,,,,,240,0.00
Jordan Brown,2562396,DB,LV,@KC,,,,,,,,,,,,,,,,,,241,0.00
Shakur Brown,2565774,DB,FA,Bye,,,,,,,,,,,,,,,,,,242,0.00
Tony Brown,2560982,DB,LV,@KC,,,,,,,,,,,,,,,,,,243,0.00
Tre Brown,2566550,DB,SEA,@HOU,,,,,,,,,,,,,,,,,,244,0.00
Myles Bryant,2564592,DB,NE,Bye,,,,,,,,,,,,,,,,,,245,0.00
Eric Burrell,2565696,DB,FA,Bye,,,,,,,,,,,,,,,,,,246,0.00
Deante Burton,2559109,DB,FA,Bye,,,,,,,,,,,,,,,,,,247,0.00
Malcolm Butler,2550613,DB,FA,Bye,,,,,,,,,,,,,,,,,,248,0.00
Camryn Bynum,2566295,DB,MIN,PIT,,,,,,,,,,,,,,,,,,249,0.00
Bryce Callahan,2553500,DB,DEN,DET,,,,,,,,,,,,,,,,,,250,0.00
Elijah Campbell,2561455,DB,MIA,Bye,,,,,,,,,,,,,,,,,,251,0.00
Ibraheim Campbell,2552605,DB,IND,Bye,,,,,,,,,,,,,,,,,,252,0.00
Maurice Canady,2555178,DB,DAL,@WAS,,,,,,,,,,,,,,,,,,253,0.00
T.J. Carrie,2550164,DB,IND,Bye,,,,,,,,,,,,,,,,,,254,0.00
Jamal Carter,2559321,DB,TEN,JAX,,,,,,,,,,,,,,,,,,255,0.00
Michael Carter II,2565717,DB,NYJ,NO,,,,,,,,,,,,,,,,,,256,0.00
Andre Chachere,2561016,DB,PHI,Bye,,,,,,,,,,,,,,,,,,257,0.00
Sean Chandler,2561017,DB,CAR,ATL,,,,,,,,,,,,,,,,,,258,0.00
Anthony Chesley,2563235,DB,IND,Bye,,,,,,,,,,,,,,,,,,259,0.00
Marqui Christian,2556277,DB,CHI,@GB,,,,,,,,,,,,,,,,,,260,0.00
Patrick Chung,71251,DB,FA,Bye,,,,,,,,,,,,,,,,,,261,0.00
Adrian Colbert,2558857,DB,CLE,BAL,,,,,,,,,,,,,,,,,,262,0.00
Justin Coleman,2553637,DB,MIA,Bye,,,,,,,,,,,,,,,,,,263,0.00
Chris Cooper,2561429,DB,FA,Bye,,,,,,,,,,,,,,,,,,264,0.00
Shaun Crawford,2565642,DB,FA,Bye,,,,,,,,,,,,,,,,,,265,0.00
Ken Crawley,2556735,DB,NO,@NYJ,,,,,,,,,,,,,,,,,,266,0.00
Keion Crossen,2561157,DB,NYG,@LAC,,,,,,,,,,,,,,,,,,267,0.00
Jordan Dangerfield,2541696,DB,FA,Bye,,,,,,,,,,,,,,,,,,268,0.00
DJ Daniel,2566653,DB,NE,Bye,,,,,,,,,,,,,,,,,,269,0.00
Cody Davis,2541135,DB,NE,Bye,,,,,,,,,,,,,,,,,,270,0.00
Jalen Davis,2561316,DB,CIN,SF,,,,,,,,,,,,,,,,,,271,0.00
Javaris Davis,2564265,DB,MIA,Bye,,,,,,,,,,,,,,,,,,272,0.00
Sean Davis,2555386,DB,NE,Bye,,,,,,,,,,,,,,,,,,273,0.00
Shawn Davis,2565597,DB,GB,CHI,,,,,,,,,,,,,,,,,,274,0.00
Duke Dawson,2561040,DB,DEN,DET,,,,,,,,,,,,,,,,,,275,0.00
Donte' Deayon,2556512,DB,LA,@ARI,,,,,,,,,,,,,,,,,,276,0.00
Stephen Denmark,2562874,DB,FA,Bye,,,,,,,,,,,,,,,,,,277,0.00
Darqueze Dennard,2543474,DB,SF,@CIN,,,,,,,,,,,,,,,,,,278,0.00
Pierre Desir,2543811,DB,TB,BUF,,,,,,,,,,,,,,,,,,279,0.00
Khalil Dorsey,2565336,DB,BAL,@CLE,,,,,,,,,,,,,,,,,,280,0.00
Kyle Dugger,2564601,DB,NE,Bye,,,,,,,,,,,,,,,,,,281,0.00
Quinton Dunbar,2553796,DB,FA,Bye,,,,,,,,,,,,,,,,,,282,0.00
Isaiah Dunn,2565720,DB,NYJ,NO,,,,,,,,,,,,,,,,,,283,0.00
Nate Ebner,2535132,DB,NYG,@LAC,,,,,,,,,,,,,,,,,,284,0.00
Mike Edwards,2562259,DB,TB,BUF,,,,,,,,,,,,,,,,,,285,0.00
Corn Elder,2558171,DB,WAS,DAL,,,,,,,,,,,,,,,,,,286,0.00
DeShon Elliott,2560715,DB,BAL,@CLE,,,,,,,,,,,,,,,,,,287,0.00
Tino Ellis,2564670,DB,FA,Bye,,,,,,,,,,,,,,,,,,288,0.00
Marcus Epps,2562946,DB,PHI,Bye,,,,,,,,,,,,,,,,,,289,0.00
Caleb Farley,2566106,DB,TEN,JAX,,,,,,,,,,,,,,,,,,290,0.00
Clayton Fejedelem,2555355,DB,MIA,Bye,,,,,,,,,,,,,,,,,,291,0.00
Mark Fields,2562442,DB,FA,Bye,,,,,,,,,,,,,,,,,,292,0.00
Paris Ford,2566205,DB,FA,Bye,,,,,,,,,,,,,,,,,,293,0.00
Sam Franklin,2563638,DB,CAR,ATL,,,,,,,,,,,,,,,,,,294,0.00
Kavon Frazier,2555536,DB,LV,@KC,,,,,,,,,,,,,,,,,,295,0.00
Innis Gaines,2565591,DB,GB,CHI,,,,,,,,,,,,,,,,,,296,0.00
Phillip Gaines,2543851,DB,FA,Bye,,,,,,,,,,,,,,,,,,297,0.00
Rashaan Gaulden,2560775,DB,FA,Bye,,,,,,,,,,,,,,,,,,298,0.00
Jake Gervase,2563306,DB,LA,@ARI,,,,,,,,,,,,,,,,,,299,0.00
Mark Gilbert,2565783,DB,DET,@DEN,,,,,,,,,,,,,,,,,,300,0.00
Tyree Gillespie,2566256,DB,LV,@KC,,,,,,,,,,,,,,,,,,301,0.00
Alohi Gilman,2565042,DB,LAC,NYG,,,,,,,,,,,,,,,,,,302,0.00
Jeff Gladney,2564541,DB,FA,Bye,,,,,,,,,,,,,,,,,,303,0.00
C.J. Goodwin,2550767,DB,DAL,@WAS,,,,,,,,,,,,,,,,,,304,0.00
Tay Gowan,2566427,DB,PHI,Bye,,,,,,,,,,,,,,,,,,305,0.00
Thomas Graham Jr.,2565923,DB,CHI,@GB,,,,,,,,,,,,,,,,,,306,0.00
Richie Grant,2565818,DB,ATL,@CAR,,,,,,,,,,,,,,,,,,307,0.00
A.J. Green,2563782,DB,CLE,BAL,,,,,,,,,,,,,,,,,,308,0.00
T.J. Green,2555537,DB,HOU,SEA,,,,,,,,,,,,,,,,,,309,0.00
Raven Greene,2561207,DB,FA,Bye,,,,,,,,,,,,,,,,,,310,0.00
Olaijah Griffin,2566635,DB,BUF,@TB,,,,,,,,,,,,,,,,,,311,0.00
Joe Haden,496733,DB,PIT,@MIN,,,,,,,,,,,,,,,,,,312,0.00
Javon Hagan,2565219,DB,ARI,LA,,,,,,,,,,,,,,,,,,313,0.00
Nate Hairston,2558108,DB,DEN,DET,,,,,,,,,,,,,,,,,,314,0.00
Tyler Hall,2563497,DB,LA,@ARI,,,,,,,,,,,,,,,,,,315,0.00
Damar Hamlin,2565872,DB,BUF,@TB,,,,,,,,,,,,,,,,,,316,0.00
Saquan Hampton,2562658,DB,FA,Bye,,,,,,,,,,,,,,,,,,317,0.00
Harrison Hand,2564547,DB,MIN,PIT,,,,,,,,,,,,,,,,,,318,0.00
Vernon Hargreaves III,2555299,DB,CIN,SF,,,,,,,,,,,,,,,,,,319,0.00
Madre Harper,2564421,DB,CAR,ATL,,,,,,,,,,,,,,,,,,320,0.00
Anthony Harris,2553655,DB,PHI,Bye,,,,,,,,,,,,,,,,,,321,0.00
Brontae Harris,2566217,DB,FA,Bye,,,,,,,,,,,,,,,,,,322,0.00
Tim Harris,2562949,DB,BUF,@TB,,,,,,,,,,,,,,,,,,323,0.00
Ronnie Harrison,2561008,DB,CLE,BAL,,,,,,,,,,,,,,,,,,324,0.00
J.T. Hassell,2563045,DB,FA,Bye,,,,,,,,,,,,,,,,,,325,0.00
Trayvon Henderson,2561339,DB,CIN,SF,,,,,,,,,,,,,,,,,,326,0.00
Tre Herndon,2561340,DB,JAX,@TEN,,,,,,,,,,,,,,,,,,327,0.00
Alijah Holder,2562572,DB,FA,Bye,,,,,,,,,,,,,,,,,,328,0.00
Jevon Holland,2566283,DB,MIA,Bye,,,,,,,,,,,,,,,,,,329,0.00
Nate Holley,2561627,DB,FA,Bye,,,,,,,,,,,,,,,,,,330,0.00
Ka'dar Hollman,2562940,DB,NYG,@LAC,,,,,,,,,,,,,,,,,,331,0.00
Darnay Holmes,2564739,DB,NYG,@LAC,,,,,,,,,,,,,,,,,,332,0.00
Jaycee Horn,2565893,DB,CAR,ATL,,,,,,,,,,,,,,,,,,333,0.00
Jameson Houston,2563791,DB,FA,Bye,,,,,,,,,,,,,,,,,,334,0.00
Xavien Howard,2555539,DB,MIA,Bye,,,,,,,,,,,,,,,,,,335,0.00
JuJu Hughes,2564352,DB,FA,Bye,,,,,,,,,,,,,,,,,,336,0.00
Marlon Humphrey,2558067,DB,BAL,@CLE,,,,,,,,,,,,,,,,,,337,0.00
J.T. Ibe,2565570,DB,FA,Bye,,,,,,,,,,,,,,,,,,338,0.00
Noah Igbinoghene,2564457,DB,MIA,Bye,,,,,,,,,,,,,,,,,,339,0.00
Adoree' Jackson,2558065,DB,NYG,@LAC,,,,,,,,,,,,,,,,,,340,0.00
Bennett Jackson,2543834,DB,FA,Bye,,,,,,,,,,,,,,,,,,341,0.00
Chris Jackson,2564049,DB,TEN,JAX,,,,,,,,,,,,,,,,,,342,0.00
Donte Jackson,2560753,DB,CAR,ATL,,,,,,,,,,,,,,,,,,343,0.00
J.C. Jackson,2560754,DB,NE,Bye,,,,,,,,,,,,,,,,,,344,0.00
Lamar Jackson,2565513,DB,NYJ,NO,,,,,,,,,,,,,,,,,,345,0.00
Mike Jackson,2562434,DB,SEA,@HOU,,,,,,,,,,,,,,,,,,346,0.00
Robert Jackson,2561434,DB,BAL,@CLE,,,,,,,,,,,,,,,,,,347,0.00
Michael Jacquet,2564835,DB,JAX,@TEN,,,,,,,,,,,,,,,,,,348,0.00
Natrell Jamerson,2560759,DB,NYG,@LAC,,,,,,,,,,,,,,,,,,349,0.00
Craig James,2561486,DB,PHI,Bye,,,,,,,,,,,,,,,,,,350,0.00
Derwin James,2560760,DB,LAC,NYG,,,,,,,,,,,,,,,,,,351,0.00
Janoris Jenkins,2532875,DB,TEN,JAX,,,,,,,,,,,,,,,,,,352,0.00
Dontae Johnson,2543739,DB,SF,@CIN,,,,,,,,,,,,,,,,,,353,0.00
Isaiah Johnson,2562675,DB,FA,Bye,,,,,,,,,,,,,,,,,,354,0.00
Jamar Johnson,2566031,DB,DEN,DET,,,,,,,,,,,,,,,,,,355,0.00
Jaquan Johnson,2562676,DB,BUF,@TB,,,,,,,,,,,,,,,,,,356,0.00
Kevin Johnson,2552261,DB,FA,Bye,,,,,,,,,,,,,,,,,,357,0.00
Brandon Jones,2564469,DB,MIA,Bye,,,,,,,,,,,,,,,,,,358,0.00
Byron Jones,2552568,DB,MIA,Bye,,,,,,,,,,,,,,,,,,359,0.00
Jonathan Jones,2556571,DB,NE,Bye,,,,,,,,,,,,,,,,,,360,0.00
Josh Jones,2558119,DB,SEA,@HOU,,,,,,,,,,,,,,,,,,361,0.00
Karl Joseph,2555342,DB,PIT,@MIN,,,,,,,,,,,,,,,,,,362,0.00
Kelvin Joseph,2566010,DB,DAL,@WAS,,,,,,,,,,,,,,,,,,363,0.00
Lamarcus Joyner,2543492,DB,NYJ,NO,,,,,,,,,,,,,,,,,,364,0.00
Jalen Julius,2564289,DB,FA,Bye,,,,,,,,,,,,,,,,,,365,0.00
Joshua Kalu,2560776,DB,NYG,@LAC,,,,,,,,,,,,,,,,,,366,0.00
Bopete Keyes,2564292,DB,CHI,@GB,,,,,,,,,,,,,,,,,,367,0.00
Luther Kirk,2565304,DB,ATL,@CAR,,,,,,,,,,,,,,,,,,368,0.00
Dre Kirkpatrick,2533060,DB,FA,Bye,,,,,,,,,,,,,,,,,,369,0.00
Chris Lammons,2561226,DB,KC,LV,,,,,,,,,,,,,,,,,,370,0.00
Nevin Lawson,2543872,DB,JAX,@TEN,,,,,,,,,,,,,,,,,,371,0.00
Richard LeCounte III,2565977,DB,CLE,BAL,,,,,,,,,,,,,,,,,,372,0.00
Cam Lewis,2563205,DB,BUF,@TB,,,,,,,,,,,,,,,,,,373,0.00
Donnie Lewis,2562910,DB,FA,Bye,,,,,,,,,,,,,,,,,,374,0.00
Zane Lewis,2564928,DB,NYJ,NO,,,,,,,,,,,,,,,,,,375,0.00
P.J. Locke,2563012,DB,DEN,DET,,,,,,,,,,,,,,,,,,376,0.00
Jordan Lucas,2555542,DB,FA,Bye,,,,,,,,,,,,,,,,,,377,0.00
Cole Luke,2558968,DB,FA,Bye,,,,,,,,,,,,,,,,,,378,0.00
Dylan Mabin,2563029,DB,NO,@NYJ,,,,,,,,,,,,,,,,,,379,0.00
Avonte Maddox,2560795,DB,PHI,Bye,,,,,,,,,,,,,,,,,,380,0.00
Iman Marshall,2562961,DB,BAL,@CLE,,,,,,,,,,,,,,,,,,381,0.00
Marcus Maye,2557995,DB,NYJ,NO,,,,,,,,,,,,,,,,,,382,0.00
Nick McCloud,2566638,DB,BUF,@TB,,,,,,,,,,,,,,,,,,383,0.00
Devin McCourty,494287,DB,NE,Bye,,,,,,,,,,,,,,,,,,384,0.00
Jason McCourty,89756,DB,MIA,Bye,,,,,,,,,,,,,,,,,,385,0.00
Bradley McDougald,2539243,DB,JAX,@TEN,,,,,,,,,,,,,,,,,,386,0.00
Rodney McLeod,2534832,DB,PHI,Bye,,,,,,,,,,,,,,,,,,387,0.00
Sherrick McManis,494289,DB,FA,Bye,,,,,,,,,,,,,,,,,,388,0.00
Zech McPhearson,2566406,DB,PHI,Bye,,,,,,,,,,,,,,,,,,389,0.00
Torry McTyer,2559053,DB,WAS,DAL,,,,,,,,,,,,,,,,,,390,0.00
Quenton Meeks,2560808,DB,FA,Bye,,,,,,,,,,,,,,,,,,391,0.00
Ifeatu Melifonwu,2566064,DB,DET,@DEN,,,,,,,,,,,,,,,,,,392,0.00
Josh Metellus,2564568,DB,MIN,PIT,,,,,,,,,,,,,,,,,,393,0.00
Doug Middleton,2556617,DB,SF,@CIN,,,,,,,,,,,,,,,,,,394,0.00
Jordan Miller,2562497,DB,NO,@NYJ,,,,,,,,,,,,,,,,,,395,0.00
Jalen Mills,2555383,DB,NE,Bye,,,,,,,,,,,,,,,,,,396,0.00
Chris Milton,2556394,DB,MIA,Bye,,,,,,,,,,,,,,,,,,397,0.00
Jovante Moffatt,2563797,DB,CLE,BAL,,,,,,,,,,,,,,,,,,398,0.00
Joshua Moon,2563265,DB,FA,Bye,,,,,,,,,,,,,,,,,,399,0.00
A.J. Moore,2561538,DB,HOU,SEA,,,,,,,,,,,,,,,,,,400,0.00
Kenny Moore II,2558976,DB,IND,Bye,,,,,,,,,,,,,,,,,,401,0.00
Tarvarius Moore,2561117,DB,SF,@CIN,,,,,,,,,,,,,,,,,,402,0.00
Jimmy Moreland,2562858,DB,HOU,SEA,,,,,,,,,,,,,,,,,,403,0.00
TJ Morrison,2565651,DB,FA,Bye,,,,,,,,,,,,,,,,,,404,0.00
Emmanuel Moseley,2561072,DB,SF,@CIN,,,,,,,,,,,,,,,,,,405,0.00
Parnell Motley,2565237,DB,DET,@DEN,,,,,,,,,,,,,,,,,,406,0.00
Israel Mukuamu,2566013,DB,DAL,@WAS,,,,,,,,,,,,,,,,,,407,0.00
Kai Nacua,2559220,DB,NYJ,NO,,,,,,,,,,,,,,,,,,408,0.00
Siran Neal,2560818,DB,BUF,@TB,,,,,,,,,,,,,,,,,,409,0.00
Nik Needham,2563220,DB,MIA,Bye,,,,,,,,,,,,,,,,,,410,0.00
Nick Nelson,2560819,DB,IND,Bye,,,,,,,,,,,,,,,,,,411,0.00
Picasso Nelson,2563002,DB,FA,Bye,,,,,,,,,,,,,,,,,,412,0.00
Steven Nelson,2552265,DB,PHI,Bye,,,,,,,,,,,,,,,,,,413,0.00
Greg Newsome II,2565980,DB,CLE,BAL,,,,,,,,,,,,,,,,,,414,0.00
Keisean Nixon,2562938,DB,LV,@KC,,,,,,,,,,,,,,,,,,415,0.00
George Odum,2561131,DB,IND,Bye,,,,,,,,,,,,,,,,,,416,0.00
Michael Ojemudia,2563908,DB,DEN,DET,,,,,,,,,,,,,,,,,,417,0.00
Jeff Okudah,2563944,DB,DET,@DEN,,,,,,,,,,,,,,,,,,418,0.00
Isaiah Oliver,2560830,DB,ATL,@CAR,,,,,,,,,,,,,,,,,,419,0.00
Steven Parker,2561256,DB,NYG,@LAC,,,,,,,,,,,,,,,,,,420,0.00
Will Parks,2556278,DB,NYJ,NO,,,,,,,,,,,,,,,,,,421,0.00
Jabrill Peppers,2557980,DB,NYG,@LAC,,,,,,,,,,,,,,,,,,422,0.00
Jomal Wiltz,2559283,DB,MIA,Bye,,,,,,,,,,,,,,,,,,423,0.00
Jordyn Peters,2565750,DB,FA,Bye,,,,,,,,,,,,,,,,,,424,0.00
Marcus Peters,2552488,DB,BAL,@CLE,,,,,,,,,,,,,,,,,,425,0.00
Kevin Peterson,2556764,DB,ARI,LA,,,,,,,,,,,,,,,,,,426,0.00
Adrian Phillips,2550842,DB,NE,Bye,,,,,,,,,,,,,,,,,,427,0.00
James Pierre,2565003,DB,PIT,@MIN,,,,,,,,,,,,,,,,,,428,0.00
Jason Pinnock,2565753,DB,NYJ,NO,,,,,,,,,,,,,,,,,,429,0.00
Brian Poole,2556445,DB,IND,Bye,,,,,,,,,,,,,,,,,,430,0.00
Bobby Price,2563953,DB,DET,@DEN,,,,,,,,,,,,,,,,,,431,0.00
Troy Pride,2563662,DB,CAR,ATL,,,,,,,,,,,,,,,,,,432,0.00
Glover Quin,71441,DB,FA,Bye,,,,,,,,,,,,,,,,,,433,0.00
Jalen Ramsey,2555280,DB,LA,@ARI,,,,,,,,,,,,,,,,,,434,0.00
Damarious Randall,2552389,DB,FA,Bye,,,,,,,,,,,,,,,,,,435,0.00
Will Redmond,2555545,DB,IND,Bye,,,,,,,,,,,,,,,,,,436,0.00
Sheldrick Redwine,2562711,DB,MIA,Bye,,,,,,,,,,,,,,,,,,437,0.00
John Reid,2564088,DB,SEA,@HOU,,,,,,,,,,,,,,,,,,438,0.00
Xavier Rhodes,2540155,DB,IND,Bye,,,,,,,,,,,,,,,,,,439,0.00
Jordan Richards,2552392,DB,BAL,@CLE,,,,,,,,,,,,,,,,,,440,0.00
Darryl Roberts,2553353,DB,WAS,DAL,,,,,,,,,,,,,,,,,,441,0.00
Amik Robertson,2564430,DB,LV,@KC,,,,,,,,,,,,,,,,,,442,0.00
Kenny Robinson,2563674,DB,CAR,ATL,,,,,,,,,,,,,,,,,,443,0.00
Patrick Robinson,2508084,DB,FA,Bye,,,,,,,,,,,,,,,,,,444,0.00
Rashard Robinson,2555546,DB,TB,BUF,,,,,,,,,,,,,,,,,,445,0.00
Reggie Robinson II,2563863,DB,DAL,@WAS,,,,,,,,,,,,,,,,,,446,0.00
Tyree Robinson,2561519,DB,FA,Bye,,,,,,,,,,,,,,,,,,447,0.00
Robert Rochell,2566241,DB,LA,@ARI,,,,,,,,,,,,,,,,,,448,0.00
Isaiah Rodgers,2564142,DB,IND,Bye,,,,,,,,,,,,,,,,,,449,0.00
Winston Rose,2556670,DB,FA,Bye,,,,,,,,,,,,,,,,,,450,0.00
D'Angelo Ross,2563057,DB,NE,Bye,,,,,,,,,,,,,,,,,,451,0.00
Eric Rowe,2552255,DB,MIA,Bye,,,,,,,,,,,,,,,,,,452,0.00
Brandon Rusnak,2562912,DB,JAX,@TEN,,,,,,,,,,,,,,,,,,453,0.00
KeiVarae Russell,2555547,DB,NO,@NYJ,,,,,,,,,,,,,,,,,,454,0.00
Asante Samuel Jr.,2566511,DB,LAC,NYG,,,,,,,,,,,,,,,,,,455,0.00
Stanford Samuels III,2564022,DB,FA,Bye,,,,,,,,,,,,,,,,,,456,0.00
Josiah Scott,2564229,DB,PHI,Bye,,,,,,,,,,,,,,,,,,457,0.00
Vernon Scott,2564028,DB,GB,CHI,,,,,,,,,,,,,,,,,,458,0.00
Andrew Sendejo,2525323,DB,IND,Bye,,,,,,,,,,,,,,,,,,459,0.00
Kendall Sheffield,2562730,DB,ATL,@CAR,,,,,,,,,,,,,,,,,,460,0.00
Duke Shelley,2562957,DB,CHI,@GB,,,,,,,,,,,,,,,,,,461,0.00
Jamien Sherwood,2565762,DB,NYJ,NO,,,,,,,,,,,,,,,,,,462,0.00
LeShaun Sims,2555551,DB,FA,Bye,,,,,,,,,,,,,,,,,,463,0.00
Kemah Siverand,2565189,DB,FA,Bye,,,,,,,,,,,,,,,,,,464,0.00
Darius Slay,2540288,DB,PHI,Bye,,,,,,,,,,,,,,,,,,465,0.00
Jimmy Smith,2508107,DB,BAL,@CLE,,,,,,,,,,,,,,,,,,466,0.00
Maurice Smith,2559058,DB,FA,Bye,,,,,,,,,,,,,,,,,,467,0.00
Ryan Smith,2555552,DB,LAC,NYG,,,,,,,,,,,,,,,,,,468,0.00
Saivion Smith,2562741,DB,DET,@DEN,,,,,,,,,,,,,,,,,,469,0.00
Tremon Smith,2561103,DB,HOU,SEA,,,,,,,,,,,,,,,,,,470,0.00
Tye Smith,2552449,DB,MIN,PIT,,,,,,,,,,,,,,,,,,471,0.00
L'Jarius Sneed,2564304,DB,KC,LV,,,,,,,,,,,,,,,,,,472,0.00
Benjamin St-Juste,2566604,DB,WAS,DAL,,,,,,,,,,,,,,,,,,473,0.00
Linden Stephens,2561277,DB,PIT,@MIN,,,,,,,,,,,,,,,,,,474,0.00
JaCoby Stevens,2566412,DB,PHI,Bye,,,,,,,,,,,,,,,,,,475,0.00
Donovan Stiner,2565795,DB,PIT,@MIN,,,,,,,,,,,,,,,,,,476,0.00
Corey Straughter,2565636,DB,FA,Bye,,,,,,,,,,,,,,,,,,477,0.00
Greg Stroman,2560886,DB,FA,Bye,,,,,,,,,,,,,,,,,,478,0.00
D.J. Swearinger,2539943,DB,IND,Bye,,,,,,,,,,,,,,,,,,479,0.00
Teez Tabor,2557955,DB,CHI,@GB,,,,,,,,,,,,,,,,,,480,0.00
Cordrea Tankersley,2557931,DB,FA,Bye,,,,,,,,,,,,,,,,,,481,0.00
Shakial Taylor,2563129,DB,FA,Bye,,,,,,,,,,,,,,,,,,482,0.00
Roderic Teamer,2562981,DB,LV,@KC,,,,,,,,,,,,,,,,,,483,0.00
Marvell Tell,2562757,DB,IND,Bye,,,,,,,,,,,,,,,,,,484,0.00
Josh Thomas,2565387,DB,BUF,@TB,,,,,,,,,,,,,,,,,,485,0.00
Stantley Thomas-Oliver,2563689,DB,CAR,ATL,,,,,,,,,,,,,,,,,,486,0.00
Tariq Thompson,2566644,DB,FA,Bye,,,,,,,,,,,,,,,,,,487,0.00
Desmond Trufant,2539334,DB,LV,@KC,,,,,,,,,,,,,,,,,,488,0.00
Kenny Vaccaro,2539320,DB,FA,Bye,,,,,,,,,,,,,,,,,,489,0.00
Donte Vaughn,2565084,DB,FA,Bye,,,,,,,,,,,,,,,,,,490,0.00
Jason Verrett,2543493,DB,SF,@CIN,,,,,,,,,,,,,,,,,,491,0.00
Kary Vincent Jr.,2566046,DB,PHI,Bye,,,,,,,,,,,,,,,,,,492,0.00
Dee Virgin,2559274,DB,FA,Bye,,,,,,,,,,,,,,,,,,493,0.00
Lamont Wade,2565798,DB,FA,Bye,,,,,,,,,,,,,,,,,,494,0.00
Shaun Wade,2565854,DB,NE,Bye,,,,,,,,,,,,,,,,,,495,0.00
Tracy Walker III,2560913,DB,DET,@DEN,,,,,,,,,,,,,,,,,,496,0.00
K'Von Wallace,2564871,DB,PHI,Bye,,,,,,,,,,,,,,,,,,497,0.00
Nigel Warrior,2563590,DB,SEA,@HOU,,,,,,,,,,,,,,,,,,498,0.00
Ar'Darius Washington,2566632,DB,BAL,@CLE,,,,,,,,,,,,,,,,,,499,0.00
Charles Washington,2556703,DB,ARI,LA,,,,,,,,,,,,,,,,,,500,0.00
Keith Washington,2564706,DB,FA,Bye,,,,,,,,,,,,,,,,,,501,0.00
Jaylen Watkins,2543707,DB,FA,Bye,,,,,,,,,,,,,,,,,,502,0.00
Trae Waynes,2552448,DB,CIN,SF,,,,,,,,,,,,,,,,,,503,0.00
Mark Webb,2566523,DB,LAC,NYG,,,,,,,,,,,,,,,,,,504,0.00
Brendon White,2565765,DB,FA,Bye,,,,,,,,,,,,,,,,,,505,0.00
Tre'Davious White,2557867,DB,BUF,@TB,,,,,,,,,,,,,,,,,,506,0.00
Jordan Whitehead,2560930,DB,TB,BUF,,,,,,,,,,,,,,,,,,507,0.00
Jace Whittaker,2564955,DB,ARI,LA,,,,,,,,,,,,,,,,,,508,0.00
Chris Wilcox,2566577,DB,IND,Bye,,,,,,,,,,,,,,,,,,509,0.00
LaDarius Wiley,2563280,DB,FA,Bye,,,,,,,,,,,,,,,,,,510,0.00
Joejuan Williams,2562787,DB,NE,Bye,,,,,,,,,,,,,,,,,,511,0.00
Rodarius Williams,2566379,DB,NYG,@LAC,,,,,,,,,,,,,,,,,,512,0.00
Trill Williams,2565714,DB,MIA,Bye,,,,,,,,,,,,,,,,,,513,0.00
Chris Williamson,2564784,DB,FA,Bye,,,,,,,,,,,,,,,,,,514,0.00
Khari Willis,2562602,DB,IND,Bye,,,,,,,,,,,,,,,,,,515,0.00
Brandon Wilson,2558786,DB,CIN,SF,,,,,,,,,,,,,,,,,,516,0.00
Donovan Wilson,2562604,DB,DAL,@WAS,,,,,,,,,,,,,,,,,,517,0.00
Quincy Wilson,2557961,DB,FA,Bye,,,,,,,,,,,,,,,,,,518,0.00
Tavon Wilson,2534830,DB,SF,@CIN,,,,,,,,,,,,,,,,,,519,0.00
Daryl Worley,2555394,DB,BAL,@CLE,,,,,,,,,,,,,,,,,,520,0.00
Blidi Wreh-Wilson,2539219,DB,TB,BUF,,,,,,,,,,,,,,,,,,521,0.00
Nahshon Wright,2566022,DB,DAL,@WAS,,,,,,,,,,,,,,,,,,522,0.00
Rock Ya-Sin,2562614,DB,IND,Bye,,,,,,,,,,,,,,,,,,523,0.00
Isaac Yiadom,2560946,DB,GB,CHI,,,,,,,,,,,,,,,,,,524,0.00
Darius Phillips,2560839,DB,CIN,SF,,,,,,,,,,,,,,,,,,525,-4.00
