PlayerName,PlayerId,Pos,Team,PlayerOpponent,TacklesTot,TacklesAst,TacklesSck,TacklesTfl,TurnoverInt,TurnoverFrcFum,TurnoverFumRec,ScoreIntTd,ScoreFumTd,ScoreBlkTd,ScoreSaf,ScoreDef2ptRet,Blk,PDef,QBHit,ReturnIntYds,ReturnFumYds,Rank,TotalPoints
Aaron Donald,2543485,DL,LA,@ARI,3,2,3,3,,,,,,,,,,1,3,,,1,21.20
Dre'Mont Jones,2562412,DL,DEN,DET,3,,2,3,,,,,,,,,,1,2,,,2,17.10
Myles Garrett,2557965,DL,CLE,BAL,3,,1,,,1,1,,1,,,,,,,,15,3,16.10
Dorance Armstrong,2560959,DL,DAL,@WAS,4,2,,,,,1,,1,,,,,,,,37,4,14.63
Jonathan Allen,2557844,DL,WAS,DAL,5,2,1,1,,,,,,,,,,,2,,,5,14.60
Randy Gregory,2552446,DL,DAL,@WAS,1,,1,,1,1,,,,,,,,1,2,12,,6,14.60
Dexter Lawrence,2562301,DL,NYG,@LAC,4,3,1,1,,,,,,,,,,,3,,,7,14.20
Daron Payne,2560834,DL,WAS,DAL,5,1,1,1,,,,,,,,,,,1,,,8,13.30
Sheldon Richardson,2540142,DL,MIN,PIT,3,,1,2,,,,,,,,,,1,1,,,9,13.10
Nick Bosa,2562629,DL,SF,@CIN,2,1,2,2,,,,,,,,,,,2,,,10,12.20
Dante Fowler Jr.,2553431,DL,ATL,@CAR,3,,1,3,,,,,,,,,,,1,,,11,12.10
Justin Jones,2560769,DL,LAC,NYG,3,2,1,1,,,1,,,,,,,,1,,,12,11.70
Derrick Brown,2563629,DL,CAR,ATL,4,1,,2,,,,,,,,,,,2,,,13,11.60
Larry Ogunjobi,2557836,DL,CIN,SF,3,1,1,2,,,,,,,,,,,1,,,14,11.40
Jadeveon Clowney,2543456,DL,CLE,BAL,1,2,1.5,1,,,,,,,,,,1,2,,,15,11.30
DaQuan Jones,2543504,DL,CAR,ATL,4,,,,,1,,,,,,,,,1,,,16,10.80
Alex Okafor,2539319,DL,KC,LV,1,2,1.5,,,1,,,,,,,,,2,,,17,10.80
Greg Gaines,2562391,DL,LA,@ARI,3,2,1,1,,,,,,,,,,,1,,,18,10.70
Jordan Phillips,2552492,DL,ARI,LA,3,2,1,1,,,,,,,,,,,1,,,19,10.70
Daniel Wise,2562608,DL,WAS,DAL,4,3,,1,,,,,,,,,,,,,,20,10.70
Zach Allen,2562219,DL,ARI,LA,3,1,1,1,,,,,,,,,,,2,,,21,10.40
Michael Pierce,2556650,DL,MIN,PIT,2,1,1,,,1,,,,,,,,,1,,,22,10.20
Jarran Reed,2555238,DL,KC,LV,3,2,,,,1,,,,,,,,,,,,23,10.20
B.J. Hill,2560740,DL,CIN,SF,3,1,1,1,,,,,,,,,,,1,,,24,9.90
Jonathon Cooper,2566028,DL,DEN,DET,5,,,,,,1,,,,,,,,,,,25,9.50
Maxx Crosby,2562439,DL,LV,@KC,1,4,,1,,,,,,,,,,1,1,,,26,9.40
Demarcus Lawrence,2543490,DL,DAL,@WAS,2,,1,2,,,,,,,,,,,2,,,27,9.40
Joey Bosa,2555249,DL,LAC,NYG,1,,1,,,1,,,,,,,,,4,,,28,9.20
D.J. Reader,2555388,DL,CIN,SF,3,,1,1,,,,,,,,,,,1,,,29,9.10
Jeffery Simmons,2562733,DL,TEN,JAX,3,,,1,,,,,,,,,,1,,,,30,9.10
Poona Ford,2561195,DL,SEA,@HOU,3,3,,1,,,,,,,,,,,,,,31,9.00
Cameron Heyward,2508109,DL,PIT,@MIN,3,3,,1,,,,,,,,,,,,,,32,9.00
Harrison Phillips,2560840,DL,BUF,@TB,3,3,,1,,,,,,,,,,,,,,33,9.00
Dawuane Smoot,2557839,DL,JAX,@TEN,2,,1,1,,,,,,,,,,,3,,,34,8.40
Eli Ankou,2559132,DL,BUF,@TB,2,1,1,1,,,,,,,,,,,1,,,35,8.20
Clelin Ferrell,2562263,DL,LV,@KC,2,1,1,1,,,,,,,,,,,1,,,36,8.20
Carl Granderson,2562273,DL,NO,@NYJ,2,,1,1,,,,,,,,,,,2,,,37,7.90
Al Woods,496881,DL,SEA,@HOU,1,4,0.5,1,,,,,,,,,,,1,,,38,7.90
Armon Watts,2562773,DL,MIN,PIT,1,2,1,1,,,,,,,,,,,2,,,39,7.80
Steven Means,2541310,DL,ATL,@CAR,4,1,,,,,,,,,,,,,,,,40,7.60
Austin Johnson,2556368,DL,NYG,@LAC,3,3,,,,,,,,,,,,,,,,41,7.50
Denico Autry,2550646,DL,TEN,JAX,2,,1,1,,,,,,,,,,,1,,,42,7.40
Joe Gaziano,2565036,DL,LAC,NYG,3,1,,1,,,,,,,,,,,,,,43,7.40
Justin Madubuike,2563563,DL,BAL,@CLE,3,1,,1,,,,,,,,,,,,,,44,7.40
Sheldon Rankins,2555242,DL,NYJ,NO,3,1,,1,,,,,,,,,,,,,,45,7.40
Jonathan Greenard,2564070,DL,HOU,SEA,1,3,,,,,,,,,,,,1,,,,46,6.60
Jessie Lemonier,2565057,DL,DET,@DEN,2,4,,,,,,,,,,,,,,,,47,6.60
D.J. Wonnum,2564583,DL,MIN,PIT,,2,,,,,,,,,,,,2,,,,48,6.60
Neville Gallimore,2563842,DL,DAL,@WAS,1,1,1,1,,,,,,,,,,,1,,,49,6.50
Grady Jarrett,2552327,DL,ATL,@CAR,2,2,,,,,1,,,,,,,,1,,,50,6.50
Yannick Ngakoue,2555421,DL,LV,@KC,1,1,1,1,,,,,,,,,,,1,,,51,6.50
Ross Blacklock,2564064,DL,HOU,SEA,3,1,,,,,,,,,,,,,1,,,52,6.40
Foley Fatukasi,2560722,DL,NYJ,NO,1,4,,1,,,,,,,,,,,,,,53,6.40
Tershawn Wharton,2564310,DL,KC,LV,1,2,1,,,,,,,,,,,,2,,,54,6.30
Darrell Taylor,2565198,DL,SEA,@HOU,1,,1,1,,,,,,,,,,,2,,,55,6.20
Angelo Blackson,2552670,DL,CHI,@GB,3,1,,,,,,,,,,,,,,,,56,5.90
DaVon Hamilton,2564190,DL,JAX,@TEN,3,1,,,,,,,,,,,,,,,,57,5.90
Johnathan Hankins,2540147,DL,LV,@KC,3,1,,,,,,,,,,,,,,,,58,5.90
D.J. Jones,2558265,DL,SF,@CIN,2,3,,,,,,,,,,,,,,,,59,5.80
Kenny Clark,2555282,DL,GB,CHI,2,1,,,,,,,,,,,,,3,,,60,5.70
L.J. Collier,2562248,DL,SEA,@HOU,1,,,1,,,,,,,,,,1,,,,61,5.70
Trey Hendrickson,2557943,DL,CIN,SF,1,,1,1,,,,,,,,,,,1,,,62,5.70
Malcolm Koonce,2566262,DL,LV,@KC,1,,1,1,,,,,,,,,,,1,,,63,5.70
Jihad Ward,2555248,DL,JAX,@TEN,1,,1,1,,,,,,,,,,,1,,,64,5.70
Quinnen Williams,2562599,DL,NYJ,NO,2,1,,1,,,,,,,,,,,,,,65,5.70
Quinton Jefferson,2555358,DL,LV,@KC,1,3,,1,,,,,,,,,,,,,,66,5.60
Jason Pierre-Paul,496843,DL,TB,BUF,3,,,,,,,,,,,,,,1,,,67,5.60
Stephen Weatherly,2555529,DL,DEN,DET,1,3,,1,,,,,,,,,,,,,,68,5.60
Chauncey Golston,2566007,DL,DAL,@WAS,1,1,,,,,,,,,,,1,,,,,69,5.50
Jerry Tillery,2562763,DL,LAC,NYG,1,4,,,,,,,,,,,,,1,,,70,5.40
Charles Harris,2558001,DL,DET,@DEN,1,2,,1,,,,,,,,,,,1,,,71,5.30
Mike Pennel,2550242,DL,ATL,@CAR,3,,,,,,,,,,,,,,,,,72,5.10
Montravius Adams,2557876,DL,PIT,@MIN,1,1,,1,,,,,,,,,,,2,,,73,5.00
Arik Armstead,2552493,DL,SF,@CIN,2,2,,,,,,,,,,,,,,,,74,5.00
Malcom Brown,2552483,DL,JAX,@TEN,2,2,,,,,,,,,,,,,,,,75,5.00
A'Shawn Robinson,2555265,DL,LA,@ARI,2,2,,,,,,,,,,,,,,,,76,5.00
Danny Shelton,2552325,DL,NYG,@LAC,2,2,,,,,,,,,,,,,,,,77,5.00
Michael Brockers,2533050,DL,DET,@DEN,1,4,,,,,,,,,,,,,,,,78,4.90
K'Lavon Chaisson,2564166,DL,JAX,@TEN,2,,,1,,,,,,,,,,,,,,79,4.90
John Cominsky,2562249,DL,ATL,@CAR,2,,,1,,,,,,,,,,,,,,80,4.90
Justin Houston,2495493,DL,BAL,@CLE,2,,,1,,,,,,,,,,,,,,81,4.90
Cameron Sample,2565959,DL,CIN,SF,2,1,,,,,,,,,,,,,1,,,82,4.70
Vita Vea,2560909,DL,TB,BUF,1,,,,,,,,,,,,,1,1,,,83,4.70
Broderick Washington,2563593,DL,BAL,@CLE,2,1,,,,,,,,,,,,,1,,,84,4.70
Kingsley Keke,2562300,DL,GB,CHI,,1,,,,,,,,,,,,1,2,,,85,4.30
Sheldon Day,2555241,DL,CLE,BAL,1,,,,,,,,,,,,,1,,,,86,4.20
Benson Mayowa,2542009,DL,SEA,@HOU,2,1,,,,,,,,,,,,,,,,87,4.20
Charles Omenihu,2562324,DL,SF,@CIN,1,,,,,,,,,,,,,1,,,,88,4.20
Frank Clark,2552629,DL,KC,LV,,1,0.5,,,,,,,,,,,,4,,,89,3.80
Dean Lowry,2555274,DL,GB,CHI,1,2,,,,,,,,,,,,,1,,,90,3.80
Shaka Toney,2566607,DL,WAS,DAL,,4,,,,,,,,,,,,,1,,,91,3.70
Brian Burns,2562242,DL,CAR,ATL,1,1,,,,,,,,,,,,,2,,,92,3.50
Chris Wormley,2557862,DL,PIT,@MIN,1,1,,,,,,,,,,,,,2,,,93,3.50
Carlos Dunlap,496780,DL,SEA,@HOU,2,,,,,,,,,,,,,,,,,94,3.40
John Franklin-Myers,2560731,DL,NYJ,NO,1,2,,,,,,,,,,,,,,,,95,3.30
Shelby Harris,2549926,DL,DEN,DET,,1,,,,,,,,,,,,1,,,,96,3.30
Linval Joseph,496802,DL,LAC,NYG,1,2,,,,,,,,,,,,,,,,97,3.30
Bravvion Roy,2563677,DL,CAR,ATL,,1,,,,,,,,,,,,1,,,,98,3.30
Tim Settle,2560871,DL,WAS,DAL,1,2,,,,,,,,,,,,,,,,99,3.30
Maliek Collins,2555400,DL,HOU,SEA,1,,,1,,,,,,,,,,,,,,100,3.20
Leki Fotu,2564910,DL,ARI,LA,1,,,1,,,,,,,,,,,,,,101,3.20
Rakeem Nunez-Roches,2552674,DL,TB,BUF,1,,,1,,,,,,,,,,,,,,102,3.20
Pat O'Connor,2558863,DL,TB,BUF,1,,,1,,,,,,,,,,,,,,103,3.20
Rasheem Green,2560998,DL,SEA,@HOU,,2,0.5,,,,,,,,,,,,1,,,104,3.10
Sam Hubbard,2560745,DL,CIN,SF,,2,,,,,,,,,,,,,3,,,105,3.10
Morgan Fox,2556529,DL,CAR,ATL,1,1,,,,,,,,,,,,,1,,,106,3.00
Bilal Nichols,2560821,DL,CHI,@GB,1,1,,,,,,,,,,,,,1,,,107,3.00
Alton Robinson,2565186,DL,SEA,@HOU,,,,,,,,,,,,,,1,1,,,108,3.00
DeShawn Williams,2553623,DL,DEN,DET,,,,,,,,,,,,,,1,1,,,109,3.00
Christian Covington,2552602,DL,LAC,NYG,1,1,,,,,,,,,,,,,,,,110,2.50
Marquis Haynes,2561009,DL,CAR,ATL,1,1,,,,,,,,,,,,,,,,111,2.50
Jerry Hughes,496796,DL,BUF,@TB,1,1,,,,,,,,,,,,,,,,112,2.50
Matthew Ioannidis,2555240,DL,WAS,DAL,1,1,,,,,,,,,,,,,,,,113,2.50
Isaiahh Loudermilk,2566457,DL,PIT,@MIN,1,1,,,,,,,,,,,,,,,,114,2.50
James Lynch,2564565,DL,MIN,PIT,1,1,,,,,,,,,,,,,,,,115,2.50
Osa Odighizuwa,2566016,DL,DAL,@WAS,1,1,,,,,,,,,,,,,,,,116,2.50
Solomon Thomas,2558018,DL,LV,@KC,1,1,,,,,,,,,,,,,,,,117,2.50
Dalvin Tomlinson,2557846,DL,MIN,PIT,1,1,,,,,,,,,,,,,,,,118,2.50
Tim Ward,2562939,DL,NYJ,NO,1,1,,,,,,,,,,,,,,,,119,2.50
Carlos Watkins,2557877,DL,DAL,@WAS,1,1,,,,,,,,,,,,,,,,120,2.50
Margus Hunt,2539310,DL,CHI,@GB,,3,,,,,,,,,,,,,,,,121,2.40
Shy Tuttle,2563242,DL,NO,@NYJ,,3,,,,,,,,,,,,,,,,122,2.40
Melvin Ingram,2532870,DL,KC,LV,,1,0.5,,,,,,,,,,,,1,,,123,2.30
Chris Jones,2556369,DL,KC,LV,,1,0.5,,,,,,,,,,,,1,,,124,2.30
Taven Bryan,2560983,DL,JAX,@TEN,1,,,,,,,,,,,,,,1,,,125,2.20
Michael Danna,2564262,DL,KC,LV,1,,,,,,,,,,,,,,1,,,126,2.20
A.J. Epenesa,2563605,DL,BUF,@TB,1,,,,,,,,,,,,,,1,,,127,2.20
Arden Key,2560779,DL,SF,@CIN,,1,0.5,,,,,,,,,,,,,,,128,1.80
Brandin Bryant,2556486,DL,BUF,@TB,1,,,,,,,,,,,,,,,,,129,1.70
Kevin Givens,2562655,DL,SF,@CIN,1,,,,,,,,,,,,,,,,,130,1.70
Trysten Hill,2562663,DL,DAL,@WAS,1,,,,,,,,,,,,,,,,,131,1.70
Kerry Hyder,2550433,DL,SEA,@HOU,1,,,,,,,,,,,,,,,,,132,1.70
Patrick Jones II,2566307,DL,MIN,PIT,1,,,,,,,,,,,,,,,,,133,1.70
Henry Mondeaux,2561243,DL,PIT,@MIN,1,,,,,,,,,,,,,,,,,134,1.70
Derek Rivers,2558040,DL,HOU,SEA,1,,,,,,,,,,,,,,,,,135,1.70
Quincy Roche,2566466,DL,NYG,@LAC,1,,,,,,,,,,,,,,,,,136,1.70
Chris Smith,2543692,DL,HOU,SEA,1,,,,,,,,,,,,,,,,,137,1.70
Josh Tupou,2559003,DL,CIN,SF,1,,,,,,,,,,,,,,,,,138,1.70
Leonard Williams,2552486,DL,NYG,@LAC,1,,,,,,,,,,,,,,,,,139,1.70
Jalyn Holmes,2560744,DL,NO,@NYJ,,2,,,,,,,,,,,,,,,,140,1.60
Jaleel Johnson,2557845,DL,HOU,SEA,,2,,,,,,,,,,,,,,,,141,1.60
Ed Oliver,2562322,DL,BUF,@TB,,2,,,,,,,,,,,,,,,,142,1.60
John Penisini,2563950,DL,DET,@DEN,,2,,,,,,,,,,,,,,,,143,1.60
Adam Gotsis,2555502,DL,JAX,@TEN,,1,,,,,,,,,,,,,1,,,144,1.30
Ifeadi Odenigbo,2558278,DL,CLE,BAL,,,,,,,1,,,,,,,,,,,145,1.00
Calais Campbell,744,DL,BAL,@CLE,,1,,,,,,,,,,,,,,,,146,0.80
Marcus Davenport,2561037,DL,NO,@NYJ,,1,,,,,,,,,,,,,,,,147,0.80
Justin Ellis,2543812,DL,BAL,@CLE,,1,,,,,,,,,,,,,,,,148,0.80
Yetur Gross-Matos,2563641,DL,CAR,ATL,,1,,,,,,,,,,,,,,,,149,0.80
Albert Huggins,2562667,DL,NO,@NYJ,,1,,,,,,,,,,,,,,,,150,0.80
Tyler Lancaster,2561227,DL,GB,CHI,,1,,,,,,,,,,,,,,,,151,0.80
Derrick Nnadi,2560823,DL,KC,LV,,1,,,,,,,,,,,,,,,,152,0.80
Nathan Shepherd,2560873,DL,NYJ,NO,,1,,,,,,,,,,,,,,,,153,0.80
Brandon Williams,2541302,DL,BAL,@CLE,,1,,,,,,,,,,,,,,,,154,0.80
Myles Adams,2563620,DL,SEA,@HOU,,,,,,,,,,,,,,,,,,155,0.00
Mario Addison,2530474,DL,BUF,@TB,,,,,,,,,,,,,,,,,,156,0.00
McTelvin Agim,2563872,DL,DEN,DET,,,,,,,,,,,,,,,,,,157,0.00
Tyson Alualu,496760,DL,PIT,@MIN,,,,,,,,,,,,,,,,,,158,0.00
Auzoyah Alufohai,2564061,DL,CHI,@GB,,,,,,,,,,,,,,,,,,159,0.00
Bradlee Anae,2563821,DL,DAL,@WAS,,,,,,,,,,,,,,,,,,160,0.00
Abdullah Anderson,2561088,DL,GB,CHI,,,,,,,,,,,,,,,,,,161,0.00
Henry Anderson,2552272,DL,NE,Bye,,,,,,,,,,,,,,,,,,162,0.00
Genard Avery,2560964,DL,PHI,Bye,,,,,,,,,,,,,,,,,,163,0.00
David Bada,2565526,DL,WAS,DAL,,,,,,,,,,,,,,,,,,164,0.00
Allen Bailey,2495116,DL,FA,Bye,,,,,,,,,,,,,,,,,,165,0.00
Ben Banogu,2562229,DL,IND,Bye,,,,,,,,,,,,,,,,,,166,0.00
Christian Barmore,2566328,DL,NE,Bye,,,,,,,,,,,,,,,,,,167,0.00
Derek Barnett,2557984,DL,PHI,Bye,,,,,,,,,,,,,,,,,,168,0.00
Alex Barrett,2559140,DL,SF,@CIN,,,,,,,,,,,,,,,,,,169,0.00
Boogie Basham,2565863,DL,BUF,@TB,,,,,,,,,,,,,,,,,,170,0.00
Vic Beasley,2552301,DL,FA,Bye,,,,,,,,,,,,,,,,,,171,0.00
Andrew Billings,2555267,DL,MIA,Bye,,,,,,,,,,,,,,,,,,172,0.00
Amani Bledsoe,2562859,DL,TEN,JAX,,,,,,,,,,,,,,,,,,173,0.00
Will Bradley-King,2566583,DL,WAS,DAL,,,,,,,,,,,,,,,,,,174,0.00
Cortez Broughton,2562823,DL,KC,LV,,,,,,,,,,,,,,,,,,175,0.00
Andrew Brown,2560979,DL,LAC,NYG,,,,,,,,,,,,,,,,,,176,0.00
Earnest Brown IV,2566202,DL,LA,@ARI,,,,,,,,,,,,,,,,,,177,0.00
Austin Bryant,2562240,DL,DET,@DEN,,,,,,,,,,,,,,,,,,178,0.00
DeForest Buckner,2555275,DL,IND,Bye,,,,,,,,,,,,,,,,,,179,0.00
Isaiah Buggs,2562241,DL,LV,@KC,,,,,,,,,,,,,,,,,,180,0.00
Calvin Bundage,2565777,DL,FA,Bye,,,,,,,,,,,,,,,,,,181,0.00
Adam Butler,2558924,DL,MIA,Bye,,,,,,,,,,,,,,,,,,182,0.00
Vernon Butler,2555243,DL,BUF,@TB,,,,,,,,,,,,,,,,,,183,0.00
Ron'Dell Carter,2563833,DL,HOU,SEA,,,,,,,,,,,,,,,,,,184,0.00
Demarcus Christmas,2562246,DL,PIT,@MIN,,,,,,,,,,,,,,,,,,185,0.00
Tyler Clark,2563725,DL,WAS,DAL,,,,,,,,,,,,,,,,,,186,0.00
Adrian Clayborn,2495140,DL,FA,Bye,,,,,,,,,,,,,,,,,,187,0.00
Kameron Cline,2564109,DL,IND,Bye,,,,,,,,,,,,,,,,,,188,0.00
Trevon Coley,2556504,DL,TEN,JAX,,,,,,,,,,,,,,,,,,189,0.00
Marquise Copeland,2562877,DL,LA,@ARI,,,,,,,,,,,,,,,,,,190,0.00
Jashon Cornell,2563929,DL,DET,@DEN,,,,,,,,,,,,,,,,,,191,0.00
Doug Costin,2564172,DL,JAX,@TEN,,,,,,,,,,,,,,,,,,192,0.00
Byron Cowart,2562392,DL,NE,Bye,,,,,,,,,,,,,,,,,,193,0.00
Fletcher Cox,2533051,DL,PHI,Bye,,,,,,,,,,,,,,,,,,194,0.00
Jack Crawford,2532992,DL,ARI,LA,,,,,,,,,,,,,,,,,,195,0.00
Tyrone Crawford,2532821,DL,FA,Bye,,,,,,,,,,,,,,,,,,196,0.00
Vinny Curry,2532825,DL,FA,Bye,,,,,,,,,,,,,,,,,,197,0.00
Jalen Dalton,2563120,DL,NO,@NYJ,,,,,,,,,,,,,,,,,,198,0.00
Darrion Daniels,2565096,DL,SF,@CIN,,,,,,,,,,,,,,,,,,199,0.00
Marlon Davidson,2563479,DL,ATL,@CAR,,,,,,,,,,,,,,,,,,200,0.00
Carlos Davis,2564976,DL,PIT,@MIN,,,,,,,,,,,,,,,,,,201,0.00
Khalil Davis,2565210,DL,PIT,@MIN,,,,,,,,,,,,,,,,,,202,0.00
Raekwon Davis,2564445,DL,MIA,Bye,,,,,,,,,,,,,,,,,,203,0.00
Tyeler Davison,2552329,DL,ATL,@CAR,,,,,,,,,,,,,,,,,,204,0.00
Matt Dickerson,2561044,DL,ARI,LA,,,,,,,,,,,,,,,,,,205,0.00
Victor Dimukeje,2566424,DL,ARI,LA,,,,,,,,,,,,,,,,,,206,0.00
Mario Edwards,2553433,DL,CHI,@GB,,,,,,,,,,,,,,,,,,207,0.00
Daniel Ekuale,2561458,DL,NE,Bye,,,,,,,,,,,,,,,,,,208,0.00
Jordan Elliott,2563779,DL,CLE,BAL,,,,,,,,,,,,,,,,,,209,0.00
Trey Flowers,2552278,DL,DET,@DEN,,,,,,,,,,,,,,,,,,210,0.00
William Gholston,2540176,DL,TB,BUF,,,,,,,,,,,,,,,,,,211,0.00
Ryan Glasgow,2557851,DL,FA,Bye,,,,,,,,,,,,,,,,,,212,0.00
Davon Godchaux,2558012,DL,NE,Bye,,,,,,,,,,,,,,,,,,213,0.00
Brandon Graham,496788,DL,PHI,Bye,,,,,,,,,,,,,,,,,,214,0.00
Everson Griffen,496790,DL,MIN,PIT,,,,,,,,,,,,,,,,,,215,0.00
Porter Gustin,2562276,DL,CLE,BAL,,,,,,,,,,,,,,,,,,216,0.00
Lawrence Guy,2495481,DL,NE,Bye,,,,,,,,,,,,,,,,,,217,0.00
Justin Hamilton,2553531,DL,DEN,DET,,,,,,,,,,,,,,,,,,218,0.00
Woodrow Hamilton,2556546,DL,NYG,@LAC,,,,,,,,,,,,,,,,,,219,0.00
Javon Hargrave,2555239,DL,PHI,Bye,,,,,,,,,,,,,,,,,,220,0.00
Jonathan Harris,2562945,DL,DEN,DET,,,,,,,,,,,,,,,,,,221,0.00
Damon Harrison,2535718,DL,FA,Bye,,,,,,,,,,,,,,,,,,222,0.00
Daelin Hayes,2565842,DL,BAL,@CLE,,,,,,,,,,,,,,,,,,223,0.00
Bruce Hector,2561338,DL,DET,@DEN,,,,,,,,,,,,,,,,,,224,0.00
Akiem Hicks,2533433,DL,CHI,@GB,,,,,,,,,,,,,,,,,,225,0.00
Braxton Hoyett,2563244,DL,NO,@NYJ,,,,,,,,,,,,,,,,,,226,0.00
Wyatt Hubert,2565950,DL,CIN,SF,,,,,,,,,,,,,,,,,,227,0.00
Bryce Huff,2565510,DL,NYJ,NO,,,,,,,,,,,,,,,,,,228,0.00
Danielle Hunter,2552603,DL,MIN,PIT,,,,,,,,,,,,,,,,,,229,0.00
Maurice Hurst,2560748,DL,SF,@CIN,,,,,,,,,,,,,,,,,,230,0.00
David Irving,2553805,DL,FA,Bye,,,,,,,,,,,,,,,,,,231,0.00
Joe Jackson,2562432,DL,CLE,BAL,,,,,,,,,,,,,,,,,,232,0.00
Malik Jackson,2532873,DL,CLE,BAL,,,,,,,,,,,,,,,,,,233,0.00
Tarron Jackson,2566400,DL,PHI,Bye,,,,,,,,,,,,,,,,,,234,0.00
John Jenkins,2539231,DL,MIA,Bye,,,,,,,,,,,,,,,,,,235,0.00
Darryl Johnson,2562672,DL,CAR,ATL,,,,,,,,,,,,,,,,,,236,0.00
P.J. Johnson,2562923,DL,LV,@KC,,,,,,,,,,,,,,,,,,237,0.00
Patrick Johnson,2566403,DL,PHI,Bye,,,,,,,,,,,,,,,,,,238,0.00
Benito Jones,2564466,DL,MIA,Bye,,,,,,,,,,,,,,,,,,239,0.00
Cameron Jordan,2495184,DL,NO,@NYJ,,,,,,,,,,,,,,,,,,240,0.00
Dion Jordan,2539288,DL,FA,Bye,,,,,,,,,,,,,,,,,,241,0.00
Sebastian Joseph-Day,2561079,DL,LA,@ARI,,,,,,,,,,,,,,,,,,242,0.00
Joshua Kaindoh,2566184,DL,KC,LV,,,,,,,,,,,,,,,,,,243,0.00
Khalid Kareem,2563734,DL,CIN,SF,,,,,,,,,,,,,,,,,,244,0.00
Zach Kerr,2550575,DL,ARI,LA,,,,,,,,,,,,,,,,,,245,0.00
Ryan Kerrigan,2495190,DL,PHI,Bye,,,,,,,,,,,,,,,,,,246,0.00
Javon Kinlaw,2565117,DL,SF,@CIN,,,,,,,,,,,,,,,,,,247,0.00
Tanoh Kpassagnon,2558185,DL,NO,@NYJ,,,,,,,,,,,,,,,,,,248,0.00
Niko Lalos,2564745,DL,NYG,@LAC,,,,,,,,,,,,,,,,,,249,0.00
Austin Larkin,2561518,DL,CAR,ATL,,,,,,,,,,,,,,,,,,250,0.00
Devaroe Lawrence,2559079,DL,FA,Bye,,,,,,,,,,,,,,,,,,251,0.00
Rashard Lawrence,2564922,DL,ARI,LA,,,,,,,,,,,,,,,,,,252,0.00
Carl Lawson,2557901,DL,NYJ,NO,,,,,,,,,,,,,,,,,,253,0.00
Jeremiah Ledbetter,2558124,DL,JAX,@TEN,,,,,,,,,,,,,,,,,,254,0.00
Tyquan Lewis,2560791,DL,IND,Bye,,,,,,,,,,,,,,,,,,255,0.00
Star Lotulelei,2539329,DL,BUF,@TB,,,,,,,,,,,,,,,,,,256,0.00
Daylon Mack,2562308,DL,FA,Bye,,,,,,,,,,,,,,,,,,257,0.00
Isaiah Mack,2563245,DL,BAL,@CLE,,,,,,,,,,,,,,,,,,258,0.00
Hercules Mata'afa,2560799,DL,FA,Bye,,,,,,,,,,,,,,,,,,259,0.00
Dan McCullers,2550154,DL,FA,Bye,,,,,,,,,,,,,,,,,,260,0.00
T.Y. McGill,2553911,DL,MIN,PIT,,,,,,,,,,,,,,,,,,261,0.00
R.J. McIntosh,2560806,DL,GB,CHI,,,,,,,,,,,,,,,,,,262,0.00
Kahlil McKenzie,2560807,DL,BAL,@CLE,,,,,,,,,,,,,,,,,,263,0.00
Steve McLendon,2507590,DL,TB,BUF,,,,,,,,,,,,,,,,,,264,0.00
David Moa,2564571,DL,NYG,@LAC,,,,,,,,,,,,,,,,,,265,0.00
Bryan Mone,2562914,DL,SEA,@HOU,,,,,,,,,,,,,,,,,,266,0.00
Damontre Moore,2540138,DL,CAR,ATL,,,,,,,,,,,,,,,,,,267,0.00
Al-Quadin Muhammad,2558131,DL,IND,Bye,,,,,,,,,,,,,,,,,,268,0.00
Larrell Murchison,2564055,DL,TEN,JAX,,,,,,,,,,,,,,,,,,269,0.00
Trent Murphy,2543503,DL,FA,Bye,,,,,,,,,,,,,,,,,,270,0.00
Bill Murray,2564625,DL,NE,Bye,,,,,,,,,,,,,,,,,,271,0.00
Carl Nassib,2555270,DL,LV,@KC,,,,,,,,,,,,,,,,,,272,0.00
Robert Nkemdiche,2555336,DL,SEA,@HOU,,,,,,,,,,,,,,,,,,273,0.00
Efe Obada,2553310,DL,BUF,@TB,,,,,,,,,,,,,,,,,,274,0.00
Dayo Odeyingbo,2565609,DL,IND,Bye,,,,,,,,,,,,,,,,,,275,0.00
Emmanuel Ogbah,2555278,DL,MIA,Bye,,,,,,,,,,,,,,,,,,276,0.00
Adetokunbo Ogundeji,2565827,DL,ATL,@CAR,,,,,,,,,,,,,,,,,,277,0.00
Julian Okwara,2563947,DL,DET,@DEN,,,,,,,,,,,,,,,,,,278,0.00
Romeo Okwara,2556641,DL,DET,@DEN,,,,,,,,,,,,,,,,,,279,0.00
David Onyemata,2556274,DL,NO,@NYJ,,,,,,,,,,,,,,,,,,280,0.00
Walter Palmore,2563229,DL,FA,Bye,,,,,,,,,,,,,,,,,,281,0.00
David Parry,2552438,DL,FA,Bye,,,,,,,,,,,,,,,,,,282,0.00
Aaron Patrick,2565630,DL,DEN,DET,,,,,,,,,,,,,,,,,,283,0.00
Kwity Paye,2565612,DL,IND,Bye,,,,,,,,,,,,,,,,,,284,0.00
Domata Peko Sr.,2506925,DL,FA,Bye,,,,,,,,,,,,,,,,,,285,0.00
Ronnie Perkins,2566340,DL,NE,Bye,,,,,,,,,,,,,,,,,,286,0.00
Darius Philon,2552676,DL,LV,@KC,,,,,,,,,,,,,,,,,,287,0.00
Willington Previlon,2564016,DL,TB,BUF,,,,,,,,,,,,,,,,,,288,0.00
Durval Queiroz,2562867,DL,MIA,Bye,,,,,,,,,,,,,,,,,,289,0.00
Wyatt Ray,2562709,DL,CIN,SF,,,,,,,,,,,,,,,,,,290,0.00
Caraun Reid,2543748,DL,LAC,NYG,,,,,,,,,,,,,,,,,,291,0.00
Sam Renner,2564391,DL,FA,Bye,,,,,,,,,,,,,,,,,,292,0.00
Hassan Ridgeway,2555514,DL,PHI,Bye,,,,,,,,,,,,,,,,,,293,0.00
Malcolm Roach,2564688,DL,NO,@NYJ,,,,,,,,,,,,,,,,,,294,0.00
Max Roberts,2566238,DL,FA,Bye,,,,,,,,,,,,,,,,,,295,0.00
Janarius Robinson,2566316,DL,MIN,PIT,,,,,,,,,,,,,,,,,,296,0.00
Isaac Rochell,2557860,DL,IND,Bye,,,,,,,,,,,,,,,,,,297,0.00
Daniel Ross,2559240,DL,FA,Bye,,,,,,,,,,,,,,,,,,298,0.00
Greg Rousseau,2565875,DL,BUF,@TB,,,,,,,,,,,,,,,,,,299,0.00
Anthony Rush,2563200,DL,ATL,@CAR,,,,,,,,,,,,,,,,,,300,0.00
Khalen Saunders,2562723,DL,KC,LV,,,,,,,,,,,,,,,,,,301,0.00
Deadrin Senat,2560869,DL,FA,Bye,,,,,,,,,,,,,,,,,,302,0.00
Jabaal Sheard,2495228,DL,FA,Bye,,,,,,,,,,,,,,,,,,303,0.00
Zach Sieler,2561129,DL,MIA,Bye,,,,,,,,,,,,,,,,,,304,0.00
John Simon,2539280,DL,PIT,@MIN,,,,,,,,,,,,,,,,,,305,0.00
Deyon Sizer,2563254,DL,FA,Bye,,,,,,,,,,,,,,,,,,306,0.00
Chris Slayton,2562735,DL,SF,@CIN,,,,,,,,,,,,,,,,,,307,0.00
Tanzel Smart,2558199,DL,NYJ,NO,,,,,,,,,,,,,,,,,,308,0.00
Aldon Smith,2495487,DL,FA,Bye,,,,,,,,,,,,,,,,,,309,0.00
Elerson G. Smith,2566373,DL,NYG,@LAC,,,,,,,,,,,,,,,,,,310,0.00
James Smith-Williams,2565291,DL,WAS,DAL,,,,,,,,,,,,,,,,,,311,0.00
Akeem Spence,2540201,DL,DEN,DET,,,,,,,,,,,,,,,,,,312,0.00
Marquiss Spencer,2566037,DL,DEN,DET,,,,,,,,,,,,,,,,,,313,0.00
Damion Square,2540003,DL,LV,@KC,,,,,,,,,,,,,,,,,,314,0.00
Taylor Stallworth,2560882,DL,IND,Bye,,,,,,,,,,,,,,,,,,315,0.00
Shamar Stephen,2543706,DL,DEN,DET,,,,,,,,,,,,,,,,,,316,0.00
Grover Stewart,2558766,DL,IND,Bye,,,,,,,,,,,,,,,,,,317,0.00
Kentavius Street,2560885,DL,SF,@CIN,,,,,,,,,,,,,,,,,,318,0.00
Kevin Strong,2563197,DL,TEN,JAX,,,,,,,,,,,,,,,,,,319,0.00
Jason Strowbridge,2564496,DL,FA,Bye,,,,,,,,,,,,,,,,,,320,0.00
Ndamukong Suh,496861,DL,TB,BUF,,,,,,,,,,,,,,,,,,321,0.00
Josh Sweat,2560889,DL,PHI,Bye,,,,,,,,,,,,,,,,,,322,0.00
Montez Sweat,2562749,DL,WAS,DAL,,,,,,,,,,,,,,,,,,323,0.00
Jullian Taylor,2561078,DL,FA,Bye,,,,,,,,,,,,,,,,,,324,0.00
Vincent Taylor,2558017,DL,HOU,SEA,,,,,,,,,,,,,,,,,,325,0.00
Casey Toohill,2564868,DL,WAS,DAL,,,,,,,,,,,,,,,,,,326,0.00
Jacob Tuioti-Mariner,2561282,DL,CAR,ATL,,,,,,,,,,,,,,,,,,327,0.00
Stephon Tuitt,2543483,DL,PIT,@MIN,,,,,,,,,,,,,,,,,,328,0.00
Kemoko Turay,2560905,DL,IND,Bye,,,,,,,,,,,,,,,,,,329,0.00
Payton Turner,2566355,DL,NO,@NYJ,,,,,,,,,,,,,,,,,,330,0.00
Brent Urban,2543765,DL,DAL,@WAS,,,,,,,,,,,,,,,,,,331,0.00
Kendal Vickers,2561416,DL,LV,@KC,,,,,,,,,,,,,,,,,,332,0.00
DeMarcus Walker,2557894,DL,HOU,SEA,,,,,,,,,,,,,,,,,,333,0.00
J.J. Watt,2495488,DL,ARI,LA,,,,,,,,,,,,,,,,,,334,0.00
Rashad Weaver,2566124,DL,TEN,JAX,,,,,,,,,,,,,,,,,,335,0.00
Christian Wilkins,2562782,DL,MIA,Bye,,,,,,,,,,,,,,,,,,336,0.00
Chris Williams,2564154,DL,IND,Bye,,,,,,,,,,,,,,,,,,337,0.00
Milton Williams,2566418,DL,PHI,Bye,,,,,,,,,,,,,,,,,,338,0.00
Nick Williams,2541479,DL,DET,@DEN,,,,,,,,,,,,,,,,,,339,0.00
Raequan Williams,2564883,DL,PHI,Bye,,,,,,,,,,,,,,,,,,340,0.00
Sylvester Williams,2539270,DL,FA,Bye,,,,,,,,,,,,,,,,,,341,0.00
Xavier Williams,2553764,DL,FA,Bye,,,,,,,,,,,,,,,,,,342,0.00
Rob Windsor,2564157,DL,IND,Bye,,,,,,,,,,,,,,,,,,343,0.00
Chase Winovich,2562607,DL,NE,Bye,,,,,,,,,,,,,,,,,,344,0.00
Deatrich Wise,2558000,DL,NE,Bye,,,,,,,,,,,,,,,,,,345,0.00
Derek Wolfe,2533026,DL,BAL,@CLE,,,,,,,,,,,,,,,,,,346,0.00
Antwaun Woods,2556792,DL,IND,Bye,,,,,,,,,,,,,,,,,,347,0.00
Renell Wren,2562612,DL,CIN,SF,,,,,,,,,,,,,,,,,,348,0.00
Chase Young,2565294,DL,WAS,DAL,,,,,,,,,,,,,,,,,,349,0.00
Justin Zimmer,2556716,DL,BUF,@TB,,,,,,,,,,,,,,,,,,350,0.00
