PlayerName,PlayerId,Pos,Team,PlayerOpponent,TacklesTot,TacklesAst,TacklesSck,TacklesTfl,TurnoverInt,TurnoverFrcFum,TurnoverFumRec,ScoreIntTd,ScoreFumTd,ScoreBlkTd,ScoreSaf,ScoreDef2ptRet,Blk,PDef,QBHit,ReturnIntYds,ReturnFumYds,Rank,TotalPoints
Malcolm Jenkins,79848,DB,NO,@NE,5,2,,,1,,,1,,,,,,2,,34,,1,23.73
Byron Murphy,2562318,DB,ARI,@JAX,3,1,,,2,,,1,,,,,,2,,36,,2,23.10
Kenny Moore II,2558976,DB,IND,@TEN,7,,,1,1,,,,,,,,,2,,32,,3,22.97
Marshon Lattimore,2558061,DB,NO,@NE,8,2,,,1,,,,,,,,,1,,20,,4,21.87
Chuck Clark,2558248,DB,BAL,@DET,9,3,1,1,,,,,,,,,,,1,,,5,21.70
Trevon Diggs,2563836,DB,DAL,PHI,2,,,,1,,,1,,,,,,3,,59,,6,20.37
Jamal Adams,2557979,DB,SEA,@MIN,10,2,,1,,,,,,,,,,,,,,7,20.10
Jaire Alexander,2560952,DB,GB,@SF,4,1,,,1,,,,,,,,,3,,30,,8,19.60
Julian Blackmon,2564103,DB,IND,@TEN,11,,,,,,,,,,,,,,,,,9,18.70
Micah Hyde,2539240,DB,BUF,WAS,4,1,,1,1,,,,,,,,,2,,11,,10,17.97
Tevaughn Campbell,2562806,DB,LAC,@KC,3,1,,,,2,,,,,,,,2,,,,11,17.90
Alohi Gilman,2565042,DB,LAC,@KC,7,,,,1,,,,,,,,,1,,,,12,17.90
Brandon Jones,2564469,DB,MIA,@LV,4,2,2,2,,,,,,,,,,,3,,,13,16.90
Anthony Harris,2553655,DB,PHI,@DAL,6,8,,,,,,,,,,,,,,,,14,16.60
Marco Wilson,2566439,DB,ARI,@JAX,6,,,,,1,,,,,,,,1,,,,15,16.20
Andrew Wingard,2562606,DB,JAX,ARI,4,3,,,1,,,,,,,,,1,,23,,16,15.97
Chauncey Gardner-Johnson,2562588,DB,NO,@NE,4,1,1,2,,,,,,,,,,1,1,,,17,15.60
Nasir Adderley,2562617,DB,LAC,@KC,8,2,,,,,,,,,,,,,,,,18,15.20
Tyson Campbell,2566151,DB,JAX,ARI,6,2,,,,,,,,,,,,1,,,,19,14.30
Kendall Fuller,2555349,DB,WAS,@BUF,7,3,,,,,,,,,,,,,,,,20,14.30
T.J. Green,2555537,DB,HOU,CAR,6,2,,,,,,,,,,,,1,,,,21,14.30
Vernon Hargreaves III,2555299,DB,CIN,@PIT,6,2,,,,,,,,,,,,1,,,,22,14.30
Emmanuel Moseley,2561072,DB,SF,GB,5,1,,,,,,,,,,,,2,,,,23,14.30
Trayvon Mullen,2562380,DB,LV,MIA,5,1,,,,,,,,,,,,2,,,,24,14.30
Harrison Smith,2532948,DB,MIN,SEA,6,2,,,,,,,,,,,,1,,,,25,14.30
Darnell Savage,2562724,DB,GB,@SF,6,,,1,,,,,,,,,,1,,,,26,14.20
Jessie Bates,2560970,DB,CIN,@PIT,6,3,,1,,,,,,,,,,,,,,27,14.10
Terrell Edmunds,2560712,DB,PIT,CIN,2,3,,1,1,,,,,,,,,1,,15,,28,13.80
Marcus Maye,2557995,DB,NYJ,@DEN,7,2,,,,,,,,,,,,,,,,29,13.50
Isaiah Oliver,2560830,DB,ATL,@NYG,2,,,,,1,1,,,,,,,2,1,,2,30,13.47
Anthony Brown,2555531,DB,DAL,PHI,4,,,,1,,,,,,,,,1,,,,31,12.80
Jalen Ramsey,2555280,DB,LA,TB,7,1,,,,,,,,,,,,,,,,32,12.70
Kevin Byard,2555158,DB,TEN,IND,4,1,,,,,,,,,,,,2,,,,33,12.60
Daniel Sorensen,2550257,DB,KC,LAC,5,2,,,,,,,,,,,,1,,,,34,12.60
Benjamin St-Juste,2566604,DB,WAS,@BUF,5,2,,,,,,,,,,,,1,,,,35,12.60
Eli Apple,2555277,DB,CIN,@PIT,4,4,,,,,,,,,,,,1,,,,36,12.50
Landon Collins,2552454,DB,WAS,@BUF,5,3,,1,,,,,,,,,,,,,,37,12.40
Logan Ryan,2540162,DB,NYG,ATL,3,6,,,,,,,,,,,,1,,,,38,12.40
Casey Hayward,2532861,DB,LV,MIA,4,,,1,,,,,,,1,,,,,,,39,12.30
L'Jarius Sneed,2564304,DB,KC,LAC,5,1,,2,,,,,,,,,,,,,,40,12.30
P.J. Williams,2552484,DB,NO,@NE,2,1,,,1,,,,,,,,,1,1,46,,41,12.23
Vonn Bell,2555530,DB,CIN,@PIT,3,1,,,,1,,,,,,,,1,,,,42,11.90
Tre Flowers,2560728,DB,CIN,@PIT,7,,,,,,,,,,,,,,,,,43,11.90
Amani Oruwariye,2562390,DB,DET,BAL,3,1,,,1,,,,,,,,,1,,,,44,11.90
Deon Bush,2555155,DB,CHI,@CLE,5,1,,,,,,,,,,,,1,,,,45,11.80
Jordan Poyer,2539290,DB,BUF,WAS,2,,,1,1,,,,,,,,,1,,26,,46,11.77
Kamren Curl,2565270,DB,WAS,@BUF,4,5,,,,,,,,,,,,,1,,,47,11.30
Brandin Echols,2565726,DB,NYJ,@DEN,5,,,,,,,,,,,,,1,,,,48,11.00
Pat Surtain II,2566043,DB,DEN,NYJ,5,,,,,,,,,,,,,1,,,,49,11.00
Caden Sterns,2566040,DB,DEN,NYJ,2,,,,1,,,,,,,,,1,,46,,50,10.93
Dane Cruikshank,2561033,DB,TEN,IND,4,2,,,,,,,,,,,,1,,,,51,10.90
Erik Harris,2555568,DB,ATL,@NYG,3,1,,,,,,,,,,,,2,,,,52,10.90
Bobby Price,2563953,DB,DET,BAL,2,,,,,,,,,,,,,3,,,,53,10.90
Donte Jackson,2560753,DB,CAR,@HOU,5,1,,1,,,,,,,,,,,,,,54,10.80
Lonnie Johnson,2562295,DB,HOU,CAR,3,4,,,,,,,,,,,,1,,,,55,10.80
Ronnie Harrison,2561008,DB,CLE,CHI,2,1,1,1,,,,,,,,,,1,1,,,56,10.70
Jalen Thompson,2563339,DB,ARI,@JAX,4,3,,1,,,,,,,,,,,,,,57,10.70
Will Harris,2562395,DB,DET,BAL,6,,,,,,,,,,,,,,,,,58,10.20
Jabrill Peppers,2557980,DB,NYG,ATL,4,3,,,,,,,,,,,,,2,,,59,10.20
Taylor Rapp,2562707,DB,LA,TB,4,1,,,,,,,,,,,,1,,,,60,10.10
Ross Cockrell,2543799,DB,TB,@LA,2,2,,,,,,,,,,,,2,,,,61,10.00
Justin Simmons,2555550,DB,DEN,NYJ,1,1,,,1,,,,,,,,,1,,35,,62,9.67
Ugo Amadi,2562464,DB,SEA,@MIN,5,1,,,,,,,,,,,,,,,,63,9.30
Bashaud Breeland,2543571,DB,MIN,SEA,5,1,,,,,,,,,,,,,,,,64,9.30
Shaquill Griffin,2558259,DB,JAX,ARI,5,1,,,,,,,,,,,,,,,,65,9.30
Xavier McKinney,2564766,DB,NYG,ATL,5,1,,,,,,,,,,,,,,,,66,9.30
Darious Williams,2561469,DB,LA,TB,5,1,,,,,,,,,,,,,,,,67,9.30
Khari Willis,2562602,DB,IND,@TEN,5,1,,,,,,,,,,,,,,,,68,9.30
Antoine Winfield Jr.,2565261,DB,TB,@LA,5,1,,,,,,,,,,,,,,,,69,9.30
Robert Alford,2539653,DB,ARI,@JAX,3,2,,,,,,,,,,,,1,,,,70,9.20
Jayron Kearse,2555156,DB,DAL,PHI,3,2,,,,,,,,,,,,1,,,,71,9.20
Nik Needham,2563220,DB,MIA,@LV,3,2,,,,,,,,,,,,1,,,,72,9.20
Rock Ya-Sin,2562614,DB,IND,@TEN,2,1,,,,1,1,,,,,,,,,,13,73,9.13
Bryce Hall,2564796,DB,NYJ,@DEN,4,1,,1,,,,,,,,,,,,,,74,9.10
Tavon Young,2555378,DB,BAL,@DET,3,,1,1,,,,,,,,,,,1,,,75,9.10
Jordan Whitehead,2560930,DB,TB,@LA,3,,,,,1,,,,,,,,,,,,76,8.60
Paulson Adebo,2566346,DB,NO,@NE,5,,,,,,,,,,,,,,,,,77,8.50
Adrian Amos,2552385,DB,GB,@SF,5,,,,,,,,,,,,,,,,,78,8.50
Tyrann Mathieu,2540180,DB,KC,LAC,5,,,,,,,,,,,,,,,,,79,8.50
Budda Baker,2558009,DB,ARI,@JAX,4,2,,,,,,,,,,,,,,,,80,8.40
Eddie Jackson,2558176,DB,CHI,@CLE,4,2,,,,,,,,,,,,,,,,81,8.40
Taron Johnson,2560766,DB,BUF,WAS,3,1,,,,,,,,,,,,1,,,,82,8.40
Johnathan Abram,2562616,DB,LV,MIA,3,4,,,,,,,,,,,,,,,,83,8.30
Avonte Maddox,2560795,DB,PHI,@DAL,1,3,0.5,,,,,,,,,,,1,1,,,84,8.10
Tre'Davious White,2557867,DB,BUF,WAS,2,1,,,,1,,,,,,,,,,,,85,7.70
Marlon Humphrey,2558067,DB,BAL,@DET,4,1,,,,,,,,,,,,,,,,86,7.60
J.C. Jackson,2560754,DB,NE,NO,4,1,,,,,,,,,,,,,,,,87,7.60
Derwin James,2560760,DB,LAC,@KC,4,1,,,,,,,,,,,,,,,,88,7.60
Dean Marlowe,2553562,DB,DET,BAL,4,1,,,,,,,,,,,,,,,,89,7.60
Greg Newsome II,2565980,DB,CLE,CHI,3,,,,,,,,,,,,,1,,,,90,7.60
Denzel Ward,2560916,DB,CLE,CHI,3,,,,,,,,,,,,,1,,,,91,7.60
Marcus Epps,2562946,DB,PHI,@DAL,2,2,,,,,,,,,,,,1,,,,92,7.50
Kristian Fulton,2564046,DB,TEN,IND,2,2,,,,,,,,,,,,1,,,,93,7.50
Janoris Jenkins,2532875,DB,TEN,IND,2,2,,,,,,,,,,,,1,,,,94,7.50
Duke Shelley,2562957,DB,CHI,@CLE,3,3,,,,,,,,,,,,,,,,95,7.50
Darius Slay,2540288,DB,PHI,@DAL,3,1,,1,,,,,,,,,,,,,,96,7.40
Eric Stokes,2566097,DB,GB,@SF,1,4,,,,,,,,,,,,1,,,,97,7.40
Michael Davis,2559164,DB,LAC,@KC,2,1,,,,,2,,,,,,,,,,34,98,7.33
Kyle Dugger,2564601,DB,NE,NO,2,2,,1,,,,,,,,,,,1,,,99,7.00
Adoree' Jackson,2558065,DB,NYG,ATL,4,,,,,,,,,,,,,,,,,100,6.80
David Long,2562798,DB,LA,TB,4,,,,,,,,,,,,,,,,,101,6.80
Asante Samuel Jr.,2566511,DB,LAC,@KC,,1,,,1,,,,,,,,,1,,,,102,6.80
Jimmie Ward,2543741,DB,SF,GB,4,,,,,,,,,,,,,,,,,103,6.80
Jeremy Chinn,2563632,DB,CAR,@HOU,3,2,,,,,,,,,,,,,,,,104,6.70
Quandre Diggs,2552262,DB,SEA,@MIN,3,2,,,,,,,,,,,,,,,,105,6.70
Jordan Fuller,2564340,DB,LA,TB,3,2,,,,,,,,,,,,,,,,106,6.70
Mike Hilton,2556559,DB,CIN,@PIT,3,2,,,,,,,,,,,,,,,,107,6.70
Xavien Howard,2555539,DB,MIA,@LV,2,1,,,,,,,,,,,,1,,,,108,6.70
Steven Nelson,2552265,DB,PHI,@DAL,3,2,,,,,,,,,,,,,,,,109,6.70
Darius Phillips,2560839,DB,CIN,@PIT,3,2,,,,,,,,,,,,,,,,110,6.70
Michael Carter II,2565717,DB,NYJ,@DEN,2,4,,,,,,,,,,,,,,,,111,6.60
Eric Rowe,2552255,DB,MIA,@LV,2,3,,,,,,,,,,,,,1,,,112,6.30
Anthony Averett,2560963,DB,BAL,@DET,2,,,,,,,,,,,,,1,,,,113,5.90
Minkah Fitzpatrick,2560725,DB,PIT,CIN,3,1,,,,,,,,,,,,,,,,114,5.90
Byron Jones,2552568,DB,MIA,@LV,2,,,,,,,,,,,,,1,,,,115,5.90
Rashaan Melvin,2541200,DB,CAR,@HOU,3,1,,,,,,,,,,,,,,,,116,5.90
Eric Murray,2555173,DB,HOU,CAR,3,1,,,,,,,,,,,,,,,,117,5.90
Jaquiski Tartt,2552391,DB,SF,GB,3,1,,,,,,,,,,,,,,,,118,5.90
Xavier Woods,2558159,DB,MIN,SEA,2,,,,,,,,,,,,,1,,,,119,5.90
Adrian Colbert,2558857,DB,FA,Bye,2,3,,,,,,,,,,,,,,,,120,5.80
Damontae Kazee,2558184,DB,DAL,PHI,1,2,,,,,,,,,,,,1,,,,121,5.80
Adrian Phillips,2550842,DB,NE,NO,2,3,,,,,,,,,,,,,,,,122,5.80
Brandon Stephens,2565851,DB,BAL,@DET,2,3,,,,,,,,,,,,,,,,123,5.80
Jarrod Wilson,2556711,DB,NYJ,@DEN,2,1,,1,,,,,,,,,,,,,,124,5.70
Josh Norman,2532920,DB,SF,GB,1,,,,,1,,,,,,,,,,,,125,5.20
Deandre Baker,2562227,DB,KC,LAC,3,,,,,,,,,,,,,,,,,126,5.10
Justin Coleman,2553637,DB,MIA,@LV,3,,,,,,,,,,,,,,,,,127,5.10
Mike Edwards,2562259,DB,TB,@LA,3,,,,,,,,,,,,,,,,,128,5.10
Rudy Ford,2558174,DB,JAX,ARI,3,,,,,,,,,,,,,,,,,129,5.10
Kyle Fuller,2543681,DB,DEN,NYJ,3,,,,,,,,,,,,,,,,,130,5.10
Nate Hobbs,2566259,DB,LV,MIA,3,,,,,,,,,,,,,,,,,131,5.10
Jaylon Johnson,2563701,DB,CHI,@CLE,3,,,,,,,,,,,,,,,,,132,5.10
Tre Norwood,2566463,DB,PIT,CIN,3,,,,,,,,,,,,,,,,,133,5.10
D.J. Reed,2560850,DB,SEA,@MIN,3,,,,,,,,,,,,,,,,,134,5.10
Rashad Fenton,2562649,DB,KC,LAC,2,2,,,,,,,,,,,,,,,,135,5.00
Mike Hughes,2560746,DB,KC,LAC,1,1,,,,,,,,,,,,1,,,,136,5.00
Desmond King,2557927,DB,HOU,CAR,1,1,,,,,,,,,,,,1,,,,137,5.00
Jalen Mills,2555383,DB,NE,NO,2,2,,,,,,,,,,,,,,,,138,5.00
Kindle Vildor,2563713,DB,CHI,@CLE,2,2,,,,,,,,,,,,,,,,139,5.00
Tracy Walker III,2560913,DB,DET,BAL,1,1,,,,,,,,,,,,1,,,,140,5.00
Julian Love,2562414,DB,NYG,ATL,,3,,,,,,,,,,,,1,,,,141,4.90
Arthur Maulet,2559087,DB,PIT,CIN,2,,,1,,,,,,,,,,,,,,142,4.90
Mackensie Alexander,2555177,DB,MIN,SEA,2,1,,,,,,,,,,,,,,,,143,4.20
Henry Black,2563974,DB,GB,@SF,2,1,,,,,,,,,,,,,,,,144,4.20
Bryce Callahan,2553500,DB,DEN,NYJ,1,,,,,,,,,,,,,1,,,,145,4.20
Carlton Davis,2561039,DB,TB,@LA,2,1,,,,,,,,,,,,,,,,146,4.20
Jevon Holland,2566283,DB,MIA,@LV,2,1,,,,,,,,,,,,,,,,147,4.20
DeAndre Houston-Carson,2555381,DB,CHI,@CLE,2,1,,,,,,,,,,,,,,,,148,4.20
William Jackson,2556367,DB,WAS,@BUF,1,,,,,,,,,,,,,1,,,,149,4.20
Dontae Johnson,2543739,DB,SF,GB,2,1,,,,,,,,,,,,,,,,150,4.20
Jonathan Jones,2556571,DB,NE,NO,2,1,,,,,,,,,,,,,,,,151,4.20
Jourdan Lewis,2557920,DB,DAL,PHI,2,1,,,,,,,,,,,,,,,,152,4.20
James Pierre,2565003,DB,PIT,CIN,1,,,,,,,,,,,,,1,,,,153,4.20
Jamien Sherwood,2565762,DB,NYJ,@DEN,2,1,,,,,,,,,,,,,,,,154,4.20
Jimmy Smith,2508107,DB,BAL,@DET,1,,,,,,,,,,,,,1,,,,155,4.20
Tremon Smith,2561103,DB,HOU,CAR,2,1,,,,,,,,,,,,,,,,156,4.20
Greedy Williams,2562785,DB,CLE,CHI,1,,,,,,,,,,,,,1,,,,157,4.20
Chris Claybrooks,2564169,DB,JAX,ARI,1,3,,,,,,,,,,,,,,,,158,4.10
Juston Burris,2555313,DB,CAR,@HOU,2,,,,,,,,,,,,,,,,,159,3.40
Camryn Bynum,2566295,DB,MIN,SEA,2,,,,,,,,,,,,,,,,,160,3.40
Maurice Canady,2555178,DB,DAL,PHI,2,,,,,,,,,,,,,,,,,161,3.40
DeShon Elliott,2560715,DB,BAL,@DET,2,,,,,,,,,,,,,,,,,162,3.40
Chris Jackson,2564049,DB,TEN,IND,2,,,,,,,,,,,,,,,,,163,3.40
Rayshawn Jenkins,2558182,DB,JAX,ARI,2,,,,,,,,,,,,,,,,,164,3.40
Bobby McCain,2552434,DB,WAS,@BUF,2,,,,,,,,,,,,,,,,,165,3.40
Devin McCourty,494287,DB,NE,NO,2,,,,,,,,,,,,,,,,,166,3.40
Cameron Sutton,2558849,DB,PIT,CIN,2,,,,,,,,,,,,,,,,,167,3.40
Levi Wallace,2560914,DB,BUF,WAS,2,,,,,,,,,,,,,,,,,168,3.40
Marcus Williams,2558847,DB,NO,@NE,2,,,,,,,,,,,,,,,,,169,3.40
James Bradberry,2555175,DB,NYG,ATL,,1,,,,,,,,,,,,1,,,,170,3.30
Sean Chandler,2561017,DB,CAR,@HOU,1,2,,,,,,,,,,,,,,,,171,3.30
Andrew Sendejo,2525323,DB,IND,@TEN,1,,,1,,,,,,,,,,,,,,172,3.20
Breon Borders,2559015,DB,TEN,IND,,,,,,,,,,,,,,1,,,,173,2.50
Sam Franklin,2563638,DB,CAR,@HOU,1,1,,,,,,,,,,,,,,,,174,2.50
Joe Haden,496733,DB,PIT,CIN,1,1,,,,,,,,,,,,,,,,175,2.50
Nate Hairston,2558108,DB,DEN,NYJ,,,,,,,,,,,,,,1,,,,176,2.50
Troy Hill,2553536,DB,CLE,CHI,1,1,,,,,,,,,,,,,,,,177,2.50
Malik Hooker,2558060,DB,DAL,PHI,,,,,,,,,,,,,,1,,,,178,2.50
Jaycee Horn,2565893,DB,CAR,@HOU,1,1,,,,,,,,,,,,,,,,179,2.50
Kareem Jackson,496735,DB,DEN,NYJ,1,1,,,,,,,,,,,,,,,,180,2.50
Patrick Peterson,2495504,DB,MIN,SEA,1,1,,,,,,,,,,,,,,,,181,2.50
Nick Scott,2562905,DB,LA,TB,1,1,,,,,,,,,,,,,,,,182,2.50
M.J. Stewart,2560884,DB,CLE,CHI,1,1,,,,,,,,,,,,,,,,183,2.50
Chandon Sullivan,2560887,DB,GB,@SF,,,,,,,,,,,,,,1,,,,184,2.50
Avery Williams,2565833,DB,ATL,@NYG,,,,,,,,,,,,,,1,,,,185,2.50
Tyree Gillespie,2566256,DB,LV,MIA,,3,,,,,,,,,,,,,,,,186,2.40
Javelin Guidry,2565504,DB,NYJ,@DEN,,3,,,,,,,,,,,,,,,,187,2.40
Antonio Hamilton,2556804,DB,ARI,@JAX,,1,,,,,1,,,,,,,,,,,188,1.80
Damon Arnette,2564409,DB,FA,Bye,1,,,,,,,,,,,,,,,,,189,1.70
Chidobe Awuzie,2557840,DB,CIN,@PIT,1,,,,,,,,,,,,,,,,,190,1.70
Andre Chachere,2561016,DB,PHI,@DAL,1,,,,,,,,,,,,,,,,,191,1.70
Cody Davis,2541135,DB,NE,NO,1,,,,,,,,,,,,,,,,,192,1.70
Divine Deablo,2566253,DB,LV,MIA,1,,,,,,,,,,,,,,,,,193,1.70
Matthias Farley,2556429,DB,TEN,IND,1,,,,,,,,,,,,,,,,,194,1.70
C.J. Goodwin,2550767,DB,DAL,PHI,1,,,,,,,,,,,,,,,,,195,1.70
J.T. Gray,2561206,DB,NO,@NE,1,,,,,,,,,,,,,,,,,196,1.70
A.J. Green,2563782,DB,CLE,CHI,1,,,,,,,,,,,,,,,,,197,1.70
Duron Harmon,2541243,DB,ATL,@NYG,1,,,,,,,,,,,,,,,,,198,1.70
Darnay Holmes,2564739,DB,NYG,ATL,1,,,,,,,,,,,,,,,,,199,1.70
Talanoa Hufanga,2566529,DB,SF,GB,1,,,,,,,,,,,,,,,,,200,1.70
Noah Igbinoghene,2564457,DB,MIA,@LV,1,,,,,,,,,,,,,,,,,201,1.70
Jaquan Johnson,2562676,DB,BUF,WAS,1,,,,,,,,,,,,,,,,,202,1.70
Justin Layne,2562479,DB,PIT,CIN,1,,,,,,,,,,,,,,,,,203,1.70
Deommodore Lenoir,2566535,DB,SF,GB,1,,,,,,,,,,,,,,,,,204,1.70
Trevon Moehrig,2566268,DB,LV,MIA,1,,,,,,,,,,,,,,,,,205,1.70
Elijah Molden,2566115,DB,TEN,IND,1,,,,,,,,,,,,,,,,,206,1.70
Fabian Moreau,2558136,DB,ATL,@NYG,1,,,,,,,,,,,,,,,,,207,1.70
George Odum,2561131,DB,IND,@TEN,1,,,,,,,,,,,,,,,,,208,1.70
Amik Robertson,2564430,DB,LV,MIA,1,,,,,,,,,,,,,,,,,209,1.70
Mark Webb,2566523,DB,LAC,@KC,1,,,,,,,,,,,,,,,,,210,1.70
K'Waun Williams,2550654,DB,SF,GB,1,,,,,,,,,,,,,,,,,211,1.70
Rodarius Williams,2566379,DB,NYG,ATL,1,,,,,,,,,,,,,,,,,212,1.70
Jason McCourty,89756,DB,MIA,@LV,,2,,,,,,,,,,,,,,,,213,1.60
Andrew Adams,2556456,DB,TB,@LA,,1,,,,,,,,,,,,,,,,214,0.80
Troy Apke,2560958,DB,WAS,@BUF,,1,,,,,,,,,,,,,,,,215,0.80
Grant Delpit,2563773,DB,CLE,CHI,,1,,,,,,,,,,,,,,,,216,0.80
Deshazor Everett,2553710,DB,WAS,@BUF,,1,,,,,,,,,,,,,,,,217,0.80
John Johnson,2558183,DB,CLE,CHI,,1,,,,,,,,,,,,,,,,218,0.80
K'Von Wallace,2564871,DB,PHI,@DAL,,1,,,,,,,,,,,,,,,,219,0.80
Armani Watts,2560921,DB,KC,LAC,,1,,,,,,,,,,,,,,,,220,0.80
Delrick Abrams,2563464,DB,FA,Bye,,,,,,,,,,,,,,,,,,221,0.00
DeMarkus Acy,2565087,DB,PIT,CIN,,,,,,,,,,,,,,,,,,222,0.00
Jahleel Addae,2541958,DB,IND,@TEN,,,,,,,,,,,,,,,,,,223,0.00
Brian Allen,2558237,DB,FA,Bye,,,,,,,,,,,,,,,,,,224,0.00
Marcus Allen,2560956,DB,PIT,CIN,,,,,,,,,,,,,,,,,,225,0.00
Ricardo Allen,2543850,DB,CIN,@PIT,,,,,,,,,,,,,,,,,,226,0.00
Johnathan Alston,2561520,DB,FA,Bye,,,,,,,,,,,,,,,,,,227,0.00
Cornell Armstrong,2561147,DB,FA,Bye,,,,,,,,,,,,,,,,,,228,0.00
Grayland Arnold,2564814,DB,HOU,CAR,,,,,,,,,,,,,,,,,,229,0.00
Jaytlin Askew,2566656,DB,FA,Bye,,,,,,,,,,,,,,,,,,230,0.00
Blessuan Austin,2562468,DB,SEA,@MIN,,,,,,,,,,,,,,,,,,231,0.00
Corey Ballentine,2562228,DB,DET,BAL,,,,,,,,,,,,,,,,,,232,0.00
Chris Banjo,2541192,DB,ARI,@JAX,,,,,,,,,,,,,,,,,,233,0.00
Luq Barcoo,2564160,DB,FA,Bye,,,,,,,,,,,,,,,,,,234,0.00
Essang Bassey,2563875,DB,DEN,NYJ,,,,,,,,,,,,,,,,,,235,0.00
DeVante Bausby,2553790,DB,NE,NO,,,,,,,,,,,,,,,,,,236,0.00
Sam Beal,2561643,DB,FA,Bye,,,,,,,,,,,,,,,,,,237,0.00
Elijah Benton,2563758,DB,FA,Bye,,,,,,,,,,,,,,,,,,238,0.00
Justin Bethel,2532792,DB,NE,NO,,,,,,,,,,,,,,,,,,239,0.00
Marquise Blair,2562233,DB,SEA,@MIN,,,,,,,,,,,,,,,,,,240,0.00
Joshuah Bledsoe,2566331,DB,NE,NO,,,,,,,,,,,,,,,,,,241,0.00
Briean Boddy-Calhoun,2556475,DB,TEN,IND,,,,,,,,,,,,,,,,,,242,0.00
Terrell Bonds,2563136,DB,FA,Bye,,,,,,,,,,,,,,,,,,243,0.00
Tre Boston,2543830,DB,FA,Bye,,,,,,,,,,,,,,,,,,244,0.00
A.J. Bouye,2541162,DB,CAR,@HOU,,,,,,,,,,,,,,,,,,245,0.00
Kris Boyd,2562630,DB,MIN,SEA,,,,,,,,,,,,,,,,,,246,0.00
John Brannon,2565018,DB,FA,Bye,,,,,,,,,,,,,,,,,,247,0.00
Brady Breeze,2566103,DB,TEN,IND,,,,,,,,,,,,,,,,,,248,0.00
Antoine Brooks Jr.,2564967,DB,LA,TB,,,,,,,,,,,,,,,,,,249,0.00
Terrence Brooks,2543712,DB,HOU,CAR,,,,,,,,,,,,,,,,,,250,0.00
Jordan Brown,2562396,DB,LV,MIA,,,,,,,,,,,,,,,,,,251,0.00
Shakur Brown,2565774,DB,FA,Bye,,,,,,,,,,,,,,,,,,252,0.00
Tony Brown,2560982,DB,FA,Bye,,,,,,,,,,,,,,,,,,253,0.00
Tre Brown,2566550,DB,SEA,@MIN,,,,,,,,,,,,,,,,,,254,0.00
Myles Bryant,2564592,DB,NE,NO,,,,,,,,,,,,,,,,,,255,0.00
Terrell Burgess,2564331,DB,LA,TB,,,,,,,,,,,,,,,,,,256,0.00
Artie Burns,2555344,DB,CHI,@CLE,,,,,,,,,,,,,,,,,,257,0.00
Eric Burrell,2565696,DB,FA,Bye,,,,,,,,,,,,,,,,,,258,0.00
Deante Burton,2559109,DB,DAL,PHI,,,,,,,,,,,,,,,,,,259,0.00
Malcolm Butler,2550613,DB,FA,Bye,,,,,,,,,,,,,,,,,,260,0.00
Elijah Campbell,2561455,DB,MIA,@LV,,,,,,,,,,,,,,,,,,261,0.00
Ibraheim Campbell,2552605,DB,IND,@TEN,,,,,,,,,,,,,,,,,,262,0.00
T.J. Carrie,2550164,DB,IND,@TEN,,,,,,,,,,,,,,,,,,263,0.00
Jamal Carter,2559321,DB,TEN,IND,,,,,,,,,,,,,,,,,,264,0.00
Anthony Chesley,2563235,DB,IND,@TEN,,,,,,,,,,,,,,,,,,265,0.00
Marqui Christian,2556277,DB,CHI,@CLE,,,,,,,,,,,,,,,,,,266,0.00
Patrick Chung,71251,DB,FA,Bye,,,,,,,,,,,,,,,,,,267,0.00
Andre Cisco,2566154,DB,JAX,ARI,,,,,,,,,,,,,,,,,,268,0.00
Chris Cooper,2561429,DB,TB,@LA,,,,,,,,,,,,,,,,,,269,0.00
Shaun Crawford,2565642,DB,FA,Bye,,,,,,,,,,,,,,,,,,270,0.00
Xavier Crawford,2562515,DB,CHI,@CLE,,,,,,,,,,,,,,,,,,271,0.00
Ken Crawley,2556735,DB,NO,@NE,,,,,,,,,,,,,,,,,,272,0.00
Keion Crossen,2561157,DB,NYG,ATL,,,,,,,,,,,,,,,,,,273,0.00
Jordan Dangerfield,2541696,DB,FA,Bye,,,,,,,,,,,,,,,,,,274,0.00
DJ Daniel,2566653,DB,FA,Bye,,,,,,,,,,,,,,,,,,275,0.00
Cameron Dantzler,2564526,DB,MIN,SEA,,,,,,,,,,,,,,,,,,276,0.00
Ronald Darby,2552689,DB,DEN,NYJ,,,,,,,,,,,,,,,,,,277,0.00
Ashtyn Davis,2564793,DB,NYJ,@DEN,,,,,,,,,,,,,,,,,,278,0.00
Jalen Davis,2561316,DB,CIN,@PIT,,,,,,,,,,,,,,,,,,279,0.00
Javaris Davis,2564265,DB,MIA,@LV,,,,,,,,,,,,,,,,,,280,0.00
Sean Davis,2555386,DB,NE,NO,,,,,,,,,,,,,,,,,,281,0.00
Shawn Davis,2565597,DB,GB,@SF,,,,,,,,,,,,,,,,,,282,0.00
Duke Dawson,2561040,DB,DEN,NYJ,,,,,,,,,,,,,,,,,,283,0.00
Jamel Dean,2562556,DB,TB,@LA,,,,,,,,,,,,,,,,,,284,0.00
Donte' Deayon,2556512,DB,LA,TB,,,,,,,,,,,,,,,,,,285,0.00
Stephen Denmark,2562874,DB,FA,Bye,,,,,,,,,,,,,,,,,,286,0.00
Darqueze Dennard,2543474,DB,IND,@TEN,,,,,,,,,,,,,,,,,,287,0.00
Pierre Desir,2543811,DB,TB,@LA,,,,,,,,,,,,,,,,,,288,0.00
Khalil Dorsey,2565336,DB,BAL,@DET,,,,,,,,,,,,,,,,,,289,0.00
Rasul Douglas,2558168,DB,GB,@SF,,,,,,,,,,,,,,,,,,290,0.00
Quinton Dunbar,2553796,DB,FA,Bye,,,,,,,,,,,,,,,,,,291,0.00
Isaiah Dunn,2565720,DB,NYJ,@DEN,,,,,,,,,,,,,,,,,,292,0.00
Nate Ebner,2535132,DB,NYG,ATL,,,,,,,,,,,,,,,,,,293,0.00
Corn Elder,2558171,DB,WAS,@BUF,,,,,,,,,,,,,,,,,,294,0.00
Tino Ellis,2564670,DB,FA,Bye,,,,,,,,,,,,,,,,,,295,0.00
Brandon Facyson,2560719,DB,LV,MIA,,,,,,,,,,,,,,,,,,296,0.00
Caleb Farley,2566106,DB,TEN,IND,,,,,,,,,,,,,,,,,,297,0.00
Clayton Fejedelem,2555355,DB,MIA,@LV,,,,,,,,,,,,,,,,,,298,0.00
Mark Fields,2562442,DB,FA,Bye,,,,,,,,,,,,,,,,,,299,0.00
Mike Ford,2561527,DB,DEN,NYJ,,,,,,,,,,,,,,,,,,300,0.00
Paris Ford,2566205,DB,FA,Bye,,,,,,,,,,,,,,,,,,301,0.00
Darrick Forrest,2566598,DB,WAS,@BUF,,,,,,,,,,,,,,,,,,302,0.00
Kavon Frazier,2555536,DB,FA,Bye,,,,,,,,,,,,,,,,,,303,0.00
Innis Gaines,2565591,DB,GB,@SF,,,,,,,,,,,,,,,,,,304,0.00
Phillip Gaines,2543851,DB,FA,Bye,,,,,,,,,,,,,,,,,,305,0.00
Rashaan Gaulden,2560775,DB,FA,Bye,,,,,,,,,,,,,,,,,,306,0.00
Jake Gervase,2563306,DB,LA,TB,,,,,,,,,,,,,,,,,,307,0.00
Mark Gilbert,2565783,DB,DET,BAL,,,,,,,,,,,,,,,,,,308,0.00
Stephon Gilmore,2533062,DB,CAR,@HOU,,,,,,,,,,,,,,,,,,309,0.00
Tashaun Gipson,2532848,DB,CHI,@CLE,,,,,,,,,,,,,,,,,,310,0.00
Jeff Gladney,2564541,DB,FA,Bye,,,,,,,,,,,,,,,,,,311,0.00
Tay Gowan,2566427,DB,PHI,@DAL,,,,,,,,,,,,,,,,,,312,0.00
Thomas Graham Jr.,2565923,DB,CHI,@CLE,,,,,,,,,,,,,,,,,,313,0.00
Richie Grant,2565818,DB,ATL,@NYG,,,,,,,,,,,,,,,,,,314,0.00
Raven Greene,2561207,DB,FA,Bye,,,,,,,,,,,,,,,,,,315,0.00
Olaijah Griffin,2566635,DB,BUF,WAS,,,,,,,,,,,,,,,,,,316,0.00
Javon Hagan,2565219,DB,ARI,@JAX,,,,,,,,,,,,,,,,,,317,0.00
Darren Hall,2565821,DB,ATL,@NYG,,,,,,,,,,,,,,,,,,318,0.00
Kemon Hall,2562975,DB,LAC,@KC,,,,,,,,,,,,,,,,,,319,0.00
Tyler Hall,2563497,DB,LA,TB,,,,,,,,,,,,,,,,,,320,0.00
Damar Hamlin,2565872,DB,BUF,WAS,,,,,,,,,,,,,,,,,,321,0.00
Saquan Hampton,2562658,DB,FA,Bye,,,,,,,,,,,,,,,,,,322,0.00
Harrison Hand,2564547,DB,MIN,SEA,,,,,,,,,,,,,,,,,,323,0.00
Justin Hardee,2559181,DB,NYJ,@DEN,,,,,,,,,,,,,,,,,,324,0.00
Madre Harper,2564421,DB,CAR,@HOU,,,,,,,,,,,,,,,,,,325,0.00
Brontae Harris,2566217,DB,FA,Bye,,,,,,,,,,,,,,,,,,326,0.00
Chris Harris,2530510,DB,LAC,@KC,,,,,,,,,,,,,,,,,,327,0.00
Marcell Harris,2561006,DB,SF,GB,,,,,,,,,,,,,,,,,,328,0.00
Tim Harris,2562949,DB,FA,Bye,,,,,,,,,,,,,,,,,,329,0.00
Myles Hartsfield,2563644,DB,CAR,@HOU,,,,,,,,,,,,,,,,,,330,0.00
J.T. Hassell,2563045,DB,FA,Bye,,,,,,,,,,,,,,,,,,331,0.00
Jaylinn Hawkins,2563500,DB,ATL,@NYG,,,,,,,,,,,,,,,,,,332,0.00
Jeff Heath,2541832,DB,NO,@NE,,,,,,,,,,,,,,,,,,333,0.00
C.J. Henderson,2564199,DB,CAR,@HOU,,,,,,,,,,,,,,,,,,334,0.00
Trayvon Henderson,2561339,DB,CIN,@PIT,,,,,,,,,,,,,,,,,,335,0.00
Tre Herndon,2561340,DB,JAX,ARI,,,,,,,,,,,,,,,,,,336,0.00
Gavin Heslop,2565156,DB,SEA,@MIN,,,,,,,,,,,,,,,,,,337,0.00
Alijah Holder,2562572,DB,FA,Bye,,,,,,,,,,,,,,,,,,338,0.00
Nate Holley,2561627,DB,FA,Bye,,,,,,,,,,,,,,,,,,339,0.00
Ka'dar Hollman,2562940,DB,NYG,ATL,,,,,,,,,,,,,,,,,,340,0.00
Amani Hooker,2562666,DB,TEN,IND,,,,,,,,,,,,,,,,,,341,0.00
Jameson Houston,2563791,DB,FA,Bye,,,,,,,,,,,,,,,,,,342,0.00
JuJu Hughes,2564352,DB,LA,TB,,,,,,,,,,,,,,,,,,343,0.00
J.T. Ibe,2565570,DB,FA,Bye,,,,,,,,,,,,,,,,,,344,0.00
Bennett Jackson,2543834,DB,FA,Bye,,,,,,,,,,,,,,,,,,345,0.00
Dane Jackson,2563614,DB,BUF,WAS,,,,,,,,,,,,,,,,,,346,0.00
Josh Jackson,2560755,DB,KC,LAC,,,,,,,,,,,,,,,,,,347,0.00
Lamar Jackson,2565513,DB,NYJ,@DEN,,,,,,,,,,,,,,,,,,348,0.00
Mike Jackson,2562434,DB,SEA,@MIN,,,,,,,,,,,,,,,,,,349,0.00
Robert Jackson,2561434,DB,FA,Bye,,,,,,,,,,,,,,,,,,350,0.00
Michael Jacquet,2564835,DB,FA,Bye,,,,,,,,,,,,,,,,,,351,0.00
Natrell Jamerson,2560759,DB,NYJ,@DEN,,,,,,,,,,,,,,,,,,352,0.00
Craig James,2561486,DB,PHI,@DAL,,,,,,,,,,,,,,,,,,353,0.00
Shemar Jean-Charles,2566079,DB,GB,@SF,,,,,,,,,,,,,,,,,,354,0.00
Danny Johnson,2560764,DB,WAS,@BUF,,,,,,,,,,,,,,,,,,355,0.00
Isaiah Johnson,2562675,DB,FA,Bye,,,,,,,,,,,,,,,,,,356,0.00
Jamar Johnson,2566031,DB,DEN,NYJ,,,,,,,,,,,,,,,,,,357,0.00
Kevin Johnson,2552261,DB,FA,Bye,,,,,,,,,,,,,,,,,,358,0.00
Chris Jones,2560767,DB,TEN,IND,,,,,,,,,,,,,,,,,,359,0.00
Josh Jones,2558119,DB,IND,@TEN,,,,,,,,,,,,,,,,,,360,0.00
Karl Joseph,2555342,DB,PIT,CIN,,,,,,,,,,,,,,,,,,361,0.00
Kelvin Joseph,2566010,DB,DAL,PHI,,,,,,,,,,,,,,,,,,362,0.00
Lamarcus Joyner,2543492,DB,NYJ,@DEN,,,,,,,,,,,,,,,,,,363,0.00
Jalen Julius,2564289,DB,FA,Bye,,,,,,,,,,,,,,,,,,364,0.00
Joshua Kalu,2560776,DB,NYG,ATL,,,,,,,,,,,,,,,,,,365,0.00
Bopete Keyes,2564292,DB,FA,Bye,,,,,,,,,,,,,,,,,,366,0.00
Miles Killebrew,2555315,DB,PIT,CIN,,,,,,,,,,,,,,,,,,367,0.00
Kevin King,2557996,DB,GB,@SF,,,,,,,,,,,,,,,,,,368,0.00
Luther Kirk,2565304,DB,ATL,@NYG,,,,,,,,,,,,,,,,,,369,0.00
Dre Kirkpatrick,2533060,DB,SF,GB,,,,,,,,,,,,,,,,,,370,0.00
Chris Lammons,2561226,DB,KC,LAC,,,,,,,,,,,,,,,,,,371,0.00
Nevin Lawson,2543872,DB,JAX,ARI,,,,,,,,,,,,,,,,,,372,0.00
Dallin Leavitt,2561585,DB,LV,MIA,,,,,,,,,,,,,,,,,,373,0.00
Richard LeCounte III,2565977,DB,CLE,CHI,,,,,,,,,,,,,,,,,,374,0.00
Anthony Levine,2508004,DB,BAL,@DET,,,,,,,,,,,,,,,,,,375,0.00
Cam Lewis,2563205,DB,BUF,WAS,,,,,,,,,,,,,,,,,,376,0.00
Donnie Lewis,2562910,DB,FA,Bye,,,,,,,,,,,,,,,,,,377,0.00
Zane Lewis,2564928,DB,NYJ,@DEN,,,,,,,,,,,,,,,,,,378,0.00
P.J. Locke,2563012,DB,DEN,NYJ,,,,,,,,,,,,,,,,,,379,0.00
Jordan Lucas,2555542,DB,IND,@TEN,,,,,,,,,,,,,,,,,,380,0.00
Cole Luke,2558968,DB,FA,Bye,,,,,,,,,,,,,,,,,,381,0.00
Dylan Mabin,2563029,DB,NO,@NE,,,,,,,,,,,,,,,,,,382,0.00
Greg Mabin,2558971,DB,TEN,IND,,,,,,,,,,,,,,,,,,383,0.00
Iman Marshall,2562961,DB,BAL,@DET,,,,,,,,,,,,,,,,,,384,0.00
Trey Marshall,2561370,DB,LAC,@KC,,,,,,,,,,,,,,,,,,385,0.00
Nick McCloud,2566638,DB,BUF,WAS,,,,,,,,,,,,,,,,,,386,0.00
Bradley McDougald,2539243,DB,FA,Bye,,,,,,,,,,,,,,,,,,387,0.00
Rodney McLeod,2534832,DB,PHI,@DAL,,,,,,,,,,,,,,,,,,388,0.00
Sherrick McManis,494289,DB,FA,Bye,,,,,,,,,,,,,,,,,,389,0.00
Zech McPhearson,2566406,DB,PHI,@DAL,,,,,,,,,,,,,,,,,,390,0.00
Torry McTyer,2559053,DB,WAS,@BUF,,,,,,,,,,,,,,,,,,391,0.00
Quenton Meeks,2560808,DB,FA,Bye,,,,,,,,,,,,,,,,,,392,0.00
Ifeatu Melifonwu,2566064,DB,DET,BAL,,,,,,,,,,,,,,,,,,393,0.00
Josh Metellus,2564568,DB,MIN,SEA,,,,,,,,,,,,,,,,,,394,0.00
Doug Middleton,2556617,DB,FA,Bye,,,,,,,,,,,,,,,,,,395,0.00
Herb Miller,2563153,DB,CLE,CHI,,,,,,,,,,,,,,,,,,396,0.00
Jordan Miller,2562497,DB,NO,@NE,,,,,,,,,,,,,,,,,,397,0.00
Chris Milton,2556394,DB,FA,Bye,,,,,,,,,,,,,,,,,,398,0.00
Terrance Mitchell,2543637,DB,HOU,CAR,,,,,,,,,,,,,,,,,,399,0.00
Jovante Moffatt,2563797,DB,CLE,CHI,,,,,,,,,,,,,,,,,,400,0.00
Joshua Moon,2563265,DB,FA,Bye,,,,,,,,,,,,,,,,,,401,0.00
A.J. Moore,2561538,DB,HOU,CAR,,,,,,,,,,,,,,,,,,402,0.00
C.J. Moore,2563193,DB,DET,BAL,,,,,,,,,,,,,,,,,,403,0.00
Tarvarius Moore,2561117,DB,SF,GB,,,,,,,,,,,,,,,,,,404,0.00
Jimmy Moreland,2562858,DB,HOU,CAR,,,,,,,,,,,,,,,,,,405,0.00
TJ Morrison,2565651,DB,FA,Bye,,,,,,,,,,,,,,,,,,406,0.00
Parnell Motley,2565237,DB,DET,BAL,,,,,,,,,,,,,,,,,,407,0.00
Israel Mukuamu,2566013,DB,DAL,PHI,,,,,,,,,,,,,,,,,,408,0.00
Sean Murphy-Bunting,2562635,DB,TB,@LA,,,,,,,,,,,,,,,,,,409,0.00
Kai Nacua,2559220,DB,SF,GB,,,,,,,,,,,,,,,,,,410,0.00
Ryan Neal,2561381,DB,SEA,@MIN,,,,,,,,,,,,,,,,,,411,0.00
Siran Neal,2560818,DB,BUF,WAS,,,,,,,,,,,,,,,,,,412,0.00
Sharrod Neasman,2556443,DB,NYJ,@DEN,,,,,,,,,,,,,,,,,,413,0.00
Nick Nelson,2560819,DB,IND,@TEN,,,,,,,,,,,,,,,,,,414,0.00
Picasso Nelson,2563002,DB,FA,Bye,,,,,,,,,,,,,,,,,,415,0.00
Keisean Nixon,2562938,DB,LV,MIA,,,,,,,,,,,,,,,,,,416,0.00
Michael Ojemudia,2563908,DB,DEN,NYJ,,,,,,,,,,,,,,,,,,417,0.00
Jeff Okudah,2563944,DB,DET,BAL,,,,,,,,,,,,,,,,,,418,0.00
Kareem Orr,2563274,DB,LA,TB,,,,,,,,,,,,,,,,,,419,0.00
Jonathan Owens,2561255,DB,HOU,CAR,,,,,,,,,,,,,,,,,,420,0.00
Steven Parker,2561256,DB,NYG,ATL,,,,,,,,,,,,,,,,,,421,0.00
Will Parks,2556278,DB,SF,GB,,,,,,,,,,,,,,,,,,422,0.00
Jomal Wiltz,2559283,DB,MIA,@LV,,,,,,,,,,,,,,,,,,423,0.00
Jordyn Peters,2565750,DB,FA,Bye,,,,,,,,,,,,,,,,,,424,0.00
Marcus Peters,2552488,DB,BAL,@DET,,,,,,,,,,,,,,,,,,425,0.00
Kevin Peterson,2556764,DB,ARI,@JAX,,,,,,,,,,,,,,,,,,426,0.00
Jason Pinnock,2565753,DB,NYJ,@DEN,,,,,,,,,,,,,,,,,,427,0.00
Brian Poole,2556445,DB,FA,Bye,,,,,,,,,,,,,,,,,,428,0.00
Troy Pride,2563662,DB,CAR,@HOU,,,,,,,,,,,,,,,,,,429,0.00
Glover Quin,71441,DB,FA,Bye,,,,,,,,,,,,,,,,,,430,0.00
Damarious Randall,2552389,DB,FA,Bye,,,,,,,,,,,,,,,,,,431,0.00
Jeremy Reaves,2561394,DB,WAS,@BUF,,,,,,,,,,,,,,,,,,432,0.00
Will Redmond,2555545,DB,GB,@SF,,,,,,,,,,,,,,,,,,433,0.00
Sheldrick Redwine,2562711,DB,MIA,@LV,,,,,,,,,,,,,,,,,,434,0.00
J.R. Reed,2564220,DB,NYG,ATL,,,,,,,,,,,,,,,,,,435,0.00
John Reid,2564088,DB,SEA,@MIN,,,,,,,,,,,,,,,,,,436,0.00
Justin Reid,2560851,DB,HOU,CAR,,,,,,,,,,,,,,,,,,437,0.00
Xavier Rhodes,2540155,DB,IND,@TEN,,,,,,,,,,,,,,,,,,438,0.00
Jordan Richards,2552392,DB,BAL,@DET,,,,,,,,,,,,,,,,,,439,0.00
Elijah Riley,2564853,DB,NYJ,@DEN,,,,,,,,,,,,,,,,,,440,0.00
Darryl Roberts,2553353,DB,WAS,@BUF,,,,,,,,,,,,,,,,,,441,0.00
Nickell Robey-Coleman,2540197,DB,DET,BAL,,,,,,,,,,,,,,,,,,442,0.00
Aaron Robinson,2566370,DB,NYG,ATL,,,,,,,,,,,,,,,,,,443,0.00
Kenny Robinson,2563674,DB,CAR,@HOU,,,,,,,,,,,,,,,,,,444,0.00
Patrick Robinson,2508084,DB,FA,Bye,,,,,,,,,,,,,,,,,,445,0.00
Rashard Robinson,2555546,DB,TB,@LA,,,,,,,,,,,,,,,,,,446,0.00
Reggie Robinson II,2563863,DB,DAL,PHI,,,,,,,,,,,,,,,,,,447,0.00
Tyree Robinson,2561519,DB,FA,Bye,,,,,,,,,,,,,,,,,,448,0.00
Bradley Roby,2543505,DB,NO,@NE,,,,,,,,,,,,,,,,,,449,0.00
Robert Rochell,2566241,DB,LA,TB,,,,,,,,,,,,,,,,,,450,0.00
Isaiah Rodgers,2564142,DB,IND,@TEN,,,,,,,,,,,,,,,,,,451,0.00
Winston Rose,2556670,DB,FA,Bye,,,,,,,,,,,,,,,,,,452,0.00
D'Angelo Ross,2563057,DB,NE,NO,,,,,,,,,,,,,,,,,,453,0.00
Brandon Rusnak,2562912,DB,JAX,ARI,,,,,,,,,,,,,,,,,,454,0.00
KeiVarae Russell,2555547,DB,NO,@NE,,,,,,,,,,,,,,,,,,455,0.00
Stanford Samuels III,2564022,DB,FA,Bye,,,,,,,,,,,,,,,,,,456,0.00
Josiah Scott,2564229,DB,PHI,@DAL,,,,,,,,,,,,,,,,,,457,0.00
Vernon Scott,2564028,DB,GB,@SF,,,,,,,,,,,,,,,,,,458,0.00
Kevon Seymour,2555549,DB,BAL,@DET,,,,,,,,,,,,,,,,,,459,0.00
Kendall Sheffield,2562730,DB,ATL,@NYG,,,,,,,,,,,,,,,,,,460,0.00
Richard Sherman,2495507,DB,TB,@LA,,,,,,,,,,,,,,,,,,461,0.00
LeShaun Sims,2555551,DB,FA,Bye,,,,,,,,,,,,,,,,,,462,0.00
Kemah Siverand,2565189,DB,FA,Bye,,,,,,,,,,,,,,,,,,463,0.00
Buster Skrine,2495343,DB,FA,Bye,,,,,,,,,,,,,,,,,,464,0.00
Maurice Smith,2559058,DB,FA,Bye,,,,,,,,,,,,,,,,,,465,0.00
Ryan Smith,2555552,DB,LAC,@KC,,,,,,,,,,,,,,,,,,466,0.00
Saivion Smith,2562741,DB,SF,GB,,,,,,,,,,,,,,,,,,467,0.00
Tye Smith,2552449,DB,MIN,SEA,,,,,,,,,,,,,,,,,,468,0.00
Linden Stephens,2561277,DB,PIT,CIN,,,,,,,,,,,,,,,,,,469,0.00
JaCoby Stevens,2566412,DB,PHI,@DAL,,,,,,,,,,,,,,,,,,470,0.00
Donovan Stiner,2565795,DB,PIT,CIN,,,,,,,,,,,,,,,,,,471,0.00
Geno Stone,2563584,DB,BAL,@DET,,,,,,,,,,,,,,,,,,472,0.00
Corey Straughter,2565636,DB,FA,Bye,,,,,,,,,,,,,,,,,,473,0.00
Greg Stroman,2560886,DB,FA,Bye,,,,,,,,,,,,,,,,,,474,0.00
D.J. Swearinger,2539943,DB,FA,Bye,,,,,,,,,,,,,,,,,,475,0.00
Teez Tabor,2557955,DB,CHI,@CLE,,,,,,,,,,,,,,,,,,476,0.00
Cordrea Tankersley,2557931,DB,FA,Bye,,,,,,,,,,,,,,,,,,477,0.00
Keith Taylor,2565911,DB,CAR,@HOU,,,,,,,,,,,,,,,,,,478,0.00
Shakial Taylor,2563129,DB,FA,Bye,,,,,,,,,,,,,,,,,,479,0.00
Roderic Teamer,2562981,DB,LV,MIA,,,,,,,,,,,,,,,,,,480,0.00
Marvell Tell,2562757,DB,IND,@TEN,,,,,,,,,,,,,,,,,,481,0.00
A.J. Terrell,2563527,DB,ATL,@NYG,,,,,,,,,,,,,,,,,,482,0.00
Ambry Thomas,2566547,DB,SF,GB,,,,,,,,,,,,,,,,,,483,0.00
Josh Thomas,2565387,DB,BUF,WAS,,,,,,,,,,,,,,,,,,484,0.00
Tavierre Thomas,2561278,DB,HOU,CAR,,,,,,,,,,,,,,,,,,485,0.00
Stantley Thomas-Oliver,2563689,DB,CAR,@HOU,,,,,,,,,,,,,,,,,,486,0.00
Darian Thompson,2555154,DB,DAL,PHI,,,,,,,,,,,,,,,,,,487,0.00
Deionte Thompson,2562760,DB,ARI,@JAX,,,,,,,,,,,,,,,,,,488,0.00
Tariq Thompson,2566644,DB,FA,Bye,,,,,,,,,,,,,,,,,,489,0.00
Juan Thornhill,2562761,DB,KC,LAC,,,,,,,,,,,,,,,,,,490,0.00
Desmond Trufant,2539334,DB,LV,MIA,,,,,,,,,,,,,,,,,,491,0.00
Kenny Vaccaro,2539320,DB,FA,Bye,,,,,,,,,,,,,,,,,,492,0.00
Donte Vaughn,2565084,DB,FA,Bye,,,,,,,,,,,,,,,,,,493,0.00
Jason Verrett,2543493,DB,SF,GB,,,,,,,,,,,,,,,,,,494,0.00
Kary Vincent Jr.,2566046,DB,PHI,@DAL,,,,,,,,,,,,,,,,,,495,0.00
Dee Virgin,2559274,DB,FA,Bye,,,,,,,,,,,,,,,,,,496,0.00
Lamont Wade,2565798,DB,FA,Bye,,,,,,,,,,,,,,,,,,497,0.00
Shaun Wade,2565854,DB,NE,NO,,,,,,,,,,,,,,,,,,498,0.00
Charvarius Ward,2561417,DB,KC,LAC,,,,,,,,,,,,,,,,,,499,0.00
Nigel Warrior,2563590,DB,SEA,@MIN,,,,,,,,,,,,,,,,,,500,0.00
Ar'Darius Washington,2566632,DB,BAL,@DET,,,,,,,,,,,,,,,,,,501,0.00
Charles Washington,2556703,DB,ARI,@JAX,,,,,,,,,,,,,,,,,,502,0.00
Keith Washington,2564706,DB,FA,Bye,,,,,,,,,,,,,,,,,,503,0.00
Jaylen Watkins,2543707,DB,FA,Bye,,,,,,,,,,,,,,,,,,504,0.00
Trae Waynes,2552448,DB,CIN,@PIT,,,,,,,,,,,,,,,,,,505,0.00
Chris Westry,2562902,DB,BAL,@DET,,,,,,,,,,,,,,,,,,506,0.00
Brendon White,2565765,DB,FA,Bye,,,,,,,,,,,,,,,,,,507,0.00
Jace Whittaker,2564955,DB,ARI,@JAX,,,,,,,,,,,,,,,,,,508,0.00
Chris Wilcox,2566577,DB,IND,@TEN,,,,,,,,,,,,,,,,,,509,0.00
Rachad Wildgoose,2565881,DB,BUF,WAS,,,,,,,,,,,,,,,,,,510,0.00
LaDarius Wiley,2563280,DB,FA,Bye,,,,,,,,,,,,,,,,,,511,0.00
Jarren Williams,2564958,DB,NYG,ATL,,,,,,,,,,,,,,,,,,512,0.00
Joejuan Williams,2562787,DB,NE,NO,,,,,,,,,,,,,,,,,,513,0.00
Shawn Williams,2539233,DB,ATL,@NYG,,,,,,,,,,,,,,,,,,514,0.00
Trill Williams,2565714,DB,MIA,@LV,,,,,,,,,,,,,,,,,,515,0.00
Chris Williamson,2564784,DB,ATL,@NYG,,,,,,,,,,,,,,,,,,516,0.00
Brandon Wilson,2558786,DB,CIN,@PIT,,,,,,,,,,,,,,,,,,517,0.00
Donovan Wilson,2562604,DB,DAL,PHI,,,,,,,,,,,,,,,,,,518,0.00
Quincy Wilson,2557961,DB,NYG,ATL,,,,,,,,,,,,,,,,,,519,0.00
Tavon Wilson,2534830,DB,SF,GB,,,,,,,,,,,,,,,,,,520,0.00
Ahkello Witherspoon,2558157,DB,PIT,CIN,,,,,,,,,,,,,,,,,,521,0.00
Daryl Worley,2555394,DB,FA,Bye,,,,,,,,,,,,,,,,,,522,0.00
Blidi Wreh-Wilson,2539219,DB,TB,@LA,,,,,,,,,,,,,,,,,,523,0.00
Nahshon Wright,2566022,DB,DAL,PHI,,,,,,,,,,,,,,,,,,524,0.00
Isaac Yiadom,2560946,DB,GB,@SF,,,,,,,,,,,,,,,,,,525,0.00
