PlayerName,PlayerId,Pos,Team,PlayerOpponent,TacklesTot,TacklesAst,TacklesSck,TacklesTfl,TurnoverInt,TurnoverFrcFum,TurnoverFumRec,ScoreIntTd,ScoreFumTd,ScoreBlkTd,ScoreSaf,ScoreDef2ptRet,Blk,PDef,QBHit,ReturnIntYds,ReturnFumYds,Rank,TotalPoints
Myles Garrett,2557965,DL,CLE,CHI,6,1,4.5,4,,,,,,,,,,,6,,,1,29.00
Javon Hargrave,2555239,DL,PHI,@DAL,4,2,2,1,,1,,,,,,,,,2,,,2,18.40
Christian Wilkins,2562782,DL,MIA,@LV,6,1,1,2,,,,,,,,,,,1,,,3,16.50
Darrell Taylor,2565198,DL,SEA,@MIN,5,1,1,,,1,,,,,,,,,,,,4,14.80
Aaron Donald,2543485,DL,LA,TB,2,1,1,1,,1,,,,,,,,1,1,,,5,14.20
Jadeveon Clowney,2543456,DL,CLE,CHI,2,1,2,2,,,,,,,,,,,5,,,6,13.70
Zach Sieler,2561129,DL,MIA,@LV,4,5,,,,,,,,,,,,1,,,,7,13.30
Jonathan Greenard,2564070,DL,HOU,CAR,2,2,1,1,,1,,,,,,,,,1,,,8,12.50
Deatrich Wise,2558000,DL,NE,NO,5,1,0.5,1,,,,,,,,,,,1,,,9,12.30
Sam Hubbard,2560745,DL,CIN,@PIT,3,3,1,1,,,,,,,,,,,2,,,10,12.00
Michael Danna,2564262,DL,KC,LAC,2,,1,1,,1,,,,,,,,,3,,,11,11.90
Dante Fowler Jr.,2553431,DL,ATL,@NYG,1,2,1,,,1,,,,,,,,1,1,,,12,11.80
Al-Quadin Muhammad,2558131,DL,IND,@TEN,5,2,,1,,,,,,,,,,,,,,13,11.60
Quinnen Williams,2562599,DL,NYJ,@DEN,3,1,1.5,1,,,,,,,,,,,2,,,14,11.40
Grady Jarrett,2552327,DL,ATL,@NYG,4,,1,1,,,,,,,,,,,2,,,15,11.30
Brian Burns,2562242,DL,CAR,@HOU,2,1,1,1,,,,,,,,,,1,1,,,16,10.70
Leonard Williams,2552486,DL,NYG,ATL,3,2,1,1,,,,,,,,,,,1,,,17,10.70
Cameron Jordan,2495184,DL,NO,@NE,3,,,1,,,,,,,,,,1,3,,,18,10.60
Osa Odighizuwa,2566016,DL,DAL,PHI,2,2,1.5,1,,,,,,,,,,,2,,,19,10.50
Calais Campbell,744,DL,BAL,@DET,4,,,2,,,,,,,,,,,1,,,20,10.30
Austin Johnson,2556368,DL,NYG,ATL,2,3,1,1,,,,,,,,,,,1,,,21,9.80
Mario Edwards,2553433,DL,CHI,@CLE,2,1,1.5,1,,,,,,,,,,,2,,,22,9.70
Alton Robinson,2565186,DL,SEA,@MIN,3,2,,2,,,,,,,,,,,,,,23,9.70
Ross Blacklock,2564064,DL,HOU,CAR,2,,1,,,1,,,,,,,,,1,,,24,9.40
Romeo Okwara,2556641,DL,DET,BAL,3,1,1,1,,,,,,,,,,,,,,25,9.40
Linval Joseph,496802,DL,LAC,@KC,3,5,,,,,,,,,,,,,,,,26,9.10
Solomon Thomas,2558018,DL,LV,MIA,1,3,0.5,,,1,,,,,,,,,1,,,27,9.10
Quinton Jefferson,2555358,DL,LV,MIA,2,2,1,1,,,,,,,,,,,1,,,28,9.00
William Gholston,2540176,DL,TB,@LA,2,1,1,1,,,,,,,,,,,1,,,29,8.20
Davon Godchaux,2558012,DL,NE,NO,4,1,,,,,,,,,,,,,1,,,30,8.10
Nick Bosa,2562629,DL,SF,GB,3,1,,1,,,,,,,,,,,1,,,31,7.90
Everson Griffen,496790,DL,MIN,SEA,1,2,1,1,,,,,,,,,,,2,,,32,7.80
Lawrence Guy,2495481,DL,NE,NO,4,1,,,,,,,,,,,,,,,,33,7.60
Bilal Nichols,2560821,DL,CHI,@CLE,3,3,,,,,,,,,,,,,,,,34,7.50
A'Shawn Robinson,2555265,DL,LA,TB,3,3,,,,,,,,,,,,,,,,35,7.50
Shelby Harris,2549926,DL,DEN,NYJ,2,,1,1,,,,,,,,,,,1,,,36,7.40
B.J. Hill,2560740,DL,CIN,@PIT,2,,1,1,,,,,,,,,,,1,,,37,7.40
Tanoh Kpassagnon,2558185,DL,NO,@NE,2,,1,1,,,,,,,,,,,1,,,38,7.40
Cameron Sample,2565959,DL,CIN,@PIT,2,,1,1,,,,,,,,,,,1,,,39,7.40
Angelo Blackson,2552670,DL,CHI,@CLE,2,3,0.5,,,,,,,,,,,,1,,,40,7.30
Josh Sweat,2560889,DL,PHI,@DAL,1,3,0.5,1,,,,,,,,,,,1,,,41,7.10
Trey Hendrickson,2557943,DL,CIN,@PIT,1,1,1,1,,,,,,,,,,,2,,,42,7.00
Kenny Clark,2555282,DL,GB,@SF,2,1,1,,,,,,,,,,,,1,,,43,6.70
Jeffery Simmons,2562733,DL,TEN,IND,2,1,,,,,,,,,,,,1,,,,44,6.70
Steven Means,2541310,DL,ATL,@NYG,3,,,1,,,,,,,,,,,,,,45,6.60
Genard Avery,2560964,DL,PHI,@DAL,2,2,,1,,,,,,,,,,,,,,46,6.50
Adam Gotsis,2555502,DL,JAX,ARI,2,2,,1,,,,,,,,,,,,,,47,6.50
Charles Harris,2558001,DL,DET,BAL,1,1,1,1,,,,,,,,,,,1,,,48,6.50
Carlos Dunlap,496780,DL,SEA,@MIN,1,2,,,,,,,,,,,,1,1,,,49,6.30
Johnathan Hankins,2540147,DL,LV,MIA,2,3,,,,,,,,,,,,,1,,,50,6.30
Maliek Collins,2555400,DL,HOU,CAR,3,1,,,,,,,,,,,,,,,,51,5.90
John Jenkins,2539231,DL,MIA,@LV,3,1,,,,,,,,,,,,,,,,52,5.90
Greg Rousseau,2565875,DL,BUF,WAS,3,1,,,,,,,,,,,,,,,,53,5.90
Dawuane Smoot,2557839,DL,JAX,ARI,2,,,,,,,,,,,,,1,,,,54,5.90
Fletcher Cox,2533051,DL,PHI,@DAL,,1,,,,,1,,1,,,,,,,,,55,5.80
Arik Armstead,2552493,DL,SF,GB,1,,1,1,,,,,,,,,,,1,,,56,5.70
Austin Bryant,2562240,DL,DET,BAL,1,,1,1,,,,,,,,,,,1,,,57,5.70
Morgan Fox,2556529,DL,CAR,@HOU,2,1,0.5,,,,,,,,,,,,1,,,58,5.70
Akiem Hicks,2533433,DL,CHI,@CLE,2,1,,1,,,,,,,,,,,,,,59,5.70
Margus Hunt,2539310,DL,CHI,@CLE,2,1,,1,,,,,,,,,,,,,,60,5.70
Javon Kinlaw,2565117,DL,SF,GB,1,5,,,,,,,,,,,,,,,,61,5.70
Larry Ogunjobi,2557836,DL,CIN,@PIT,2,1,,1,,,,,,,,,,,,,,62,5.70
Carl Nassib,2555270,DL,LV,MIA,1,3,0.5,,,,,,,,,,,,1,,,63,5.60
Joey Bosa,2555249,DL,LAC,@KC,1,2,0.5,,,,,,,,,,,,2,,,64,5.30
Dexter Lawrence,2562301,DL,NYG,ATL,1,2,,1,,,,,,,,,,,1,,,65,5.30
Star Lotulelei,2539329,DL,BUF,WAS,1,2,1,,,,,,,,,,,,,,,66,5.30
Danielle Hunter,2552603,DL,MIN,SEA,2,1,,,,,,,,,,,,,2,,,67,5.20
Christian Barmore,2566328,DL,NE,NO,3,,,,,,,,,,,,,,,,,68,5.10
Chauncey Golston,2566007,DL,DAL,PHI,3,,,,,,,,,,,,,,,,,69,5.10
Patrick Johnson,2566403,DL,PHI,@DAL,3,,,,,,,,,,,,,,,,,70,5.10
Poona Ford,2561195,DL,SEA,@MIN,2,2,,,,,,,,,,,,,,,,71,5.00
Darius Philon,2552676,DL,LV,MIA,2,2,,,,,,,,,,,,,,,,72,5.00
Jerry Tillery,2562763,DL,LAC,@KC,1,1,,1,,,,,,,,,,,2,,,73,5.00
Chris Wormley,2557862,DL,PIT,CIN,2,2,,,,,,,,,,,,,,,,74,5.00
Derrick Brown,2563629,DL,CAR,@HOU,2,,,1,,,,,,,,,,,,,,75,4.90
Taven Bryan,2560983,DL,JAX,ARI,2,,,1,,,,,,,,,,,,,,76,4.90
John Franklin-Myers,2560731,DL,NYJ,@DEN,1,4,,,,,,,,,,,,,,,,77,4.90
Cameron Heyward,2508109,DL,PIT,CIN,1,4,,,,,,,,,,,,,,,,78,4.90
Broderick Washington,2563593,DL,BAL,@DET,2,,,1,,,,,,,,,,,,,,79,4.90
Kentavius Street,2560885,DL,SF,GB,1,2,,1,,,,,,,,,,,,,,80,4.80
Jonathan Allen,2557844,DL,WAS,@BUF,2,1,,,,,,,,,,,,,1,,,81,4.70
Sebastian Joseph-Day,2561079,DL,LA,TB,2,1,,,,,,,,,,,,,1,,,82,4.70
Montez Sweat,2562749,DL,WAS,@BUF,2,1,,,,,,,,,,,,,1,,,83,4.70
Chase Young,2565294,DL,WAS,@BUF,2,1,,,,,,,,,,,,,1,,,84,4.70
DeForest Buckner,2555275,DL,IND,@TEN,1,3,,,,,,,,,,,,,1,,,85,4.60
Chris Jones,2556369,DL,KC,LAC,1,1,,1,,,,,,,,,,,1,,,86,4.50
Jihad Ward,2555248,DL,JAX,ARI,1,1,,1,,,,,,,,,,,1,,,87,4.50
Zach Allen,2562219,DL,ARI,@JAX,2,,,,,,1,,,,,,,,,,,88,4.40
K'Lavon Chaisson,2564166,DL,JAX,ARI,2,1,,,,,,,,,,,,,,,,89,4.20
Marlon Davidson,2563479,DL,ATL,@NYG,2,1,,,,,,,,,,,,,,,,90,4.20
Melvin Ingram,2532870,DL,KC,LAC,2,1,,,,,,,,,,,,,,,,91,4.20
John Penisini,2563950,DL,DET,BAL,1,,,,,,,,,,,,,1,,,,92,4.20
Foley Fatukasi,2560722,DL,NYJ,@DEN,1,3,,,,,,,,,,,,,,,,93,4.10
Grover Stewart,2558766,DL,IND,@TEN,1,3,,,,,,,,,,,,,,,,94,4.10
Greg Gaines,2562391,DL,LA,TB,1,1,,1,,,,,,,,,,,,,,95,4.00
Bryce Huff,2565510,DL,NYJ,@DEN,1,1,0.5,,,,,,,,,,,,1,,,96,4.00
J.J. Watt,2495488,DL,ARI,@JAX,1,1,,1,,,,,,,,,,,,,,97,4.00
Casey Toohill,2564868,DL,WAS,@BUF,2,,,,,,,,,,,,,,1,,,98,3.90
Shy Tuttle,2563242,DL,NO,@NE,2,,,,,,,,,,,,,,1,,,99,3.90
Vita Vea,2560909,DL,TB,@LA,2,,,,,,,,,,,,,,1,,,100,3.90
Derek Barnett,2557984,DL,PHI,@DAL,1,2,,,,,,,,,,,,,1,,,101,3.80
Jarran Reed,2555238,DL,KC,LAC,1,2,,,,,,,,,,,,,1,,,102,3.80
Shamar Stephen,2543706,DL,DEN,NYJ,1,2,,,,,,,,,,,,,1,,,103,3.80
Daron Payne,2560834,DL,WAS,@BUF,1,1,,,,,,,,,,,,,2,,,104,3.50
Justin Ellis,2543812,DL,BAL,@DET,2,,,,,,,,,,,,,,,,,105,3.40
Derrick Nnadi,2560823,DL,KC,LAC,2,,,,,,,,,,,,,,,,,106,3.40
Ed Oliver,2562322,DL,BUF,WAS,2,,,,,,,,,,,,,,,,,107,3.40
Dalvin Tomlinson,2557846,DL,MIN,SEA,2,,,,,,,,,,,,,,,,,108,3.40
Isaiah Buggs,2562241,DL,PIT,CIN,1,2,,,,,,,,,,,,,,,,109,3.30
Tyeler Davison,2552329,DL,ATL,@NYG,1,,,1,,,,,,,,,,,,,,110,3.20
Dre'Mont Jones,2562412,DL,DEN,NYJ,1,,,1,,,,,,,,,,,,,,111,3.20
Emmanuel Ogbah,2555278,DL,MIA,@LV,1,,,,,,,,,,,,,,3,,,112,3.20
Malik Jackson,2532873,DL,CLE,CHI,,2,0.5,,,,,,,,,,,,1,,,113,3.10
Dean Lowry,2555274,DL,GB,@SF,1,1,,,,,,,,,,,,,1,,,114,3.00
Charles Omenihu,2562324,DL,SF,GB,1,1,,,,,,,,,,,,,1,,,115,3.00
D.J. Reader,2555388,DL,CIN,@PIT,1,1,,,,,,,,,,,,,1,,,116,3.00
DeMarcus Walker,2557894,DL,HOU,CAR,1,1,,,,,,,,,,,,,1,,,117,3.00
Malcom Brown,2552483,DL,JAX,ARI,1,1,,,,,,,,,,,,,,,,118,2.50
Zach Kerr,2550575,DL,ARI,@JAX,1,1,,,,,,,,,,,,,,,,119,2.50
Tyler Lancaster,2561227,DL,GB,@SF,1,1,,,,,,,,,,,,,,,,120,2.50
Tyquan Lewis,2560791,DL,IND,@TEN,1,1,,,,,,,,,,,,,,,,121,2.50
Robert Nkemdiche,2555336,DL,SEA,@MIN,1,1,,,,,,,,,,,,,,,,122,2.50
Ndamukong Suh,496861,DL,TB,@LA,1,1,,,,,,,,,,,,,,,,123,2.50
Brent Urban,2543765,DL,DAL,PHI,,,,,,,,,,,,,,1,,,,124,2.50
D.J. Wonnum,2564583,DL,MIN,SEA,1,1,,,,,,,,,,,,,,,,125,2.50
Antwaun Woods,2556792,DL,IND,@TEN,1,1,,,,,,,,,,,,,,,,126,2.50
Christian Covington,2552602,DL,LAC,@KC,,3,,,,,,,,,,,,,,,,127,2.40
Bryan Mone,2562914,DL,SEA,@MIN,,3,,,,,,,,,,,,,,,,128,2.40
Alex Okafor,2539319,DL,KC,LAC,1,,,,,,,,,,,,,,1,,,129,2.20
Maxx Crosby,2562439,DL,LV,MIA,,1,,,,,,,,,,,,,2,,,130,1.80
Henry Anderson,2552272,DL,NE,NO,1,,,,,,,,,,,,,,,,,131,1.70
Michael Brockers,2533050,DL,DET,BAL,1,,,,,,,,,,,,,,,,,132,1.70
Vernon Butler,2555243,DL,BUF,WAS,1,,,,,,,,,,,,,,,,,133,1.70
Rasheem Green,2560998,DL,SEA,@MIN,1,,,,,,,,,,,,,,,,,134,1.70
Kerry Hyder,2550433,DL,SEA,@MIN,1,,,,,,,,,,,,,,,,,135,1.70
D.J. Jones,2558265,DL,SF,GB,1,,,,,,,,,,,,,,,,,136,1.70
DaQuan Jones,2543504,DL,CAR,@HOU,1,,,,,,,,,,,,,,,,,137,1.70
Isaiahh Loudermilk,2566457,DL,PIT,CIN,1,,,,,,,,,,,,,,,,,138,1.70
Steve McLendon,2507590,DL,TB,@LA,1,,,,,,,,,,,,,,,,,139,1.70
Larrell Murchison,2564055,DL,TEN,IND,1,,,,,,,,,,,,,,,,,140,1.70
Nathan Shepherd,2560873,DL,NYJ,@DEN,1,,,,,,,,,,,,,,,,,141,1.70
Josh Tupou,2559003,DL,CIN,@PIT,1,,,,,,,,,,,,,,,,,142,1.70
Al Woods,496881,DL,SEA,@MIN,1,,,,,,,,,,,,,,,,,143,1.70
Kingsley Keke,2562300,DL,GB,@SF,,2,,,,,,,,,,,,,,,,144,1.60
Kahlil McKenzie,2560807,DL,BAL,@DET,,2,,,,,,,,,,,,,,,,145,1.60
Hassan Ridgeway,2555514,DL,PHI,@DAL,,2,,,,,,,,,,,,,,,,146,1.60
Rashad Weaver,2566124,DL,TEN,IND,,2,,,,,,,,,,,,,,,,147,1.60
Milton Williams,2566418,DL,PHI,@DAL,,2,,,,,,,,,,,,,,,,148,1.60
Yannick Ngakoue,2555421,DL,LV,MIA,,1,,,,,,,,,,,,,1,,,149,1.30
Chase Winovich,2562607,DL,NE,NO,,1,,,,,,,,,,,,,1,,,150,1.30
Justin Zimmer,2556716,DL,BUF,WAS,,1,,,,,,,,,,,,,1,,,151,1.30
Denico Autry,2550646,DL,TEN,IND,,,,,,,,,,,,,,,2,,,152,1.00
Carl Granderson,2562273,DL,NO,@NE,,,,,,,,,,,,,,,2,,,153,1.00
Montravius Adams,2557876,DL,NO,@NE,,1,,,,,,,,,,,,,,,,154,0.80
Adam Butler,2558924,DL,MIA,@LV,,1,,,,,,,,,,,,,,,,155,0.80
Jonathon Cooper,2566028,DL,DEN,NYJ,,1,,,,,,,,,,,,,,,,156,0.80
A.J. Epenesa,2563605,DL,BUF,WAS,,1,,,,,,,,,,,,,,,,157,0.80
Clelin Ferrell,2562263,DL,LV,MIA,,1,,,,,,,,,,,,,,,,158,0.80
Joe Gaziano,2565036,DL,LAC,@KC,,1,,,,,,,,,,,,,,,,159,0.80
DaVon Hamilton,2564190,DL,JAX,ARI,,1,,,,,,,,,,,,,,,,160,0.80
Tarron Jackson,2566400,DL,PHI,@DAL,,1,,,,,,,,,,,,,,,,161,0.80
Jaleel Johnson,2557845,DL,HOU,CAR,,1,,,,,,,,,,,,,,,,162,0.80
Rakeem Nunez-Roches,2552674,DL,TB,@LA,,1,,,,,,,,,,,,,,,,163,0.80
Danny Shelton,2552325,DL,NYG,ATL,,1,,,,,,,,,,,,,,,,164,0.80
James Smith-Williams,2565291,DL,WAS,@BUF,,1,,,,,,,,,,,,,,,,165,0.80
Tim Ward,2562939,DL,NYJ,@DEN,,1,,,,,,,,,,,,,,,,166,0.80
Chris Williams,2564154,DL,IND,@TEN,,1,,,,,,,,,,,,,,,,167,0.80
Nick Williams,2541479,DL,DET,BAL,,1,,,,,,,,,,,,,,,,168,0.80
Justin Hamilton,2553531,DL,DAL,PHI,,,,,,,,,,,,,,,1,,,169,0.50
Julian Okwara,2563947,DL,DET,BAL,,,,,,,,,,,,,,,1,,,170,0.50
Sheldon Rankins,2555242,DL,NYJ,@DEN,,,,,,,,,,,,,,,1,,,171,0.50
Sheldon Richardson,2540142,DL,MIN,SEA,,,,,,,,,,,,,,,1,,,172,0.50
DeShawn Williams,2553623,DL,DEN,NYJ,,,,,,,,,,,,,,,1,,,173,0.50
Myles Adams,2563620,DL,SEA,@MIN,,,,,,,,,,,,,,,,,,174,0.00
Mario Addison,2530474,DL,BUF,WAS,,,,,,,,,,,,,,,,,,175,0.00
McTelvin Agim,2563872,DL,DEN,NYJ,,,,,,,,,,,,,,,,,,176,0.00
Tyson Alualu,496760,DL,PIT,CIN,,,,,,,,,,,,,,,,,,177,0.00
Auzoyah Alufohai,2564061,DL,GB,@SF,,,,,,,,,,,,,,,,,,178,0.00
Bradlee Anae,2563821,DL,DAL,PHI,,,,,,,,,,,,,,,,,,179,0.00
Abdullah Anderson,2561088,DL,GB,@SF,,,,,,,,,,,,,,,,,,180,0.00
Eli Ankou,2559132,DL,BUF,WAS,,,,,,,,,,,,,,,,,,181,0.00
Dorance Armstrong,2560959,DL,DAL,PHI,,,,,,,,,,,,,,,,,,182,0.00
David Bada,2565526,DL,WAS,@BUF,,,,,,,,,,,,,,,,,,183,0.00
Allen Bailey,2495116,DL,FA,Bye,,,,,,,,,,,,,,,,,,184,0.00
Ben Banogu,2562229,DL,IND,@TEN,,,,,,,,,,,,,,,,,,185,0.00
Alex Barrett,2559140,DL,SF,GB,,,,,,,,,,,,,,,,,,186,0.00
Boogie Basham,2565863,DL,BUF,WAS,,,,,,,,,,,,,,,,,,187,0.00
Vic Beasley,2552301,DL,FA,Bye,,,,,,,,,,,,,,,,,,188,0.00
Andrew Billings,2555267,DL,FA,Bye,,,,,,,,,,,,,,,,,,189,0.00
Amani Bledsoe,2562859,DL,TEN,IND,,,,,,,,,,,,,,,,,,190,0.00
Will Bradley-King,2566583,DL,WAS,@BUF,,,,,,,,,,,,,,,,,,191,0.00
Cortez Broughton,2562823,DL,KC,LAC,,,,,,,,,,,,,,,,,,192,0.00
Andrew Brown,2560979,DL,LAC,@KC,,,,,,,,,,,,,,,,,,193,0.00
Earnest Brown IV,2566202,DL,LA,TB,,,,,,,,,,,,,,,,,,194,0.00
Brandin Bryant,2556486,DL,BUF,WAS,,,,,,,,,,,,,,,,,,195,0.00
Calvin Bundage,2565777,DL,FA,Bye,,,,,,,,,,,,,,,,,,196,0.00
Ron'Dell Carter,2563833,DL,ARI,@JAX,,,,,,,,,,,,,,,,,,197,0.00
Demarcus Christmas,2562246,DL,PIT,CIN,,,,,,,,,,,,,,,,,,198,0.00
Frank Clark,2552629,DL,KC,LAC,,,,,,,,,,,,,,,,,,199,0.00
Tyler Clark,2563725,DL,FA,Bye,,,,,,,,,,,,,,,,,,200,0.00
Adrian Clayborn,2495140,DL,FA,Bye,,,,,,,,,,,,,,,,,,201,0.00
Kameron Cline,2564109,DL,IND,@TEN,,,,,,,,,,,,,,,,,,202,0.00
Trevon Coley,2556504,DL,TEN,IND,,,,,,,,,,,,,,,,,,203,0.00
L.J. Collier,2562248,DL,SEA,@MIN,,,,,,,,,,,,,,,,,,204,0.00
John Cominsky,2562249,DL,ATL,@NYG,,,,,,,,,,,,,,,,,,205,0.00
Marquise Copeland,2562877,DL,LA,TB,,,,,,,,,,,,,,,,,,206,0.00
Jashon Cornell,2563929,DL,DET,BAL,,,,,,,,,,,,,,,,,,207,0.00
Doug Costin,2564172,DL,JAX,ARI,,,,,,,,,,,,,,,,,,208,0.00
Byron Cowart,2562392,DL,NE,NO,,,,,,,,,,,,,,,,,,209,0.00
Jack Crawford,2532992,DL,ARI,@JAX,,,,,,,,,,,,,,,,,,210,0.00
Tyrone Crawford,2532821,DL,FA,Bye,,,,,,,,,,,,,,,,,,211,0.00
Vinny Curry,2532825,DL,NYJ,@DEN,,,,,,,,,,,,,,,,,,212,0.00
Jalen Dalton,2563120,DL,NO,@NE,,,,,,,,,,,,,,,,,,213,0.00
Darrion Daniels,2565096,DL,SF,GB,,,,,,,,,,,,,,,,,,214,0.00
Marcus Davenport,2561037,DL,NO,@NE,,,,,,,,,,,,,,,,,,215,0.00
Carlos Davis,2564976,DL,PIT,CIN,,,,,,,,,,,,,,,,,,216,0.00
Khalil Davis,2565210,DL,PIT,CIN,,,,,,,,,,,,,,,,,,217,0.00
Raekwon Davis,2564445,DL,MIA,@LV,,,,,,,,,,,,,,,,,,218,0.00
Sheldon Day,2555241,DL,CLE,CHI,,,,,,,,,,,,,,,,,,219,0.00
Matt Dickerson,2561044,DL,ARI,@JAX,,,,,,,,,,,,,,,,,,220,0.00
Victor Dimukeje,2566424,DL,ARI,@JAX,,,,,,,,,,,,,,,,,,221,0.00
Daniel Ekuale,2561458,DL,NE,NO,,,,,,,,,,,,,,,,,,222,0.00
Jordan Elliott,2563779,DL,CLE,CHI,,,,,,,,,,,,,,,,,,223,0.00
Trey Flowers,2552278,DL,DET,BAL,,,,,,,,,,,,,,,,,,224,0.00
Leki Fotu,2564910,DL,ARI,@JAX,,,,,,,,,,,,,,,,,,225,0.00
Neville Gallimore,2563842,DL,DAL,PHI,,,,,,,,,,,,,,,,,,226,0.00
Kevin Givens,2562655,DL,SF,GB,,,,,,,,,,,,,,,,,,227,0.00
Ryan Glasgow,2557851,DL,FA,Bye,,,,,,,,,,,,,,,,,,228,0.00
Brandon Graham,496788,DL,PHI,@DAL,,,,,,,,,,,,,,,,,,229,0.00
Randy Gregory,2552446,DL,DAL,PHI,,,,,,,,,,,,,,,,,,230,0.00
Yetur Gross-Matos,2563641,DL,CAR,@HOU,,,,,,,,,,,,,,,,,,231,0.00
Porter Gustin,2562276,DL,CLE,CHI,,,,,,,,,,,,,,,,,,232,0.00
Woodrow Hamilton,2556546,DL,FA,Bye,,,,,,,,,,,,,,,,,,233,0.00
Jonathan Harris,2562945,DL,DEN,NYJ,,,,,,,,,,,,,,,,,,234,0.00
Damon Harrison,2535718,DL,FA,Bye,,,,,,,,,,,,,,,,,,235,0.00
Daelin Hayes,2565842,DL,BAL,@DET,,,,,,,,,,,,,,,,,,236,0.00
Marquis Haynes,2561009,DL,CAR,@HOU,,,,,,,,,,,,,,,,,,237,0.00
Bruce Hector,2561338,DL,DET,BAL,,,,,,,,,,,,,,,,,,238,0.00
Trysten Hill,2562663,DL,DAL,PHI,,,,,,,,,,,,,,,,,,239,0.00
Jalyn Holmes,2560744,DL,NO,@NE,,,,,,,,,,,,,,,,,,240,0.00
Justin Houston,2495493,DL,BAL,@DET,,,,,,,,,,,,,,,,,,241,0.00
Braxton Hoyett,2563244,DL,FA,Bye,,,,,,,,,,,,,,,,,,242,0.00
Wyatt Hubert,2565950,DL,CIN,@PIT,,,,,,,,,,,,,,,,,,243,0.00
Albert Huggins,2562667,DL,NO,@NE,,,,,,,,,,,,,,,,,,244,0.00
Jerry Hughes,496796,DL,BUF,WAS,,,,,,,,,,,,,,,,,,245,0.00
Maurice Hurst,2560748,DL,SF,GB,,,,,,,,,,,,,,,,,,246,0.00
Matthew Ioannidis,2555240,DL,WAS,@BUF,,,,,,,,,,,,,,,,,,247,0.00
David Irving,2553805,DL,FA,Bye,,,,,,,,,,,,,,,,,,248,0.00
Joe Jackson,2562432,DL,CLE,CHI,,,,,,,,,,,,,,,,,,249,0.00
Darryl Johnson,2562672,DL,CAR,@HOU,,,,,,,,,,,,,,,,,,250,0.00
P.J. Johnson,2562923,DL,FA,Bye,,,,,,,,,,,,,,,,,,251,0.00
Benito Jones,2564466,DL,MIA,@LV,,,,,,,,,,,,,,,,,,252,0.00
Justin Jones,2560769,DL,LAC,@KC,,,,,,,,,,,,,,,,,,253,0.00
Patrick Jones II,2566307,DL,MIN,SEA,,,,,,,,,,,,,,,,,,254,0.00
Dion Jordan,2539288,DL,FA,Bye,,,,,,,,,,,,,,,,,,255,0.00
Joshua Kaindoh,2566184,DL,KC,LAC,,,,,,,,,,,,,,,,,,256,0.00
Khalid Kareem,2563734,DL,CIN,@PIT,,,,,,,,,,,,,,,,,,257,0.00
Ryan Kerrigan,2495190,DL,PHI,@DAL,,,,,,,,,,,,,,,,,,258,0.00
Arden Key,2560779,DL,SF,GB,,,,,,,,,,,,,,,,,,259,0.00
Malcolm Koonce,2566262,DL,LV,MIA,,,,,,,,,,,,,,,,,,260,0.00
Niko Lalos,2564745,DL,NYG,ATL,,,,,,,,,,,,,,,,,,261,0.00
Austin Larkin,2561518,DL,CAR,@HOU,,,,,,,,,,,,,,,,,,262,0.00
Demarcus Lawrence,2543490,DL,DAL,PHI,,,,,,,,,,,,,,,,,,263,0.00
Devaroe Lawrence,2559079,DL,FA,Bye,,,,,,,,,,,,,,,,,,264,0.00
Rashard Lawrence,2564922,DL,ARI,@JAX,,,,,,,,,,,,,,,,,,265,0.00
Carl Lawson,2557901,DL,NYJ,@DEN,,,,,,,,,,,,,,,,,,266,0.00
Jeremiah Ledbetter,2558124,DL,JAX,ARI,,,,,,,,,,,,,,,,,,267,0.00
Jessie Lemonier,2565057,DL,DET,BAL,,,,,,,,,,,,,,,,,,268,0.00
James Lynch,2564565,DL,MIN,SEA,,,,,,,,,,,,,,,,,,269,0.00
Daylon Mack,2562308,DL,FA,Bye,,,,,,,,,,,,,,,,,,270,0.00
Isaiah Mack,2563245,DL,PIT,CIN,,,,,,,,,,,,,,,,,,271,0.00
Justin Madubuike,2563563,DL,BAL,@DET,,,,,,,,,,,,,,,,,,272,0.00
Hercules Mata'afa,2560799,DL,FA,Bye,,,,,,,,,,,,,,,,,,273,0.00
Benson Mayowa,2542009,DL,SEA,@MIN,,,,,,,,,,,,,,,,,,274,0.00
Dan McCullers,2550154,DL,FA,Bye,,,,,,,,,,,,,,,,,,275,0.00
T.Y. McGill,2553911,DL,MIN,SEA,,,,,,,,,,,,,,,,,,276,0.00
R.J. McIntosh,2560806,DL,GB,@SF,,,,,,,,,,,,,,,,,,277,0.00
David Moa,2564571,DL,NYG,ATL,,,,,,,,,,,,,,,,,,278,0.00
Henry Mondeaux,2561243,DL,PIT,CIN,,,,,,,,,,,,,,,,,,279,0.00
Damontre Moore,2540138,DL,CAR,@HOU,,,,,,,,,,,,,,,,,,280,0.00
Trent Murphy,2543503,DL,FA,Bye,,,,,,,,,,,,,,,,,,281,0.00
Bill Murray,2564625,DL,NE,NO,,,,,,,,,,,,,,,,,,282,0.00
Pat O'Connor,2558863,DL,TB,@LA,,,,,,,,,,,,,,,,,,283,0.00
Efe Obada,2553310,DL,BUF,WAS,,,,,,,,,,,,,,,,,,284,0.00
Ifeadi Odenigbo,2558278,DL,CLE,CHI,,,,,,,,,,,,,,,,,,285,0.00
Dayo Odeyingbo,2565609,DL,IND,@TEN,,,,,,,,,,,,,,,,,,286,0.00
Adetokunbo Ogundeji,2565827,DL,ATL,@NYG,,,,,,,,,,,,,,,,,,287,0.00
David Onyemata,2556274,DL,NO,@NE,,,,,,,,,,,,,,,,,,288,0.00
Walter Palmore,2563229,DL,FA,Bye,,,,,,,,,,,,,,,,,,289,0.00
David Parry,2552438,DL,FA,Bye,,,,,,,,,,,,,,,,,,290,0.00
Aaron Patrick,2565630,DL,DEN,NYJ,,,,,,,,,,,,,,,,,,291,0.00
Kwity Paye,2565612,DL,IND,@TEN,,,,,,,,,,,,,,,,,,292,0.00
Domata Peko Sr.,2506925,DL,FA,Bye,,,,,,,,,,,,,,,,,,293,0.00
Mike Pennel,2550242,DL,ATL,@NYG,,,,,,,,,,,,,,,,,,294,0.00
Ronnie Perkins,2566340,DL,NE,NO,,,,,,,,,,,,,,,,,,295,0.00
Harrison Phillips,2560840,DL,BUF,WAS,,,,,,,,,,,,,,,,,,296,0.00
Jordan Phillips,2552492,DL,ARI,@JAX,,,,,,,,,,,,,,,,,,297,0.00
Michael Pierce,2556650,DL,MIN,SEA,,,,,,,,,,,,,,,,,,298,0.00
Jason Pierre-Paul,496843,DL,TB,@LA,,,,,,,,,,,,,,,,,,299,0.00
Willington Previlon,2564016,DL,TB,@LA,,,,,,,,,,,,,,,,,,300,0.00
Durval Queiroz,2562867,DL,MIA,@LV,,,,,,,,,,,,,,,,,,301,0.00
Wyatt Ray,2562709,DL,CIN,@PIT,,,,,,,,,,,,,,,,,,302,0.00
Caraun Reid,2543748,DL,FA,Bye,,,,,,,,,,,,,,,,,,303,0.00
Sam Renner,2564391,DL,FA,Bye,,,,,,,,,,,,,,,,,,304,0.00
Derek Rivers,2558040,DL,HOU,CAR,,,,,,,,,,,,,,,,,,305,0.00
Malcolm Roach,2564688,DL,NO,@NE,,,,,,,,,,,,,,,,,,306,0.00
Max Roberts,2566238,DL,FA,Bye,,,,,,,,,,,,,,,,,,307,0.00
Janarius Robinson,2566316,DL,MIN,SEA,,,,,,,,,,,,,,,,,,308,0.00
Quincy Roche,2566466,DL,NYG,ATL,,,,,,,,,,,,,,,,,,309,0.00
Isaac Rochell,2557860,DL,IND,@TEN,,,,,,,,,,,,,,,,,,310,0.00
Daniel Ross,2559240,DL,FA,Bye,,,,,,,,,,,,,,,,,,311,0.00
Bravvion Roy,2563677,DL,CAR,@HOU,,,,,,,,,,,,,,,,,,312,0.00
Anthony Rush,2563200,DL,ATL,@NYG,,,,,,,,,,,,,,,,,,313,0.00
Khalen Saunders,2562723,DL,KC,LAC,,,,,,,,,,,,,,,,,,314,0.00
Deadrin Senat,2560869,DL,FA,Bye,,,,,,,,,,,,,,,,,,315,0.00
Tim Settle,2560871,DL,WAS,@BUF,,,,,,,,,,,,,,,,,,316,0.00
Jabaal Sheard,2495228,DL,MIA,@LV,,,,,,,,,,,,,,,,,,317,0.00
John Simon,2539280,DL,FA,Bye,,,,,,,,,,,,,,,,,,318,0.00
Deyon Sizer,2563254,DL,FA,Bye,,,,,,,,,,,,,,,,,,319,0.00
Chris Slayton,2562735,DL,FA,Bye,,,,,,,,,,,,,,,,,,320,0.00
Tanzel Smart,2558199,DL,NYJ,@DEN,,,,,,,,,,,,,,,,,,321,0.00
Aldon Smith,2495487,DL,FA,Bye,,,,,,,,,,,,,,,,,,322,0.00
Chris Smith,2543692,DL,HOU,CAR,,,,,,,,,,,,,,,,,,323,0.00
Elerson G. Smith,2566373,DL,NYG,ATL,,,,,,,,,,,,,,,,,,324,0.00
Akeem Spence,2540201,DL,FA,Bye,,,,,,,,,,,,,,,,,,325,0.00
Marquiss Spencer,2566037,DL,DEN,NYJ,,,,,,,,,,,,,,,,,,326,0.00
Damion Square,2540003,DL,LV,MIA,,,,,,,,,,,,,,,,,,327,0.00
Taylor Stallworth,2560882,DL,IND,@TEN,,,,,,,,,,,,,,,,,,328,0.00
Kevin Strong,2563197,DL,DET,BAL,,,,,,,,,,,,,,,,,,329,0.00
Jason Strowbridge,2564496,DL,FA,Bye,,,,,,,,,,,,,,,,,,330,0.00
Jullian Taylor,2561078,DL,FA,Bye,,,,,,,,,,,,,,,,,,331,0.00
Vincent Taylor,2558017,DL,HOU,CAR,,,,,,,,,,,,,,,,,,332,0.00
Shaka Toney,2566607,DL,WAS,@BUF,,,,,,,,,,,,,,,,,,333,0.00
Jacob Tuioti-Mariner,2561282,DL,PIT,CIN,,,,,,,,,,,,,,,,,,334,0.00
Stephon Tuitt,2543483,DL,PIT,CIN,,,,,,,,,,,,,,,,,,335,0.00
Kemoko Turay,2560905,DL,IND,@TEN,,,,,,,,,,,,,,,,,,336,0.00
Payton Turner,2566355,DL,NO,@NE,,,,,,,,,,,,,,,,,,337,0.00
Kendal Vickers,2561416,DL,LV,MIA,,,,,,,,,,,,,,,,,,338,0.00
Carlos Watkins,2557877,DL,DAL,PHI,,,,,,,,,,,,,,,,,,339,0.00
Armon Watts,2562773,DL,MIN,SEA,,,,,,,,,,,,,,,,,,340,0.00
Stephen Weatherly,2555529,DL,DEN,NYJ,,,,,,,,,,,,,,,,,,341,0.00
Tershawn Wharton,2564310,DL,KC,LAC,,,,,,,,,,,,,,,,,,342,0.00
Brandon Williams,2541302,DL,BAL,@DET,,,,,,,,,,,,,,,,,,343,0.00
Raequan Williams,2564883,DL,PHI,@DAL,,,,,,,,,,,,,,,,,,344,0.00
Sylvester Williams,2539270,DL,FA,Bye,,,,,,,,,,,,,,,,,,345,0.00
Xavier Williams,2553764,DL,FA,Bye,,,,,,,,,,,,,,,,,,346,0.00
Rob Windsor,2564157,DL,IND,@TEN,,,,,,,,,,,,,,,,,,347,0.00
Daniel Wise,2562608,DL,WAS,@BUF,,,,,,,,,,,,,,,,,,348,0.00
Derek Wolfe,2533026,DL,BAL,@DET,,,,,,,,,,,,,,,,,,349,0.00
Renell Wren,2562612,DL,CIN,@PIT,,,,,,,,,,,,,,,,,,350,0.00
