PlayerName,PlayerId,Pos,Team,PlayerOpponent,TacklesTot,TacklesAst,TacklesSck,TacklesTfl,TurnoverInt,TurnoverFrcFum,TurnoverFumRec,ScoreIntTd,ScoreFumTd,ScoreBlkTd,ScoreSaf,ScoreDef2ptRet,Blk,PDef,QBHit,ReturnIntYds,ReturnFumYds,Rank,TotalPoints
Minkah Fitzpatrick,2560725,DB,PIT,TEN,12,2,,,,,1,,,,,,,,,,-1,1,22.97
M.J. Stewart,2560884,DB,CLE,LV,8,3,,,,1,,,,,,,,1,,,,2,22.00
Brandin Echols,2565726,DB,NYJ,@MIA,2,2,,,1,,,1,,,,,,3,,20,,3,20.67
Charvarius Ward,2561417,DB,KC,@LAC,7,3,,,,,,,,,,,,2,,,,4,19.30
Amani Oruwariye,2562390,DB,DET,ARI,4,1,,,1,,,,,,,,,2,,50,,5,17.77
Jeremy Reaves,2561394,DB,WAS,@PHI,9,3,,,,,,,,,,,,,,,,6,17.70
Terrell Edmunds,2560712,DB,PIT,TEN,7,3,,2,,,,,,,,,,,,,,7,17.30
Chauncey Gardner-Johnson,2562588,DB,NO,@TB,6,1,,,1,,,,,,,,,1,,1,,8,17.03
Landon Collins,2552454,DB,WAS,@PHI,4,3,,,1,,1,,,,,,,1,,,23,9,16.97
Jeremy Chinn,2563632,DB,CAR,@BUF,5,2,,,1,,,,,,,,,1,,,,10,16.10
Quandre Diggs,2552262,DB,SEA,@LA,4,3,,,1,,,,,,,,,1,,25,,11,16.03
Jourdan Lewis,2557920,DB,DAL,@NYG,1,,,,1,,,,,,,,,4,,18,,12,15.80
Kenny Moore II,2558976,DB,IND,NE,5,1,,1,,,,,,,,,,2,,,,13,15.80
Ashtyn Davis,2564793,DB,NYJ,@MIA,3,5,,,1,,,,,,,,,1,,18,,14,15.70
Johnathan Abram,2562616,DB,LV,@CLE,6,3,,2,,,,,,,,,,,,,,15,15.60
Rasul Douglas,2558168,DB,GB,@BAL,9,,,,,,,,,,,,,,,,,16,15.30
Malik Hooker,2558060,DB,DAL,@NYG,5,1,,,1,,,,,,,,,1,,,,17,15.30
Devin McCourty,494287,DB,NE,@IND,5,1,,,1,,,,,,,,,1,,,,18,15.30
Adrian Amos,2552385,DB,GB,@BAL,7,1,,,,,,,,,,,,1,,,,19,15.20
Julian Love,2562414,DB,NYG,DAL,8,2,,,,,,,,,,,,,,,,20,15.20
Logan Ryan,2540162,DB,NYG,DAL,8,2,,,,,,,,,,,,,,,,21,15.20
Dane Jackson,2563614,DB,BUF,CAR,5,2,,,,,,,,,,,,2,,,,22,15.10
Tavierre Thomas,2561278,DB,HOU,@JAX,7,4,,,,,,,,,,,,,,,,23,15.10
Thomas Graham Jr.,2565923,DB,CHI,MIN,2,5,,,,,,,,,,,,3,,,,24,14.90
Tyson Campbell,2566151,DB,JAX,HOU,3,1,,,1,,,,,,,,,2,,3,,25,14.50
Cameron Dantzler,2564526,DB,MIN,@CHI,6,1,,,,1,,,,,,,,,,,,26,14.50
Trevon Diggs,2563836,DB,DAL,@NYG,3,1,,,1,,,,,,,,,2,,,,27,14.40
Eric Stokes,2566097,DB,GB,@BAL,7,,,,,,,,,,,,,1,,,,28,14.40
Brandon Facyson,2560719,DB,LV,@CLE,4,,,,,,,,,,,,,3,,,,29,14.30
Bryce Hall,2564796,DB,NYJ,@MIA,4,,,,,,,,,,,,,3,,,,30,14.30
Jalen Thompson,2563339,DB,ARI,@DET,7,3,,,,,,,,,,,,,,,,31,14.30
Jalen Ramsey,2555280,DB,LA,SEA,5,,,,,,,,,,,,,2,,,,32,13.50
Khari Willis,2562602,DB,IND,NE,5,4,,1,,,,,,,,,,,,,,33,13.20
Marshon Lattimore,2558061,DB,NO,@TB,4,,,,,,1,,,,,,,2,,,1,34,12.83
Deon Bush,2555155,DB,CHI,MIN,3,1,,,1,,,,,,,,,1,,27,,35,12.80
Harrison Smith,2532948,DB,MIN,@CHI,7,1,,,,,,,,,,,,,,,,36,12.70
Eric Murray,2555173,DB,HOU,@JAX,4,4,,,,,,,,,,,,1,,,,37,12.50
Brandon Jones,2564469,DB,MIA,NYJ,4,2,1,1,,,,,,,,,,,1,,,38,12.40
Jordan Whitehead,2560930,DB,TB,NO,5,3,,1,,,,,,,,,,,,,,39,12.40
Greedy Williams,2562785,DB,CLE,LV,2,,,,1,,,,,,,,,2,,7,,40,12.13
Arthur Maulet,2559087,DB,PIT,TEN,5,,,,,1,,,,,,,,,,,,41,12.00
Patrick Peterson,2495504,DB,MIN,@CHI,5,1,,,,,,,,,,,,1,,,,42,11.80
Darius Slay,2540288,DB,PHI,WAS,4,,,,,,,,,,,,,2,,,,43,11.80
Andrew Wingard,2562606,DB,JAX,HOU,5,4,,,,,,,,,,,,,,,,44,11.70
Micah Hyde,2539240,DB,BUF,CAR,4,2,,,,,,,,,,,,1,,,,45,10.90
Ryan Neal,2561381,DB,SEA,@LA,5,3,,,,,,,,,,,,,,,,46,10.90
A.J. Terrell,2563527,DB,ATL,@SF,3,1,,,,,,,,,,,,2,,,,47,10.90
Avonte Maddox,2560795,DB,PHI,WAS,4,,,1,,,,,,,,,,1,,,,48,10.80
Adrian Phillips,2550842,DB,NE,@IND,4,3,,1,,,,,,,,,,,,,,49,10.70
Justin Simmons,2555550,DB,DEN,CIN,2,2,1.5,1,,,,,,,,,,,2,,,50,10.50
Vonn Bell,2555530,DB,CIN,@DEN,6,,,,,,,,,,,,,,,,,51,10.20
Isaiah Rodgers,2564142,DB,IND,NE,6,,,,,,,,,,,,,,,,,52,10.20
Kevon Seymour,2555549,DB,BAL,GB,6,,,,,,,,,,,,,,,,,53,10.20
Byron Jones,2552568,DB,MIA,NYJ,3,,,,,,,,,,,,,2,,,,54,10.10
Jarren Williams,2564958,DB,NYG,DAL,4,1,,,,,,,,,,,,1,,,,55,10.10
Jovante Moffatt,2563797,DB,CLE,LV,4,4,,,,,,,,,,,,,,,,56,10.00
Jonathan Owens,2561255,DB,HOU,@JAX,4,4,,,,,,,,,,,,,,,,57,10.00
Elijah Riley,2564853,DB,NYJ,@MIA,3,3,,,,,,,,,,,,1,,,,58,10.00
J.C. Jackson,2560754,DB,NE,@IND,,3,,,,,,,,,,,,3,,,,59,9.90
Taron Johnson,2560766,DB,BUF,CAR,3,1,1,1,,,,,,,,,,,1,,,60,9.90
Geno Stone,2563584,DB,BAL,GB,3,4,,1,,,,,,,,,,,,,,61,9.80
Tremon Smith,2561103,DB,HOU,@JAX,2,,,,,,,,,,,,,,,,,62,9.40
Taylor Rapp,2562707,DB,LA,SEA,1,2,,,1,,,,,,,,,1,,,,63,9.30
Darnell Savage,2562724,DB,GB,@BAL,5,1,,,,,,,,,,,,,,,,64,9.30
Andrew Sendejo,2525323,DB,IND,NE,4,,,,,,,,,,,,,1,,,,65,9.30
Levi Wallace,2560914,DB,BUF,CAR,4,,,,,,,,,,,,,1,,,,66,9.30
Will Harris,2562395,DB,DET,ARI,3,2,,,,,,,,,,,,1,,,,67,9.20
Anthony Brown,2555531,DB,DAL,@NYG,5,,,,,,,,,,,,,,,,,68,8.50
Chris Harris,2530510,DB,LAC,KC,5,,,,,,,,,,,,,,,,,69,8.50
Mike Hughes,2560746,DB,KC,@LAC,5,,,,,,,,,,,,,,,,,70,8.50
Marcus Williams,2558847,DB,NO,@TB,5,,,,,,,,,,,,,,,,,71,8.50
Andrew Adams,2556456,DB,TB,NO,3,1,,,,,,,,,,,,1,,,,72,8.40
James Bradberry,2555175,DB,NYG,DAL,2,,,,,,,,,,,,,2,,,,73,8.40
Tevaughn Campbell,2562806,DB,LAC,KC,4,2,,,,,,,,,,,,,,,,74,8.40
Michael Davis,2559164,DB,LAC,KC,3,1,,,,,,,,,,,,1,,,,75,8.40
Duron Harmon,2541243,DB,ATL,@SF,4,2,,,,,,,,,,,,,,,,76,8.40
Jayron Kearse,2555156,DB,DAL,@NYG,4,2,,,,,,,,,,,,,,,,77,8.40
Teez Tabor,2557955,DB,CHI,MIN,4,2,,,,,,,,,,,,,,,,78,8.40
Damontae Kazee,2558184,DB,DAL,@NYG,3,4,,,,,,,,,,,,,,,,79,8.30
Trey Marshall,2561370,DB,LAC,KC,3,4,,,,,,,,,,,,,,,,80,8.30
Elijah Molden,2566115,DB,TEN,@PIT,4,,,1,,,,,,,,,,,,,,81,8.30
Brandon Stephens,2565851,DB,BAL,GB,2,3,,,,,,,,,,,,1,,,,82,8.30
Eli Apple,2555277,DB,CIN,@DEN,1,,,1,,,,,,,,,,2,,,,83,8.20
Budda Baker,2558009,DB,ARI,@DET,3,2,,1,,,,,,,,,,,,,,84,8.20
Cameron Sutton,2558849,DB,PIT,TEN,2,1,,,,1,,,,,,,,,,,,85,7.70
Jessie Bates,2560970,DB,CIN,@DEN,4,1,,,,,,,,,,,,,,,,86,7.60
Shaquill Griffin,2558259,DB,JAX,HOU,4,1,,,,,,,,,,,,,,,,87,7.60
Lonnie Johnson,2562295,DB,HOU,@JAX,3,,,,,,,,,,,,,1,,,,88,7.60
Dean Marlowe,2553562,DB,DET,ARI,4,1,,,,,,,,,,,,,,,,89,7.60
Jordan Poyer,2539290,DB,BUF,CAR,3,3,,,,,,,,,,,,,,,,90,7.50
Daniel Sorensen,2550257,DB,KC,@LAC,1,1,,,,,,,,,,,,2,,,,91,7.50
Carlton Davis,2561039,DB,TB,NO,2,,,1,,,,,,,,,,1,,,,92,7.40
Juan Thornhill,2562761,DB,KC,@LAC,4,,,,,,,,,,,,,,1,,,93,7.30
Jaylinn Hawkins,2563500,DB,ATL,@SF,4,,,,,,,,,,,,,,,,,94,6.80
Mike Hilton,2556559,DB,CIN,@DEN,4,,,,,,,,,,,,,,,,,95,6.80
Sharrod Neasman,2556443,DB,LA,SEA,4,,,,,,,,,,,,,,,,,96,6.80
Josh Norman,2532920,DB,SF,ATL,4,,,,,,,,,,,,,,,,,97,6.80
Paulson Adebo,2566346,DB,NO,@TB,2,1,,,,,,,,,,,,1,,,,98,6.70
Michael Carter II,2565717,DB,NYJ,@MIA,3,2,,,,,,,,,,,,,,,,99,6.70
C.J. Henderson,2564199,DB,CAR,@BUF,3,2,,,,,,,,,,,,,,,,100,6.70
Sean Murphy-Bunting,2562635,DB,TB,NO,3,2,,,,,,,,,,,,,,,,101,6.70
Nik Needham,2563220,DB,MIA,NYJ,3,2,,,,,,,,,,,,,,,,102,6.70
Buster Skrine,2495343,DB,TEN,@PIT,2,1,,,,,,,,,,,,1,,,,103,6.70
Pat Surtain II,2566043,DB,DEN,CIN,3,2,,,,,,,,,,,,,,,,104,6.70
K'Waun Williams,2550654,DB,SF,ATL,2,1,,,,,,,,,,,,1,,,,105,6.70
John Johnson,2558183,DB,CLE,LV,,5,,,,,,,,,,,,1,,,,106,6.50
Keisean Nixon,2562938,DB,LV,@CLE,3,1,,,,,,,,,,,,,1,,,107,6.40
Kevin Byard,2555158,DB,TEN,@PIT,3,1,,,,,,,,,,,,,,,,108,5.90
Ronald Darby,2552689,DB,DEN,CIN,2,,,,,,,,,,,,,1,,,,109,5.90
Antonio Hamilton,2556804,DB,ARI,@DET,3,1,,,,,,,,,,,,,,,,110,5.90
Danny Johnson,2560764,DB,WAS,@PHI,3,1,,,,,,,,,,,,,,,,111,5.90
Bobby McCain,2552434,DB,WAS,@PHI,3,1,,,,,,,,,,,,,,,,112,5.90
Rodney McLeod,2534832,DB,PHI,WAS,3,1,,,,,,,,,,,,,,,,113,5.90
Trevon Moehrig,2566268,DB,LV,@CLE,3,1,,,,,,,,,,,,,,,,114,5.90
Jaquiski Tartt,2552391,DB,SF,ATL,3,1,,,,,,,,,,,,,,,,115,5.90
Ambry Thomas,2566547,DB,SF,ATL,2,,,,,,,,,,,,,1,,,,116,5.90
Kindle Vildor,2563713,DB,CHI,MIN,3,1,,,,,,,,,,,,,,,,117,5.90
Jimmie Ward,2543741,DB,SF,ATL,3,1,,,,,,,,,,,,,,,,118,5.90
Darious Williams,2561469,DB,LA,SEA,3,1,,,,,,,,,,,,,,,,119,5.90
Kyle Dugger,2564601,DB,NE,@IND,2,3,,,,,,,,,,,,,,,,120,5.80
George Odum,2561131,DB,IND,NE,1,,,,,1,,,,,,,,,,,,121,5.20
James Pierre,2565003,DB,PIT,TEN,1,,,,,1,,,,,,,,,,,,122,5.20
Ugo Amadi,2562464,DB,SEA,@LA,3,,,,,,,,,,,,,,,,,123,5.10
Brady Breeze,2566103,DB,DET,ARI,3,,,,,,,,,,,,,,,,,124,5.10
Marcus Epps,2562946,DB,PHI,WAS,3,,,,,,,,,,,,,,,,,125,5.10
Rashad Fenton,2562649,DB,KC,@LAC,3,,,,,,,,,,,,,,,,,126,5.10
Rudy Ford,2558174,DB,JAX,HOU,3,,,,,,,,,,,,,,,,,127,5.10
Kristian Fulton,2564046,DB,TEN,@PIT,3,,,,,,,,,,,,,,,,,128,5.10
Stephon Gilmore,2533062,DB,CAR,@BUF,3,,,,,,,,,,,,,,,,,129,5.10
Anthony Levine,2508004,DB,BAL,GB,3,,,,,,,,,,,,,,,,,130,5.10
Denzel Ward,2560916,DB,CLE,LV,3,,,,,,,,,,,,,,,,,131,5.10
P.J. Williams,2552484,DB,NO,@TB,3,,,,,,,,,,,,,,,,,132,5.10
Xavier Woods,2558159,DB,MIN,@CHI,3,,,,,,,,,,,,,,,,,133,5.10
Mackensie Alexander,2555177,DB,MIN,@CHI,2,2,,,,,,,,,,,,,,,,134,5.00
Divine Deablo,2566253,DB,LV,@CLE,2,2,,,,,,,,,,,,,,,,135,5.00
Myles Hartsfield,2563644,DB,CAR,@BUF,2,2,,,,,,,,,,,,,,,,136,5.00
Malcolm Jenkins,79848,DB,NO,@TB,2,2,,,,,,,,,,,,,,,,137,5.00
Nick Scott,2562905,DB,LA,SEA,2,2,,,,,,,,,,,,,,,,138,5.00
Sean Chandler,2561017,DB,CAR,@BUF,,3,,,,,,,,,,,,1,,,,139,4.90
Xavien Howard,2555539,DB,MIA,NYJ,2,1,,,,,,,,,,,,,1,,,140,4.70
Richie Grant,2565818,DB,ATL,@SF,2,,,,,,1,,,,,,,,,,2,141,4.47
Joe Haden,496733,DB,PIT,TEN,2,,,,,,1,,,,,,,,,,,142,4.40
Byron Murphy,2562318,DB,ARI,@DET,2,,,,,,1,,,,,,,,,,,143,4.40
Nasir Adderley,2562617,DB,LAC,KC,2,1,,,,,,,,,,,,,,,,144,4.20
Donte' Deayon,2556512,DB,LA,SEA,1,,,,,,,,,,,,,1,,,,145,4.20
Marcell Harris,2561006,DB,SF,ATL,2,1,,,,,,,,,,,,,,,,146,4.20
William Jackson,2556367,DB,WAS,@PHI,2,1,,,,,,,,,,,,,,,,147,4.20
Derwin James,2560760,DB,LAC,KC,2,1,,,,,,,,,,,,,,,,148,4.20
Kevin King,2557996,DB,GB,@BAL,2,1,,,,,,,,,,,,,,,,149,4.20
Steven Nelson,2552265,DB,PHI,WAS,2,1,,,,,,,,,,,,,,,,150,4.20
Dee Virgin,2559274,DB,FA,Bye,2,1,,,,,,,,,,,,,,,,151,4.20
Rock Ya-Sin,2562614,DB,IND,NE,1,,,,,,,,,,,,,1,,,,152,4.20
Marqui Christian,2556277,DB,CHI,MIN,,2,,,,,,,,,,,,1,,,,153,4.10
C.J. Moore,2563193,DB,DET,ARI,2,,,,,,,,,,,,,,1,,,154,3.90
Troy Apke,2560958,DB,WAS,@PHI,2,,,,,,,,,,,,,,,,,155,3.40
Blessuan Austin,2562468,DB,SEA,@LA,2,,,,,,,,,,,,,,,,,156,3.40
Juston Burris,2555313,DB,CAR,@BUF,2,,,,,,,,,,,,,,,,,157,3.40
Bryce Callahan,2553500,DB,DEN,CIN,2,,,,,,,,,,,,,,,,,158,3.40
Casey Hayward,2532861,DB,LV,@CLE,2,,,,,,,,,,,,,,,,,159,3.40
Xavier Rhodes,2540155,DB,IND,NE,2,,,,,,,,,,,,,,,,,160,3.40
Bradley Roby,2543505,DB,NO,@TB,2,,,,,,,,,,,,,,,,,161,3.40
Josiah Scott,2564229,DB,PHI,WAS,2,,,,,,,,,,,,,,,,,162,3.40
Chandon Sullivan,2560887,DB,GB,@BAL,2,,,,,,,,,,,,,,,,,163,3.40
Trae Waynes,2552448,DB,CIN,@DEN,2,,,,,,,,,,,,,,,,,164,3.40
Shawn Williams,2539233,DB,ATL,@SF,2,,,,,,,,,,,,,,,,,165,3.40
Ahkello Witherspoon,2558157,DB,PIT,TEN,2,,,,,,,,,,,,,,,,,166,3.40
Desmond King,2557927,DB,HOU,@JAX,1,2,,,,,,,,,,,,,,,,167,3.30
Fabian Moreau,2558136,DB,ATL,@SF,1,2,,,,,,,,,,,,,,,,168,3.30
Darryl Roberts,2553353,DB,WAS,@PHI,1,2,,,,,,,,,,,,,,,,169,3.30
Eric Rowe,2552255,DB,MIA,NYJ,1,2,,,,,,,,,,,,,,,,170,3.30
Dallin Leavitt,2561585,DB,LV,@CLE,,,,,,,,,,,,,,1,,,,171,2.70
Deandre Baker,2562227,DB,KC,@LAC,1,1,,,,,,,,,,,,,,,,172,2.50
Justin Coleman,2553637,DB,MIA,NYJ,1,1,,,,,,,,,,,,,,,,173,2.50
Pierre Desir,2543811,DB,TB,NO,,,,,,,,,,,,,,1,,,,174,2.50
Javelin Guidry,2565504,DB,NYJ,@MIA,1,1,,,,,,,,,,,,,,,,175,2.50
Amani Hooker,2562666,DB,TEN,@PIT,1,1,,,,,,,,,,,,,,,,176,2.50
Kareem Jackson,496735,DB,DEN,CIN,1,1,,,,,,,,,,,,,,,,177,2.50
Robert Jackson,2561434,DB,BAL,GB,1,1,,,,,,,,,,,,,,,,178,2.50
David Long,2562798,DB,LA,SEA,1,1,,,,,,,,,,,,,,,,179,2.50
Greg Mabin,2558971,DB,TEN,@PIT,,,,,,,,,,,,,,1,,,,180,2.50
Xavier McKinney,2564766,DB,NYG,DAL,,3,,,,,,,,,,,,,,,,181,2.40
Marcus Allen,2560956,DB,PIT,TEN,1,,,,,,,,,,,,,,,,,182,1.70
Anthony Averett,2560963,DB,BAL,GB,1,,,,,,,,,,,,,,,,,183,1.70
Henry Black,2563974,DB,GB,@BAL,1,,,,,,,,,,,,,,,,,184,1.70
T.J. Carrie,2550164,DB,IND,NE,1,,,,,,,,,,,,,,,,,185,1.70
Andre Cisco,2566154,DB,JAX,HOU,1,,,,,,,,,,,,,,,,,186,1.70
Dane Cruikshank,2561033,DB,TEN,@PIT,1,,,,,,,,,,,,,,,,,187,1.70
J.T. Gray,2561206,DB,NO,@TB,1,,,,,,,,,,,,,,,,,188,1.70
Nate Hairston,2558108,DB,DEN,CIN,1,,,,,,,,,,,,,,,,,189,1.70
Jeff Heath,2541832,DB,NO,@TB,1,,,,,,,,,,,,,,,,,190,1.70
Shemar Jean-Charles,2566079,DB,GB,@BAL,1,,,,,,,,,,,,,,,,,191,1.70
Jaquan Johnson,2562676,DB,BUF,CAR,1,,,,,,,,,,,,,,,,,192,1.70
Josh Jones,2558119,DB,SEA,@LA,1,,,,,,,,,,,,,,,,,193,1.70
Kelvin Joseph,2566010,DB,DAL,@NYG,1,,,,,,,,,,,,,,,,,194,1.70
Miles Killebrew,2555315,DB,PIT,TEN,1,,,,,,,,,,,,,,,,,195,1.70
Justin Layne,2562479,DB,PIT,TEN,1,,,,,,,,,,,,,,,,,196,1.70
Richard LeCounte III,2565977,DB,CLE,LV,1,,,,,,,,,,,,,,,,,197,1.70
Rashaan Melvin,2541200,DB,CAR,@BUF,1,,,,,,,,,,,,,,,,,198,1.70
Tre Norwood,2566463,DB,PIT,TEN,1,,,,,,,,,,,,,,,,,199,1.70
Jason Pinnock,2565753,DB,NYJ,@MIA,1,,,,,,,,,,,,,,,,,200,1.70
John Reid,2564088,DB,SEA,@LA,1,,,,,,,,,,,,,,,,,201,1.70
Saivion Smith,2562741,DB,DET,ARI,1,,,,,,,,,,,,,,,,,202,1.70
Charles Washington,2556703,DB,ARI,@DET,1,,,,,,,,,,,,,,,,,203,1.70
Armani Watts,2560921,DB,KC,@LAC,1,,,,,,,,,,,,,,,,,204,1.70
Marco Wilson,2566439,DB,ARI,@DET,1,,,,,,,,,,,,,,,,,205,1.70
Tyrann Mathieu,2540180,DB,KC,@LAC,,2,,,,,,,,,,,,,,,,206,1.60
Jalen Mills,2555383,DB,NE,@IND,,2,,,,,,,,,,,,,,,,207,1.60
Kris Boyd,2562630,DB,MIN,@CHI,,,,,,,1,,,,,,,,,,,208,1.00
Myles Bryant,2564592,DB,NE,@IND,,1,,,,,,,,,,,,,,,,209,0.80
Keion Crossen,2561157,DB,NYG,DAL,,1,,,,,,,,,,,,,,,,210,0.80
Cody Davis,2541135,DB,NE,@IND,,1,,,,,,,,,,,,,,,,211,0.80
Matthias Farley,2556429,DB,TEN,@PIT,,1,,,,,,,,,,,,,,,,212,0.80
Tre Flowers,2560728,DB,CIN,@DEN,,1,,,,,,,,,,,,,,,,213,0.80
Darren Hall,2565821,DB,ATL,@SF,,1,,,,,,,,,,,,,,,,214,0.80
Deommodore Lenoir,2566535,DB,SF,ATL,,1,,,,,,,,,,,,,,,,215,0.80
Cam Lewis,2563205,DB,BUF,CAR,,1,,,,,,,,,,,,,,,,216,0.80
Kenny Robinson,2563674,DB,CAR,@BUF,,1,,,,,,,,,,,,,,,,217,0.80
Tye Smith,2552449,DB,MIN,@CHI,,1,,,,,,,,,,,,,,,,218,0.80
Deionte Thompson,2562760,DB,ARI,@DET,,1,,,,,,,,,,,,,,,,219,0.80
Tavon Young,2555378,DB,BAL,GB,,1,,,,,,,,,,,,,,,,220,0.80
Delrick Abrams,2563464,DB,FA,Bye,,,,,,,,,,,,,,,,,,221,0.00
DeMarkus Acy,2565087,DB,PIT,TEN,,,,,,,,,,,,,,,,,,222,0.00
Jamal Adams,2557979,DB,SEA,@LA,,,,,,,,,,,,,,,,,,223,0.00
Jahleel Addae,2541958,DB,IND,NE,,,,,,,,,,,,,,,,,,224,0.00
Jaire Alexander,2560952,DB,GB,@BAL,,,,,,,,,,,,,,,,,,225,0.00
Robert Alford,2539653,DB,ARI,@DET,,,,,,,,,,,,,,,,,,226,0.00
Brian Allen,2558237,DB,CLE,LV,,,,,,,,,,,,,,,,,,227,0.00
Ricardo Allen,2543850,DB,CIN,@DEN,,,,,,,,,,,,,,,,,,228,0.00
Johnathan Alston,2561520,DB,FA,Bye,,,,,,,,,,,,,,,,,,229,0.00
Cornell Armstrong,2561147,DB,ATL,@SF,,,,,,,,,,,,,,,,,,230,0.00
Damon Arnette,2564409,DB,MIA,NYJ,,,,,,,,,,,,,,,,,,231,0.00
Grayland Arnold,2564814,DB,HOU,@JAX,,,,,,,,,,,,,,,,,,232,0.00
Jaytlin Askew,2566656,DB,FA,Bye,,,,,,,,,,,,,,,,,,233,0.00
Chidobe Awuzie,2557840,DB,CIN,@DEN,,,,,,,,,,,,,,,,,,234,0.00
Corey Ballentine,2562228,DB,DET,ARI,,,,,,,,,,,,,,,,,,235,0.00
Chris Banjo,2541192,DB,ARI,@DET,,,,,,,,,,,,,,,,,,236,0.00
Luq Barcoo,2564160,DB,SF,ATL,,,,,,,,,,,,,,,,,,237,0.00
Essang Bassey,2563875,DB,FA,Bye,,,,,,,,,,,,,,,,,,238,0.00
DeVante Bausby,2553790,DB,NE,@IND,,,,,,,,,,,,,,,,,,239,0.00
Sam Beal,2561643,DB,FA,Bye,,,,,,,,,,,,,,,,,,240,0.00
Elijah Benton,2563758,DB,FA,Bye,,,,,,,,,,,,,,,,,,241,0.00
Justin Bethel,2532792,DB,NE,@IND,,,,,,,,,,,,,,,,,,242,0.00
Julian Blackmon,2564103,DB,IND,NE,,,,,,,,,,,,,,,,,,243,0.00
Marquise Blair,2562233,DB,SEA,@LA,,,,,,,,,,,,,,,,,,244,0.00
Joshuah Bledsoe,2566331,DB,NE,@IND,,,,,,,,,,,,,,,,,,245,0.00
Briean Boddy-Calhoun,2556475,DB,TEN,@PIT,,,,,,,,,,,,,,,,,,246,0.00
Terrell Bonds,2563136,DB,FA,Bye,,,,,,,,,,,,,,,,,,247,0.00
Breon Borders,2559015,DB,ARI,@DET,,,,,,,,,,,,,,,,,,248,0.00
Tre Boston,2543830,DB,FA,Bye,,,,,,,,,,,,,,,,,,249,0.00
A.J. Bouye,2541162,DB,CAR,@BUF,,,,,,,,,,,,,,,,,,250,0.00
John Brannon,2565018,DB,CIN,@DEN,,,,,,,,,,,,,,,,,,251,0.00
Bashaud Breeland,2543571,DB,ARI,@DET,,,,,,,,,,,,,,,,,,252,0.00
Antoine Brooks Jr.,2564967,DB,LA,SEA,,,,,,,,,,,,,,,,,,253,0.00
Terrence Brooks,2543712,DB,HOU,@JAX,,,,,,,,,,,,,,,,,,254,0.00
Jordan Brown,2562396,DB,LV,@CLE,,,,,,,,,,,,,,,,,,255,0.00
Shakur Brown,2565774,DB,FA,Bye,,,,,,,,,,,,,,,,,,256,0.00
Tony Brown,2560982,DB,LV,@CLE,,,,,,,,,,,,,,,,,,257,0.00
Tre Brown,2566550,DB,SEA,@LA,,,,,,,,,,,,,,,,,,258,0.00
Terrell Burgess,2564331,DB,LA,SEA,,,,,,,,,,,,,,,,,,259,0.00
Artie Burns,2555344,DB,CHI,MIN,,,,,,,,,,,,,,,,,,260,0.00
Eric Burrell,2565696,DB,FA,Bye,,,,,,,,,,,,,,,,,,261,0.00
Deante Burton,2559109,DB,FA,Bye,,,,,,,,,,,,,,,,,,262,0.00
Malcolm Butler,2550613,DB,FA,Bye,,,,,,,,,,,,,,,,,,263,0.00
Camryn Bynum,2566295,DB,MIN,@CHI,,,,,,,,,,,,,,,,,,264,0.00
Elijah Campbell,2561455,DB,MIA,NYJ,,,,,,,,,,,,,,,,,,265,0.00
Ibraheim Campbell,2552605,DB,IND,NE,,,,,,,,,,,,,,,,,,266,0.00
Maurice Canady,2555178,DB,DAL,@NYG,,,,,,,,,,,,,,,,,,267,0.00
Jamal Carter,2559321,DB,TEN,@PIT,,,,,,,,,,,,,,,,,,268,0.00
Andre Chachere,2561016,DB,PHI,WAS,,,,,,,,,,,,,,,,,,269,0.00
Anthony Chesley,2563235,DB,IND,NE,,,,,,,,,,,,,,,,,,270,0.00
Patrick Chung,71251,DB,FA,Bye,,,,,,,,,,,,,,,,,,271,0.00
Chuck Clark,2558248,DB,BAL,GB,,,,,,,,,,,,,,,,,,272,0.00
Chris Claybrooks,2564169,DB,JAX,HOU,,,,,,,,,,,,,,,,,,273,0.00
Ross Cockrell,2543799,DB,TB,NO,,,,,,,,,,,,,,,,,,274,0.00
Adrian Colbert,2558857,DB,CLE,LV,,,,,,,,,,,,,,,,,,275,0.00
Chris Cooper,2561429,DB,FA,Bye,,,,,,,,,,,,,,,,,,276,0.00
Shaun Crawford,2565642,DB,FA,Bye,,,,,,,,,,,,,,,,,,277,0.00
Xavier Crawford,2562515,DB,CHI,MIN,,,,,,,,,,,,,,,,,,278,0.00
Ken Crawley,2556735,DB,NO,@TB,,,,,,,,,,,,,,,,,,279,0.00
Kamren Curl,2565270,DB,WAS,@PHI,,,,,,,,,,,,,,,,,,280,0.00
Jordan Dangerfield,2541696,DB,FA,Bye,,,,,,,,,,,,,,,,,,281,0.00
DJ Daniel,2566653,DB,NE,@IND,,,,,,,,,,,,,,,,,,282,0.00
Jalen Davis,2561316,DB,CIN,@DEN,,,,,,,,,,,,,,,,,,283,0.00
Javaris Davis,2564265,DB,MIA,NYJ,,,,,,,,,,,,,,,,,,284,0.00
Sean Davis,2555386,DB,NE,@IND,,,,,,,,,,,,,,,,,,285,0.00
Shawn Davis,2565597,DB,GB,@BAL,,,,,,,,,,,,,,,,,,286,0.00
Duke Dawson,2561040,DB,DEN,CIN,,,,,,,,,,,,,,,,,,287,0.00
Jamel Dean,2562556,DB,TB,NO,,,,,,,,,,,,,,,,,,288,0.00
Grant Delpit,2563773,DB,CLE,LV,,,,,,,,,,,,,,,,,,289,0.00
Stephen Denmark,2562874,DB,FA,Bye,,,,,,,,,,,,,,,,,,290,0.00
Darqueze Dennard,2543474,DB,SF,ATL,,,,,,,,,,,,,,,,,,291,0.00
Khalil Dorsey,2565336,DB,BAL,GB,,,,,,,,,,,,,,,,,,292,0.00
Quinton Dunbar,2553796,DB,FA,Bye,,,,,,,,,,,,,,,,,,293,0.00
Isaiah Dunn,2565720,DB,NYJ,@MIA,,,,,,,,,,,,,,,,,,294,0.00
Nate Ebner,2535132,DB,NYG,DAL,,,,,,,,,,,,,,,,,,295,0.00
Mike Edwards,2562259,DB,TB,NO,,,,,,,,,,,,,,,,,,296,0.00
Corn Elder,2558171,DB,WAS,@PHI,,,,,,,,,,,,,,,,,,297,0.00
DeShon Elliott,2560715,DB,BAL,GB,,,,,,,,,,,,,,,,,,298,0.00
Tino Ellis,2564670,DB,FA,Bye,,,,,,,,,,,,,,,,,,299,0.00
Deshazor Everett,2553710,DB,WAS,@PHI,,,,,,,,,,,,,,,,,,300,0.00
Caleb Farley,2566106,DB,TEN,@PIT,,,,,,,,,,,,,,,,,,301,0.00
Mark Fields,2562442,DB,FA,Bye,,,,,,,,,,,,,,,,,,302,0.00
Mike Ford,2561527,DB,DEN,CIN,,,,,,,,,,,,,,,,,,303,0.00
Paris Ford,2566205,DB,FA,Bye,,,,,,,,,,,,,,,,,,304,0.00
Darrick Forrest,2566598,DB,WAS,@PHI,,,,,,,,,,,,,,,,,,305,0.00
Sam Franklin,2563638,DB,CAR,@BUF,,,,,,,,,,,,,,,,,,306,0.00
Kavon Frazier,2555536,DB,LV,@CLE,,,,,,,,,,,,,,,,,,307,0.00
Jordan Fuller,2564340,DB,LA,SEA,,,,,,,,,,,,,,,,,,308,0.00
Kendall Fuller,2555349,DB,WAS,@PHI,,,,,,,,,,,,,,,,,,309,0.00
Kyle Fuller,2543681,DB,DEN,CIN,,,,,,,,,,,,,,,,,,310,0.00
Innis Gaines,2565591,DB,GB,@BAL,,,,,,,,,,,,,,,,,,311,0.00
Phillip Gaines,2543851,DB,FA,Bye,,,,,,,,,,,,,,,,,,312,0.00
Rashaan Gaulden,2560775,DB,FA,Bye,,,,,,,,,,,,,,,,,,313,0.00
Jake Gervase,2563306,DB,LA,SEA,,,,,,,,,,,,,,,,,,314,0.00
Mark Gilbert,2565783,DB,DET,ARI,,,,,,,,,,,,,,,,,,315,0.00
Tyree Gillespie,2566256,DB,LV,@CLE,,,,,,,,,,,,,,,,,,316,0.00
Alohi Gilman,2565042,DB,LAC,KC,,,,,,,,,,,,,,,,,,317,0.00
Tashaun Gipson,2532848,DB,CHI,MIN,,,,,,,,,,,,,,,,,,318,0.00
Jeff Gladney,2564541,DB,FA,Bye,,,,,,,,,,,,,,,,,,319,0.00
C.J. Goodwin,2550767,DB,DAL,@NYG,,,,,,,,,,,,,,,,,,320,0.00
Tay Gowan,2566427,DB,PHI,WAS,,,,,,,,,,,,,,,,,,321,0.00
A.J. Green,2563782,DB,CLE,LV,,,,,,,,,,,,,,,,,,322,0.00
T.J. Green,2555537,DB,HOU,@JAX,,,,,,,,,,,,,,,,,,323,0.00
Raven Greene,2561207,DB,FA,Bye,,,,,,,,,,,,,,,,,,324,0.00
Olaijah Griffin,2566635,DB,BUF,CAR,,,,,,,,,,,,,,,,,,325,0.00
Javon Hagan,2565219,DB,ARI,@DET,,,,,,,,,,,,,,,,,,326,0.00
Kemon Hall,2562975,DB,LAC,KC,,,,,,,,,,,,,,,,,,327,0.00
Tyler Hall,2563497,DB,LA,SEA,,,,,,,,,,,,,,,,,,328,0.00
Damar Hamlin,2565872,DB,BUF,CAR,,,,,,,,,,,,,,,,,,329,0.00
Saquan Hampton,2562658,DB,FA,Bye,,,,,,,,,,,,,,,,,,330,0.00
Harrison Hand,2564547,DB,MIN,@CHI,,,,,,,,,,,,,,,,,,331,0.00
Justin Hardee,2559181,DB,NYJ,@MIA,,,,,,,,,,,,,,,,,,332,0.00
Vernon Hargreaves III,2555299,DB,CIN,@DEN,,,,,,,,,,,,,,,,,,333,0.00
Madre Harper,2564421,DB,CAR,@BUF,,,,,,,,,,,,,,,,,,334,0.00
Anthony Harris,2553655,DB,PHI,WAS,,,,,,,,,,,,,,,,,,335,0.00
Brontae Harris,2566217,DB,FA,Bye,,,,,,,,,,,,,,,,,,336,0.00
Erik Harris,2555568,DB,ATL,@SF,,,,,,,,,,,,,,,,,,337,0.00
Tim Harris,2562949,DB,BUF,CAR,,,,,,,,,,,,,,,,,,338,0.00
Ronnie Harrison,2561008,DB,CLE,LV,,,,,,,,,,,,,,,,,,339,0.00
J.T. Hassell,2563045,DB,FA,Bye,,,,,,,,,,,,,,,,,,340,0.00
Trayvon Henderson,2561339,DB,CIN,@DEN,,,,,,,,,,,,,,,,,,341,0.00
Tre Herndon,2561340,DB,JAX,HOU,,,,,,,,,,,,,,,,,,342,0.00
Gavin Heslop,2565156,DB,SEA,@LA,,,,,,,,,,,,,,,,,,343,0.00
Troy Hill,2553536,DB,CLE,LV,,,,,,,,,,,,,,,,,,344,0.00
Nate Hobbs,2566259,DB,LV,@CLE,,,,,,,,,,,,,,,,,,345,0.00
Alijah Holder,2562572,DB,FA,Bye,,,,,,,,,,,,,,,,,,346,0.00
Jevon Holland,2566283,DB,MIA,NYJ,,,,,,,,,,,,,,,,,,347,0.00
Nate Holley,2561627,DB,FA,Bye,,,,,,,,,,,,,,,,,,348,0.00
Ka'dar Hollman,2562940,DB,NYG,DAL,,,,,,,,,,,,,,,,,,349,0.00
Darnay Holmes,2564739,DB,NYG,DAL,,,,,,,,,,,,,,,,,,350,0.00
Jaycee Horn,2565893,DB,CAR,@BUF,,,,,,,,,,,,,,,,,,351,0.00
Jameson Houston,2563791,DB,FA,Bye,,,,,,,,,,,,,,,,,,352,0.00
DeAndre Houston-Carson,2555381,DB,CHI,MIN,,,,,,,,,,,,,,,,,,353,0.00
Talanoa Hufanga,2566529,DB,SF,ATL,,,,,,,,,,,,,,,,,,354,0.00
JuJu Hughes,2564352,DB,FA,Bye,,,,,,,,,,,,,,,,,,355,0.00
Marlon Humphrey,2558067,DB,BAL,GB,,,,,,,,,,,,,,,,,,356,0.00
J.T. Ibe,2565570,DB,FA,Bye,,,,,,,,,,,,,,,,,,357,0.00
Noah Igbinoghene,2564457,DB,MIA,NYJ,,,,,,,,,,,,,,,,,,358,0.00
Adoree' Jackson,2558065,DB,NYG,DAL,,,,,,,,,,,,,,,,,,359,0.00
Bennett Jackson,2543834,DB,FA,Bye,,,,,,,,,,,,,,,,,,360,0.00
Chris Jackson,2564049,DB,TEN,@PIT,,,,,,,,,,,,,,,,,,361,0.00
Donte Jackson,2560753,DB,CAR,@BUF,,,,,,,,,,,,,,,,,,362,0.00
Eddie Jackson,2558176,DB,CHI,MIN,,,,,,,,,,,,,,,,,,363,0.00
Josh Jackson,2560755,DB,KC,@LAC,,,,,,,,,,,,,,,,,,364,0.00
Lamar Jackson,2565513,DB,NYJ,@MIA,,,,,,,,,,,,,,,,,,365,0.00
Mike Jackson,2562434,DB,SEA,@LA,,,,,,,,,,,,,,,,,,366,0.00
Michael Jacquet,2564835,DB,JAX,HOU,,,,,,,,,,,,,,,,,,367,0.00
Natrell Jamerson,2560759,DB,NYG,DAL,,,,,,,,,,,,,,,,,,368,0.00
Craig James,2561486,DB,PHI,WAS,,,,,,,,,,,,,,,,,,369,0.00
Janoris Jenkins,2532875,DB,TEN,@PIT,,,,,,,,,,,,,,,,,,370,0.00
Rayshawn Jenkins,2558182,DB,JAX,HOU,,,,,,,,,,,,,,,,,,371,0.00
Dontae Johnson,2543739,DB,SF,ATL,,,,,,,,,,,,,,,,,,372,0.00
Isaiah Johnson,2562675,DB,FA,Bye,,,,,,,,,,,,,,,,,,373,0.00
Jamar Johnson,2566031,DB,DEN,CIN,,,,,,,,,,,,,,,,,,374,0.00
Jaylon Johnson,2563701,DB,CHI,MIN,,,,,,,,,,,,,,,,,,375,0.00
Kevin Johnson,2552261,DB,FA,Bye,,,,,,,,,,,,,,,,,,376,0.00
Chris Jones,2560767,DB,TEN,@PIT,,,,,,,,,,,,,,,,,,377,0.00
Jonathan Jones,2556571,DB,NE,@IND,,,,,,,,,,,,,,,,,,378,0.00
Karl Joseph,2555342,DB,PIT,TEN,,,,,,,,,,,,,,,,,,379,0.00
Lamarcus Joyner,2543492,DB,NYJ,@MIA,,,,,,,,,,,,,,,,,,380,0.00
Jalen Julius,2564289,DB,FA,Bye,,,,,,,,,,,,,,,,,,381,0.00
Joshua Kalu,2560776,DB,NYG,DAL,,,,,,,,,,,,,,,,,,382,0.00
Bopete Keyes,2564292,DB,CHI,MIN,,,,,,,,,,,,,,,,,,383,0.00
Luther Kirk,2565304,DB,ATL,@SF,,,,,,,,,,,,,,,,,,384,0.00
Dre Kirkpatrick,2533060,DB,FA,Bye,,,,,,,,,,,,,,,,,,385,0.00
Chris Lammons,2561226,DB,KC,@LAC,,,,,,,,,,,,,,,,,,386,0.00
Nevin Lawson,2543872,DB,JAX,HOU,,,,,,,,,,,,,,,,,,387,0.00
Donnie Lewis,2562910,DB,FA,Bye,,,,,,,,,,,,,,,,,,388,0.00
Zane Lewis,2564928,DB,NYJ,@MIA,,,,,,,,,,,,,,,,,,389,0.00
P.J. Locke,2563012,DB,DEN,CIN,,,,,,,,,,,,,,,,,,390,0.00
Jordan Lucas,2555542,DB,FA,Bye,,,,,,,,,,,,,,,,,,391,0.00
Cole Luke,2558968,DB,FA,Bye,,,,,,,,,,,,,,,,,,392,0.00
Dylan Mabin,2563029,DB,NO,@TB,,,,,,,,,,,,,,,,,,393,0.00
Iman Marshall,2562961,DB,BAL,GB,,,,,,,,,,,,,,,,,,394,0.00
Marcus Maye,2557995,DB,NYJ,@MIA,,,,,,,,,,,,,,,,,,395,0.00
Nick McCloud,2566638,DB,BUF,CAR,,,,,,,,,,,,,,,,,,396,0.00
Jason McCourty,89756,DB,MIA,NYJ,,,,,,,,,,,,,,,,,,397,0.00
Bradley McDougald,2539243,DB,JAX,HOU,,,,,,,,,,,,,,,,,,398,0.00
Sherrick McManis,494289,DB,FA,Bye,,,,,,,,,,,,,,,,,,399,0.00
Zech McPhearson,2566406,DB,PHI,WAS,,,,,,,,,,,,,,,,,,400,0.00
Torry McTyer,2559053,DB,WAS,@PHI,,,,,,,,,,,,,,,,,,401,0.00
Quenton Meeks,2560808,DB,FA,Bye,,,,,,,,,,,,,,,,,,402,0.00
Ifeatu Melifonwu,2566064,DB,DET,ARI,,,,,,,,,,,,,,,,,,403,0.00
Josh Metellus,2564568,DB,MIN,@CHI,,,,,,,,,,,,,,,,,,404,0.00
Doug Middleton,2556617,DB,SF,ATL,,,,,,,,,,,,,,,,,,405,0.00
Herb Miller,2563153,DB,CLE,LV,,,,,,,,,,,,,,,,,,406,0.00
Jordan Miller,2562497,DB,NO,@TB,,,,,,,,,,,,,,,,,,407,0.00
Chris Milton,2556394,DB,MIA,NYJ,,,,,,,,,,,,,,,,,,408,0.00
Terrance Mitchell,2543637,DB,HOU,@JAX,,,,,,,,,,,,,,,,,,409,0.00
Joshua Moon,2563265,DB,FA,Bye,,,,,,,,,,,,,,,,,,410,0.00
A.J. Moore,2561538,DB,HOU,@JAX,,,,,,,,,,,,,,,,,,411,0.00
Tarvarius Moore,2561117,DB,SF,ATL,,,,,,,,,,,,,,,,,,412,0.00
Jimmy Moreland,2562858,DB,HOU,@JAX,,,,,,,,,,,,,,,,,,413,0.00
TJ Morrison,2565651,DB,FA,Bye,,,,,,,,,,,,,,,,,,414,0.00
Emmanuel Moseley,2561072,DB,SF,ATL,,,,,,,,,,,,,,,,,,415,0.00
Parnell Motley,2565237,DB,DET,ARI,,,,,,,,,,,,,,,,,,416,0.00
Israel Mukuamu,2566013,DB,DAL,@NYG,,,,,,,,,,,,,,,,,,417,0.00
Trayvon Mullen,2562380,DB,LV,@CLE,,,,,,,,,,,,,,,,,,418,0.00
Kai Nacua,2559220,DB,NYJ,@MIA,,,,,,,,,,,,,,,,,,419,0.00
Siran Neal,2560818,DB,BUF,CAR,,,,,,,,,,,,,,,,,,420,0.00
Nick Nelson,2560819,DB,IND,NE,,,,,,,,,,,,,,,,,,421,0.00
Picasso Nelson,2563002,DB,FA,Bye,,,,,,,,,,,,,,,,,,422,0.00
Greg Newsome II,2565980,DB,CLE,LV,,,,,,,,,,,,,,,,,,423,0.00
Michael Ojemudia,2563908,DB,DEN,CIN,,,,,,,,,,,,,,,,,,424,0.00
Jeff Okudah,2563944,DB,DET,ARI,,,,,,,,,,,,,,,,,,425,0.00
Isaiah Oliver,2560830,DB,ATL,@SF,,,,,,,,,,,,,,,,,,426,0.00
Kareem Orr,2563274,DB,LA,SEA,,,,,,,,,,,,,,,,,,427,0.00
Steven Parker,2561256,DB,NYG,DAL,,,,,,,,,,,,,,,,,,428,0.00
Will Parks,2556278,DB,NYJ,@MIA,,,,,,,,,,,,,,,,,,429,0.00
Jabrill Peppers,2557980,DB,NYG,DAL,,,,,,,,,,,,,,,,,,430,0.00
Jomal Wiltz,2559283,DB,MIA,NYJ,,,,,,,,,,,,,,,,,,431,0.00
Jordyn Peters,2565750,DB,FA,Bye,,,,,,,,,,,,,,,,,,432,0.00
Marcus Peters,2552488,DB,BAL,GB,,,,,,,,,,,,,,,,,,433,0.00
Kevin Peterson,2556764,DB,ARI,@DET,,,,,,,,,,,,,,,,,,434,0.00
Darius Phillips,2560839,DB,CIN,@DEN,,,,,,,,,,,,,,,,,,435,0.00
Brian Poole,2556445,DB,IND,NE,,,,,,,,,,,,,,,,,,436,0.00
Bobby Price,2563953,DB,DET,ARI,,,,,,,,,,,,,,,,,,437,0.00
Troy Pride,2563662,DB,CAR,@BUF,,,,,,,,,,,,,,,,,,438,0.00
Glover Quin,71441,DB,FA,Bye,,,,,,,,,,,,,,,,,,439,0.00
Damarious Randall,2552389,DB,FA,Bye,,,,,,,,,,,,,,,,,,440,0.00
Will Redmond,2555545,DB,IND,NE,,,,,,,,,,,,,,,,,,441,0.00
Sheldrick Redwine,2562711,DB,MIA,NYJ,,,,,,,,,,,,,,,,,,442,0.00
D.J. Reed,2560850,DB,SEA,@LA,,,,,,,,,,,,,,,,,,443,0.00
J.R. Reed,2564220,DB,NYG,DAL,,,,,,,,,,,,,,,,,,444,0.00
Justin Reid,2560851,DB,HOU,@JAX,,,,,,,,,,,,,,,,,,445,0.00
Jordan Richards,2552392,DB,BAL,GB,,,,,,,,,,,,,,,,,,446,0.00
Amik Robertson,2564430,DB,LV,@CLE,,,,,,,,,,,,,,,,,,447,0.00
Nickell Robey-Coleman,2540197,DB,DET,ARI,,,,,,,,,,,,,,,,,,448,0.00
Aaron Robinson,2566370,DB,NYG,DAL,,,,,,,,,,,,,,,,,,449,0.00
Patrick Robinson,2508084,DB,FA,Bye,,,,,,,,,,,,,,,,,,450,0.00
Rashard Robinson,2555546,DB,TB,NO,,,,,,,,,,,,,,,,,,451,0.00
Reggie Robinson II,2563863,DB,DAL,@NYG,,,,,,,,,,,,,,,,,,452,0.00
Tyree Robinson,2561519,DB,FA,Bye,,,,,,,,,,,,,,,,,,453,0.00
Robert Rochell,2566241,DB,LA,SEA,,,,,,,,,,,,,,,,,,454,0.00
Winston Rose,2556670,DB,FA,Bye,,,,,,,,,,,,,,,,,,455,0.00
D'Angelo Ross,2563057,DB,NE,@IND,,,,,,,,,,,,,,,,,,456,0.00
Brandon Rusnak,2562912,DB,JAX,HOU,,,,,,,,,,,,,,,,,,457,0.00
KeiVarae Russell,2555547,DB,NO,@TB,,,,,,,,,,,,,,,,,,458,0.00
Asante Samuel Jr.,2566511,DB,LAC,KC,,,,,,,,,,,,,,,,,,459,0.00
Stanford Samuels III,2564022,DB,FA,Bye,,,,,,,,,,,,,,,,,,460,0.00
Vernon Scott,2564028,DB,GB,@BAL,,,,,,,,,,,,,,,,,,461,0.00
Kendall Sheffield,2562730,DB,ATL,@SF,,,,,,,,,,,,,,,,,,462,0.00
Duke Shelley,2562957,DB,CHI,MIN,,,,,,,,,,,,,,,,,,463,0.00
Richard Sherman,2495507,DB,TB,NO,,,,,,,,,,,,,,,,,,464,0.00
Jamien Sherwood,2565762,DB,NYJ,@MIA,,,,,,,,,,,,,,,,,,465,0.00
LeShaun Sims,2555551,DB,FA,Bye,,,,,,,,,,,,,,,,,,466,0.00
Kemah Siverand,2565189,DB,FA,Bye,,,,,,,,,,,,,,,,,,467,0.00
Jimmy Smith,2508107,DB,BAL,GB,,,,,,,,,,,,,,,,,,468,0.00
Maurice Smith,2559058,DB,FA,Bye,,,,,,,,,,,,,,,,,,469,0.00
Ryan Smith,2555552,DB,LAC,KC,,,,,,,,,,,,,,,,,,470,0.00
L'Jarius Sneed,2564304,DB,KC,@LAC,,,,,,,,,,,,,,,,,,471,0.00
Benjamin St-Juste,2566604,DB,WAS,@PHI,,,,,,,,,,,,,,,,,,472,0.00
Linden Stephens,2561277,DB,PIT,TEN,,,,,,,,,,,,,,,,,,473,0.00
Caden Sterns,2566040,DB,DEN,CIN,,,,,,,,,,,,,,,,,,474,0.00
JaCoby Stevens,2566412,DB,PHI,WAS,,,,,,,,,,,,,,,,,,475,0.00
Donovan Stiner,2565795,DB,PIT,TEN,,,,,,,,,,,,,,,,,,476,0.00
Corey Straughter,2565636,DB,FA,Bye,,,,,,,,,,,,,,,,,,477,0.00
Greg Stroman,2560886,DB,FA,Bye,,,,,,,,,,,,,,,,,,478,0.00
D.J. Swearinger,2539943,DB,IND,NE,,,,,,,,,,,,,,,,,,479,0.00
Cordrea Tankersley,2557931,DB,FA,Bye,,,,,,,,,,,,,,,,,,480,0.00
Keith Taylor,2565911,DB,CAR,@BUF,,,,,,,,,,,,,,,,,,481,0.00
Shakial Taylor,2563129,DB,FA,Bye,,,,,,,,,,,,,,,,,,482,0.00
Roderic Teamer,2562981,DB,LV,@CLE,,,,,,,,,,,,,,,,,,483,0.00
Marvell Tell,2562757,DB,IND,NE,,,,,,,,,,,,,,,,,,484,0.00
Josh Thomas,2565387,DB,BUF,CAR,,,,,,,,,,,,,,,,,,485,0.00
Stantley Thomas-Oliver,2563689,DB,CAR,@BUF,,,,,,,,,,,,,,,,,,486,0.00
Darian Thompson,2555154,DB,DAL,@NYG,,,,,,,,,,,,,,,,,,487,0.00
Tariq Thompson,2566644,DB,FA,Bye,,,,,,,,,,,,,,,,,,488,0.00
Desmond Trufant,2539334,DB,LV,@CLE,,,,,,,,,,,,,,,,,,489,0.00
Kenny Vaccaro,2539320,DB,FA,Bye,,,,,,,,,,,,,,,,,,490,0.00
Donte Vaughn,2565084,DB,FA,Bye,,,,,,,,,,,,,,,,,,491,0.00
Jason Verrett,2543493,DB,SF,ATL,,,,,,,,,,,,,,,,,,492,0.00
Kary Vincent Jr.,2566046,DB,PHI,WAS,,,,,,,,,,,,,,,,,,493,0.00
Lamont Wade,2565798,DB,FA,Bye,,,,,,,,,,,,,,,,,,494,0.00
Shaun Wade,2565854,DB,NE,@IND,,,,,,,,,,,,,,,,,,495,0.00
Tracy Walker III,2560913,DB,DET,ARI,,,,,,,,,,,,,,,,,,496,0.00
K'Von Wallace,2564871,DB,PHI,WAS,,,,,,,,,,,,,,,,,,497,0.00
Nigel Warrior,2563590,DB,SEA,@LA,,,,,,,,,,,,,,,,,,498,0.00
Ar'Darius Washington,2566632,DB,BAL,GB,,,,,,,,,,,,,,,,,,499,0.00
Keith Washington,2564706,DB,FA,Bye,,,,,,,,,,,,,,,,,,500,0.00
Jaylen Watkins,2543707,DB,FA,Bye,,,,,,,,,,,,,,,,,,501,0.00
Mark Webb,2566523,DB,LAC,KC,,,,,,,,,,,,,,,,,,502,0.00
Chris Westry,2562902,DB,BAL,GB,,,,,,,,,,,,,,,,,,503,0.00
Brendon White,2565765,DB,FA,Bye,,,,,,,,,,,,,,,,,,504,0.00
Tre'Davious White,2557867,DB,BUF,CAR,,,,,,,,,,,,,,,,,,505,0.00
Jace Whittaker,2564955,DB,ARI,@DET,,,,,,,,,,,,,,,,,,506,0.00
Chris Wilcox,2566577,DB,IND,NE,,,,,,,,,,,,,,,,,,507,0.00
Rachad Wildgoose,2565881,DB,NYJ,@MIA,,,,,,,,,,,,,,,,,,508,0.00
LaDarius Wiley,2563280,DB,FA,Bye,,,,,,,,,,,,,,,,,,509,0.00
Avery Williams,2565833,DB,ATL,@SF,,,,,,,,,,,,,,,,,,510,0.00
Joejuan Williams,2562787,DB,NE,@IND,,,,,,,,,,,,,,,,,,511,0.00
Rodarius Williams,2566379,DB,NYG,DAL,,,,,,,,,,,,,,,,,,512,0.00
Trill Williams,2565714,DB,MIA,NYJ,,,,,,,,,,,,,,,,,,513,0.00
Chris Williamson,2564784,DB,FA,Bye,,,,,,,,,,,,,,,,,,514,0.00
Brandon Wilson,2558786,DB,CIN,@DEN,,,,,,,,,,,,,,,,,,515,0.00
Donovan Wilson,2562604,DB,DAL,@NYG,,,,,,,,,,,,,,,,,,516,0.00
Jarrod Wilson,2556711,DB,SF,ATL,,,,,,,,,,,,,,,,,,517,0.00
Quincy Wilson,2557961,DB,FA,Bye,,,,,,,,,,,,,,,,,,518,0.00
Tavon Wilson,2534830,DB,SF,ATL,,,,,,,,,,,,,,,,,,519,0.00
Antoine Winfield Jr.,2565261,DB,TB,NO,,,,,,,,,,,,,,,,,,520,0.00
Daryl Worley,2555394,DB,BAL,GB,,,,,,,,,,,,,,,,,,521,0.00
Blidi Wreh-Wilson,2539219,DB,TB,NO,,,,,,,,,,,,,,,,,,522,0.00
Nahshon Wright,2566022,DB,DAL,@NYG,,,,,,,,,,,,,,,,,,523,0.00
Isaac Yiadom,2560946,DB,GB,@BAL,,,,,,,,,,,,,,,,,,524,0.00
Clayton Fejedelem,2555355,DB,MIA,NYJ,,,,,,,,,,,,,,,,,-3,525,-2.10
