PlayerName,PlayerId,Pos,Team,PlayerOpponent,TacklesTot,TacklesAst,TacklesSck,TacklesTfl,TurnoverInt,TurnoverFrcFum,TurnoverFumRec,ScoreIntTd,ScoreFumTd,ScoreBlkTd,ScoreSaf,ScoreDef2ptRet,Blk,PDef,QBHit,ReturnIntYds,ReturnFumYds,PlayerWeekProjectedPts,Rank,TotalPoints,ProjectionDiff
Minkah Fitzpatrick,2560725,DB,PIT,TEN,12,2,,,,,1,,,,,,,,,,-1,10.97,1,22.97,12.0
M.J. Stewart,2560884,DB,CLE,LV,8,3,,,,1,,,,,,,,1,,,,8.82,2,22.00,13.18
Brandin Echols,2565726,DB,NYJ,@MIA,2,2,,,1,,,1,,,,,,3,,20,,10.05,3,20.67,10.62
Charvarius Ward,2561417,DB,KC,@LAC,7,3,,,,,,,,,,,,2,,,,8.96,4,19.30,10.34
Amani Oruwariye,2562390,DB,DET,ARI,4,1,,,1,,,,,,,,,2,,50,,,5,17.77,
Jeremy Reaves,2561394,DB,WAS,@PHI,9,3,,,,,,,,,,,,,,,,2.68,6,17.70,15.02
Terrell Edmunds,2560712,DB,PIT,TEN,7,3,,2,,,,,,,,,,,,,,9.08,7,17.30,8.22
Chauncey Gardner-Johnson,2562588,DB,NO,@TB,6,1,,,1,,,,,,,,,1,,1,,4.89,8,17.03,12.14
Landon Collins,2552454,DB,WAS,@PHI,4,3,,,1,,1,,,,,,,1,,,23,,9,16.97,
Jeremy Chinn,2563632,DB,CAR,@BUF,5,2,,,1,,,,,,,,,1,,,,10.95,10,16.10,5.15
Quandre Diggs,2552262,DB,SEA,@LA,4,3,,,1,,,,,,,,,1,,25,,,11,16.03,
Jourdan Lewis,2557920,DB,DAL,@NYG,1,,,,1,,,,,,,,,4,,18,,5.92,12,15.80,9.88
Kenny Moore II,2558976,DB,IND,NE,5,1,,1,,,,,,,,,,2,,,,11.22,13,15.80,4.58
Ashtyn Davis,2564793,DB,NYJ,@MIA,3,5,,,1,,,,,,,,,1,,18,,9.57,14,15.70,6.13
Johnathan Abram,2562616,DB,LV,@CLE,6,3,,2,,,,,,,,,,,,,,,15,15.60,
Rasul Douglas,2558168,DB,GB,@BAL,9,,,,,,,,,,,,,,,,,7.08,16,15.30,8.22
Malik Hooker,2558060,DB,DAL,@NYG,5,1,,,1,,,,,,,,,1,,,,3.45,17,15.30,11.85
Devin McCourty,494287,DB,NE,@IND,5,1,,,1,,,,,,,,,1,,,,7.98,18,15.30,7.32
Adrian Amos,2552385,DB,GB,@BAL,7,1,,,,,,,,,,,,1,,,,9.85,19,15.20,5.35
Julian Love,2562414,DB,NYG,DAL,8,2,,,,,,,,,,,,,,,,7.46,20,15.20,7.74
Logan Ryan,2540162,DB,NYG,DAL,8,2,,,,,,,,,,,,,,,,10.83,21,15.20,4.37
Dane Jackson,2563614,DB,BUF,CAR,5,2,,,,,,,,,,,,2,,,,4.22,22,15.10,10.88
Tavierre Thomas,2561278,DB,HOU,@JAX,7,4,,,,,,,,,,,,,,,,7.71,23,15.10,7.39
Thomas Graham Jr.,2565923,DB,CHI,MIN,2,5,,,,,,,,,,,,3,,,,2.03,24,14.90,12.87
Tyson Campbell,2566151,DB,JAX,HOU,3,1,,,1,,,,,,,,,2,,3,,8.50,25,14.50,6.0
Cameron Dantzler,2564526,DB,MIN,@CHI,6,1,,,,1,,,,,,,,,,,,3.08,26,14.50,11.42
Trevon Diggs,2563836,DB,DAL,@NYG,3,1,,,1,,,,,,,,,2,,,,8.87,27,14.40,5.53
Eric Stokes,2566097,DB,GB,@BAL,7,,,,,,,,,,,,,1,,,,8.32,28,14.40,6.08
Brandon Facyson,2560719,DB,LV,@CLE,4,,,,,,,,,,,,,3,,,,10.42,29,14.30,3.88
Bryce Hall,2564796,DB,NYJ,@MIA,4,,,,,,,,,,,,,3,,,,9.06,30,14.30,5.24
Jalen Thompson,2563339,DB,ARI,@DET,7,3,,,,,,,,,,,,,,,,10.73,31,14.30,3.57
Jalen Ramsey,2555280,DB,LA,SEA,5,,,,,,,,,,,,,2,,,,9.69,32,13.50,3.81
Khari Willis,2562602,DB,IND,NE,5,4,,1,,,,,,,,,,,,,,10.95,33,13.20,2.25
Marshon Lattimore,2558061,DB,NO,@TB,4,,,,,,1,,,,,,,2,,,1,9.26,34,12.83,3.57
Deon Bush,2555155,DB,CHI,MIN,3,1,,,1,,,,,,,,,1,,27,,8.38,35,12.80,4.42
Harrison Smith,2532948,DB,MIN,@CHI,7,1,,,,,,,,,,,,,,,,11.87,36,12.70,0.83
Eric Murray,2555173,DB,HOU,@JAX,4,4,,,,,,,,,,,,1,,,,9.64,37,12.50,2.86
Brandon Jones,2564469,DB,MIA,NYJ,4,2,1,1,,,,,,,,,,,1,,,8.44,38,12.40,3.96
Jordan Whitehead,2560930,DB,TB,NO,5,3,,1,,,,,,,,,,,,,,9.08,39,12.40,3.32
Greedy Williams,2562785,DB,CLE,LV,2,,,,1,,,,,,,,,2,,7,,9.25,40,12.13,2.88
Arthur Maulet,2559087,DB,PIT,TEN,5,,,,,1,,,,,,,,,,,,3.47,41,12.00,8.53
Patrick Peterson,2495504,DB,MIN,@CHI,5,1,,,,,,,,,,,,1,,,,6.82,42,11.80,4.98
Darius Slay,2540288,DB,PHI,WAS,4,,,,,,,,,,,,,2,,,,7.38,43,11.80,4.42
Andrew Wingard,2562606,DB,JAX,HOU,5,4,,,,,,,,,,,,,,,,9.01,44,11.70,2.69
Micah Hyde,2539240,DB,BUF,CAR,4,2,,,,,,,,,,,,1,,,,9.23,45,10.90,1.67
Ryan Neal,2561381,DB,SEA,@LA,5,3,,,,,,,,,,,,,,,,9.82,46,10.90,1.08
A.J. Terrell,2563527,DB,ATL,@SF,3,1,,,,,,,,,,,,2,,,,9.78,47,10.90,1.12
Avonte Maddox,2560795,DB,PHI,WAS,4,,,1,,,,,,,,,,1,,,,6.10,48,10.80,4.7
Adrian Phillips,2550842,DB,NE,@IND,4,3,,1,,,,,,,,,,,,,,9.56,49,10.70,1.14
Justin Simmons,2555550,DB,DEN,CIN,2,2,1.5,1,,,,,,,,,,,2,,,10.63,50,10.50,-0.13
Vonn Bell,2555530,DB,CIN,@DEN,6,,,,,,,,,,,,,,,,,10.18,51,10.20,0.02
Isaiah Rodgers,2564142,DB,IND,NE,6,,,,,,,,,,,,,,,,,4.55,52,10.20,5.65
Kevon Seymour,2555549,DB,BAL,GB,6,,,,,,,,,,,,,,,,,1.34,53,10.20,8.86
Byron Jones,2552568,DB,MIA,NYJ,3,,,,,,,,,,,,,2,,,,8.63,54,10.10,1.47
Jarren Williams,2564958,DB,NYG,DAL,4,1,,,,,,,,,,,,1,,,,2.13,55,10.10,7.97
Jovante Moffatt,2563797,DB,CLE,LV,4,4,,,,,,,,,,,,,,,,0.51,56,10.00,9.49
Jonathan Owens,2561255,DB,HOU,@JAX,4,4,,,,,,,,,,,,,,,,,57,10.00,
Elijah Riley,2564853,DB,NYJ,@MIA,3,3,,,,,,,,,,,,1,,,,9.68,58,10.00,0.32
J.C. Jackson,2560754,DB,NE,@IND,,3,,,,,,,,,,,,3,,,,8.84,59,9.90,1.06
Taron Johnson,2560766,DB,BUF,CAR,3,1,1,1,,,,,,,,,,,1,,,10.75,60,9.90,-0.85
Geno Stone,2563584,DB,BAL,GB,3,4,,1,,,,,,,,,,,,,,7.36,61,9.80,2.44
Tremon Smith,2561103,DB,HOU,@JAX,2,,,,,,,,,,,,,,,,,0.51,62,9.40,8.89
Taylor Rapp,2562707,DB,LA,SEA,1,2,,,1,,,,,,,,,1,,,,9.03,63,9.30,0.27
Darnell Savage,2562724,DB,GB,@BAL,5,1,,,,,,,,,,,,,,,,8.43,64,9.30,0.87
Andrew Sendejo,2525323,DB,IND,NE,4,,,,,,,,,,,,,1,,,,8.09,65,9.30,1.21
Levi Wallace,2560914,DB,BUF,CAR,4,,,,,,,,,,,,,1,,,,8.83,66,9.30,0.47
Will Harris,2562395,DB,DET,ARI,3,2,,,,,,,,,,,,1,,,,7.19,67,9.20,2.01
Anthony Brown,2555531,DB,DAL,@NYG,5,,,,,,,,,,,,,,,,,9.89,68,8.50,-1.39
Chris Harris,2530510,DB,LAC,KC,5,,,,,,,,,,,,,,,,,7.11,69,8.50,1.39
Mike Hughes,2560746,DB,KC,@LAC,5,,,,,,,,,,,,,,,,,9.81,70,8.50,-1.31
Marcus Williams,2558847,DB,NO,@TB,5,,,,,,,,,,,,,,,,,9.50,71,8.50,-1.0
Andrew Adams,2556456,DB,TB,NO,3,1,,,,,,,,,,,,1,,,,8.57,72,8.40,-0.17
James Bradberry,2555175,DB,NYG,DAL,2,,,,,,,,,,,,,2,,,,7.71,73,8.40,0.69
Tevaughn Campbell,2562806,DB,LAC,KC,4,2,,,,,,,,,,,,,,,,7.58,74,8.40,0.82
Michael Davis,2559164,DB,LAC,KC,3,1,,,,,,,,,,,,1,,,,8.30,75,8.40,0.1
Duron Harmon,2541243,DB,ATL,@SF,4,2,,,,,,,,,,,,,,,,7.32,76,8.40,1.08
Jayron Kearse,2555156,DB,DAL,@NYG,4,2,,,,,,,,,,,,,,,,11.35,77,8.40,-2.95
Teez Tabor,2557955,DB,CHI,MIN,4,2,,,,,,,,,,,,,,,,,78,8.40,
Damontae Kazee,2558184,DB,DAL,@NYG,3,4,,,,,,,,,,,,,,,,6.60,79,8.30,1.7
Trey Marshall,2561370,DB,LAC,KC,3,4,,,,,,,,,,,,,,,,1.95,80,8.30,6.35
Elijah Molden,2566115,DB,TEN,@PIT,4,,,1,,,,,,,,,,,,,,9.70,81,8.30,-1.4
Brandon Stephens,2565851,DB,BAL,GB,2,3,,,,,,,,,,,,1,,,,9.55,82,8.30,-1.25
Eli Apple,2555277,DB,CIN,@DEN,1,,,1,,,,,,,,,,2,,,,7.52,83,8.20,0.68
Budda Baker,2558009,DB,ARI,@DET,3,2,,1,,,,,,,,,,,,,,9.35,84,8.20,-1.15
Cameron Sutton,2558849,DB,PIT,TEN,2,1,,,,1,,,,,,,,,,,,7.74,85,7.70,-0.04
Jessie Bates,2560970,DB,CIN,@DEN,4,1,,,,,,,,,,,,,,,,10.25,86,7.60,-2.65
Shaquill Griffin,2558259,DB,JAX,HOU,4,1,,,,,,,,,,,,,,,,8.09,87,7.60,-0.49
Lonnie Johnson,2562295,DB,HOU,@JAX,3,,,,,,,,,,,,,1,,,,2.83,88,7.60,4.77
Dean Marlowe,2553562,DB,DET,ARI,4,1,,,,,,,,,,,,,,,,9.17,89,7.60,-1.57
Jordan Poyer,2539290,DB,BUF,CAR,3,3,,,,,,,,,,,,,,,,11.49,90,7.50,-3.99
Daniel Sorensen,2550257,DB,KC,@LAC,1,1,,,,,,,,,,,,2,,,,4.78,91,7.50,2.72
Carlton Davis,2561039,DB,TB,NO,2,,,1,,,,,,,,,,1,,,,9.23,92,7.40,-1.83
Juan Thornhill,2562761,DB,KC,@LAC,4,,,,,,,,,,,,,,1,,,8.43,93,7.30,-1.13
Jaylinn Hawkins,2563500,DB,ATL,@SF,4,,,,,,,,,,,,,,,,,6.27,94,6.80,0.53
Mike Hilton,2556559,DB,CIN,@DEN,4,,,,,,,,,,,,,,,,,8.14,95,6.80,-1.34
Sharrod Neasman,2556443,DB,LA,SEA,4,,,,,,,,,,,,,,,,,1.15,96,6.80,5.65
Josh Norman,2532920,DB,SF,ATL,4,,,,,,,,,,,,,,,,,9.64,97,6.80,-2.84
Paulson Adebo,2566346,DB,NO,@TB,2,1,,,,,,,,,,,,1,,,,6.98,98,6.70,-0.28
Michael Carter II,2565717,DB,NYJ,@MIA,3,2,,,,,,,,,,,,,,,,5.04,99,6.70,1.66
C.J. Henderson,2564199,DB,CAR,@BUF,3,2,,,,,,,,,,,,,,,,3.21,100,6.70,3.49
Sean Murphy-Bunting,2562635,DB,TB,NO,3,2,,,,,,,,,,,,,,,,9.98,101,6.70,-3.28
Nik Needham,2563220,DB,MIA,NYJ,3,2,,,,,,,,,,,,,,,,4.43,102,6.70,2.27
Buster Skrine,2495343,DB,TEN,@PIT,2,1,,,,,,,,,,,,1,,,,4.57,103,6.70,2.13
Pat Surtain II,2566043,DB,DEN,CIN,3,2,,,,,,,,,,,,,,,,,104,6.70,
K'Waun Williams,2550654,DB,SF,ATL,2,1,,,,,,,,,,,,1,,,,9.67,105,6.70,-2.97
John Johnson,2558183,DB,CLE,LV,,5,,,,,,,,,,,,1,,,,8.91,106,6.50,-2.41
Keisean Nixon,2562938,DB,LV,@CLE,3,1,,,,,,,,,,,,,1,,,0.74,107,6.40,5.66
Kevin Byard,2555158,DB,TEN,@PIT,3,1,,,,,,,,,,,,,,,,9.77,108,5.90,-3.87
Ronald Darby,2552689,DB,DEN,CIN,2,,,,,,,,,,,,,1,,,,,109,5.90,
Antonio Hamilton,2556804,DB,ARI,@DET,3,1,,,,,,,,,,,,,,,,1.01,110,5.90,4.89
Danny Johnson,2560764,DB,WAS,@PHI,3,1,,,,,,,,,,,,,,,,2.99,111,5.90,2.91
Bobby McCain,2552434,DB,WAS,@PHI,3,1,,,,,,,,,,,,,,,,6.88,112,5.90,-0.98
Rodney McLeod,2534832,DB,PHI,WAS,3,1,,,,,,,,,,,,,,,,7.36,113,5.90,-1.46
Trevon Moehrig,2566268,DB,LV,@CLE,3,1,,,,,,,,,,,,,,,,7.31,114,5.90,-1.41
Jaquiski Tartt,2552391,DB,SF,ATL,3,1,,,,,,,,,,,,,,,,7.23,115,5.90,-1.33
Ambry Thomas,2566547,DB,SF,ATL,2,,,,,,,,,,,,,1,,,,0.91,116,5.90,4.99
Kindle Vildor,2563713,DB,CHI,MIN,3,1,,,,,,,,,,,,,,,,7.44,117,5.90,-1.54
Jimmie Ward,2543741,DB,SF,ATL,3,1,,,,,,,,,,,,,,,,8.97,118,5.90,-3.07
Darious Williams,2561469,DB,LA,SEA,3,1,,,,,,,,,,,,,,,,9.64,119,5.90,-3.74
Kyle Dugger,2564601,DB,NE,@IND,2,3,,,,,,,,,,,,,,,,7.91,120,5.80,-2.11
George Odum,2561131,DB,IND,NE,1,,,,,1,,,,,,,,,,,,2.41,121,5.20,2.79
James Pierre,2565003,DB,PIT,TEN,1,,,,,1,,,,,,,,,,,,2.17,122,5.20,3.03
Ugo Amadi,2562464,DB,SEA,@LA,3,,,,,,,,,,,,,,,,,4.84,123,5.10,0.26
Brady Breeze,2566103,DB,DET,ARI,3,,,,,,,,,,,,,,,,,0.56,124,5.10,4.54
Marcus Epps,2562946,DB,PHI,WAS,3,,,,,,,,,,,,,,,,,4.34,125,5.10,0.76
Rashad Fenton,2562649,DB,KC,@LAC,3,,,,,,,,,,,,,,,,,7.30,126,5.10,-2.2
Rudy Ford,2558174,DB,JAX,HOU,3,,,,,,,,,,,,,,,,,4.28,127,5.10,0.82
Kristian Fulton,2564046,DB,TEN,@PIT,3,,,,,,,,,,,,,,,,,8.77,128,5.10,-3.67
Stephon Gilmore,2533062,DB,CAR,@BUF,3,,,,,,,,,,,,,,,,,7.22,129,5.10,-2.12
Anthony Levine,2508004,DB,BAL,GB,3,,,,,,,,,,,,,,,,,0.00,130,5.10,5.1
Denzel Ward,2560916,DB,CLE,LV,3,,,,,,,,,,,,,,,,,7.94,131,5.10,-2.84
P.J. Williams,2552484,DB,NO,@TB,3,,,,,,,,,,,,,,,,,5.18,132,5.10,-0.08
Xavier Woods,2558159,DB,MIN,@CHI,3,,,,,,,,,,,,,,,,,9.53,133,5.10,-4.43
Mackensie Alexander,2555177,DB,MIN,@CHI,2,2,,,,,,,,,,,,,,,,7.07,134,5.00,-2.07
Divine Deablo,2566253,DB,LV,@CLE,2,2,,,,,,,,,,,,,,,,3.40,135,5.00,1.6
Myles Hartsfield,2563644,DB,CAR,@BUF,2,2,,,,,,,,,,,,,,,,3.81,136,5.00,1.19
Malcolm Jenkins,79848,DB,NO,@TB,2,2,,,,,,,,,,,,,,,,9.47,137,5.00,-4.47
Nick Scott,2562905,DB,LA,SEA,2,2,,,,,,,,,,,,,,,,3.51,138,5.00,1.49
Sean Chandler,2561017,DB,CAR,@BUF,,3,,,,,,,,,,,,1,,,,1.92,139,4.90,2.98
Xavien Howard,2555539,DB,MIA,NYJ,2,1,,,,,,,,,,,,,1,,,8.39,140,4.70,-3.69
Richie Grant,2565818,DB,ATL,@SF,2,,,,,,1,,,,,,,,,,2,3.25,141,4.47,1.22
Joe Haden,496733,DB,PIT,TEN,2,,,,,,1,,,,,,,,,,,7.19,142,4.40,-2.79
Byron Murphy,2562318,DB,ARI,@DET,2,,,,,,1,,,,,,,,,,,9.23,143,4.40,-4.83
Nasir Adderley,2562617,DB,LAC,KC,2,1,,,,,,,,,,,,,,,,10.40,144,4.20,-6.2
Donte' Deayon,2556512,DB,LA,SEA,1,,,,,,,,,,,,,1,,,,2.90,145,4.20,1.3
Marcell Harris,2561006,DB,SF,ATL,2,1,,,,,,,,,,,,,,,,5.34,146,4.20,-1.14
William Jackson,2556367,DB,WAS,@PHI,2,1,,,,,,,,,,,,,,,,8.19,147,4.20,-3.99
Derwin James,2560760,DB,LAC,KC,2,1,,,,,,,,,,,,,,,,11.02,148,4.20,-6.82
Kevin King,2557996,DB,GB,@BAL,2,1,,,,,,,,,,,,,,,,2.64,149,4.20,1.56
Steven Nelson,2552265,DB,PHI,WAS,2,1,,,,,,,,,,,,,,,,6.99,150,4.20,-2.79
Dee Virgin,2559274,DB,FA,Bye,2,1,,,,,,,,,,,,,,,,,151,4.20,
Rock Ya-Sin,2562614,DB,IND,NE,1,,,,,,,,,,,,,1,,,,5.72,152,4.20,-1.52
Marqui Christian,2556277,DB,CHI,MIN,,2,,,,,,,,,,,,1,,,,7.00,153,4.10,-2.9
C.J. Moore,2563193,DB,DET,ARI,2,,,,,,,,,,,,,,1,,,2.37,154,3.90,1.53
Troy Apke,2560958,DB,WAS,@PHI,2,,,,,,,,,,,,,,,,,0.00,155,3.40,3.4
Blessuan Austin,2562468,DB,SEA,@LA,2,,,,,,,,,,,,,,,,,8.62,156,3.40,-5.22
Juston Burris,2555313,DB,CAR,@BUF,2,,,,,,,,,,,,,,,,,6.17,157,3.40,-2.77
Bryce Callahan,2553500,DB,DEN,CIN,2,,,,,,,,,,,,,,,,,2.32,158,3.40,1.08
Casey Hayward,2532861,DB,LV,@CLE,2,,,,,,,,,,,,,,,,,6.75,159,3.40,-3.35
Xavier Rhodes,2540155,DB,IND,NE,2,,,,,,,,,,,,,,,,,7.10,160,3.40,-3.7
Bradley Roby,2543505,DB,NO,@TB,2,,,,,,,,,,,,,,,,,5.04,161,3.40,-1.64
Josiah Scott,2564229,DB,PHI,WAS,2,,,,,,,,,,,,,,,,,0.91,162,3.40,2.49
Chandon Sullivan,2560887,DB,GB,@BAL,2,,,,,,,,,,,,,,,,,6.35,163,3.40,-2.95
Trae Waynes,2552448,DB,CIN,@DEN,2,,,,,,,,,,,,,,,,,1.52,164,3.40,1.88
Shawn Williams,2539233,DB,ATL,@SF,2,,,,,,,,,,,,,,,,,0.00,165,3.40,3.4
Ahkello Witherspoon,2558157,DB,PIT,TEN,2,,,,,,,,,,,,,,,,,3.10,166,3.40,0.3
Desmond King,2557927,DB,HOU,@JAX,1,2,,,,,,,,,,,,,,,,9.77,167,3.30,-6.47
Fabian Moreau,2558136,DB,ATL,@SF,1,2,,,,,,,,,,,,,,,,8.30,168,3.30,-5.0
Darryl Roberts,2553353,DB,WAS,@PHI,1,2,,,,,,,,,,,,,,,,1.23,169,3.30,2.07
Eric Rowe,2552255,DB,MIA,NYJ,1,2,,,,,,,,,,,,,,,,10.15,170,3.30,-6.85
Dallin Leavitt,2561585,DB,LV,@CLE,,,,,,,,,,,,,,1,,,,2.60,171,2.70,0.1
Deandre Baker,2562227,DB,KC,@LAC,1,1,,,,,,,,,,,,,,,,2.73,172,2.50,-0.23
Justin Coleman,2553637,DB,MIA,NYJ,1,1,,,,,,,,,,,,,,,,3.43,173,2.50,-0.93
Pierre Desir,2543811,DB,TB,NO,,,,,,,,,,,,,,1,,,,3.69,174,2.50,-1.19
Javelin Guidry,2565504,DB,NYJ,@MIA,1,1,,,,,,,,,,,,,,,,4.21,175,2.50,-1.71
Amani Hooker,2562666,DB,TEN,@PIT,1,1,,,,,,,,,,,,,,,,9.78,176,2.50,-7.28
Kareem Jackson,496735,DB,DEN,CIN,1,1,,,,,,,,,,,,,,,,,177,2.50,
Robert Jackson,2561434,DB,BAL,GB,1,1,,,,,,,,,,,,,,,,1.85,178,2.50,0.65
David Long,2562798,DB,LA,SEA,1,1,,,,,,,,,,,,,,,,9.00,179,2.50,-6.5
Greg Mabin,2558971,DB,TEN,@PIT,,,,,,,,,,,,,,1,,,,3.22,180,2.50,-0.72
Xavier McKinney,2564766,DB,NYG,DAL,,3,,,,,,,,,,,,,,,,10.23,181,2.40,-7.83
Marcus Allen,2560956,DB,PIT,TEN,1,,,,,,,,,,,,,,,,,0.56,182,1.70,1.14
Anthony Averett,2560963,DB,BAL,GB,1,,,,,,,,,,,,,,,,,9.35,183,1.70,-7.65
Henry Black,2563974,DB,GB,@BAL,1,,,,,,,,,,,,,,,,,3.20,184,1.70,-1.5
T.J. Carrie,2550164,DB,IND,NE,1,,,,,,,,,,,,,,,,,3.30,185,1.70,-1.6
Andre Cisco,2566154,DB,JAX,HOU,1,,,,,,,,,,,,,,,,,1.49,186,1.70,0.21
Dane Cruikshank,2561033,DB,TEN,@PIT,1,,,,,,,,,,,,,,,,,2.01,187,1.70,-0.31
J.T. Gray,2561206,DB,NO,@TB,1,,,,,,,,,,,,,,,,,0.98,188,1.70,0.72
Nate Hairston,2558108,DB,DEN,CIN,1,,,,,,,,,,,,,,,,,1.71,189,1.70,-0.01
Jeff Heath,2541832,DB,NO,@TB,1,,,,,,,,,,,,,,,,,0.50,190,1.70,1.2
Shemar Jean-Charles,2566079,DB,GB,@BAL,1,,,,,,,,,,,,,,,,,0.00,191,1.70,1.7
Jaquan Johnson,2562676,DB,BUF,CAR,1,,,,,,,,,,,,,,,,,0.91,192,1.70,0.79
Josh Jones,2558119,DB,SEA,@LA,1,,,,,,,,,,,,,,,,,0.80,193,1.70,0.9
Kelvin Joseph,2566010,DB,DAL,@NYG,1,,,,,,,,,,,,,,,,,1.09,194,1.70,0.61
Miles Killebrew,2555315,DB,PIT,TEN,1,,,,,,,,,,,,,,,,,0.94,195,1.70,0.76
Justin Layne,2562479,DB,PIT,TEN,1,,,,,,,,,,,,,,,,,0.86,196,1.70,0.84
Richard LeCounte III,2565977,DB,CLE,LV,1,,,,,,,,,,,,,,,,,0.00,197,1.70,1.7
Rashaan Melvin,2541200,DB,CAR,@BUF,1,,,,,,,,,,,,,,,,,3.20,198,1.70,-1.5
Tre Norwood,2566463,DB,PIT,TEN,1,,,,,,,,,,,,,,,,,2.85,199,1.70,-1.15
Jason Pinnock,2565753,DB,NYJ,@MIA,1,,,,,,,,,,,,,,,,,1.53,200,1.70,0.17
John Reid,2564088,DB,SEA,@LA,1,,,,,,,,,,,,,,,,,0.94,201,1.70,0.76
Saivion Smith,2562741,DB,DET,ARI,1,,,,,,,,,,,,,,,,,0.95,202,1.70,0.75
Charles Washington,2556703,DB,ARI,@DET,1,,,,,,,,,,,,,,,,,0.54,203,1.70,1.16
Armani Watts,2560921,DB,KC,@LAC,1,,,,,,,,,,,,,,,,,1.83,204,1.70,-0.13
Marco Wilson,2566439,DB,ARI,@DET,1,,,,,,,,,,,,,,,,,8.16,205,1.70,-6.46
Tyrann Mathieu,2540180,DB,KC,@LAC,,2,,,,,,,,,,,,,,,,9.46,206,1.60,-7.86
Jalen Mills,2555383,DB,NE,@IND,,2,,,,,,,,,,,,,,,,6.51,207,1.60,-4.91
Kris Boyd,2562630,DB,MIN,@CHI,,,,,,,1,,,,,,,,,,,1.55,208,1.00,-0.55
Myles Bryant,2564592,DB,NE,@IND,,1,,,,,,,,,,,,,,,,3.65,209,0.80,-2.85
Keion Crossen,2561157,DB,NYG,DAL,,1,,,,,,,,,,,,,,,,0.92,210,0.80,-0.12
Cody Davis,2541135,DB,NE,@IND,,1,,,,,,,,,,,,,,,,0.44,211,0.80,0.36
Matthias Farley,2556429,DB,TEN,@PIT,,1,,,,,,,,,,,,,,,,0.79,212,0.80,0.01
Tre Flowers,2560728,DB,CIN,@DEN,,1,,,,,,,,,,,,,,,,1.54,213,0.80,-0.74
Darren Hall,2565821,DB,ATL,@SF,,1,,,,,,,,,,,,,,,,5.57,214,0.80,-4.77
Deommodore Lenoir,2566535,DB,SF,ATL,,1,,,,,,,,,,,,,,,,1.49,215,0.80,-0.69
Cam Lewis,2563205,DB,BUF,CAR,,1,,,,,,,,,,,,,,,,1.02,216,0.80,-0.22
Kenny Robinson,2563674,DB,CAR,@BUF,,1,,,,,,,,,,,,,,,,1.72,217,0.80,-0.92
Tye Smith,2552449,DB,MIN,@CHI,,1,,,,,,,,,,,,,,,,0.78,218,0.80,0.02
Deionte Thompson,2562760,DB,ARI,@DET,,1,,,,,,,,,,,,,,,,1.20,219,0.80,-0.4
Tavon Young,2555378,DB,BAL,GB,,1,,,,,,,,,,,,,,,,5.87,220,0.80,-5.07
Delrick Abrams,2563464,DB,FA,Bye,,,,,,,,,,,,,,,,,,,221,0.00,
DeMarkus Acy,2565087,DB,PIT,TEN,,,,,,,,,,,,,,,,,,,222,0.00,
Jamal Adams,2557979,DB,SEA,@LA,,,,,,,,,,,,,,,,,,,223,0.00,
Jahleel Addae,2541958,DB,IND,NE,,,,,,,,,,,,,,,,,,1.61,224,0.00,-1.61
Jaire Alexander,2560952,DB,GB,@BAL,,,,,,,,,,,,,,,,,,3.02,225,0.00,-3.02
Robert Alford,2539653,DB,ARI,@DET,,,,,,,,,,,,,,,,,,,226,0.00,
Brian Allen,2558237,DB,CLE,LV,,,,,,,,,,,,,,,,,,1.57,227,0.00,-1.57
Ricardo Allen,2543850,DB,CIN,@DEN,,,,,,,,,,,,,,,,,,1.99,228,0.00,-1.99
Johnathan Alston,2561520,DB,FA,Bye,,,,,,,,,,,,,,,,,,,229,0.00,
Cornell Armstrong,2561147,DB,ATL,@SF,,,,,,,,,,,,,,,,,,0.00,230,0.00,0.0
Damon Arnette,2564409,DB,MIA,NYJ,,,,,,,,,,,,,,,,,,0.00,231,0.00,0.0
Grayland Arnold,2564814,DB,HOU,@JAX,,,,,,,,,,,,,,,,,,,232,0.00,
Jaytlin Askew,2566656,DB,FA,Bye,,,,,,,,,,,,,,,,,,,233,0.00,
Chidobe Awuzie,2557840,DB,CIN,@DEN,,,,,,,,,,,,,,,,,,0.00,234,0.00,0.0
Corey Ballentine,2562228,DB,DET,ARI,,,,,,,,,,,,,,,,,,0.00,235,0.00,0.0
Chris Banjo,2541192,DB,ARI,@DET,,,,,,,,,,,,,,,,,,0.81,236,0.00,-0.81
Luq Barcoo,2564160,DB,SF,ATL,,,,,,,,,,,,,,,,,,0.00,237,0.00,0.0
Essang Bassey,2563875,DB,FA,Bye,,,,,,,,,,,,,,,,,,,238,0.00,
DeVante Bausby,2553790,DB,NE,@IND,,,,,,,,,,,,,,,,,,0.00,239,0.00,0.0
Sam Beal,2561643,DB,FA,Bye,,,,,,,,,,,,,,,,,,,240,0.00,
Elijah Benton,2563758,DB,FA,Bye,,,,,,,,,,,,,,,,,,,241,0.00,
Justin Bethel,2532792,DB,NE,@IND,,,,,,,,,,,,,,,,,,0.68,242,0.00,-0.68
Julian Blackmon,2564103,DB,IND,NE,,,,,,,,,,,,,,,,,,,243,0.00,
Marquise Blair,2562233,DB,SEA,@LA,,,,,,,,,,,,,,,,,,,244,0.00,
Joshuah Bledsoe,2566331,DB,NE,@IND,,,,,,,,,,,,,,,,,,,245,0.00,
Briean Boddy-Calhoun,2556475,DB,TEN,@PIT,,,,,,,,,,,,,,,,,,0.00,246,0.00,0.0
Terrell Bonds,2563136,DB,FA,Bye,,,,,,,,,,,,,,,,,,,247,0.00,
Breon Borders,2559015,DB,ARI,@DET,,,,,,,,,,,,,,,,,,0.00,248,0.00,0.0
Tre Boston,2543830,DB,FA,Bye,,,,,,,,,,,,,,,,,,,249,0.00,
A.J. Bouye,2541162,DB,CAR,@BUF,,,,,,,,,,,,,,,,,,,250,0.00,
John Brannon,2565018,DB,CIN,@DEN,,,,,,,,,,,,,,,,,,0.00,251,0.00,0.0
Bashaud Breeland,2543571,DB,ARI,@DET,,,,,,,,,,,,,,,,,,0.00,252,0.00,0.0
Antoine Brooks Jr.,2564967,DB,LA,SEA,,,,,,,,,,,,,,,,,,0.00,253,0.00,0.0
Terrence Brooks,2543712,DB,HOU,@JAX,,,,,,,,,,,,,,,,,,0.00,254,0.00,0.0
Jordan Brown,2562396,DB,LV,@CLE,,,,,,,,,,,,,,,,,,0.00,255,0.00,0.0
Shakur Brown,2565774,DB,FA,Bye,,,,,,,,,,,,,,,,,,,256,0.00,
Tony Brown,2560982,DB,LV,@CLE,,,,,,,,,,,,,,,,,,0.00,257,0.00,0.0
Tre Brown,2566550,DB,SEA,@LA,,,,,,,,,,,,,,,,,,,258,0.00,
Terrell Burgess,2564331,DB,LA,SEA,,,,,,,,,,,,,,,,,,0.00,259,0.00,0.0
Artie Burns,2555344,DB,CHI,MIN,,,,,,,,,,,,,,,,,,0.00,260,0.00,0.0
Eric Burrell,2565696,DB,FA,Bye,,,,,,,,,,,,,,,,,,,261,0.00,
Deante Burton,2559109,DB,FA,Bye,,,,,,,,,,,,,,,,,,,262,0.00,
Malcolm Butler,2550613,DB,FA,Bye,,,,,,,,,,,,,,,,,,,263,0.00,
Camryn Bynum,2566295,DB,MIN,@CHI,,,,,,,,,,,,,,,,,,1.25,264,0.00,-1.25
Elijah Campbell,2561455,DB,MIA,NYJ,,,,,,,,,,,,,,,,,,,265,0.00,
Ibraheim Campbell,2552605,DB,IND,NE,,,,,,,,,,,,,,,,,,,266,0.00,
Maurice Canady,2555178,DB,DAL,@NYG,,,,,,,,,,,,,,,,,,0.00,267,0.00,0.0
Jamal Carter,2559321,DB,TEN,@PIT,,,,,,,,,,,,,,,,,,,268,0.00,
Andre Chachere,2561016,DB,PHI,WAS,,,,,,,,,,,,,,,,,,0.97,269,0.00,-0.97
Anthony Chesley,2563235,DB,IND,NE,,,,,,,,,,,,,,,,,,0.00,270,0.00,0.0
Patrick Chung,71251,DB,FA,Bye,,,,,,,,,,,,,,,,,,,271,0.00,
Chuck Clark,2558248,DB,BAL,GB,,,,,,,,,,,,,,,,,,0.00,272,0.00,0.0
Chris Claybrooks,2564169,DB,JAX,HOU,,,,,,,,,,,,,,,,,,1.17,273,0.00,-1.17
Ross Cockrell,2543799,DB,TB,NO,,,,,,,,,,,,,,,,,,4.40,274,0.00,-4.4
Adrian Colbert,2558857,DB,CLE,LV,,,,,,,,,,,,,,,,,,0.00,275,0.00,0.0
Chris Cooper,2561429,DB,FA,Bye,,,,,,,,,,,,,,,,,,,276,0.00,
Shaun Crawford,2565642,DB,FA,Bye,,,,,,,,,,,,,,,,,,,277,0.00,
Xavier Crawford,2562515,DB,CHI,MIN,,,,,,,,,,,,,,,,,,,278,0.00,
Ken Crawley,2556735,DB,NO,@TB,,,,,,,,,,,,,,,,,,0.00,279,0.00,0.0
Kamren Curl,2565270,DB,WAS,@PHI,,,,,,,,,,,,,,,,,,0.00,280,0.00,0.0
Jordan Dangerfield,2541696,DB,FA,Bye,,,,,,,,,,,,,,,,,,,281,0.00,
DJ Daniel,2566653,DB,NE,@IND,,,,,,,,,,,,,,,,,,0.00,282,0.00,0.0
Jalen Davis,2561316,DB,CIN,@DEN,,,,,,,,,,,,,,,,,,1.30,283,0.00,-1.3
Javaris Davis,2564265,DB,MIA,NYJ,,,,,,,,,,,,,,,,,,0.00,284,0.00,0.0
Sean Davis,2555386,DB,NE,@IND,,,,,,,,,,,,,,,,,,0.00,285,0.00,0.0
Shawn Davis,2565597,DB,GB,@BAL,,,,,,,,,,,,,,,,,,0.00,286,0.00,0.0
Duke Dawson,2561040,DB,DEN,CIN,,,,,,,,,,,,,,,,,,,287,0.00,
Jamel Dean,2562556,DB,TB,NO,,,,,,,,,,,,,,,,,,0.00,288,0.00,0.0
Grant Delpit,2563773,DB,CLE,LV,,,,,,,,,,,,,,,,,,0.00,289,0.00,0.0
Stephen Denmark,2562874,DB,FA,Bye,,,,,,,,,,,,,,,,,,,290,0.00,
Darqueze Dennard,2543474,DB,SF,ATL,,,,,,,,,,,,,,,,,,0.00,291,0.00,0.0
Khalil Dorsey,2565336,DB,BAL,GB,,,,,,,,,,,,,,,,,,,292,0.00,
Quinton Dunbar,2553796,DB,FA,Bye,,,,,,,,,,,,,,,,,,,293,0.00,
Isaiah Dunn,2565720,DB,NYJ,@MIA,,,,,,,,,,,,,,,,,,0.00,294,0.00,0.0
Nate Ebner,2535132,DB,NYG,DAL,,,,,,,,,,,,,,,,,,,295,0.00,
Mike Edwards,2562259,DB,TB,NO,,,,,,,,,,,,,,,,,,0.00,296,0.00,0.0
Corn Elder,2558171,DB,WAS,@PHI,,,,,,,,,,,,,,,,,,0.92,297,0.00,-0.92
DeShon Elliott,2560715,DB,BAL,GB,,,,,,,,,,,,,,,,,,,298,0.00,
Tino Ellis,2564670,DB,FA,Bye,,,,,,,,,,,,,,,,,,,299,0.00,
Deshazor Everett,2553710,DB,WAS,@PHI,,,,,,,,,,,,,,,,,,6.76,300,0.00,-6.76
Caleb Farley,2566106,DB,TEN,@PIT,,,,,,,,,,,,,,,,,,,301,0.00,
Mark Fields,2562442,DB,FA,Bye,,,,,,,,,,,,,,,,,,,302,0.00,
Mike Ford,2561527,DB,DEN,CIN,,,,,,,,,,,,,,,,,,1.27,303,0.00,-1.27
Paris Ford,2566205,DB,FA,Bye,,,,,,,,,,,,,,,,,,,304,0.00,
Darrick Forrest,2566598,DB,WAS,@PHI,,,,,,,,,,,,,,,,,,0.00,305,0.00,0.0
Sam Franklin,2563638,DB,CAR,@BUF,,,,,,,,,,,,,,,,,,0.76,306,0.00,-0.76
Kavon Frazier,2555536,DB,LV,@CLE,,,,,,,,,,,,,,,,,,0.00,307,0.00,0.0
Jordan Fuller,2564340,DB,LA,SEA,,,,,,,,,,,,,,,,,,,308,0.00,
Kendall Fuller,2555349,DB,WAS,@PHI,,,,,,,,,,,,,,,,,,0.00,309,0.00,0.0
Kyle Fuller,2543681,DB,DEN,CIN,,,,,,,,,,,,,,,,,,4.05,310,0.00,-4.05
Innis Gaines,2565591,DB,GB,@BAL,,,,,,,,,,,,,,,,,,0.00,311,0.00,0.0
Phillip Gaines,2543851,DB,FA,Bye,,,,,,,,,,,,,,,,,,,312,0.00,
Rashaan Gaulden,2560775,DB,FA,Bye,,,,,,,,,,,,,,,,,,,313,0.00,
Jake Gervase,2563306,DB,LA,SEA,,,,,,,,,,,,,,,,,,0.00,314,0.00,0.0
Mark Gilbert,2565783,DB,DET,ARI,,,,,,,,,,,,,,,,,,0.00,315,0.00,0.0
Tyree Gillespie,2566256,DB,LV,@CLE,,,,,,,,,,,,,,,,,,0.00,316,0.00,0.0
Alohi Gilman,2565042,DB,LAC,KC,,,,,,,,,,,,,,,,,,0.00,317,0.00,0.0
Tashaun Gipson,2532848,DB,CHI,MIN,,,,,,,,,,,,,,,,,,0.00,318,0.00,0.0
Jeff Gladney,2564541,DB,FA,Bye,,,,,,,,,,,,,,,,,,,319,0.00,
C.J. Goodwin,2550767,DB,DAL,@NYG,,,,,,,,,,,,,,,,,,0.57,320,0.00,-0.57
Tay Gowan,2566427,DB,PHI,WAS,,,,,,,,,,,,,,,,,,0.00,321,0.00,0.0
A.J. Green,2563782,DB,CLE,LV,,,,,,,,,,,,,,,,,,0.00,322,0.00,0.0
T.J. Green,2555537,DB,HOU,@JAX,,,,,,,,,,,,,,,,,,2.57,323,0.00,-2.57
Raven Greene,2561207,DB,FA,Bye,,,,,,,,,,,,,,,,,,,324,0.00,
Olaijah Griffin,2566635,DB,BUF,CAR,,,,,,,,,,,,,,,,,,0.00,325,0.00,0.0
Javon Hagan,2565219,DB,ARI,@DET,,,,,,,,,,,,,,,,,,0.00,326,0.00,0.0
Kemon Hall,2562975,DB,LAC,KC,,,,,,,,,,,,,,,,,,0.91,327,0.00,-0.91
Tyler Hall,2563497,DB,LA,SEA,,,,,,,,,,,,,,,,,,0.00,328,0.00,0.0
Damar Hamlin,2565872,DB,BUF,CAR,,,,,,,,,,,,,,,,,,0.96,329,0.00,-0.96
Saquan Hampton,2562658,DB,FA,Bye,,,,,,,,,,,,,,,,,,,330,0.00,
Harrison Hand,2564547,DB,MIN,@CHI,,,,,,,,,,,,,,,,,,0.63,331,0.00,-0.63
Justin Hardee,2559181,DB,NYJ,@MIA,,,,,,,,,,,,,,,,,,0.00,332,0.00,0.0
Vernon Hargreaves III,2555299,DB,CIN,@DEN,,,,,,,,,,,,,,,,,,0.00,333,0.00,0.0
Madre Harper,2564421,DB,CAR,@BUF,,,,,,,,,,,,,,,,,,0.00,334,0.00,0.0
Anthony Harris,2553655,DB,PHI,WAS,,,,,,,,,,,,,,,,,,7.93,335,0.00,-7.93
Brontae Harris,2566217,DB,FA,Bye,,,,,,,,,,,,,,,,,,,336,0.00,
Erik Harris,2555568,DB,ATL,@SF,,,,,,,,,,,,,,,,,,,337,0.00,
Tim Harris,2562949,DB,BUF,CAR,,,,,,,,,,,,,,,,,,0.00,338,0.00,0.0
Ronnie Harrison,2561008,DB,CLE,LV,,,,,,,,,,,,,,,,,,0.00,339,0.00,0.0
J.T. Hassell,2563045,DB,FA,Bye,,,,,,,,,,,,,,,,,,,340,0.00,
Trayvon Henderson,2561339,DB,CIN,@DEN,,,,,,,,,,,,,,,,,,0.00,341,0.00,0.0
Tre Herndon,2561340,DB,JAX,HOU,,,,,,,,,,,,,,,,,,1.56,342,0.00,-1.56
Gavin Heslop,2565156,DB,SEA,@LA,,,,,,,,,,,,,,,,,,,343,0.00,
Troy Hill,2553536,DB,CLE,LV,,,,,,,,,,,,,,,,,,0.00,344,0.00,0.0
Nate Hobbs,2566259,DB,LV,@CLE,,,,,,,,,,,,,,,,,,0.00,345,0.00,0.0
Alijah Holder,2562572,DB,FA,Bye,,,,,,,,,,,,,,,,,,,346,0.00,
Jevon Holland,2566283,DB,MIA,NYJ,,,,,,,,,,,,,,,,,,0.00,347,0.00,0.0
Nate Holley,2561627,DB,FA,Bye,,,,,,,,,,,,,,,,,,,348,0.00,
Ka'dar Hollman,2562940,DB,NYG,DAL,,,,,,,,,,,,,,,,,,,349,0.00,
Darnay Holmes,2564739,DB,NYG,DAL,,,,,,,,,,,,,,,,,,,350,0.00,
Jaycee Horn,2565893,DB,CAR,@BUF,,,,,,,,,,,,,,,,,,,351,0.00,
Jameson Houston,2563791,DB,FA,Bye,,,,,,,,,,,,,,,,,,,352,0.00,
DeAndre Houston-Carson,2555381,DB,CHI,MIN,,,,,,,,,,,,,,,,,,,353,0.00,
Talanoa Hufanga,2566529,DB,SF,ATL,,,,,,,,,,,,,,,,,,3.53,354,0.00,-3.53
JuJu Hughes,2564352,DB,FA,Bye,,,,,,,,,,,,,,,,,,,355,0.00,
Marlon Humphrey,2558067,DB,BAL,GB,,,,,,,,,,,,,,,,,,,356,0.00,
J.T. Ibe,2565570,DB,FA,Bye,,,,,,,,,,,,,,,,,,,357,0.00,
Noah Igbinoghene,2564457,DB,MIA,NYJ,,,,,,,,,,,,,,,,,,0.99,358,0.00,-0.99
Adoree' Jackson,2558065,DB,NYG,DAL,,,,,,,,,,,,,,,,,,0.00,359,0.00,0.0
Bennett Jackson,2543834,DB,FA,Bye,,,,,,,,,,,,,,,,,,,360,0.00,
Chris Jackson,2564049,DB,TEN,@PIT,,,,,,,,,,,,,,,,,,0.00,361,0.00,0.0
Donte Jackson,2560753,DB,CAR,@BUF,,,,,,,,,,,,,,,,,,,362,0.00,
Eddie Jackson,2558176,DB,CHI,MIN,,,,,,,,,,,,,,,,,,0.00,363,0.00,0.0
Josh Jackson,2560755,DB,KC,@LAC,,,,,,,,,,,,,,,,,,0.00,364,0.00,0.0
Lamar Jackson,2565513,DB,NYJ,@MIA,,,,,,,,,,,,,,,,,,0.00,365,0.00,0.0
Mike Jackson,2562434,DB,SEA,@LA,,,,,,,,,,,,,,,,,,0.00,366,0.00,0.0
Michael Jacquet,2564835,DB,JAX,HOU,,,,,,,,,,,,,,,,,,0.00,367,0.00,0.0
Natrell Jamerson,2560759,DB,NYG,DAL,,,,,,,,,,,,,,,,,,0.00,368,0.00,0.0
Craig James,2561486,DB,PHI,WAS,,,,,,,,,,,,,,,,,,0.00,369,0.00,0.0
Janoris Jenkins,2532875,DB,TEN,@PIT,,,,,,,,,,,,,,,,,,0.00,370,0.00,0.0
Rayshawn Jenkins,2558182,DB,JAX,HOU,,,,,,,,,,,,,,,,,,,371,0.00,
Dontae Johnson,2543739,DB,SF,ATL,,,,,,,,,,,,,,,,,,6.53,372,0.00,-6.53
Isaiah Johnson,2562675,DB,FA,Bye,,,,,,,,,,,,,,,,,,,373,0.00,
Jamar Johnson,2566031,DB,DEN,CIN,,,,,,,,,,,,,,,,,,1.89,374,0.00,-1.89
Jaylon Johnson,2563701,DB,CHI,MIN,,,,,,,,,,,,,,,,,,0.00,375,0.00,0.0
Kevin Johnson,2552261,DB,FA,Bye,,,,,,,,,,,,,,,,,,,376,0.00,
Chris Jones,2560767,DB,TEN,@PIT,,,,,,,,,,,,,,,,,,2.37,377,0.00,-2.37
Jonathan Jones,2556571,DB,NE,@IND,,,,,,,,,,,,,,,,,,,378,0.00,
Karl Joseph,2555342,DB,PIT,TEN,,,,,,,,,,,,,,,,,,0.00,379,0.00,0.0
Lamarcus Joyner,2543492,DB,NYJ,@MIA,,,,,,,,,,,,,,,,,,,380,0.00,
Jalen Julius,2564289,DB,FA,Bye,,,,,,,,,,,,,,,,,,,381,0.00,
Joshua Kalu,2560776,DB,NYG,DAL,,,,,,,,,,,,,,,,,,,382,0.00,
Bopete Keyes,2564292,DB,CHI,MIN,,,,,,,,,,,,,,,,,,0.99,383,0.00,-0.99
Luther Kirk,2565304,DB,ATL,@SF,,,,,,,,,,,,,,,,,,0.00,384,0.00,0.0
Dre Kirkpatrick,2533060,DB,FA,Bye,,,,,,,,,,,,,,,,,,,385,0.00,
Chris Lammons,2561226,DB,KC,@LAC,,,,,,,,,,,,,,,,,,,386,0.00,
Nevin Lawson,2543872,DB,JAX,HOU,,,,,,,,,,,,,,,,,,0.00,387,0.00,0.0
Donnie Lewis,2562910,DB,FA,Bye,,,,,,,,,,,,,,,,,,,388,0.00,
Zane Lewis,2564928,DB,NYJ,@MIA,,,,,,,,,,,,,,,,,,0.00,389,0.00,0.0
P.J. Locke,2563012,DB,DEN,CIN,,,,,,,,,,,,,,,,,,0.00,390,0.00,0.0
Jordan Lucas,2555542,DB,FA,Bye,,,,,,,,,,,,,,,,,,,391,0.00,
Cole Luke,2558968,DB,FA,Bye,,,,,,,,,,,,,,,,,,,392,0.00,
Dylan Mabin,2563029,DB,NO,@TB,,,,,,,,,,,,,,,,,,0.00,393,0.00,0.0
Iman Marshall,2562961,DB,BAL,GB,,,,,,,,,,,,,,,,,,0.00,394,0.00,0.0
Marcus Maye,2557995,DB,NYJ,@MIA,,,,,,,,,,,,,,,,,,,395,0.00,
Nick McCloud,2566638,DB,BUF,CAR,,,,,,,,,,,,,,,,,,0.00,396,0.00,0.0
Jason McCourty,89756,DB,MIA,NYJ,,,,,,,,,,,,,,,,,,,397,0.00,
Bradley McDougald,2539243,DB,JAX,HOU,,,,,,,,,,,,,,,,,,0.00,398,0.00,0.0
Sherrick McManis,494289,DB,FA,Bye,,,,,,,,,,,,,,,,,,,399,0.00,
Zech McPhearson,2566406,DB,PHI,WAS,,,,,,,,,,,,,,,,,,3.13,400,0.00,-3.13
Torry McTyer,2559053,DB,WAS,@PHI,,,,,,,,,,,,,,,,,,,401,0.00,
Quenton Meeks,2560808,DB,FA,Bye,,,,,,,,,,,,,,,,,,,402,0.00,
Ifeatu Melifonwu,2566064,DB,DET,ARI,,,,,,,,,,,,,,,,,,2.45,403,0.00,-2.45
Josh Metellus,2564568,DB,MIN,@CHI,,,,,,,,,,,,,,,,,,0.80,404,0.00,-0.8
Doug Middleton,2556617,DB,SF,ATL,,,,,,,,,,,,,,,,,,0.00,405,0.00,0.0
Herb Miller,2563153,DB,CLE,LV,,,,,,,,,,,,,,,,,,0.59,406,0.00,-0.59
Jordan Miller,2562497,DB,NO,@TB,,,,,,,,,,,,,,,,,,0.00,407,0.00,0.0
Chris Milton,2556394,DB,MIA,NYJ,,,,,,,,,,,,,,,,,,0.00,408,0.00,0.0
Terrance Mitchell,2543637,DB,HOU,@JAX,,,,,,,,,,,,,,,,,,0.00,409,0.00,0.0
Joshua Moon,2563265,DB,FA,Bye,,,,,,,,,,,,,,,,,,,410,0.00,
A.J. Moore,2561538,DB,HOU,@JAX,,,,,,,,,,,,,,,,,,0.00,411,0.00,0.0
Tarvarius Moore,2561117,DB,SF,ATL,,,,,,,,,,,,,,,,,,,412,0.00,
Jimmy Moreland,2562858,DB,HOU,@JAX,,,,,,,,,,,,,,,,,,0.00,413,0.00,0.0
TJ Morrison,2565651,DB,FA,Bye,,,,,,,,,,,,,,,,,,,414,0.00,
Emmanuel Moseley,2561072,DB,SF,ATL,,,,,,,,,,,,,,,,,,0.00,415,0.00,0.0
Parnell Motley,2565237,DB,DET,ARI,,,,,,,,,,,,,,,,,,0.00,416,0.00,0.0
Israel Mukuamu,2566013,DB,DAL,@NYG,,,,,,,,,,,,,,,,,,,417,0.00,
Trayvon Mullen,2562380,DB,LV,@CLE,,,,,,,,,,,,,,,,,,,418,0.00,
Kai Nacua,2559220,DB,NYJ,@MIA,,,,,,,,,,,,,,,,,,0.00,419,0.00,0.0
Siran Neal,2560818,DB,BUF,CAR,,,,,,,,,,,,,,,,,,0.90,420,0.00,-0.9
Nick Nelson,2560819,DB,IND,NE,,,,,,,,,,,,,,,,,,,421,0.00,
Picasso Nelson,2563002,DB,FA,Bye,,,,,,,,,,,,,,,,,,,422,0.00,
Greg Newsome II,2565980,DB,CLE,LV,,,,,,,,,,,,,,,,,,0.00,423,0.00,0.0
Michael Ojemudia,2563908,DB,DEN,CIN,,,,,,,,,,,,,,,,,,0.00,424,0.00,0.0
Jeff Okudah,2563944,DB,DET,ARI,,,,,,,,,,,,,,,,,,,425,0.00,
Isaiah Oliver,2560830,DB,ATL,@SF,,,,,,,,,,,,,,,,,,,426,0.00,
Kareem Orr,2563274,DB,LA,SEA,,,,,,,,,,,,,,,,,,0.00,427,0.00,0.0
Steven Parker,2561256,DB,NYG,DAL,,,,,,,,,,,,,,,,,,0.76,428,0.00,-0.76
Will Parks,2556278,DB,NYJ,@MIA,,,,,,,,,,,,,,,,,,0.00,429,0.00,0.0
Jabrill Peppers,2557980,DB,NYG,DAL,,,,,,,,,,,,,,,,,,,430,0.00,
Jomal Wiltz,2559283,DB,MIA,NYJ,,,,,,,,,,,,,,,,,,,431,0.00,
Jordyn Peters,2565750,DB,FA,Bye,,,,,,,,,,,,,,,,,,,432,0.00,
Marcus Peters,2552488,DB,BAL,GB,,,,,,,,,,,,,,,,,,,433,0.00,
Kevin Peterson,2556764,DB,ARI,@DET,,,,,,,,,,,,,,,,,,0.86,434,0.00,-0.86
Darius Phillips,2560839,DB,CIN,@DEN,,,,,,,,,,,,,,,,,,,435,0.00,
Brian Poole,2556445,DB,IND,NE,,,,,,,,,,,,,,,,,,0.00,436,0.00,0.0
Bobby Price,2563953,DB,DET,ARI,,,,,,,,,,,,,,,,,,0.00,437,0.00,0.0
Troy Pride,2563662,DB,CAR,@BUF,,,,,,,,,,,,,,,,,,,438,0.00,
Glover Quin,71441,DB,FA,Bye,,,,,,,,,,,,,,,,,,,439,0.00,
Damarious Randall,2552389,DB,FA,Bye,,,,,,,,,,,,,,,,,,,440,0.00,
Will Redmond,2555545,DB,IND,NE,,,,,,,,,,,,,,,,,,0.00,441,0.00,0.0
Sheldrick Redwine,2562711,DB,MIA,NYJ,,,,,,,,,,,,,,,,,,1.08,442,0.00,-1.08
D.J. Reed,2560850,DB,SEA,@LA,,,,,,,,,,,,,,,,,,0.00,443,0.00,0.0
J.R. Reed,2564220,DB,NYG,DAL,,,,,,,,,,,,,,,,,,0.00,444,0.00,0.0
Justin Reid,2560851,DB,HOU,@JAX,,,,,,,,,,,,,,,,,,0.00,445,0.00,0.0
Jordan Richards,2552392,DB,BAL,GB,,,,,,,,,,,,,,,,,,0.00,446,0.00,0.0
Amik Robertson,2564430,DB,LV,@CLE,,,,,,,,,,,,,,,,,,2.08,447,0.00,-2.08
Nickell Robey-Coleman,2540197,DB,DET,ARI,,,,,,,,,,,,,,,,,,4.79,448,0.00,-4.79
Aaron Robinson,2566370,DB,NYG,DAL,,,,,,,,,,,,,,,,,,0.00,449,0.00,0.0
Patrick Robinson,2508084,DB,FA,Bye,,,,,,,,,,,,,,,,,,,450,0.00,
Rashard Robinson,2555546,DB,TB,NO,,,,,,,,,,,,,,,,,,0.80,451,0.00,-0.8
Reggie Robinson II,2563863,DB,DAL,@NYG,,,,,,,,,,,,,,,,,,,452,0.00,
Tyree Robinson,2561519,DB,FA,Bye,,,,,,,,,,,,,,,,,,,453,0.00,
Robert Rochell,2566241,DB,LA,SEA,,,,,,,,,,,,,,,,,,,454,0.00,
Winston Rose,2556670,DB,FA,Bye,,,,,,,,,,,,,,,,,,,455,0.00,
D'Angelo Ross,2563057,DB,NE,@IND,,,,,,,,,,,,,,,,,,0.00,456,0.00,0.0
Brandon Rusnak,2562912,DB,JAX,HOU,,,,,,,,,,,,,,,,,,0.00,457,0.00,0.0
KeiVarae Russell,2555547,DB,NO,@TB,,,,,,,,,,,,,,,,,,0.00,458,0.00,0.0
Asante Samuel Jr.,2566511,DB,LAC,KC,,,,,,,,,,,,,,,,,,0.00,459,0.00,0.0
Stanford Samuels III,2564022,DB,FA,Bye,,,,,,,,,,,,,,,,,,,460,0.00,
Vernon Scott,2564028,DB,GB,@BAL,,,,,,,,,,,,,,,,,,0.00,461,0.00,0.0
Kendall Sheffield,2562730,DB,ATL,@SF,,,,,,,,,,,,,,,,,,0.93,462,0.00,-0.93
Duke Shelley,2562957,DB,CHI,MIN,,,,,,,,,,,,,,,,,,0.00,463,0.00,0.0
Richard Sherman,2495507,DB,TB,NO,,,,,,,,,,,,,,,,,,,464,0.00,
Jamien Sherwood,2565762,DB,NYJ,@MIA,,,,,,,,,,,,,,,,,,,465,0.00,
LeShaun Sims,2555551,DB,FA,Bye,,,,,,,,,,,,,,,,,,,466,0.00,
Kemah Siverand,2565189,DB,FA,Bye,,,,,,,,,,,,,,,,,,,467,0.00,
Jimmy Smith,2508107,DB,BAL,GB,,,,,,,,,,,,,,,,,,0.00,468,0.00,0.0
Maurice Smith,2559058,DB,FA,Bye,,,,,,,,,,,,,,,,,,,469,0.00,
Ryan Smith,2555552,DB,LAC,KC,,,,,,,,,,,,,,,,,,,470,0.00,
L'Jarius Sneed,2564304,DB,KC,@LAC,,,,,,,,,,,,,,,,,,0.00,471,0.00,0.0
Benjamin St-Juste,2566604,DB,WAS,@PHI,,,,,,,,,,,,,,,,,,,472,0.00,
Linden Stephens,2561277,DB,PIT,TEN,,,,,,,,,,,,,,,,,,0.00,473,0.00,0.0
Caden Sterns,2566040,DB,DEN,CIN,,,,,,,,,,,,,,,,,,0.00,474,0.00,0.0
JaCoby Stevens,2566412,DB,PHI,WAS,,,,,,,,,,,,,,,,,,0.00,475,0.00,0.0
Donovan Stiner,2565795,DB,PIT,TEN,,,,,,,,,,,,,,,,,,0.00,476,0.00,0.0
Corey Straughter,2565636,DB,FA,Bye,,,,,,,,,,,,,,,,,,,477,0.00,
Greg Stroman,2560886,DB,FA,Bye,,,,,,,,,,,,,,,,,,,478,0.00,
D.J. Swearinger,2539943,DB,IND,NE,,,,,,,,,,,,,,,,,,0.00,479,0.00,0.0
Cordrea Tankersley,2557931,DB,FA,Bye,,,,,,,,,,,,,,,,,,,480,0.00,
Keith Taylor,2565911,DB,CAR,@BUF,,,,,,,,,,,,,,,,,,7.43,481,0.00,-7.43
Shakial Taylor,2563129,DB,FA,Bye,,,,,,,,,,,,,,,,,,,482,0.00,
Roderic Teamer,2562981,DB,LV,@CLE,,,,,,,,,,,,,,,,,,2.69,483,0.00,-2.69
Marvell Tell,2562757,DB,IND,NE,,,,,,,,,,,,,,,,,,,484,0.00,
Josh Thomas,2565387,DB,BUF,CAR,,,,,,,,,,,,,,,,,,0.00,485,0.00,0.0
Stantley Thomas-Oliver,2563689,DB,CAR,@BUF,,,,,,,,,,,,,,,,,,0.00,486,0.00,0.0
Darian Thompson,2555154,DB,DAL,@NYG,,,,,,,,,,,,,,,,,,1.49,487,0.00,-1.49
Tariq Thompson,2566644,DB,FA,Bye,,,,,,,,,,,,,,,,,,,488,0.00,
Desmond Trufant,2539334,DB,LV,@CLE,,,,,,,,,,,,,,,,,,1.12,489,0.00,-1.12
Kenny Vaccaro,2539320,DB,FA,Bye,,,,,,,,,,,,,,,,,,,490,0.00,
Donte Vaughn,2565084,DB,FA,Bye,,,,,,,,,,,,,,,,,,,491,0.00,
Jason Verrett,2543493,DB,SF,ATL,,,,,,,,,,,,,,,,,,,492,0.00,
Kary Vincent Jr.,2566046,DB,PHI,WAS,,,,,,,,,,,,,,,,,,0.00,493,0.00,0.0
Lamont Wade,2565798,DB,FA,Bye,,,,,,,,,,,,,,,,,,,494,0.00,
Shaun Wade,2565854,DB,NE,@IND,,,,,,,,,,,,,,,,,,2.14,495,0.00,-2.14
Tracy Walker III,2560913,DB,DET,ARI,,,,,,,,,,,,,,,,,,0.00,496,0.00,0.0
K'Von Wallace,2564871,DB,PHI,WAS,,,,,,,,,,,,,,,,,,0.70,497,0.00,-0.7
Nigel Warrior,2563590,DB,SEA,@LA,,,,,,,,,,,,,,,,,,0.00,498,0.00,0.0
Ar'Darius Washington,2566632,DB,BAL,GB,,,,,,,,,,,,,,,,,,,499,0.00,
Keith Washington,2564706,DB,FA,Bye,,,,,,,,,,,,,,,,,,,500,0.00,
Jaylen Watkins,2543707,DB,FA,Bye,,,,,,,,,,,,,,,,,,,501,0.00,
Mark Webb,2566523,DB,LAC,KC,,,,,,,,,,,,,,,,,,,502,0.00,
Chris Westry,2562902,DB,BAL,GB,,,,,,,,,,,,,,,,,,0.00,503,0.00,0.0
Brendon White,2565765,DB,FA,Bye,,,,,,,,,,,,,,,,,,,504,0.00,
Tre'Davious White,2557867,DB,BUF,CAR,,,,,,,,,,,,,,,,,,,505,0.00,
Jace Whittaker,2564955,DB,ARI,@DET,,,,,,,,,,,,,,,,,,0.00,506,0.00,0.0
Chris Wilcox,2566577,DB,IND,NE,,,,,,,,,,,,,,,,,,0.00,507,0.00,0.0
Rachad Wildgoose,2565881,DB,NYJ,@MIA,,,,,,,,,,,,,,,,,,1.86,508,0.00,-1.86
LaDarius Wiley,2563280,DB,FA,Bye,,,,,,,,,,,,,,,,,,,509,0.00,
Avery Williams,2565833,DB,ATL,@SF,,,,,,,,,,,,,,,,,,1.17,510,0.00,-1.17
Joejuan Williams,2562787,DB,NE,@IND,,,,,,,,,,,,,,,,,,0.00,511,0.00,0.0
Rodarius Williams,2566379,DB,NYG,DAL,,,,,,,,,,,,,,,,,,,512,0.00,
Trill Williams,2565714,DB,MIA,NYJ,,,,,,,,,,,,,,,,,,0.00,513,0.00,0.0
Chris Williamson,2564784,DB,FA,Bye,,,,,,,,,,,,,,,,,,,514,0.00,
Brandon Wilson,2558786,DB,CIN,@DEN,,,,,,,,,,,,,,,,,,,515,0.00,
Donovan Wilson,2562604,DB,DAL,@NYG,,,,,,,,,,,,,,,,,,0.00,516,0.00,0.0
Jarrod Wilson,2556711,DB,SF,ATL,,,,,,,,,,,,,,,,,,0.89,517,0.00,-0.89
Quincy Wilson,2557961,DB,FA,Bye,,,,,,,,,,,,,,,,,,,518,0.00,
Tavon Wilson,2534830,DB,SF,ATL,,,,,,,,,,,,,,,,,,,519,0.00,
Antoine Winfield Jr.,2565261,DB,TB,NO,,,,,,,,,,,,,,,,,,0.00,520,0.00,0.0
Daryl Worley,2555394,DB,BAL,GB,,,,,,,,,,,,,,,,,,0.00,521,0.00,0.0
Blidi Wreh-Wilson,2539219,DB,TB,NO,,,,,,,,,,,,,,,,,,1.75,522,0.00,-1.75
Nahshon Wright,2566022,DB,DAL,@NYG,,,,,,,,,,,,,,,,,,0.00,523,0.00,0.0
Isaac Yiadom,2560946,DB,GB,@BAL,,,,,,,,,,,,,,,,,,0.72,524,0.00,-0.72
Clayton Fejedelem,2555355,DB,MIA,NYJ,,,,,,,,,,,,,,,,,-3,0.51,525,-2.10,-2.61
