PlayerName,PlayerId,Pos,Team,PlayerOpponent,TacklesTot,TacklesAst,TacklesSck,TacklesTfl,TurnoverInt,TurnoverFrcFum,TurnoverFumRec,ScoreIntTd,ScoreFumTd,ScoreBlkTd,ScoreSaf,ScoreDef2ptRet,Blk,PDef,QBHit,ReturnIntYds,ReturnFumYds,PlayerWeekProjectedPts,Rank,TotalPoints,ProjectionDiff
D.J. Wonnum,2564583,DL,MIN,@CHI,7,1,3,2,,1,,,,,,,,,4,,,5.37,1,27.20,21.83
Charles Harris,2558001,DL,DET,ARI,7,5,1.5,3,,,,,,,,,,,2,,,6.55,2,24.40,17.85
Cameron Jordan,2495184,DL,NO,@TB,5,,2,2,,1,,,,,,,,,3,,,5.95,3,20.50,14.55
Carlos Dunlap,496780,DL,SEA,@LA,4,,3,3,,,,,,,,,,,3,,,2.46,4,18.80,16.34
Christian Wilkins,2562782,DL,MIA,NYJ,2,5,,1,,,,,,,,,,1,,,,5.44,5,18.00,12.56
Yetur Gross-Matos,2563641,DL,CAR,@BUF,2,3,2.5,1,,1,,,,,,,,,3,,,2.18,6,17.30,15.12
Akiem Hicks,2533433,DL,CHI,MIN,4,1,2,2,,,,,,,,,,,3,,,4.40,7,16.10,11.7
Demarcus Lawrence,2543490,DL,DAL,@NYG,4,1,,1,,1,,,,,,,,1,2,,,6.62,8,16.10,9.48
Fletcher Cox,2533051,DL,PHI,WAS,2,1,2,1,,1,,,,,,,,,4,,,4.22,9,15.20,10.98
Jonathan Allen,2557844,DL,WAS,@PHI,5,2,1,1,,,,,,,,,,,1,,,5.23,10,14.10,8.87
Efe Obada,2553310,DL,BUF,CAR,3,,2,2,,,,,,,,,,,2,,,2.85,11,13.10,10.25
Joey Bosa,2555249,DL,LAC,KC,3,2,1,,,1,,,,,,,,,1,,,4.91,12,12.70,7.79
Zach Sieler,2561129,DL,MIA,NYJ,2,1,1,,,1,,,,,,,,1,,,,3.04,13,12.20,9.16
David Onyemata,2556274,DL,NO,@TB,2,4,1,1,,,,,,,,,,,3,,,4.06,14,11.60,7.54
Chris Wormley,2557862,DL,PIT,TEN,4,1,1,1,,,,,,,,,,,1,,,5.84,15,11.60,5.76
Malcom Brown,2552483,DL,JAX,HOU,2,2,1,1,,,,,,,,,,1,1,,,3.91,16,11.50,7.59
Emmanuel Ogbah,2555278,DL,MIA,NYJ,2,,1,1,,,1,,,,,,,1,2,,,4.61,17,11.40,6.79
Aaron Donald,2543485,DL,LA,SEA,2,3,1,2,,,,,,,,,,,1,,,7.49,18,11.30,3.81
Sheldon Richardson,2540142,DL,MIN,@CHI,2,1,,1,,1,1,,,,,,,,2,,,5.54,19,11.20,5.66
William Gholston,2540176,DL,TB,NO,5,1,,1,,,,,,,,,,,,,,2.49,20,10.80,8.31
Marcus Davenport,2561037,DL,NO,@TB,3,,1,2,,,,,,,,,,,1,,,4.63,21,10.60,5.97
DeForest Buckner,2555275,DL,IND,NE,3,1,1,1,,,,,,,,,,,2,,,5.63,22,10.40,4.77
Chris Smith,2543692,DL,HOU,@JAX,2,3,1,1,,,,,,,,,,,2,,,1.62,23,10.30,8.68
Larry Ogunjobi,2557836,DL,CIN,@DEN,1,3,1.5,1,,,,,,,,,,,3,,,,24,10.10,
Khalid Kareem,2563734,DL,CIN,@DEN,2,,,1,,1,1,,,,,,,,1,,4,1.89,25,10.03,8.14
Jonathon Cooper,2566028,DL,DEN,CIN,4,2,0.5,,,,,,,,,,,,1,,,6.42,26,9.90,3.48
Rasheem Green,2560998,DL,SEA,@LA,2,3,1,1,,,,,,,,,,,1,,,4.97,27,9.80,4.83
Derek Rivers,2558040,DL,HOU,@JAX,2,1,1,2,,,,,,,,,,,1,,,2.04,28,9.70,7.66
Sheldon Day,2555241,DL,CLE,LV,4,2,0.5,,,,,,,,,,,,,,,2.50,29,9.40,6.9
Montez Sweat,2562749,DL,WAS,@PHI,1,2,1,,,1,,,,,,,,,1,,,4.99,30,9.30,4.31
DaVon Hamilton,2564190,DL,JAX,HOU,3,,,1,,,,,,,,,,1,,,,2.87,31,9.10,6.23
D.J. Reader,2555388,DL,CIN,@DEN,4,1,,1,,,,,,,,,,,,,,4.25,32,9.10,4.85
Leonard Williams,2552486,DL,NYG,DAL,3,,,,,1,,,,,,,,,1,,,5.93,33,9.10,3.17
Arik Armstead,2552493,DL,SF,ATL,5,,,,,,,,,,,,,,1,,,5.33,34,9.00,3.67
Grady Jarrett,2552327,DL,ATL,@SF,4,2,,,,,,,,,,,,,1,,,5.13,35,8.90,3.77
Justin Madubuike,2563563,DL,BAL,GB,2,1,1,1,,,,,,,,,,,1,,,5.34,36,8.20,2.86
Cameron Heyward,2508109,DL,PIT,TEN,2,4,0.5,,,,,,,,,,,,1,,,7.63,37,8.10,0.47
Justin Houston,2495493,DL,BAL,GB,2,2,0.5,1,,,,,,,,,,,1,,,4.35,38,8.00,3.65
Nick Bosa,2562629,DL,SF,ATL,1,,1,,,1,,,,,,,,,1,,,7.16,39,7.70,0.54
Davon Godchaux,2558012,DL,NE,@IND,4,1,,,,,,,,,,,,,,,,5.41,40,7.60,2.19
DaQuan Jones,2543504,DL,CAR,@BUF,4,1,,,,,,,,,,,,,,,,3.07,41,7.60,4.53
Shelby Harris,2549926,DL,DEN,CIN,2,,1,1,,,,,,,,,,,1,,,4.69,42,7.40,2.71
Matthew Ioannidis,2555240,DL,WAS,@PHI,3,1,,1,,,,,,,,,,,,,,2.99,43,7.40,4.41
Star Lotulelei,2539329,DL,BUF,CAR,2,,1,1,,,,,,,,,,,1,,,2.07,44,7.40,5.33
Deatrich Wise,2558000,DL,NE,@IND,2,,1,1,,,,,,,,,,,1,,,4.33,45,7.40,3.07
Jerry Hughes,496796,DL,BUF,CAR,1,2,,1,,,,,,,,,,1,,,,2.27,46,7.30,5.03
Mario Addison,2530474,DL,BUF,CAR,2,1,,2,,,,,,,,,,,,,,3.06,47,7.20,4.14
Ed Oliver,2562322,DL,BUF,CAR,2,,,,,1,,,,,,,,,,,,4.20,48,6.90,2.7
Maxx Crosby,2562439,DL,LV,@CLE,4,,,,,,,,,,,,,,,,,6.26,49,6.80,0.54
Leki Fotu,2564910,DL,ARI,@DET,1,2,,,,1,,,,,,,,,,,,2.15,50,6.80,4.65
Trey Hendrickson,2557943,DL,CIN,@DEN,1,2,0.5,1,,,,,,,,,,,2,,,4.27,51,6.80,2.53
Isaiahh Loudermilk,2566457,DL,PIT,TEN,4,,,,,,,,,,,,,,,,,2.23,52,6.80,4.57
Sheldon Rankins,2555242,DL,NYJ,@MIA,1,2,1,,,,1,,,,,,,,1,,,3.34,53,6.80,3.46
Harrison Phillips,2560840,DL,BUF,CAR,2,1,,,,,,,,,,,,1,,,,5.22,54,6.70,1.48
Myles Garrett,2557965,DL,CLE,LV,3,,,1,,,,,,,,,,,,,,6.19,55,6.60,0.41
Tarron Jackson,2566400,DL,PHI,WAS,3,,,1,,,,,,,,,,,,,,1.57,56,6.60,5.03
Justin Jones,2560769,DL,LAC,KC,3,,,1,,,,,,,,,,,,,,4.35,57,6.60,2.25
Brian Burns,2562242,DL,CAR,@BUF,1,1,1,1,,,,,,,,,,,1,,,7.42,58,6.50,-0.92
Jessie Lemonier,2565057,DL,DET,ARI,2,2,0.5,,,,,,,,,,,,1,,,1.42,59,6.50,5.08
Joe Jackson,2562432,DL,CLE,LV,1,2,0.5,1,,,,,,,,,,,1,,,1.34,60,6.30,4.96
Bravvion Roy,2563677,DL,CAR,@BUF,2,3,,,,,,,,,,,,,1,,,4.25,61,6.30,2.05
Arden Key,2560779,DL,SF,ATL,1,,1,1,,,,,,,,,,,2,,,2.64,62,6.20,3.56
Zach Allen,2562219,DL,ARI,@DET,2,2,,,,,,,,,,,,,2,,,6.57,63,6.00,-0.57
Carlos Watkins,2557877,DL,DAL,@NYG,2,2,,,,,1,,,,,,,,,,,3.33,64,6.00,2.67
Boogie Basham,2565863,DL,BUF,CAR,3,1,,,,,,,,,,,,,,,,0.00,65,5.90,5.9
Lawrence Guy,2495481,DL,NE,@IND,3,1,,,,,,,,,,,,,,,,4.90,66,5.90,1.0
Daron Payne,2560834,DL,WAS,@PHI,3,1,,,,,,,,,,,,,,,,6.11,67,5.90,-0.21
B.J. Hill,2560740,DL,CIN,@DEN,2,3,,,,,,,,,,,,,,,,5.64,68,5.80,0.16
Mike Pennel,2550242,DL,ATL,@SF,2,3,,,,,,,,,,,,,,,,1.89,69,5.80,3.91
Denico Autry,2550646,DL,TEN,@PIT,1,,1,1,,,,,,,,,,,1,,,4.64,70,5.70,1.06
Poona Ford,2561195,DL,SEA,@LA,2,1,,1,,,,,,,,,,,,,,4.11,71,5.70,1.59
Jordan Phillips,2552492,DL,ARI,@DET,1,,1,1,,,,,,,,,,,1,,,4.75,72,5.70,0.95
Neville Gallimore,2563842,DL,DAL,@NYG,1,3,0.5,,,,,,,,,,,,1,,,3.77,73,5.60,1.83
Quincy Roche,2566466,DL,NYG,DAL,1,3,0.5,,,,,,,,,,,,1,,,3.37,74,5.60,2.23
Bilal Nichols,2560821,DL,CHI,MIN,1,4,,,,,,,,,,,,,1,,,4.71,75,5.40,0.69
Michael Pierce,2556650,DL,MIN,@CHI,1,2,,1,,,,,,,,,,,1,,,3.34,76,5.30,1.96
Porter Gustin,2562276,DL,CLE,LV,2,1,,,,,1,,,,,,,,,,,2.00,77,5.20,3.2
Jerry Tillery,2562763,DL,LAC,KC,2,1,,,,,,,,,,,,,2,,,4.82,78,5.20,0.38
Tershawn Wharton,2564310,DL,KC,@LAC,,2,,,,1,,,,,,,,,,,,2.50,79,5.10,2.6
Rashard Lawrence,2564922,DL,ARI,@DET,2,2,,,,,,,,,,,,,,,,2.18,80,5.00,2.82
Jordan Elliott,2563779,DL,CLE,LV,1,4,,,,,,,,,,,,,,,,2.63,81,4.90,2.27
Dawuane Smoot,2557839,DL,JAX,HOU,1,4,,,,,,,,,,,,,,,,4.61,82,4.90,0.29
Casey Toohill,2564868,DL,WAS,@PHI,1,4,,,,,,,,,,,,,,,,2.13,83,4.90,2.77
Adetokunbo Ogundeji,2565827,DL,ATL,@SF,1,2,,1,,,,,,,,,,,,,,3.95,84,4.80,0.85
Derek Barnett,2557984,DL,PHI,WAS,2,1,,,,,,,,,,,,,1,,,4.27,85,4.70,0.43
Clelin Ferrell,2562263,DL,LV,@CLE,2,1,,,,,,,,,,,,,1,,,1.98,86,4.70,2.72
Greg Rousseau,2565875,DL,BUF,CAR,1,,,,,,,,,,,,,1,1,,,4.51,87,4.70,0.19
Jalyn Holmes,2560744,DL,NO,@TB,2,1,,,,,,,,,,,,,,,,2.59,88,4.20,1.61
Dean Lowry,2555274,DL,GB,@BAL,1,,,,,,,,,,,,,1,,,,4.58,89,4.20,-0.38
James Lynch,2564565,DL,MIN,@CHI,2,1,,,,,,,,,,,,,,,,2.44,90,4.20,1.76
Jarran Reed,2555238,DL,KC,@LAC,2,1,,,,,,,,,,,,,,,,4.72,91,4.20,-0.52
Danny Shelton,2552325,DL,NYG,DAL,2,1,,,,,,,,,,,,,,,,2.68,92,4.20,1.52
Jeffery Simmons,2562733,DL,TEN,@PIT,1,,,,,,,,,,,,,1,,,,6.71,93,4.20,-2.51
Darrell Taylor,2565198,DL,SEA,@LA,2,1,,,,,,,,,,,,,,,,4.53,94,4.20,-0.33
Johnathan Hankins,2540147,DL,LV,@CLE,1,3,,,,,,,,,,,,,,,,4.54,95,4.10,-0.44
Tyler Lancaster,2561227,DL,GB,@BAL,1,3,,,,,,,,,,,,,,,,3.29,96,4.10,0.81
Shy Tuttle,2563242,DL,NO,@TB,,2,,,,,,,,,,,,1,,,,4.00,97,4.10,0.1
Dorance Armstrong,2560959,DL,DAL,@NYG,1,1,0.5,,,,,,,,,,,,1,,,3.32,98,4.00,0.68
Quinton Jefferson,2555358,DL,LV,@CLE,1,1,,1,,,,,,,,,,,,,,4.53,99,4.00,-0.53
Milton Williams,2566418,DL,PHI,WAS,1,1,,1,,,,,,,,,,,,,,2.21,100,4.00,1.79
Al Woods,496881,DL,SEA,@LA,2,,,,,,,,,,,,,,1,,,3.67,101,3.90,0.23
Javon Hargrave,2555239,DL,PHI,WAS,1,2,,,,,,,,,,,,,1,,,5.44,102,3.80,-1.64
Anthony Rush,2563200,DL,ATL,@SF,1,2,,,,,,,,,,,,,1,,,2.09,103,3.80,1.71
Greg Gaines,2562391,DL,LA,SEA,1,1,,,,,,,,,,,,,2,,,6.97,104,3.50,-3.47
Austin Johnson,2556368,DL,NYG,DAL,1,1,,,,,1,,,,,,,,,,,5.30,105,3.50,-1.8
K'Lavon Chaisson,2564166,DL,JAX,HOU,2,,,,,,,,,,,,,,,,,3.43,106,3.40,-0.03
Frank Clark,2552629,DL,KC,@LAC,2,,,,,,,,,,,,,,,,,3.67,107,3.40,-0.27
Adam Gotsis,2555502,DL,JAX,HOU,2,,,,,,,,,,,,,,,,,2.71,108,3.40,0.69
Patrick Jones II,2566307,DL,MIN,@CHI,2,,,,,,,,,,,,,,,,,1.50,109,3.40,1.9
Broderick Washington,2563593,DL,BAL,GB,2,,,,,,,,,,,,,,,,,2.30,110,3.40,1.1
Angelo Blackson,2552670,DL,CHI,MIN,1,2,,,,,,,,,,,,,,,,4.04,111,3.30,-0.74
Michael Brockers,2533050,DL,DET,ARI,1,2,,,,,,,,,,,,,,,,4.04,112,3.30,-0.74
Morgan Fox,2556529,DL,CAR,@BUF,1,2,,,,,,,,,,,,,,,,3.48,113,3.30,-0.18
Marquis Haynes,2561009,DL,CAR,@BUF,1,2,,,,,,,,,,,,,,,,1.97,114,3.30,1.33
Melvin Ingram,2532870,DL,KC,@LAC,1,2,,,,,,,,,,,,,,,,3.43,115,3.30,-0.13
D.J. Jones,2558265,DL,SF,ATL,1,2,,,,,,,,,,,,,,,,5.25,116,3.30,-1.95
Linval Joseph,496802,DL,LAC,KC,1,2,,,,,,,,,,,,,,,,1.75,117,3.30,1.55
Steven Means,2541310,DL,ATL,@SF,1,2,,,,,,,,,,,,,,,,4.60,118,3.30,-1.3
Alex Okafor,2539319,DL,KC,@LAC,,1,,,,,,,,,,,,1,,,,2.58,119,3.30,0.72
Vita Vea,2560909,DL,TB,NO,1,2,,,,,,,,,,,,,,,,4.04,120,3.30,-0.74
Christian Barmore,2566328,DL,NE,@IND,,4,,,,,,,,,,,,,,,,2.72,121,3.20,0.48
Malik Jackson,2532873,DL,CLE,LV,1,,,1,,,,,,,,,,,,,,3.33,122,3.20,-0.13
Jaleel Johnson,2557845,DL,HOU,@JAX,1,,,1,,,,,,,,,,,,,,2.23,123,3.20,0.97
Dalvin Tomlinson,2557846,DL,MIN,@CHI,,,,,,,,,,,,,1,,,,,3.43,124,3.00,-0.43
Dexter Lawrence,2562301,DL,NYG,DAL,,3,,,,,,,,,,,,,1,,,5.84,125,2.90,-2.94
Vernon Butler,2555243,DL,BUF,CAR,1,1,,,,,,,,,,,,,,,,2.61,126,2.50,-0.11
Tyeler Davison,2552329,DL,ATL,@SF,1,1,,,,,,,,,,,,,,,,3.06,127,2.50,-0.56
Carl Granderson,2562273,DL,NO,@TB,1,1,,,,,,,,,,,,,,,,3.41,128,2.50,-0.91
Kingsley Keke,2562300,DL,GB,@BAL,,,,,,,,,,,,,,1,,,,4.10,129,2.50,-1.6
Isaac Rochell,2557860,DL,IND,NE,1,1,,,,,,,,,,,,,,,,1.80,130,2.50,0.7
Elerson G. Smith,2566373,DL,NYG,DAL,1,1,,,,,,,,,,,,,,,,,131,2.50,
Grover Stewart,2558766,DL,IND,NE,1,1,,,,,,,,,,,,,,,,4.29,132,2.50,-1.79
Kevin Strong,2563197,DL,TEN,@PIT,1,1,,,,,,,,,,,,,,,,3.81,133,2.50,-1.31
Ndamukong Suh,496861,DL,TB,NO,1,1,,,,,,,,,,,,,,,,3.22,134,2.50,-0.72
Josh Sweat,2560889,DL,PHI,WAS,1,1,,,,,,,,,,,,,,,,4.59,135,2.50,-2.09
Nick Williams,2541479,DL,DET,ARI,,,,,,,,,,,,,,1,,,,2.24,136,2.50,0.26
Dante Fowler Jr.,2553431,DL,ATL,@SF,1,,,,,,,,,,,,,,1,,,4.46,137,2.20,-2.26
Charles Omenihu,2562324,DL,SF,ATL,1,,,,,,,,,,,,,,1,,,1.93,138,2.20,0.27
Hassan Ridgeway,2555514,DL,PHI,WAS,1,,,,,,,,,,,,,,1,,,1.96,139,2.20,0.24
Genard Avery,2560964,DL,PHI,WAS,1,,,,,,,,,,,,,,,,,8.02,140,1.70,-6.32
Austin Bryant,2562240,DL,DET,ARI,1,,,,,,,,,,,,,,,,,5.38,141,1.70,-3.68
L.J. Collier,2562248,DL,SEA,@LA,1,,,,,,,,,,,,,,,,,2.08,142,1.70,-0.38
Carlos Davis,2564976,DL,PIT,TEN,1,,,,,,,,,,,,,,,,,0.00,143,1.70,1.7
Chauncey Golston,2566007,DL,DAL,@NYG,1,,,,,,,,,,,,,,,,,2.61,144,1.70,-0.91
Alton Robinson,2565186,DL,SEA,@LA,1,,,,,,,,,,,,,,,,,2.44,145,1.70,-0.74
Kentavius Street,2560885,DL,SF,ATL,1,,,,,,,,,,,,,,,,,1.98,146,1.70,-0.28
Solomon Thomas,2558018,DL,LV,@CLE,1,,,,,,,,,,,,,,,,,3.47,147,1.70,-1.77
Stephen Weatherly,2555529,DL,DEN,CIN,1,,,,,,,,,,,,,,,,,2.74,148,1.70,-1.04
DeShawn Williams,2553623,DL,DEN,CIN,1,,,,,,,,,,,,,,,,,,149,1.70,
Quinnen Williams,2562599,DL,NYJ,@MIA,1,,,,,,,,,,,,,,,,,5.50,150,1.70,-3.8
Myles Adams,2563620,DL,SEA,@LA,,2,,,,,,,,,,,,,,,,1.99,151,1.60,-0.39
Raekwon Davis,2564445,DL,MIA,NYJ,,2,,,,,,,,,,,,,,,,3.03,152,1.60,-1.43
Albert Huggins,2562667,DL,NO,@TB,,2,,,,,,,,,,,,,,,,2.60,153,1.60,-1.0
Margus Hunt,2539310,DL,CHI,MIN,,2,,,,,,,,,,,,,,,,2.15,154,1.60,-0.55
Steve McLendon,2507590,DL,TB,NO,,2,,,,,,,,,,,,,,,,1.73,155,1.60,-0.13
Henry Mondeaux,2561243,DL,PIT,TEN,,2,,,,,,,,,,,,,,,,1.73,156,1.60,-0.13
Derrick Nnadi,2560823,DL,KC,@LAC,,2,,,,,,,,,,,,,,,,2.63,157,1.60,-1.03
Rakeem Nunez-Roches,2552674,DL,TB,NO,,2,,,,,,,,,,,,,,,,1.94,158,1.60,-0.34
Jason Pierre-Paul,496843,DL,TB,NO,,2,,,,,,,,,,,,,,,,5.09,159,1.60,-3.49
Josh Tupou,2559003,DL,CIN,@DEN,,2,,,,,,,,,,,,,,,,1.81,160,1.60,-0.21
Kevin Givens,2562655,DL,SF,ATL,,1,,,,,,,,,,,,,1,,,2.28,161,1.30,-0.98
Kwity Paye,2565612,DL,IND,NE,,1,,,,,,,,,,,,,1,,,4.63,162,1.30,-3.33
Michael Danna,2564262,DL,KC,@LAC,,1,,,,,,,,,,,,,,,,3.45,163,0.80,-2.65
Sam Hubbard,2560745,DL,CIN,@DEN,,1,,,,,,,,,,,,,,,,7.27,164,0.80,-6.47
Bryce Huff,2565510,DL,NYJ,@MIA,,1,,,,,,,,,,,,,,,,,165,0.80,
A'Shawn Robinson,2555265,DL,LA,SEA,,1,,,,,,,,,,,,,,,,5.50,166,0.80,-4.7
Akeem Spence,2540201,DL,DEN,CIN,,1,,,,,,,,,,,,,,,,1.86,167,0.80,-1.06
Brandon Williams,2541302,DL,BAL,GB,,1,,,,,,,,,,,,,,,,4.43,168,0.80,-3.63
Taven Bryan,2560983,DL,JAX,HOU,,,,,,,,,,,,,,,1,,,2.22,169,0.50,-1.72
Randy Gregory,2552446,DL,DAL,@NYG,,,,,,,,,,,,,,,1,,,4.63,170,0.50,-4.13
Carl Nassib,2555270,DL,LV,@CLE,,,,,,,,,,,,,,,1,,,2.23,171,0.50,-1.73
Yannick Ngakoue,2555421,DL,LV,@CLE,,,,,,,,,,,,,,,1,,,4.38,172,0.50,-3.88
Robert Nkemdiche,2555336,DL,SEA,@LA,,,,,,,,,,,,,,,1,,,2.32,173,0.50,-1.82
Nathan Shepherd,2560873,DL,NYJ,@MIA,,,,,,,,,,,,,,,1,,,2.43,174,0.50,-1.93
Kemoko Turay,2560905,DL,IND,NE,,,,,,,,,,,,,,,1,,,2.46,175,0.50,-1.96
Montravius Adams,2557876,DL,PIT,TEN,,,,,,,,,,,,,,,,,,0.00,176,0.00,0.0
McTelvin Agim,2563872,DL,DEN,CIN,,,,,,,,,,,,,,,,,,1.70,177,0.00,-1.7
Tyson Alualu,496760,DL,PIT,TEN,,,,,,,,,,,,,,,,,,,178,0.00,
Auzoyah Alufohai,2564061,DL,CHI,MIN,,,,,,,,,,,,,,,,,,2.03,179,0.00,-2.03
Bradlee Anae,2563821,DL,DAL,@NYG,,,,,,,,,,,,,,,,,,0.00,180,0.00,0.0
Abdullah Anderson,2561088,DL,GB,@BAL,,,,,,,,,,,,,,,,,,1.72,181,0.00,-1.72
Henry Anderson,2552272,DL,NE,@IND,,,,,,,,,,,,,,,,,,,182,0.00,
Eli Ankou,2559132,DL,BUF,CAR,,,,,,,,,,,,,,,,,,,183,0.00,
David Bada,2565526,DL,WAS,@PHI,,,,,,,,,,,,,,,,,,0.00,184,0.00,0.0
Allen Bailey,2495116,DL,FA,Bye,,,,,,,,,,,,,,,,,,,185,0.00,
Ben Banogu,2562229,DL,IND,NE,,,,,,,,,,,,,,,,,,0.00,186,0.00,0.0
Alex Barrett,2559140,DL,SF,ATL,,,,,,,,,,,,,,,,,,0.00,187,0.00,0.0
Vic Beasley,2552301,DL,FA,Bye,,,,,,,,,,,,,,,,,,,188,0.00,
Andrew Billings,2555267,DL,MIA,NYJ,,,,,,,,,,,,,,,,,,0.00,189,0.00,0.0
Ross Blacklock,2564064,DL,HOU,@JAX,,,,,,,,,,,,,,,,,,2.83,190,0.00,-2.83
Amani Bledsoe,2562859,DL,TEN,@PIT,,,,,,,,,,,,,,,,,,0.00,191,0.00,0.0
Will Bradley-King,2566583,DL,WAS,@PHI,,,,,,,,,,,,,,,,,,4.81,192,0.00,-4.81
Cortez Broughton,2562823,DL,KC,@LAC,,,,,,,,,,,,,,,,,,1.82,193,0.00,-1.82
Andrew Brown,2560979,DL,LAC,KC,,,,,,,,,,,,,,,,,,0.00,194,0.00,0.0
Derrick Brown,2563629,DL,CAR,@BUF,,,,,,,,,,,,,,,,,,0.00,195,0.00,0.0
Earnest Brown IV,2566202,DL,LA,SEA,,,,,,,,,,,,,,,,,,0.00,196,0.00,0.0
Brandin Bryant,2556486,DL,BUF,CAR,,,,,,,,,,,,,,,,,,0.00,197,0.00,0.0
Isaiah Buggs,2562241,DL,LV,@CLE,,,,,,,,,,,,,,,,,,0.00,198,0.00,0.0
Calvin Bundage,2565777,DL,FA,Bye,,,,,,,,,,,,,,,,,,,199,0.00,
Adam Butler,2558924,DL,MIA,NYJ,,,,,,,,,,,,,,,,,,2.75,200,0.00,-2.75
Calais Campbell,744,DL,BAL,GB,,,,,,,,,,,,,,,,,,0.00,201,0.00,0.0
Ron'Dell Carter,2563833,DL,HOU,@JAX,,,,,,,,,,,,,,,,,,0.00,202,0.00,0.0
Demarcus Christmas,2562246,DL,PIT,TEN,,,,,,,,,,,,,,,,,,0.00,203,0.00,0.0
Kenny Clark,2555282,DL,GB,@BAL,,,,,,,,,,,,,,,,,,0.00,204,0.00,0.0
Tyler Clark,2563725,DL,WAS,@PHI,,,,,,,,,,,,,,,,,,0.00,205,0.00,0.0
Adrian Clayborn,2495140,DL,FA,Bye,,,,,,,,,,,,,,,,,,,206,0.00,
Kameron Cline,2564109,DL,IND,NE,,,,,,,,,,,,,,,,,,0.00,207,0.00,0.0
Jadeveon Clowney,2543456,DL,CLE,LV,,,,,,,,,,,,,,,,,,0.00,208,0.00,0.0
Trevon Coley,2556504,DL,TEN,@PIT,,,,,,,,,,,,,,,,,,,209,0.00,
Maliek Collins,2555400,DL,HOU,@JAX,,,,,,,,,,,,,,,,,,3.53,210,0.00,-3.53
John Cominsky,2562249,DL,ATL,@SF,,,,,,,,,,,,,,,,,,0.00,211,0.00,0.0
Marquise Copeland,2562877,DL,LA,SEA,,,,,,,,,,,,,,,,,,2.35,212,0.00,-2.35
Jashon Cornell,2563929,DL,DET,ARI,,,,,,,,,,,,,,,,,,0.00,213,0.00,0.0
Doug Costin,2564172,DL,JAX,HOU,,,,,,,,,,,,,,,,,,0.00,214,0.00,0.0
Christian Covington,2552602,DL,LAC,KC,,,,,,,,,,,,,,,,,,3.33,215,0.00,-3.33
Byron Cowart,2562392,DL,NE,@IND,,,,,,,,,,,,,,,,,,,216,0.00,
Jack Crawford,2532992,DL,ARI,@DET,,,,,,,,,,,,,,,,,,,217,0.00,
Tyrone Crawford,2532821,DL,FA,Bye,,,,,,,,,,,,,,,,,,,218,0.00,
Vinny Curry,2532825,DL,FA,Bye,,,,,,,,,,,,,,,,,,,219,0.00,
Jalen Dalton,2563120,DL,NO,@TB,,,,,,,,,,,,,,,,,,,220,0.00,
Darrion Daniels,2565096,DL,SF,ATL,,,,,,,,,,,,,,,,,,0.00,221,0.00,0.0
Marlon Davidson,2563479,DL,ATL,@SF,,,,,,,,,,,,,,,,,,0.00,222,0.00,0.0
Khalil Davis,2565210,DL,PIT,TEN,,,,,,,,,,,,,,,,,,0.00,223,0.00,0.0
Matt Dickerson,2561044,DL,ARI,@DET,,,,,,,,,,,,,,,,,,0.00,224,0.00,0.0
Victor Dimukeje,2566424,DL,ARI,@DET,,,,,,,,,,,,,,,,,,0.60,225,0.00,-0.6
Mario Edwards,2553433,DL,CHI,MIN,,,,,,,,,,,,,,,,,,0.00,226,0.00,0.0
Daniel Ekuale,2561458,DL,NE,@IND,,,,,,,,,,,,,,,,,,1.04,227,0.00,-1.04
Justin Ellis,2543812,DL,BAL,GB,,,,,,,,,,,,,,,,,,2.73,228,0.00,-2.73
A.J. Epenesa,2563605,DL,BUF,CAR,,,,,,,,,,,,,,,,,,0.00,229,0.00,0.0
Foley Fatukasi,2560722,DL,NYJ,@MIA,,,,,,,,,,,,,,,,,,0.00,230,0.00,0.0
Trey Flowers,2552278,DL,DET,ARI,,,,,,,,,,,,,,,,,,,231,0.00,
John Franklin-Myers,2560731,DL,NYJ,@MIA,,,,,,,,,,,,,,,,,,4.12,232,0.00,-4.12
Joe Gaziano,2565036,DL,LAC,KC,,,,,,,,,,,,,,,,,,1.97,233,0.00,-1.97
Ryan Glasgow,2557851,DL,FA,Bye,,,,,,,,,,,,,,,,,,,234,0.00,
Brandon Graham,496788,DL,PHI,WAS,,,,,,,,,,,,,,,,,,,235,0.00,
Jonathan Greenard,2564070,DL,HOU,@JAX,,,,,,,,,,,,,,,,,,0.00,236,0.00,0.0
Everson Griffen,496790,DL,MIN,@CHI,,,,,,,,,,,,,,,,,,0.00,237,0.00,0.0
Justin Hamilton,2553531,DL,DEN,CIN,,,,,,,,,,,,,,,,,,1.94,238,0.00,-1.94
Woodrow Hamilton,2556546,DL,NYG,DAL,,,,,,,,,,,,,,,,,,0.00,239,0.00,0.0
Jonathan Harris,2562945,DL,DEN,CIN,,,,,,,,,,,,,,,,,,0.00,240,0.00,0.0
Damon Harrison,2535718,DL,FA,Bye,,,,,,,,,,,,,,,,,,,241,0.00,
Daelin Hayes,2565842,DL,BAL,GB,,,,,,,,,,,,,,,,,,,242,0.00,
Bruce Hector,2561338,DL,DET,ARI,,,,,,,,,,,,,,,,,,0.00,243,0.00,0.0
Trysten Hill,2562663,DL,DAL,@NYG,,,,,,,,,,,,,,,,,,0.00,244,0.00,0.0
Braxton Hoyett,2563244,DL,NO,@TB,,,,,,,,,,,,,,,,,,0.00,245,0.00,0.0
Wyatt Hubert,2565950,DL,CIN,@DEN,,,,,,,,,,,,,,,,,,0.00,246,0.00,0.0
Danielle Hunter,2552603,DL,MIN,@CHI,,,,,,,,,,,,,,,,,,,247,0.00,
Maurice Hurst,2560748,DL,SF,ATL,,,,,,,,,,,,,,,,,,0.00,248,0.00,0.0
Kerry Hyder,2550433,DL,SEA,@LA,,,,,,,,,,,,,,,,,,0.00,249,0.00,0.0
David Irving,2553805,DL,FA,Bye,,,,,,,,,,,,,,,,,,,250,0.00,
John Jenkins,2539231,DL,MIA,NYJ,,,,,,,,,,,,,,,,,,0.00,251,0.00,0.0
Darryl Johnson,2562672,DL,CAR,@BUF,,,,,,,,,,,,,,,,,,0.00,252,0.00,0.0
P.J. Johnson,2562923,DL,LV,@CLE,,,,,,,,,,,,,,,,,,0.00,253,0.00,0.0
Patrick Johnson,2566403,DL,PHI,WAS,,,,,,,,,,,,,,,,,,0.77,254,0.00,-0.77
Benito Jones,2564466,DL,MIA,NYJ,,,,,,,,,,,,,,,,,,0.00,255,0.00,0.0
Chris Jones,2556369,DL,KC,@LAC,,,,,,,,,,,,,,,,,,0.00,256,0.00,0.0
Dre'Mont Jones,2562412,DL,DEN,CIN,,,,,,,,,,,,,,,,,,0.00,257,0.00,0.0
Dion Jordan,2539288,DL,FA,Bye,,,,,,,,,,,,,,,,,,,258,0.00,
Sebastian Joseph-Day,2561079,DL,LA,SEA,,,,,,,,,,,,,,,,,,,259,0.00,
Joshua Kaindoh,2566184,DL,KC,@LAC,,,,,,,,,,,,,,,,,,0.00,260,0.00,0.0
Zach Kerr,2550575,DL,ARI,@DET,,,,,,,,,,,,,,,,,,0.00,261,0.00,0.0
Ryan Kerrigan,2495190,DL,PHI,WAS,,,,,,,,,,,,,,,,,,1.72,262,0.00,-1.72
Javon Kinlaw,2565117,DL,SF,ATL,,,,,,,,,,,,,,,,,,,263,0.00,
Malcolm Koonce,2566262,DL,LV,@CLE,,,,,,,,,,,,,,,,,,2.42,264,0.00,-2.42
Tanoh Kpassagnon,2558185,DL,NO,@TB,,,,,,,,,,,,,,,,,,,265,0.00,
Niko Lalos,2564745,DL,NYG,DAL,,,,,,,,,,,,,,,,,,0.00,266,0.00,0.0
Austin Larkin,2561518,DL,CAR,@BUF,,,,,,,,,,,,,,,,,,0.00,267,0.00,0.0
Devaroe Lawrence,2559079,DL,FA,Bye,,,,,,,,,,,,,,,,,,,268,0.00,
Carl Lawson,2557901,DL,NYJ,@MIA,,,,,,,,,,,,,,,,,,,269,0.00,
Jeremiah Ledbetter,2558124,DL,JAX,HOU,,,,,,,,,,,,,,,,,,0.00,270,0.00,0.0
Tyquan Lewis,2560791,DL,IND,NE,,,,,,,,,,,,,,,,,,,271,0.00,
Daylon Mack,2562308,DL,FA,Bye,,,,,,,,,,,,,,,,,,,272,0.00,
Isaiah Mack,2563245,DL,BAL,GB,,,,,,,,,,,,,,,,,,0.00,273,0.00,0.0
Hercules Mata'afa,2560799,DL,FA,Bye,,,,,,,,,,,,,,,,,,,274,0.00,
Benson Mayowa,2542009,DL,SEA,@LA,,,,,,,,,,,,,,,,,,5.35,275,0.00,-5.35
Dan McCullers,2550154,DL,FA,Bye,,,,,,,,,,,,,,,,,,,276,0.00,
T.Y. McGill,2553911,DL,MIN,@CHI,,,,,,,,,,,,,,,,,,0.00,277,0.00,0.0
R.J. McIntosh,2560806,DL,GB,@BAL,,,,,,,,,,,,,,,,,,0.00,278,0.00,0.0
Kahlil McKenzie,2560807,DL,BAL,GB,,,,,,,,,,,,,,,,,,0.00,279,0.00,0.0
David Moa,2564571,DL,NYG,DAL,,,,,,,,,,,,,,,,,,0.00,280,0.00,0.0
Bryan Mone,2562914,DL,SEA,@LA,,,,,,,,,,,,,,,,,,0.00,281,0.00,0.0
Damontre Moore,2540138,DL,CAR,@BUF,,,,,,,,,,,,,,,,,,0.00,282,0.00,0.0
Al-Quadin Muhammad,2558131,DL,IND,NE,,,,,,,,,,,,,,,,,,4.61,283,0.00,-4.61
Larrell Murchison,2564055,DL,TEN,@PIT,,,,,,,,,,,,,,,,,,0.00,284,0.00,0.0
Trent Murphy,2543503,DL,FA,Bye,,,,,,,,,,,,,,,,,,,285,0.00,
Bill Murray,2564625,DL,NE,@IND,,,,,,,,,,,,,,,,,,0.00,286,0.00,0.0
Pat O'Connor,2558863,DL,TB,NO,,,,,,,,,,,,,,,,,,,287,0.00,
Ifeadi Odenigbo,2558278,DL,CLE,LV,,,,,,,,,,,,,,,,,,1.89,288,0.00,-1.89
Dayo Odeyingbo,2565609,DL,IND,NE,,,,,,,,,,,,,,,,,,2.40,289,0.00,-2.4
Osa Odighizuwa,2566016,DL,DAL,@NYG,,,,,,,,,,,,,,,,,,0.00,290,0.00,0.0
Julian Okwara,2563947,DL,DET,ARI,,,,,,,,,,,,,,,,,,0.00,291,0.00,0.0
Romeo Okwara,2556641,DL,DET,ARI,,,,,,,,,,,,,,,,,,,292,0.00,
Walter Palmore,2563229,DL,FA,Bye,,,,,,,,,,,,,,,,,,,293,0.00,
David Parry,2552438,DL,FA,Bye,,,,,,,,,,,,,,,,,,,294,0.00,
Aaron Patrick,2565630,DL,DEN,CIN,,,,,,,,,,,,,,,,,,0.54,295,0.00,-0.54
Domata Peko Sr.,2506925,DL,FA,Bye,,,,,,,,,,,,,,,,,,,296,0.00,
John Penisini,2563950,DL,DET,ARI,,,,,,,,,,,,,,,,,,1.77,297,0.00,-1.77
Ronnie Perkins,2566340,DL,NE,@IND,,,,,,,,,,,,,,,,,,,298,0.00,
Darius Philon,2552676,DL,LV,@CLE,,,,,,,,,,,,,,,,,,,299,0.00,
Willington Previlon,2564016,DL,TB,NO,,,,,,,,,,,,,,,,,,0.00,300,0.00,0.0
Durval Queiroz,2562867,DL,MIA,NYJ,,,,,,,,,,,,,,,,,,0.00,301,0.00,0.0
Wyatt Ray,2562709,DL,CIN,@DEN,,,,,,,,,,,,,,,,,,1.85,302,0.00,-1.85
Caraun Reid,2543748,DL,LAC,KC,,,,,,,,,,,,,,,,,,0.00,303,0.00,0.0
Sam Renner,2564391,DL,FA,Bye,,,,,,,,,,,,,,,,,,,304,0.00,
Malcolm Roach,2564688,DL,NO,@TB,,,,,,,,,,,,,,,,,,0.00,305,0.00,0.0
Max Roberts,2566238,DL,FA,Bye,,,,,,,,,,,,,,,,,,,306,0.00,
Janarius Robinson,2566316,DL,MIN,@CHI,,,,,,,,,,,,,,,,,,,307,0.00,
Daniel Ross,2559240,DL,FA,Bye,,,,,,,,,,,,,,,,,,,308,0.00,
Cameron Sample,2565959,DL,CIN,@DEN,,,,,,,,,,,,,,,,,,2.82,309,0.00,-2.82
Khalen Saunders,2562723,DL,KC,@LAC,,,,,,,,,,,,,,,,,,,310,0.00,
Deadrin Senat,2560869,DL,FA,Bye,,,,,,,,,,,,,,,,,,,311,0.00,
Tim Settle,2560871,DL,WAS,@PHI,,,,,,,,,,,,,,,,,,0.00,312,0.00,0.0
Jabaal Sheard,2495228,DL,FA,Bye,,,,,,,,,,,,,,,,,,,313,0.00,
John Simon,2539280,DL,PIT,TEN,,,,,,,,,,,,,,,,,,0.00,314,0.00,0.0
Deyon Sizer,2563254,DL,FA,Bye,,,,,,,,,,,,,,,,,,,315,0.00,
Chris Slayton,2562735,DL,SF,ATL,,,,,,,,,,,,,,,,,,0.00,316,0.00,0.0
Tanzel Smart,2558199,DL,NYJ,@MIA,,,,,,,,,,,,,,,,,,0.00,317,0.00,0.0
Aldon Smith,2495487,DL,FA,Bye,,,,,,,,,,,,,,,,,,,318,0.00,
James Smith-Williams,2565291,DL,WAS,@PHI,,,,,,,,,,,,,,,,,,0.00,319,0.00,0.0
Marquiss Spencer,2566037,DL,DEN,CIN,,,,,,,,,,,,,,,,,,0.00,320,0.00,0.0
Damion Square,2540003,DL,LV,@CLE,,,,,,,,,,,,,,,,,,0.00,321,0.00,0.0
Taylor Stallworth,2560882,DL,IND,NE,,,,,,,,,,,,,,,,,,2.68,322,0.00,-2.68
Shamar Stephen,2543706,DL,DEN,CIN,,,,,,,,,,,,,,,,,,2.39,323,0.00,-2.39
Jason Strowbridge,2564496,DL,FA,Bye,,,,,,,,,,,,,,,,,,,324,0.00,
Jullian Taylor,2561078,DL,FA,Bye,,,,,,,,,,,,,,,,,,,325,0.00,
Vincent Taylor,2558017,DL,HOU,@JAX,,,,,,,,,,,,,,,,,,,326,0.00,
Shaka Toney,2566607,DL,WAS,@PHI,,,,,,,,,,,,,,,,,,1.40,327,0.00,-1.4
Jacob Tuioti-Mariner,2561282,DL,CAR,@BUF,,,,,,,,,,,,,,,,,,0.00,328,0.00,0.0
Stephon Tuitt,2543483,DL,PIT,TEN,,,,,,,,,,,,,,,,,,,329,0.00,
Payton Turner,2566355,DL,NO,@TB,,,,,,,,,,,,,,,,,,,330,0.00,
Brent Urban,2543765,DL,DAL,@NYG,,,,,,,,,,,,,,,,,,,331,0.00,
Kendal Vickers,2561416,DL,LV,@CLE,,,,,,,,,,,,,,,,,,0.00,332,0.00,0.0
DeMarcus Walker,2557894,DL,HOU,@JAX,,,,,,,,,,,,,,,,,,0.00,333,0.00,0.0
Jihad Ward,2555248,DL,JAX,HOU,,,,,,,,,,,,,,,,,,2.00,334,0.00,-2.0
Tim Ward,2562939,DL,NYJ,@MIA,,,,,,,,,,,,,,,,,,0.00,335,0.00,0.0
J.J. Watt,2495488,DL,ARI,@DET,,,,,,,,,,,,,,,,,,0.00,336,0.00,0.0
Armon Watts,2562773,DL,MIN,@CHI,,,,,,,,,,,,,,,,,,2.88,337,0.00,-2.88
Rashad Weaver,2566124,DL,TEN,@PIT,,,,,,,,,,,,,,,,,,,338,0.00,
Chris Williams,2564154,DL,IND,NE,,,,,,,,,,,,,,,,,,1.41,339,0.00,-1.41
Raequan Williams,2564883,DL,PHI,WAS,,,,,,,,,,,,,,,,,,0.00,340,0.00,0.0
Sylvester Williams,2539270,DL,FA,Bye,,,,,,,,,,,,,,,,,,,341,0.00,
Xavier Williams,2553764,DL,FA,Bye,,,,,,,,,,,,,,,,,,,342,0.00,
Rob Windsor,2564157,DL,IND,NE,,,,,,,,,,,,,,,,,,,343,0.00,
Chase Winovich,2562607,DL,NE,@IND,,,,,,,,,,,,,,,,,,0.57,344,0.00,-0.57
Daniel Wise,2562608,DL,WAS,@PHI,,,,,,,,,,,,,,,,,,,345,0.00,
Derek Wolfe,2533026,DL,BAL,GB,,,,,,,,,,,,,,,,,,,346,0.00,
Antwaun Woods,2556792,DL,IND,NE,,,,,,,,,,,,,,,,,,,347,0.00,
Renell Wren,2562612,DL,CIN,@DEN,,,,,,,,,,,,,,,,,,0.00,348,0.00,0.0
Chase Young,2565294,DL,WAS,@PHI,,,,,,,,,,,,,,,,,,,349,0.00,
Justin Zimmer,2556716,DL,BUF,CAR,,,,,,,,,,,,,,,,,,,350,0.00,
