[{"PlayerName":"Ka'imi Fairbairn","PlayerId":"2556521","Pos":"K","Team":"HOU","PlayerOpponent":"@JAX","PatMade":"3","PatMissed":"","FgMade_0-19":"","FgMade_20-29":"1","FgMade_30-39":"","FgMade_40-49":"","FgMade_50":"2","FgMiss_0-19":"","FgMiss_20-29":"","FgMiss_30-39":"","PlayerWeekProjectedPts":"6.49","Rank":1,"TotalPoints":"16.00","ProjectionDiff":9.51},{"PlayerName":"Chris Boswell","PlayerId":"2550545","Pos":"K","Team":"PIT","PlayerOpponent":"TEN","PatMade":"1","PatMissed":"","FgMade_0-19":"","FgMade_20-29":"1","FgMade_30-39":"1","FgMade_40-49":"2","FgMade_50":"","FgMiss_0-19":"","FgMiss_20-29":"","FgMiss_30-39":"","PlayerWeekProjectedPts":"7.23","Rank":2,"TotalPoints":"15.00","ProjectionDiff":7.77},{"PlayerName":"Riley Patterson","PlayerId":"2567013","Pos":"K","Team":"DET","PlayerOpponent":"ARI","PatMade":"3","PatMissed":"","FgMade_0-19":"","FgMade_20-29":"","FgMade_30-39":"1","FgMade_40-49":"2","FgMade_50":"","FgMiss_0-19":"","FgMiss_20-29":"","FgMiss_30-39":"","PlayerWeekProjectedPts":"6.18","Rank":3,"TotalPoints":"14.00","ProjectionDiff":7.82},{"PlayerName":"Evan McPherson","PlayerId":"2565953","Pos":"K","Team":"CIN","PlayerOpponent":"@DEN","PatMade":"","PatMissed":"","FgMade_0-19":"","FgMade_20-29":"1","FgMade_30-39":"","FgMade_40-49":"","FgMade_50":"2","FgMiss_0-19":"","FgMiss_20-29":"","FgMiss_30-39":"","PlayerWeekProjectedPts":"6.02","Rank":4,"TotalPoints":"13.00","ProjectionDiff":6.98},{"PlayerName":"Daniel Carlson","PlayerId":"2560993","Pos":"K","Team":"LV","PlayerOpponent":"@CLE","PatMade":"1","PatMissed":"","FgMade_0-19":"","FgMade_20-29":"1","FgMade_30-39":"","FgMade_40-49":"2","FgMade_50":"","FgMiss_0-19":"","FgMiss_20-29":"","FgMiss_30-39":"","PlayerWeekProjectedPts":"6.31","Rank":5,"TotalPoints":"12.00","ProjectionDiff":5.69},{"PlayerName":"Mike Badgley","PlayerId":"2560965","Pos":"K","Team":"IND","PlayerOpponent":"NE","PatMade":"3","PatMissed":"","FgMade_0-19":"","FgMade_20-29":"1","FgMade_30-39":"","FgMade_40-49":"1","FgMade_50":"","FgMiss_0-19":"","FgMiss_20-29":"","FgMiss_30-39":"","PlayerWeekProjectedPts":"6.74","Rank":6,"TotalPoints":"10.00","ProjectionDiff":3.26},{"PlayerName":"Matt Gay","PlayerId":"2562271","Pos":"K","Team":"LA","PlayerOpponent":"SEA","PatMade":"2","PatMissed":"","FgMade_0-19":"","FgMade_20-29":"","FgMade_30-39":"1","FgMade_40-49":"","FgMade_50":"1","FgMiss_0-19":"","FgMiss_20-29":"","FgMiss_30-39":"","PlayerWeekProjectedPts":"6.62","Rank":7,"TotalPoints":"10.00","ProjectionDiff":3.38},{"PlayerName":"Brett Maher","PlayerId":"2540243","Pos":"K","Team":"NO","PlayerOpponent":"@TB","PatMade":"","PatMissed":"","FgMade_0-19":"","FgMade_20-29":"","FgMade_30-39":"2","FgMade_40-49":"1","FgMade_50":"","FgMiss_0-19":"","FgMiss_20-29":"","FgMiss_30-39":"","PlayerWeekProjectedPts":"6.48","Rank":8,"TotalPoints":"10.00","ProjectionDiff":3.52},{"PlayerName":"Matthew Wright","PlayerId":"2562968","Pos":"K","Team":"JAX","PlayerOpponent":"HOU","PatMade":"1","PatMissed":"","FgMade_0-19":"","FgMade_20-29":"1","FgMade_30-39":"2","FgMade_40-49":"","FgMade_50":"","FgMiss_0-19":"","FgMiss_20-29":"","FgMiss_30-39":"","PlayerWeekProjectedPts":"6.05","Rank":9,"TotalPoints":"10.00","ProjectionDiff":3.95},{"PlayerName":"Jake Elliott","PlayerId":"2558172","Pos":"K","Team":"PHI","PlayerOpponent":"WAS","PatMade":"3","PatMissed":"","FgMade_0-19":"","FgMade_20-29":"1","FgMade_30-39":"1","FgMade_40-49":"","FgMade_50":"","FgMiss_0-19":"","FgMiss_20-29":"","FgMiss_30-39":"","PlayerWeekProjectedPts":"5.49","Rank":10,"TotalPoints":"9.00","ProjectionDiff":3.51},{"PlayerName":"Harrison Butker","PlayerId":"2558245","Pos":"K","Team":"KC","PlayerOpponent":"@LAC","PatMade":"2","PatMissed":"","FgMade_0-19":"","FgMade_20-29":"","FgMade_30-39":"2","FgMade_40-49":"","FgMade_50":"","FgMiss_0-19":"","FgMiss_20-29":"","FgMiss_30-39":"","PlayerWeekProjectedPts":"7.02","Rank":11,"TotalPoints":"8.00","ProjectionDiff":0.98},{"PlayerName":"Younghoe Koo","PlayerId":"2559205","Pos":"K","Team":"ATL","PlayerOpponent":"@SF","PatMade":"1","PatMissed":"","FgMade_0-19":"","FgMade_20-29":"1","FgMade_30-39":"","FgMade_40-49":"1","FgMade_50":"","FgMiss_0-19":"","FgMiss_20-29":"","FgMiss_30-39":"","PlayerWeekProjectedPts":"7.19","Rank":12,"TotalPoints":"8.00","ProjectionDiff":0.81},{"PlayerName":"Tyler Bass","PlayerId":"2563596","Pos":"K","Team":"BUF","PlayerOpponent":"CAR","PatMade":"4","PatMissed":"","FgMade_0-19":"","FgMade_20-29":"1","FgMade_30-39":"","FgMade_40-49":"","FgMade_50":"","FgMiss_0-19":"","FgMiss_20-29":"","FgMiss_30-39":"","PlayerWeekProjectedPts":"6.96","Rank":13,"TotalPoints":"7.00","ProjectionDiff":0.04},{"PlayerName":"Randy Bullock","PlayerId":"2533444","Pos":"K","Team":"TEN","PlayerOpponent":"@PIT","PatMade":"1","PatMissed":"","FgMade_0-19":"","FgMade_20-29":"1","FgMade_30-39":"1","FgMade_40-49":"","FgMade_50":"","FgMiss_0-19":"","FgMiss_20-29":"","FgMiss_30-39":"","PlayerWeekProjectedPts":"7.96","Rank":14,"TotalPoints":"7.00","ProjectionDiff":-0.96},{"PlayerName":"Mason Crosby","PlayerId":"2507232","Pos":"K","Team":"GB","PlayerOpponent":"@BAL","PatMade":"4","PatMissed":"","FgMade_0-19":"","FgMade_20-29":"1","FgMade_30-39":"","FgMade_40-49":"","FgMade_50":"","FgMiss_0-19":"","FgMiss_20-29":"","FgMiss_30-39":"","PlayerWeekProjectedPts":"7.24","Rank":15,"TotalPoints":"7.00","ProjectionDiff":-0.24},{"PlayerName":"Graham Gano","PlayerId":"71309","Pos":"K","Team":"NYG","PlayerOpponent":"DAL","PatMade":"","PatMissed":"","FgMade_0-19":"","FgMade_20-29":"","FgMade_30-39":"1","FgMade_40-49":"1","FgMade_50":"","FgMiss_0-19":"","FgMiss_20-29":"","FgMiss_30-39":"","PlayerWeekProjectedPts":"6.99","Rank":16,"TotalPoints":"7.00","ProjectionDiff":0.01},{"PlayerName":"Robbie Gould","PlayerId":"2506264","Pos":"K","Team":"SF","PlayerOpponent":"ATL","PatMade":"4","PatMissed":"","FgMade_0-19":"","FgMade_20-29":"","FgMade_30-39":"1","FgMade_40-49":"","FgMade_50":"","FgMiss_0-19":"","FgMiss_20-29":"","FgMiss_30-39":"","PlayerWeekProjectedPts":"7.84","Rank":17,"TotalPoints":"7.00","ProjectionDiff":-0.84},{"PlayerName":"Jason Sanders","PlayerId":"2561153","Pos":"K","Team":"MIA","PlayerOpponent":"NYJ","PatMade":"4","PatMissed":"","FgMade_0-19":"","FgMade_20-29":"1","FgMade_30-39":"","FgMade_40-49":"","FgMade_50":"","FgMiss_0-19":"","FgMiss_20-29":"","FgMiss_30-39":"","PlayerWeekProjectedPts":"7.26","Rank":18,"TotalPoints":"7.00","ProjectionDiff":-0.26},{"PlayerName":"Brandon McManus","PlayerId":"2541556","Pos":"K","Team":"DEN","PlayerOpponent":"CIN","PatMade":"1","PatMissed":"","FgMade_0-19":"","FgMade_20-29":"","FgMade_30-39":"","FgMade_40-49":"","FgMade_50":"1","FgMiss_0-19":"","FgMiss_20-29":"","FgMiss_30-39":"","PlayerWeekProjectedPts":"6.93","Rank":19,"TotalPoints":"6.00","ProjectionDiff":-0.93},{"PlayerName":"Eddy Pineiro","PlayerId":"2560842","Pos":"K","Team":"NYJ","PlayerOpponent":"@MIA","PatMade":"3","PatMissed":"","FgMade_0-19":"","FgMade_20-29":"1","FgMade_30-39":"","FgMade_40-49":"","FgMade_50":"","FgMiss_0-19":"","FgMiss_20-29":"","FgMiss_30-39":"","PlayerWeekProjectedPts":"6.40","Rank":20,"TotalPoints":"6.00","ProjectionDiff":-0.4},{"PlayerName":"Matt Prater","PlayerId":"2506677","Pos":"K","Team":"ARI","PlayerOpponent":"@DET","PatMade":"","PatMissed":"","FgMade_0-19":"","FgMade_20-29":"2","FgMade_30-39":"","FgMade_40-49":"","FgMade_50":"","FgMiss_0-19":"","FgMiss_20-29":"","FgMiss_30-39":"","PlayerWeekProjectedPts":"7.64","Rank":21,"TotalPoints":"6.00","ProjectionDiff":-1.64},{"PlayerName":"Justin Tucker","PlayerId":"2536340","Pos":"K","Team":"BAL","PlayerOpponent":"GB","PatMade":"3","PatMissed":"","FgMade_0-19":"","FgMade_20-29":"","FgMade_30-39":"1","FgMade_40-49":"","FgMade_50":"","FgMiss_0-19":"","FgMiss_20-29":"","FgMiss_30-39":"","PlayerWeekProjectedPts":"7.28","Rank":22,"TotalPoints":"6.00","ProjectionDiff":-1.28},{"PlayerName":"Nick Folk","PlayerId":"2507225","Pos":"K","Team":"NE","PlayerOpponent":"@IND","PatMade":"2","PatMissed":"","FgMade_0-19":"","FgMade_20-29":"1","FgMade_30-39":"","FgMade_40-49":"","FgMade_50":"","FgMiss_0-19":"","FgMiss_20-29":"","FgMiss_30-39":"","PlayerWeekProjectedPts":"6.98","Rank":23,"TotalPoints":"5.00","ProjectionDiff":-1.98},{"PlayerName":"Brian Johnson","PlayerId":"2566740","Pos":"K","Team":"WAS","PlayerOpponent":"@PHI","PatMade":"2","PatMissed":"","FgMade_0-19":"","FgMade_20-29":"1","FgMade_30-39":"","FgMade_40-49":"","FgMade_50":"","FgMiss_0-19":"","FgMiss_20-29":"","FgMiss_30-39":"","PlayerWeekProjectedPts":"5.65","Rank":24,"TotalPoints":"5.00","ProjectionDiff":-0.65},{"PlayerName":"Greg Joseph","PlayerId":"2561534","Pos":"K","Team":"MIN","PlayerOpponent":"@CHI","PatMade":"2","PatMissed":"","FgMade_0-19":"","FgMade_20-29":"","FgMade_30-39":"1","FgMade_40-49":"","FgMade_50":"","FgMiss_0-19":"","FgMiss_20-29":"","FgMiss_30-39":"","PlayerWeekProjectedPts":"7.04","Rank":25,"TotalPoints":"5.00","ProjectionDiff":-2.04},{"PlayerName":"Dustin Hopkins","PlayerId":"2539227","Pos":"K","Team":"LAC","PlayerOpponent":"KC","PatMade":"4","PatMissed":"","FgMade_0-19":"","FgMade_20-29":"","FgMade_30-39":"","FgMade_40-49":"","FgMade_50":"","FgMiss_0-19":"","FgMiss_20-29":"","FgMiss_30-39":"","PlayerWeekProjectedPts":"7.28","Rank":26,"TotalPoints":"4.00","ProjectionDiff":-3.28},{"PlayerName":"Jason Myers","PlayerId":"2553112","Pos":"K","Team":"SEA","PlayerOpponent":"@LA","PatMade":"1","PatMissed":"","FgMade_0-19":"","FgMade_20-29":"","FgMade_30-39":"1","FgMade_40-49":"","FgMade_50":"","FgMiss_0-19":"","FgMiss_20-29":"","FgMiss_30-39":"","PlayerWeekProjectedPts":"6.41","Rank":27,"TotalPoints":"4.00","ProjectionDiff":-2.41},{"PlayerName":"Greg Zuerlein","PlayerId":"2534797","Pos":"K","Team":"DAL","PlayerOpponent":"@NYG","PatMade":"","PatMissed":"2","FgMade_0-19":"","FgMade_20-29":"2","FgMade_30-39":"","FgMade_40-49":"1","FgMade_50":"","FgMiss_0-19":"","FgMiss_20-29":"","FgMiss_30-39":"","PlayerWeekProjectedPts":"6.96","Rank":28,"TotalPoints":"4.00","ProjectionDiff":-2.96},{"PlayerName":"Cairo Santos","PlayerId":"2550636","Pos":"K","Team":"CHI","PlayerOpponent":"MIN","PatMade":"","PatMissed":"","FgMade_0-19":"","FgMade_20-29":"","FgMade_30-39":"1","FgMade_40-49":"","FgMade_50":"","FgMiss_0-19":"","FgMiss_20-29":"","FgMiss_30-39":"","PlayerWeekProjectedPts":"7.48","Rank":29,"TotalPoints":"3.00","ProjectionDiff":-4.48},{"PlayerName":"Chase McLaughlin","PlayerId":"2563203","Pos":"K","Team":"CLE","PlayerOpponent":"LV","PatMade":"2","PatMissed":"","FgMade_0-19":"","FgMade_20-29":"","FgMade_30-39":"","FgMade_40-49":"","FgMade_50":"","FgMiss_0-19":"","FgMiss_20-29":"","FgMiss_30-39":"","PlayerWeekProjectedPts":"6.93","Rank":30,"TotalPoints":"2.00","ProjectionDiff":-4.93},{"PlayerName":"Roberto Aguayo","PlayerId":"2555408","Pos":"K","Team":"FA","PlayerOpponent":"Bye","PatMade":"","PatMissed":"","FgMade_0-19":"","FgMade_20-29":"","FgMade_30-39":"","FgMade_40-49":"","FgMade_50":"","FgMiss_0-19":"","FgMiss_20-29":"","FgMiss_30-39":"","PlayerWeekProjectedPts":"","Rank":31,"TotalPoints":"0.00","ProjectionDiff":null},{"PlayerName":"Matt Ammendola","PlayerId":"2565555","Pos":"K","Team":"NYJ","PlayerOpponent":"@MIA","PatMade":"","PatMissed":"","FgMade_0-19":"","FgMade_20-29":"","FgMade_30-39":"","FgMade_40-49":"","FgMade_50":"","FgMiss_0-19":"","FgMiss_20-29":"","FgMiss_30-39":"","PlayerWeekProjectedPts":"0.00","Rank":32,"TotalPoints":"0.00","ProjectionDiff":0.0},{"PlayerName":"Dan Bailey","PlayerId":"2495259","Pos":"K","Team":"FA","PlayerOpponent":"Bye","PatMade":"","PatMissed":"","FgMade_0-19":"","FgMade_20-29":"","FgMade_30-39":"","FgMade_40-49":"","FgMade_50":"","FgMiss_0-19":"","FgMiss_20-29":"","FgMiss_30-39":"","PlayerWeekProjectedPts":"","Rank":33,"TotalPoints":"0.00","ProjectionDiff":null},{"PlayerName":"Rodrigo Blankenship","PlayerId":"2564106","Pos":"K","Team":"IND","PlayerOpponent":"NE","PatMade":"","PatMissed":"","FgMade_0-19":"","FgMade_20-29":"","FgMade_30-39":"","FgMade_40-49":"","FgMade_50":"","FgMiss_0-19":"","FgMiss_20-29":"","FgMiss_30-39":"","PlayerWeekProjectedPts":null,"Rank":34,"TotalPoints":"0.00","ProjectionDiff":null},{"PlayerName":"Chris Blewitt","PlayerId":"2562800","Pos":"K","Team":"CLE","PlayerOpponent":"LV","PatMade":"","PatMissed":"","FgMade_0-19":"","FgMade_20-29":"","FgMade_30-39":"","FgMade_40-49":"","FgMade_50":"","FgMiss_0-19":"","FgMiss_20-29":"","FgMiss_30-39":"","PlayerWeekProjectedPts":"0.00","Rank":35,"TotalPoints":"0.00","ProjectionDiff":0.0},{"PlayerName":"Chandler Catanzaro","PlayerId":"2550325","Pos":"K","Team":"FA","PlayerOpponent":"Bye","PatMade":"","PatMissed":"","FgMade_0-19":"","FgMade_20-29":"","FgMade_30-39":"","FgMade_40-49":"","FgMade_50":"","FgMiss_0-19":"","FgMiss_20-29":"","FgMiss_30-39":"","PlayerWeekProjectedPts":"","Rank":36,"TotalPoints":"0.00","ProjectionDiff":null},{"PlayerName":"Dominik Eberle","PlayerId":"2565360","Pos":"K","Team":"CAR","PlayerOpponent":"@BUF","PatMade":"","PatMissed":"","FgMade_0-19":"","FgMade_20-29":"","FgMade_30-39":"","FgMade_40-49":"","FgMade_50":"","FgMiss_0-19":"","FgMiss_20-29":"","FgMiss_30-39":"","PlayerWeekProjectedPts":"0.00","Rank":37,"TotalPoints":"0.00","ProjectionDiff":0.0},{"PlayerName":"Sam Ficken","PlayerId":"2557430","Pos":"K","Team":"TEN","PlayerOpponent":"@PIT","PatMade":"","PatMissed":"","FgMade_0-19":"","FgMade_20-29":"","FgMade_30-39":"","FgMade_40-49":"","FgMade_50":"","FgMiss_0-19":"","FgMiss_20-29":"","FgMiss_30-39":"","PlayerWeekProjectedPts":null,"Rank":38,"TotalPoints":"0.00","ProjectionDiff":null},{"PlayerName":"Kai Forbath","PlayerId":"2495150","Pos":"K","Team":"FA","PlayerOpponent":"Bye","PatMade":"","PatMissed":"","FgMade_0-19":"","FgMade_20-29":"","FgMade_30-39":"","FgMade_40-49":"","FgMade_50":"","FgMiss_0-19":"","FgMiss_20-29":"","FgMiss_30-39":"","PlayerWeekProjectedPts":"","Rank":39,"TotalPoints":"0.00","ProjectionDiff":null},{"PlayerName":"Elliott Fry","PlayerId":"2562897","Pos":"K","Team":"CIN","PlayerOpponent":"@DEN","PatMade":"","PatMissed":"","FgMade_0-19":"","FgMade_20-29":"","FgMade_30-39":"","FgMade_40-49":"","FgMade_50":"","FgMiss_0-19":"","FgMiss_20-29":"","FgMiss_30-39":"","PlayerWeekProjectedPts":null,"Rank":40,"TotalPoints":"0.00","ProjectionDiff":null},{"PlayerName":"Zane Gonzalez","PlayerId":"2558178","Pos":"K","Team":"CAR","PlayerOpponent":"@BUF","PatMade":"","PatMissed":"","FgMade_0-19":"","FgMade_20-29":"","FgMade_30-39":"","FgMade_40-49":"","FgMade_50":"","FgMiss_0-19":"","FgMiss_20-29":"","FgMiss_30-39":"","PlayerWeekProjectedPts":null,"Rank":41,"TotalPoints":"0.00","ProjectionDiff":null},{"PlayerName":"Stephen Gostkowski","PlayerId":"2506922","Pos":"K","Team":"FA","PlayerOpponent":"Bye","PatMade":"","PatMissed":"","FgMade_0-19":"","FgMade_20-29":"","FgMade_30-39":"","FgMade_40-49":"","FgMade_50":"","FgMiss_0-19":"","FgMiss_20-29":"","FgMiss_30-39":"","PlayerWeekProjectedPts":"","Rank":42,"TotalPoints":"0.00","ProjectionDiff":null},{"PlayerName":"Lirim Hajrullahu","PlayerId":"2563449","Pos":"K","Team":"CAR","PlayerOpponent":"@BUF","PatMade":"","PatMissed":"","FgMade_0-19":"","FgMade_20-29":"","FgMade_30-39":"","FgMade_40-49":"","FgMade_50":"","FgMiss_0-19":"","FgMiss_20-29":"","FgMiss_30-39":"","PlayerWeekProjectedPts":"0.00","Rank":43,"TotalPoints":"0.00","ProjectionDiff":0.0},{"PlayerName":"Stephen Hauschka","PlayerId":"2507374","Pos":"K","Team":"FA","PlayerOpponent":"Bye","PatMade":"","PatMissed":"","FgMade_0-19":"","FgMade_20-29":"","FgMade_30-39":"","FgMade_40-49":"","FgMade_50":"","FgMiss_0-19":"","FgMiss_20-29":"","FgMiss_30-39":"","PlayerWeekProjectedPts":"","Rank":44,"TotalPoints":"0.00","ProjectionDiff":null},{"PlayerName":"Alex Kessman","PlayerId":"2566484","Pos":"K","Team":"FA","PlayerOpponent":"Bye","PatMade":"","PatMissed":"","FgMade_0-19":"","FgMade_20-29":"","FgMade_30-39":"","FgMade_40-49":"","FgMade_50":"","FgMiss_0-19":"","FgMiss_20-29":"","FgMiss_30-39":"","PlayerWeekProjectedPts":"","Rank":45,"TotalPoints":"0.00","ProjectionDiff":null},{"PlayerName":"Josh Lambo","PlayerId":"2553833","Pos":"K","Team":"FA","PlayerOpponent":"Bye","PatMade":"","PatMissed":"","FgMade_0-19":"","FgMade_20-29":"","FgMade_30-39":"","FgMade_40-49":"","FgMade_50":"","FgMiss_0-19":"","FgMiss_20-29":"","FgMiss_30-39":"","PlayerWeekProjectedPts":"","Rank":46,"TotalPoints":"0.00","ProjectionDiff":null},{"PlayerName":"Ty Long","PlayerId":"2553555","Pos":"K","Team":"LAC","PlayerOpponent":"KC","PatMade":"","PatMissed":"","FgMade_0-19":"","FgMade_20-29":"","FgMade_30-39":"","FgMade_40-49":"","FgMade_50":"","FgMiss_0-19":"","FgMiss_20-29":"","FgMiss_30-39":"","PlayerWeekProjectedPts":"0.00","Rank":47,"TotalPoints":"0.00","ProjectionDiff":0.0},{"PlayerName":"Wil Lutz","PlayerId":"2556601","Pos":"K","Team":"NO","PlayerOpponent":"@TB","PatMade":"","PatMissed":"","FgMade_0-19":"","FgMade_20-29":"","FgMade_30-39":"","FgMade_40-49":"","FgMade_50":"","FgMiss_0-19":"","FgMiss_20-29":"","FgMiss_30-39":"","PlayerWeekProjectedPts":null,"Rank":48,"TotalPoints":"0.00","ProjectionDiff":null},{"PlayerName":"Austin MacGinnis","PlayerId":"2563452","Pos":"K","Team":"FA","PlayerOpponent":"Bye","PatMade":"","PatMissed":"","FgMade_0-19":"","FgMade_20-29":"","FgMade_30-39":"","FgMade_40-49":"","FgMade_50":"","FgMiss_0-19":"","FgMiss_20-29":"","FgMiss_30-39":"","PlayerWeekProjectedPts":"","Rank":49,"TotalPoints":"0.00","ProjectionDiff":null},{"PlayerName":"Tucker McCann","PlayerId":"2565462","Pos":"K","Team":"FA","PlayerOpponent":"Bye","PatMade":"","PatMissed":"","FgMade_0-19":"","FgMade_20-29":"","FgMade_30-39":"","FgMade_40-49":"","FgMade_50":"","FgMiss_0-19":"","FgMiss_20-29":"","FgMiss_30-39":"","PlayerWeekProjectedPts":"","Rank":50,"TotalPoints":"0.00","ProjectionDiff":null},{"PlayerName":"JJ Molson","PlayerId":"2565550","Pos":"K","Team":"GB","PlayerOpponent":"@BAL","PatMade":"","PatMissed":"","FgMade_0-19":"","FgMade_20-29":"","FgMade_30-39":"","FgMade_40-49":"","FgMade_50":"","FgMiss_0-19":"","FgMiss_20-29":"","FgMiss_30-39":"","PlayerWeekProjectedPts":"0.00","Rank":51,"TotalPoints":"0.00","ProjectionDiff":0.0},{"PlayerName":"Chris Naggar","PlayerId":"2565744","Pos":"K","Team":"FA","PlayerOpponent":"Bye","PatMade":"","PatMissed":"","FgMade_0-19":"","FgMade_20-29":"","FgMade_30-39":"","FgMade_40-49":"","FgMade_50":"","FgMiss_0-19":"","FgMiss_20-29":"","FgMiss_30-39":"","PlayerWeekProjectedPts":"","Rank":52,"TotalPoints":"0.00","ProjectionDiff":null},{"PlayerName":"Quinn Nordin","PlayerId":"2565684","Pos":"K","Team":"NE","PlayerOpponent":"@IND","PatMade":"","PatMissed":"","FgMade_0-19":"","FgMade_20-29":"","FgMade_30-39":"","FgMade_40-49":"","FgMade_50":"","FgMiss_0-19":"","FgMiss_20-29":"","FgMiss_30-39":"","PlayerWeekProjectedPts":"0.00","Rank":53,"TotalPoints":"0.00","ProjectionDiff":0.0},{"PlayerName":"Mike Nugent","PlayerId":"2506386","Pos":"K","Team":"FA","PlayerOpponent":"Bye","PatMade":"","PatMissed":"","FgMade_0-19":"","FgMade_20-29":"","FgMade_30-39":"","FgMade_40-49":"","FgMade_50":"","FgMiss_0-19":"","FgMiss_20-29":"","FgMiss_30-39":"","PlayerWeekProjectedPts":"","Rank":54,"TotalPoints":"0.00","ProjectionDiff":null},{"PlayerName":"Cody Parkey","PlayerId":"2550380","Pos":"K","Team":"FA","PlayerOpponent":"Bye","PatMade":"","PatMissed":"","FgMade_0-19":"","FgMade_20-29":"","FgMade_30-39":"","FgMade_40-49":"","FgMade_50":"","FgMiss_0-19":"","FgMiss_20-29":"","FgMiss_30-39":"","PlayerWeekProjectedPts":"","Rank":55,"TotalPoints":"0.00","ProjectionDiff":null},{"PlayerName":"Aldrick Rosas","PlayerId":"2556771","Pos":"K","Team":"DET","PlayerOpponent":"ARI","PatMade":"","PatMissed":"","FgMade_0-19":"","FgMade_20-29":"","FgMade_30-39":"","FgMade_40-49":"","FgMade_50":"","FgMiss_0-19":"","FgMiss_20-29":"","FgMiss_30-39":"","PlayerWeekProjectedPts":"0.00","Rank":56,"TotalPoints":"0.00","ProjectionDiff":0.0},{"PlayerName":"Ryan Santoso","PlayerId":"2561269","Pos":"K","Team":"LA","PlayerOpponent":"SEA","PatMade":"","PatMissed":"","FgMade_0-19":"","FgMade_20-29":"","FgMade_30-39":"","FgMade_40-49":"","FgMade_50":"","FgMiss_0-19":"","FgMiss_20-29":"","FgMiss_30-39":"","PlayerWeekProjectedPts":"0.00","Rank":57,"TotalPoints":"0.00","ProjectionDiff":0.0},{"PlayerName":"Austin Seibert","PlayerId":"2562729","Pos":"K","Team":"DET","PlayerOpponent":"ARI","PatMade":"","PatMissed":"","FgMade_0-19":"","FgMade_20-29":"","FgMade_30-39":"","FgMade_40-49":"","FgMade_50":"","FgMiss_0-19":"","FgMiss_20-29":"","FgMiss_30-39":"","PlayerWeekProjectedPts":null,"Rank":58,"TotalPoints":"0.00","ProjectionDiff":null},{"PlayerName":"Joey Slye","PlayerId":"2563132","Pos":"K","Team":"WAS","PlayerOpponent":"@PHI","PatMade":"","PatMissed":"","FgMade_0-19":"","FgMade_20-29":"","FgMade_30-39":"","FgMade_40-49":"","FgMade_50":"","FgMiss_0-19":"","FgMiss_20-29":"","FgMiss_30-39":"","PlayerWeekProjectedPts":"0.00","Rank":59,"TotalPoints":"0.00","ProjectionDiff":0.0},{"PlayerName":"Ryan Succop","PlayerId":"89802","Pos":"K","Team":"TB","PlayerOpponent":"NO","PatMade":"","PatMissed":"","FgMade_0-19":"","FgMade_20-29":"","FgMade_30-39":"","FgMade_40-49":"","FgMade_50":"","FgMiss_0-19":"","FgMiss_20-29":"","FgMiss_30-39":"","PlayerWeekProjectedPts":"8.13","Rank":60,"TotalPoints":"0.00","ProjectionDiff":-8.13},{"PlayerName":"Giorgio Tavecchio","PlayerId":"2535686","Pos":"K","Team":"FA","PlayerOpponent":"Bye","PatMade":"","PatMissed":"","FgMade_0-19":"","FgMade_20-29":"","FgMade_30-39":"","FgMade_40-49":"","FgMade_50":"","FgMiss_0-19":"","FgMiss_20-29":"","FgMiss_30-39":"","PlayerWeekProjectedPts":"","Rank":61,"TotalPoints":"0.00","ProjectionDiff":null},{"PlayerName":"Jake Verity","PlayerId":"2566731","Pos":"K","Team":"BAL","PlayerOpponent":"GB","PatMade":"","PatMissed":"","FgMade_0-19":"","FgMade_20-29":"","FgMade_30-39":"","FgMade_40-49":"","FgMade_50":"","FgMiss_0-19":"","FgMiss_20-29":"","FgMiss_30-39":"","PlayerWeekProjectedPts":null,"Rank":62,"TotalPoints":"0.00","ProjectionDiff":null},{"PlayerName":"Tristan Vizcaino","PlayerId":"2562807","Pos":"K","Team":"LAC","PlayerOpponent":"KC","PatMade":"","PatMissed":"","FgMade_0-19":"","FgMade_20-29":"","FgMade_30-39":"","FgMade_40-49":"","FgMade_50":"","FgMiss_0-19":"","FgMiss_20-29":"","FgMiss_30-39":"","PlayerWeekProjectedPts":"0.00","Rank":63,"TotalPoints":"0.00","ProjectionDiff":0.0},{"PlayerName":"Brandon Wright","PlayerId":"2564247","Pos":"K","Team":"FA","PlayerOpponent":"Bye","PatMade":"","PatMissed":"","FgMade_0-19":"","FgMade_20-29":"","FgMade_30-39":"","FgMade_40-49":"","FgMade_50":"","FgMiss_0-19":"","FgMiss_20-29":"","FgMiss_30-39":"","PlayerWeekProjectedPts":"","Rank":64,"TotalPoints":"0.00","ProjectionDiff":null}]