PlayerName,PlayerId,Pos,Team,PlayerOpponent,PassingYDS,PassingTD,PassingInt,RushingYDS,RushingTD,ReceivingRec,ReceivingYDS,ReceivingTD,RetTD,FumTD,2PT,Fum,PlayerWeekProjectedPts,Rank,TotalPoints,ProjectionDiff
Tyler Huntley,2563560,QB,BAL,GB,215,2,,73,2,,,,,,,,15.21,1,35.90,20.69
Patrick Mahomes,2558125,QB,KC,@LAC,410,3,1,32,,,,,,,1,1,20.24,2,31.30,11.06
Jalen Hurts,2564832,QB,PHI,WAS,296,1,1,38,2,,,,,,,2,20.51,3,25.54,5.03
Aaron Rodgers,2506363,QB,GB,@BAL,268,3,,11,,,,,,,,,19.63,4,23.82,4.19
Justin Herbert,2565045,QB,LAC,KC,236,2,1,16,1,,,,,,,,22.78,5,23.04,0.26
Jared Goff,2555334,QB,DET,ARI,216,3,,,,,,,,,,,13.90,6,20.64,6.74
Cam Newton,2495455,QB,CAR,@BUF,156,1,1,71,1,,,,,,1,2,15.49,7,19.14,3.65
Josh Allen,2560955,QB,BUF,CAR,210,3,1,24,,,,,,,,1,22.38,8,18.80,-3.58
Mac Jones,2566334,QB,NE,@IND,299,2,2,12,,,,,,,,,15.63,9,17.16,1.53
Justin Fields,2565920,QB,CHI,MIN,285,1,,35,,,,,,,,2,15.35,10,15.90,0.55
Matthew Stafford,79860,QB,LA,SEA,244,2,1,-3,,,,,,,,,19.31,11,15.46,-3.85
Davis Mills,2566136,QB,HOU,@JAX,209,2,1,2,,,,,,,,,13.70,12,14.56,0.86
Matt Ryan,310,QB,ATL,@SF,236,1,,20,,,,,,,,1,16.19,13,13.44,-2.75
Joe Burrow,2563722,QB,CIN,@DEN,157,1,,25,,,,,,,,,15.11,14,12.78,-2.33
Tua Tagovailoa,2564499,QB,MIA,NYJ,196,2,2,19,,,,,,,,1,19.19,15,12.74,-6.45
Zach Wilson,2566391,QB,NYJ,@MIA,170,,,12,1,,,,,,,1,12.18,16,12.00,-0.18
Ben Roethlisberger,2506109,QB,PIT,TEN,148,,,,1,,,,,,,,17.34,17,11.92,-5.42
Jimmy Garoppolo,2543801,QB,SF,ATL,235,1,,4,,,,,,,,1,17.60,18,11.77,-5.83
Dak Prescott,2555260,QB,DAL,@NYG,217,1,,-1,,,,,,,,1,19.67,19,11.58,-8.09
Kyler Murray,2562382,QB,ARI,@DET,257,1,1,3,,,,,,,,1,21.06,20,11.45,-9.61
Trevor Lawrence,2566163,QB,JAX,HOU,210,,,21,,,,,,,,,14.42,21,10.50,-3.92
Nick Mullens,2558979,QB,CLE,LV,147,1,,,,,,,,,,,16.37,22,9.88,-6.49
Taysom Hill,2558954,QB,NO,@TB,154,,,33,,,,,,,,,16.34,23,9.46,-6.88
Derek Carr,2543499,QB,LV,@CLE,236,1,1,7,,,,,,,,2,17.31,24,9.14,-8.17
Ryan Tannehill,2532956,QB,TEN,@PIT,153,,1,18,1,,,,,,,2,15.17,25,8.69,-6.48
Kirk Cousins,2532820,QB,MIN,@CHI,87,2,1,10,,,,,,,,1,18.33,26,8.48,-9.85
Drew Lock,2562305,QB,DEN,CIN,88,1,,-2,,,,,,,,1,0.65,27,7.02,6.37
Carson Wentz,2555259,QB,IND,NE,57,1,1,17,,,,,,,,,14.45,28,5.98,-8.47
Garrett Gilbert,2549982,QB,WAS,@PHI,194,,,,,,,,,,,1,14.06,29,5.76,-8.3
Teddy Bridgewater,2543465,QB,DEN,CIN,98,,,10,,,,,,,,,,30,4.92,
Tom Brady,2504211,QB,TB,NO,214,,1,2,,,,,,,,1,20.23,31,4.76,-15.47
Russell Wilson,2532975,QB,SEA,@LA,156,,1,,,,,,,,,,14.69,32,4.24,-10.45
Jake Fromm,2563608,QB,NYG,DAL,82,,,,,,,,,,,,1.17,33,3.28,2.11
Colt McCoy,497123,QB,ARI,@DET,56,,,3,,,,,,,,,1.03,34,2.54,1.51
Marcus Mariota,2552466,QB,LV,@CLE,,,,3,,,,,,,,,0.69,35,0.30,-0.39
Jacoby Brissett,2555261,QB,MIA,NYJ,,,,2,,,,,,,,,1.98,36,0.20,-1.78
Brandon Allen,2555365,QB,CIN,@DEN,,,,,,,,,,,,,0.74,37,0.00,-0.74
Kyle Allen,2561177,QB,WAS,@PHI,,,,,,,,,,,,,0.00,38,0.00,0.0
Kenji Bahar,2566608,QB,FA,Bye,,,,,,,,,,,,,,39,0.00,
Matt Barkley,2539308,QB,ATL,@SF,,,,,,,,,,,,,0.00,40,0.00,0.0
C.J. Beathard,2557922,QB,JAX,HOU,,,,,,,,,,,,,0.97,41,0.00,-0.97
Kurt Benkert,2560974,QB,GB,@BAL,,,,,,,,,,,,,0.00,42,0.00,0.0
David Blough,2563043,QB,DET,ARI,,,,,,,,,,,,,0.00,43,0.00,0.0
Ian Book,2566352,QB,NO,@TB,,,,,,,,,,,,,0.00,44,0.00,0.0
Blake Bortles,2543477,QB,NO,@TB,,,,,,,,,,,,,0.00,45,0.00,0.0
Tim Boyle,2561187,QB,DET,ARI,,,,,,,,,,,,,0.87,46,0.00,-0.87
Drew Brees,2504775,QB,FA,Bye,,,,,,,,,,,,,,47,0.00,
Jake Browning,2562634,QB,CIN,@DEN,,,,,,,,,,,,,0.00,48,0.00,0.0
Shane Buechele,2566983,QB,KC,@LAC,,,,,,,,,,,,,0.00,49,0.00,0.0
Andy Dalton,2495143,QB,CHI,MIN,,,,,,,,,,,,,0.00,50,0.00,0.0
Chase Daniel,81284,QB,LAC,KC,,,,,,,,,,,,,0.51,51,0.00,-0.51
Sam Darnold,2561036,QB,CAR,@BUF,,,,,,,,,,,,,0.00,52,0.00,0.0
Ben DiNucci,2563839,QB,DAL,@NYG,,,,,,,,,,,,,0.00,53,0.00,0.0
Joshua Dobbs,2558167,QB,PIT,TEN,,,,,,,,,,,,,,54,0.00,
Jeff Driskel,2555262,QB,HOU,@JAX,,,,,,,,,,,,,,55,0.00,
Jacob Eason,2564115,QB,SEA,@LA,,,,,,,,,,,,,0.00,56,0.00,0.0
Sam Ehlinger,2566142,QB,IND,NE,,,,,,,,,,,,,0.80,57,0.00,-0.8
Danny Etling,2560717,QB,JAX,HOU,,,,,,,,,,,,,0.00,58,0.00,0.0
Ryan Finley,2562651,QB,FA,Bye,,,,,,,,,,,,,,59,0.00,
Ryan Fitzpatrick,2506581,QB,WAS,@PHI,,,,,,,,,,,,,,60,0.00,
Joe Flacco,382,QB,NYJ,@MIA,,,,,,,,,,,,,1.15,61,0.00,-1.15
Nick Foles,2532842,QB,CHI,MIN,,,,,,,,,,,,,1.05,62,0.00,-1.05
Feleipe Franks,2566683,QB,ATL,@SF,,,,,,,,,,,,,0.63,63,0.00,-0.63
Blaine Gabbert,2495441,QB,TB,NO,,,,,,,,,,,,,0.77,64,0.00,-0.77
Anthony Gordon,2565153,QB,DEN,CIN,,,,,,,,,,,,,0.00,65,0.00,0.0
Will Grier,2562404,QB,DAL,@NYG,,,,,,,,,,,,,,66,0.00,
Ryan Griffin,2541185,QB,TB,NO,,,,,,,,,,,,,0.00,67,0.00,0.0
Dwayne Haskins,2562660,QB,PIT,TEN,,,,,,,,,,,,,0.00,68,0.00,0.0
Taylor Heinicke,2553656,QB,WAS,@PHI,,,,,,,,,,,,,0.00,69,0.00,0.0
Chad Henne,252,QB,KC,@LAC,,,,,,,,,,,,,0.55,70,0.00,-0.55
Devlin Hodges,2563258,QB,FA,Bye,,,,,,,,,,,,,,71,0.00,
Brian Hoyer,81294,QB,NE,@IND,,,,,,,,,,,,,0.64,72,0.00,-0.64
Brett Hundley,2552588,QB,IND,NE,,,,,,,,,,,,,0.00,73,0.00,0.0
Lamar Jackson,2560757,QB,BAL,GB,,,,,,,,,,,,,0.00,74,0.00,0.0
Josh Johnson,264,QB,BAL,GB,,,,,,,,,,,,,0.40,75,0.00,-0.4
Daniel Jones,2562299,QB,NYG,DAL,,,,,,,,,,,,,,76,0.00,
Colin Kaepernick,2495186,QB,FA,Bye,,,,,,,,,,,,,,77,0.00,
Case Keenum,2532888,QB,CLE,LV,,,,,,,,,,,,,0.00,78,0.00,0.0
DeShone Kizer,2557983,QB,FA,Bye,,,,,,,,,,,,,,79,0.00,
Trey Lance,2566532,QB,SF,ATL,,,,,,,,,,,,,1.14,80,0.00,-1.14
Kyle Lauletta,2560786,QB,FA,Bye,,,,,,,,,,,,,,81,0.00,
Jordan Love,2564007,QB,GB,@BAL,,,,,,,,,,,,,0.71,82,0.00,-0.71
Jake Luton,2564205,QB,MIA,NYJ,,,,,,,,,,,,,0.00,83,0.00,0.0
Sean Mannion,2552576,QB,MIN,@CHI,,,,,,,,,,,,,0.67,84,0.00,-0.67
Baker Mayfield,2560800,QB,CLE,LV,,,,,,,,,,,,,,85,0.00,
AJ McCarron,2543497,QB,ATL,@SF,,,,,,,,,,,,,,86,0.00,
Josh McCown,2505076,QB,FA,Bye,,,,,,,,,,,,,,87,0.00,
Cole McDonald,2564052,QB,FA,Bye,,,,,,,,,,,,,,88,0.00,
Alex McGough,2561148,QB,FA,Bye,,,,,,,,,,,,,,89,0.00,
Trace McSorley,2562403,QB,ARI,@DET,,,,,,,,,,,,,0.00,90,0.00,0.0
Gardner Minshew,2562796,QB,PHI,WAS,,,,,,,,,,,,,1.24,91,0.00,-1.24
Kellen Mond,2566310,QB,MIN,@CHI,,,,,,,,,,,,,0.00,92,0.00,0.0
Steven Montez,2565285,QB,DET,ARI,,,,,,,,,,,,,0.00,93,0.00,0.0
Matt Moore,2507282,QB,FA,Bye,,,,,,,,,,,,,,94,0.00,
James Morgan,2564805,QB,IND,NE,,,,,,,,,,,,,0.00,95,0.00,0.0
Jalen Morton,2564013,QB,FA,Bye,,,,,,,,,,,,,,96,0.00,
Jamie Newman,2567058,QB,FA,Bye,,,,,,,,,,,,,,97,0.00,
Bryce Perkins,2564382,QB,LA,SEA,,,,,,,,,,,,,0.00,98,0.00,0.0
Nathan Peterman,2558191,QB,LV,@CLE,,,,,,,,,,,,,0.00,99,0.00,0.0
Philip Rivers,2506121,QB,FA,Bye,,,,,,,,,,,,,,100,0.00,
Josh Rosen,2560858,QB,ATL,@SF,,,,,,,,,,,,,0.00,101,0.00,0.0
Jake Rudock,2556232,QB,FA,Bye,,,,,,,,,,,,,,102,0.00,
Mason Rudolph,2560860,QB,PIT,TEN,,,,,,,,,,,,,0.23,103,0.00,-0.23
Cooper Rush,2559242,QB,DAL,@NYG,,,,,,,,,,,,,0.74,104,0.00,-0.74
Brett Rypien,2562718,QB,DEN,CIN,,,,,,,,,,,,,0.00,105,0.00,0.0
Matt Schaub,2505982,QB,FA,Bye,,,,,,,,,,,,,,106,0.00,
Kyle Shurmur,2562731,QB,FA,Bye,,,,,,,,,,,,,,107,0.00,
Trevor Siemian,2553457,QB,NO,@TB,,,,,,,,,,,,,0.29,108,0.00,-0.29
Reid Sinnett,2565255,QB,PHI,WAS,,,,,,,,,,,,,0.00,109,0.00,0.0
Alex Smith,2506340,QB,FA,Bye,,,,,,,,,,,,,,110,0.00,
Geno Smith,2539335,QB,SEA,@LA,,,,,,,,,,,,,0.62,111,0.00,-0.62
Nate Stanley,2564577,QB,MIN,@CHI,,,,,,,,,,,,,,112,0.00,
Drew Stanton,2495748,QB,FA,Bye,,,,,,,,,,,,,,113,0.00,
Tommy Stevens,2564697,QB,FA,Bye,,,,,,,,,,,,,,114,0.00,
Easton Stick,2562745,QB,LAC,KC,,,,,,,,,,,,,0.00,115,0.00,0.0
Jarrett Stidham,2562746,QB,NE,@IND,,,,,,,,,,,,,0.00,116,0.00,0.0
Chris Streveler,2563458,QB,BAL,GB,,,,,,,,,,,,,0.00,117,0.00,0.0
Nate Sudfeld,2555427,QB,SF,ATL,,,,,,,,,,,,,0.00,118,0.00,0.0
Tyrod Taylor,2495240,QB,HOU,@JAX,,,,,,,,,,,,,0.00,119,0.00,0.0
Clayton Thorson,2562762,QB,NYG,DAL,,,,,,,,,,,,,0.00,120,0.00,0.0
Kyle Trask,2566571,QB,TB,NO,,,,,,,,,,,,,0.00,121,0.00,0.0
Mitchell Trubisky,2558008,QB,BUF,CAR,,,,,,,,,,,,,0.64,122,0.00,-0.64
P.J. Walker,2558904,QB,CAR,@BUF,,,,,,,,,,,,,0.24,123,0.00,-0.24
Deshaun Watson,2558063,QB,HOU,@JAX,,,,,,,,,,,,,0.00,124,0.00,0.0
Davis Webb,2557897,QB,BUF,CAR,,,,,,,,,,,,,0.00,125,0.00,0.0
Mike White,2560929,QB,NYJ,@MIA,,,,,,,,,,,,,0.00,126,0.00,0.0
Jameis Winston,2552033,QB,NO,@TB,,,,,,,,,,,,,,127,0.00,
John Wolford,2561718,QB,LA,SEA,,,,,,,,,,,,,0.42,128,0.00,-0.42
Logan Woodside,2560942,QB,TEN,@PIT,,,,,,,,,,,,,0.83,129,0.00,-0.83
Mike Glennon,2539275,QB,NYG,DAL,99,,3,,,,,,,,,,12.80,130,-2.04,-14.84
