[{"PlayerName":"Tyler Huntley","PlayerId":"2563560","Pos":"QB","Team":"BAL","PlayerOpponent":"GB","PassingYDS":"215","PassingTD":"2","PassingInt":"","RushingYDS":"73","RushingTD":"2","ReceivingRec":"","ReceivingYDS":"","ReceivingTD":"","RetTD":"","FumTD":"","2PT":"","Fum":"","PlayerWeekProjectedPts":"15.21","Rank":1,"TotalPoints":"35.90","ProjectionDiff":20.69},{"PlayerName":"Patrick Mahomes","PlayerId":"2558125","Pos":"QB","Team":"KC","PlayerOpponent":"@LAC","PassingYDS":"410","PassingTD":"3","PassingInt":"1","RushingYDS":"32","RushingTD":"","ReceivingRec":"","ReceivingYDS":"","ReceivingTD":"","RetTD":"","FumTD":"","2PT":"1","Fum":"1","PlayerWeekProjectedPts":"20.24","Rank":2,"TotalPoints":"31.30","ProjectionDiff":11.06},{"PlayerName":"Jalen Hurts","PlayerId":"2564832","Pos":"QB","Team":"PHI","PlayerOpponent":"WAS","PassingYDS":"296","PassingTD":"1","PassingInt":"1","RushingYDS":"38","RushingTD":"2","ReceivingRec":"","ReceivingYDS":"","ReceivingTD":"","RetTD":"","FumTD":"","2PT":"","Fum":"2","PlayerWeekProjectedPts":"20.51","Rank":3,"TotalPoints":"25.54","ProjectionDiff":5.03},{"PlayerName":"Aaron Rodgers","PlayerId":"2506363","Pos":"QB","Team":"GB","PlayerOpponent":"@BAL","PassingYDS":"268","PassingTD":"3","PassingInt":"","RushingYDS":"11","RushingTD":"","ReceivingRec":"","ReceivingYDS":"","ReceivingTD":"","RetTD":"","FumTD":"","2PT":"","Fum":"","PlayerWeekProjectedPts":"19.63","Rank":4,"TotalPoints":"23.82","ProjectionDiff":4.19},{"PlayerName":"Justin Herbert","PlayerId":"2565045","Pos":"QB","Team":"LAC","PlayerOpponent":"KC","PassingYDS":"236","PassingTD":"2","PassingInt":"1","RushingYDS":"16","RushingTD":"1","ReceivingRec":"","ReceivingYDS":"","ReceivingTD":"","RetTD":"","FumTD":"","2PT":"","Fum":"","PlayerWeekProjectedPts":"22.78","Rank":5,"TotalPoints":"23.04","ProjectionDiff":0.26},{"PlayerName":"Jared Goff","PlayerId":"2555334","Pos":"QB","Team":"DET","PlayerOpponent":"ARI","PassingYDS":"216","PassingTD":"3","PassingInt":"","RushingYDS":"","RushingTD":"","ReceivingRec":"","ReceivingYDS":"","ReceivingTD":"","RetTD":"","FumTD":"","2PT":"","Fum":"","PlayerWeekProjectedPts":"13.90","Rank":6,"TotalPoints":"20.64","ProjectionDiff":6.74},{"PlayerName":"Cam Newton","PlayerId":"2495455","Pos":"QB","Team":"CAR","PlayerOpponent":"@BUF","PassingYDS":"156","PassingTD":"1","PassingInt":"1","RushingYDS":"71","RushingTD":"1","ReceivingRec":"","ReceivingYDS":"","ReceivingTD":"","RetTD":"","FumTD":"","2PT":"1","Fum":"2","PlayerWeekProjectedPts":"15.49","Rank":7,"TotalPoints":"19.14","ProjectionDiff":3.65},{"PlayerName":"Josh Allen","PlayerId":"2560955","Pos":"QB","Team":"BUF","PlayerOpponent":"CAR","PassingYDS":"210","PassingTD":"3","PassingInt":"1","RushingYDS":"24","RushingTD":"","ReceivingRec":"","ReceivingYDS":"","ReceivingTD":"","RetTD":"","FumTD":"","2PT":"","Fum":"1","PlayerWeekProjectedPts":"22.38","Rank":8,"TotalPoints":"18.80","ProjectionDiff":-3.58},{"PlayerName":"Mac Jones","PlayerId":"2566334","Pos":"QB","Team":"NE","PlayerOpponent":"@IND","PassingYDS":"299","PassingTD":"2","PassingInt":"2","RushingYDS":"12","RushingTD":"","ReceivingRec":"","ReceivingYDS":"","ReceivingTD":"","RetTD":"","FumTD":"","2PT":"","Fum":"","PlayerWeekProjectedPts":"15.63","Rank":9,"TotalPoints":"17.16","ProjectionDiff":1.53},{"PlayerName":"Justin Fields","PlayerId":"2565920","Pos":"QB","Team":"CHI","PlayerOpponent":"MIN","PassingYDS":"285","PassingTD":"1","PassingInt":"","RushingYDS":"35","RushingTD":"","ReceivingRec":"","ReceivingYDS":"","ReceivingTD":"","RetTD":"","FumTD":"","2PT":"","Fum":"2","PlayerWeekProjectedPts":"15.35","Rank":10,"TotalPoints":"15.90","ProjectionDiff":0.55},{"PlayerName":"Matthew Stafford","PlayerId":"79860","Pos":"QB","Team":"LA","PlayerOpponent":"SEA","PassingYDS":"244","PassingTD":"2","PassingInt":"1","RushingYDS":"-3","RushingTD":"","ReceivingRec":"","ReceivingYDS":"","ReceivingTD":"","RetTD":"","FumTD":"","2PT":"","Fum":"","PlayerWeekProjectedPts":"19.31","Rank":11,"TotalPoints":"15.46","ProjectionDiff":-3.85},{"PlayerName":"Davis Mills","PlayerId":"2566136","Pos":"QB","Team":"HOU","PlayerOpponent":"@JAX","PassingYDS":"209","PassingTD":"2","PassingInt":"1","RushingYDS":"2","RushingTD":"","ReceivingRec":"","ReceivingYDS":"","ReceivingTD":"","RetTD":"","FumTD":"","2PT":"","Fum":"","PlayerWeekProjectedPts":"13.70","Rank":12,"TotalPoints":"14.56","ProjectionDiff":0.86},{"PlayerName":"Matt Ryan","PlayerId":"310","Pos":"QB","Team":"ATL","PlayerOpponent":"@SF","PassingYDS":"236","PassingTD":"1","PassingInt":"","RushingYDS":"20","RushingTD":"","ReceivingRec":"","ReceivingYDS":"","ReceivingTD":"","RetTD":"","FumTD":"","2PT":"","Fum":"1","PlayerWeekProjectedPts":"16.19","Rank":13,"TotalPoints":"13.44","ProjectionDiff":-2.75},{"PlayerName":"Joe Burrow","PlayerId":"2563722","Pos":"QB","Team":"CIN","PlayerOpponent":"@DEN","PassingYDS":"157","PassingTD":"1","PassingInt":"","RushingYDS":"25","RushingTD":"","ReceivingRec":"","ReceivingYDS":"","ReceivingTD":"","RetTD":"","FumTD":"","2PT":"","Fum":"","PlayerWeekProjectedPts":"15.11","Rank":14,"TotalPoints":"12.78","ProjectionDiff":-2.33},{"PlayerName":"Tua Tagovailoa","PlayerId":"2564499","Pos":"QB","Team":"MIA","PlayerOpponent":"NYJ","PassingYDS":"196","PassingTD":"2","PassingInt":"2","RushingYDS":"19","RushingTD":"","ReceivingRec":"","ReceivingYDS":"","ReceivingTD":"","RetTD":"","FumTD":"","2PT":"","Fum":"1","PlayerWeekProjectedPts":"19.19","Rank":15,"TotalPoints":"12.74","ProjectionDiff":-6.45},{"PlayerName":"Zach Wilson","PlayerId":"2566391","Pos":"QB","Team":"NYJ","PlayerOpponent":"@MIA","PassingYDS":"170","PassingTD":"","PassingInt":"","RushingYDS":"12","RushingTD":"1","ReceivingRec":"","ReceivingYDS":"","ReceivingTD":"","RetTD":"","FumTD":"","2PT":"","Fum":"1","PlayerWeekProjectedPts":"12.18","Rank":16,"TotalPoints":"12.00","ProjectionDiff":-0.18},{"PlayerName":"Ben Roethlisberger","PlayerId":"2506109","Pos":"QB","Team":"PIT","PlayerOpponent":"TEN","PassingYDS":"148","PassingTD":"","PassingInt":"","RushingYDS":"","RushingTD":"1","ReceivingRec":"","ReceivingYDS":"","ReceivingTD":"","RetTD":"","FumTD":"","2PT":"","Fum":"","PlayerWeekProjectedPts":"17.34","Rank":17,"TotalPoints":"11.92","ProjectionDiff":-5.42},{"PlayerName":"Jimmy Garoppolo","PlayerId":"2543801","Pos":"QB","Team":"SF","PlayerOpponent":"ATL","PassingYDS":"235","PassingTD":"1","PassingInt":"","RushingYDS":"4","RushingTD":"","ReceivingRec":"","ReceivingYDS":"","ReceivingTD":"","RetTD":"","FumTD":"","2PT":"","Fum":"1","PlayerWeekProjectedPts":"17.60","Rank":18,"TotalPoints":"11.77","ProjectionDiff":-5.83},{"PlayerName":"Dak Prescott","PlayerId":"2555260","Pos":"QB","Team":"DAL","PlayerOpponent":"@NYG","PassingYDS":"217","PassingTD":"1","PassingInt":"","RushingYDS":"-1","RushingTD":"","ReceivingRec":"","ReceivingYDS":"","ReceivingTD":"","RetTD":"","FumTD":"","2PT":"","Fum":"1","PlayerWeekProjectedPts":"19.67","Rank":19,"TotalPoints":"11.58","ProjectionDiff":-8.09},{"PlayerName":"Kyler Murray","PlayerId":"2562382","Pos":"QB","Team":"ARI","PlayerOpponent":"@DET","PassingYDS":"257","PassingTD":"1","PassingInt":"1","RushingYDS":"3","RushingTD":"","ReceivingRec":"","ReceivingYDS":"","ReceivingTD":"","RetTD":"","FumTD":"","2PT":"","Fum":"1","PlayerWeekProjectedPts":"21.06","Rank":20,"TotalPoints":"11.45","ProjectionDiff":-9.61},{"PlayerName":"Trevor Lawrence","PlayerId":"2566163","Pos":"QB","Team":"JAX","PlayerOpponent":"HOU","PassingYDS":"210","PassingTD":"","PassingInt":"","RushingYDS":"21","RushingTD":"","ReceivingRec":"","ReceivingYDS":"","ReceivingTD":"","RetTD":"","FumTD":"","2PT":"","Fum":"","PlayerWeekProjectedPts":"14.42","Rank":21,"TotalPoints":"10.50","ProjectionDiff":-3.92},{"PlayerName":"Nick Mullens","PlayerId":"2558979","Pos":"QB","Team":"CLE","PlayerOpponent":"LV","PassingYDS":"147","PassingTD":"1","PassingInt":"","RushingYDS":"","RushingTD":"","ReceivingRec":"","ReceivingYDS":"","ReceivingTD":"","RetTD":"","FumTD":"","2PT":"","Fum":"","PlayerWeekProjectedPts":"16.37","Rank":22,"TotalPoints":"9.88","ProjectionDiff":-6.49},{"PlayerName":"Taysom Hill","PlayerId":"2558954","Pos":"QB","Team":"NO","PlayerOpponent":"@TB","PassingYDS":"154","PassingTD":"","PassingInt":"","RushingYDS":"33","RushingTD":"","ReceivingRec":"","ReceivingYDS":"","ReceivingTD":"","RetTD":"","FumTD":"","2PT":"","Fum":"","PlayerWeekProjectedPts":"16.34","Rank":23,"TotalPoints":"9.46","ProjectionDiff":-6.88},{"PlayerName":"Derek Carr","PlayerId":"2543499","Pos":"QB","Team":"LV","PlayerOpponent":"@CLE","PassingYDS":"236","PassingTD":"1","PassingInt":"1","RushingYDS":"7","RushingTD":"","ReceivingRec":"","ReceivingYDS":"","ReceivingTD":"","RetTD":"","FumTD":"","2PT":"","Fum":"2","PlayerWeekProjectedPts":"17.31","Rank":24,"TotalPoints":"9.14","ProjectionDiff":-8.17},{"PlayerName":"Ryan Tannehill","PlayerId":"2532956","Pos":"QB","Team":"TEN","PlayerOpponent":"@PIT","PassingYDS":"153","PassingTD":"","PassingInt":"1","RushingYDS":"18","RushingTD":"1","ReceivingRec":"","ReceivingYDS":"","ReceivingTD":"","RetTD":"","FumTD":"","2PT":"","Fum":"2","PlayerWeekProjectedPts":"15.17","Rank":25,"TotalPoints":"8.69","ProjectionDiff":-6.48},{"PlayerName":"Kirk Cousins","PlayerId":"2532820","Pos":"QB","Team":"MIN","PlayerOpponent":"@CHI","PassingYDS":"87","PassingTD":"2","PassingInt":"1","RushingYDS":"10","RushingTD":"","ReceivingRec":"","ReceivingYDS":"","ReceivingTD":"","RetTD":"","FumTD":"","2PT":"","Fum":"1","PlayerWeekProjectedPts":"18.33","Rank":26,"TotalPoints":"8.48","ProjectionDiff":-9.85},{"PlayerName":"Drew Lock","PlayerId":"2562305","Pos":"QB","Team":"DEN","PlayerOpponent":"CIN","PassingYDS":"88","PassingTD":"1","PassingInt":"","RushingYDS":"-2","RushingTD":"","ReceivingRec":"","ReceivingYDS":"","ReceivingTD":"","RetTD":"","FumTD":"","2PT":"","Fum":"1","PlayerWeekProjectedPts":"0.65","Rank":27,"TotalPoints":"7.02","ProjectionDiff":6.37},{"PlayerName":"Carson Wentz","PlayerId":"2555259","Pos":"QB","Team":"IND","PlayerOpponent":"NE","PassingYDS":"57","PassingTD":"1","PassingInt":"1","RushingYDS":"17","RushingTD":"","ReceivingRec":"","ReceivingYDS":"","ReceivingTD":"","RetTD":"","FumTD":"","2PT":"","Fum":"","PlayerWeekProjectedPts":"14.45","Rank":28,"TotalPoints":"5.98","ProjectionDiff":-8.47},{"PlayerName":"Garrett Gilbert","PlayerId":"2549982","Pos":"QB","Team":"WAS","PlayerOpponent":"@PHI","PassingYDS":"194","PassingTD":"","PassingInt":"","RushingYDS":"","RushingTD":"","ReceivingRec":"","ReceivingYDS":"","ReceivingTD":"","RetTD":"","FumTD":"","2PT":"","Fum":"1","PlayerWeekProjectedPts":"14.06","Rank":29,"TotalPoints":"5.76","ProjectionDiff":-8.3},{"PlayerName":"Teddy Bridgewater","PlayerId":"2543465","Pos":"QB","Team":"DEN","PlayerOpponent":"CIN","PassingYDS":"98","PassingTD":"","PassingInt":"","RushingYDS":"10","RushingTD":"","ReceivingRec":"","ReceivingYDS":"","ReceivingTD":"","RetTD":"","FumTD":"","2PT":"","Fum":"","PlayerWeekProjectedPts":null,"Rank":30,"TotalPoints":"4.92","ProjectionDiff":null},{"PlayerName":"Tom Brady","PlayerId":"2504211","Pos":"QB","Team":"TB","PlayerOpponent":"NO","PassingYDS":"214","PassingTD":"","PassingInt":"1","RushingYDS":"2","RushingTD":"","ReceivingRec":"","ReceivingYDS":"","ReceivingTD":"","RetTD":"","FumTD":"","2PT":"","Fum":"1","PlayerWeekProjectedPts":"20.23","Rank":31,"TotalPoints":"4.76","ProjectionDiff":-15.47},{"PlayerName":"Russell Wilson","PlayerId":"2532975","Pos":"QB","Team":"SEA","PlayerOpponent":"@LA","PassingYDS":"156","PassingTD":"","PassingInt":"1","RushingYDS":"","RushingTD":"","ReceivingRec":"","ReceivingYDS":"","ReceivingTD":"","RetTD":"","FumTD":"","2PT":"","Fum":"","PlayerWeekProjectedPts":"14.69","Rank":32,"TotalPoints":"4.24","ProjectionDiff":-10.45},{"PlayerName":"Jake Fromm","PlayerId":"2563608","Pos":"QB","Team":"NYG","PlayerOpponent":"DAL","PassingYDS":"82","PassingTD":"","PassingInt":"","RushingYDS":"","RushingTD":"","ReceivingRec":"","ReceivingYDS":"","ReceivingTD":"","RetTD":"","FumTD":"","2PT":"","Fum":"","PlayerWeekProjectedPts":"1.17","Rank":33,"TotalPoints":"3.28","ProjectionDiff":2.11},{"PlayerName":"Colt McCoy","PlayerId":"497123","Pos":"QB","Team":"ARI","PlayerOpponent":"@DET","PassingYDS":"56","PassingTD":"","PassingInt":"","RushingYDS":"3","RushingTD":"","ReceivingRec":"","ReceivingYDS":"","ReceivingTD":"","RetTD":"","FumTD":"","2PT":"","Fum":"","PlayerWeekProjectedPts":"1.03","Rank":34,"TotalPoints":"2.54","ProjectionDiff":1.51},{"PlayerName":"Marcus Mariota","PlayerId":"2552466","Pos":"QB","Team":"LV","PlayerOpponent":"@CLE","PassingYDS":"","PassingTD":"","PassingInt":"","RushingYDS":"3","RushingTD":"","ReceivingRec":"","ReceivingYDS":"","ReceivingTD":"","RetTD":"","FumTD":"","2PT":"","Fum":"","PlayerWeekProjectedPts":"0.69","Rank":35,"TotalPoints":"0.30","ProjectionDiff":-0.39},{"PlayerName":"Jacoby Brissett","PlayerId":"2555261","Pos":"QB","Team":"MIA","PlayerOpponent":"NYJ","PassingYDS":"","PassingTD":"","PassingInt":"","RushingYDS":"2","RushingTD":"","ReceivingRec":"","ReceivingYDS":"","ReceivingTD":"","RetTD":"","FumTD":"","2PT":"","Fum":"","PlayerWeekProjectedPts":"1.98","Rank":36,"TotalPoints":"0.20","ProjectionDiff":-1.78},{"PlayerName":"Brandon Allen","PlayerId":"2555365","Pos":"QB","Team":"CIN","PlayerOpponent":"@DEN","PassingYDS":"","PassingTD":"","PassingInt":"","RushingYDS":"","RushingTD":"","ReceivingRec":"","ReceivingYDS":"","ReceivingTD":"","RetTD":"","FumTD":"","2PT":"","Fum":"","PlayerWeekProjectedPts":"0.74","Rank":37,"TotalPoints":"0.00","ProjectionDiff":-0.74},{"PlayerName":"Kyle Allen","PlayerId":"2561177","Pos":"QB","Team":"WAS","PlayerOpponent":"@PHI","PassingYDS":"","PassingTD":"","PassingInt":"","RushingYDS":"","RushingTD":"","ReceivingRec":"","ReceivingYDS":"","ReceivingTD":"","RetTD":"","FumTD":"","2PT":"","Fum":"","PlayerWeekProjectedPts":"0.00","Rank":38,"TotalPoints":"0.00","ProjectionDiff":0.0},{"PlayerName":"Kenji Bahar","PlayerId":"2566608","Pos":"QB","Team":"FA","PlayerOpponent":"Bye","PassingYDS":"","PassingTD":"","PassingInt":"","RushingYDS":"","RushingTD":"","ReceivingRec":"","ReceivingYDS":"","ReceivingTD":"","RetTD":"","FumTD":"","2PT":"","Fum":"","PlayerWeekProjectedPts":"","Rank":39,"TotalPoints":"0.00","ProjectionDiff":null},{"PlayerName":"Matt Barkley","PlayerId":"2539308","Pos":"QB","Team":"ATL","PlayerOpponent":"@SF","PassingYDS":"","PassingTD":"","PassingInt":"","RushingYDS":"","RushingTD":"","ReceivingRec":"","ReceivingYDS":"","ReceivingTD":"","RetTD":"","FumTD":"","2PT":"","Fum":"","PlayerWeekProjectedPts":"0.00","Rank":40,"TotalPoints":"0.00","ProjectionDiff":0.0},{"PlayerName":"C.J. Beathard","PlayerId":"2557922","Pos":"QB","Team":"JAX","PlayerOpponent":"HOU","PassingYDS":"","PassingTD":"","PassingInt":"","RushingYDS":"","RushingTD":"","ReceivingRec":"","ReceivingYDS":"","ReceivingTD":"","RetTD":"","FumTD":"","2PT":"","Fum":"","PlayerWeekProjectedPts":"0.97","Rank":41,"TotalPoints":"0.00","ProjectionDiff":-0.97},{"PlayerName":"Kurt Benkert","PlayerId":"2560974","Pos":"QB","Team":"GB","PlayerOpponent":"@BAL","PassingYDS":"","PassingTD":"","PassingInt":"","RushingYDS":"","RushingTD":"","ReceivingRec":"","ReceivingYDS":"","ReceivingTD":"","RetTD":"","FumTD":"","2PT":"","Fum":"","PlayerWeekProjectedPts":"0.00","Rank":42,"TotalPoints":"0.00","ProjectionDiff":0.0},{"PlayerName":"David Blough","PlayerId":"2563043","Pos":"QB","Team":"DET","PlayerOpponent":"ARI","PassingYDS":"","PassingTD":"","PassingInt":"","RushingYDS":"","RushingTD":"","ReceivingRec":"","ReceivingYDS":"","ReceivingTD":"","RetTD":"","FumTD":"","2PT":"","Fum":"","PlayerWeekProjectedPts":"0.00","Rank":43,"TotalPoints":"0.00","ProjectionDiff":0.0},{"PlayerName":"Ian Book","PlayerId":"2566352","Pos":"QB","Team":"NO","PlayerOpponent":"@TB","PassingYDS":"","PassingTD":"","PassingInt":"","RushingYDS":"","RushingTD":"","ReceivingRec":"","ReceivingYDS":"","ReceivingTD":"","RetTD":"","FumTD":"","2PT":"","Fum":"","PlayerWeekProjectedPts":"0.00","Rank":44,"TotalPoints":"0.00","ProjectionDiff":0.0},{"PlayerName":"Blake Bortles","PlayerId":"2543477","Pos":"QB","Team":"NO","PlayerOpponent":"@TB","PassingYDS":"","PassingTD":"","PassingInt":"","RushingYDS":"","RushingTD":"","ReceivingRec":"","ReceivingYDS":"","ReceivingTD":"","RetTD":"","FumTD":"","2PT":"","Fum":"","PlayerWeekProjectedPts":"0.00","Rank":45,"TotalPoints":"0.00","ProjectionDiff":0.0},{"PlayerName":"Tim Boyle","PlayerId":"2561187","Pos":"QB","Team":"DET","PlayerOpponent":"ARI","PassingYDS":"","PassingTD":"","PassingInt":"","RushingYDS":"","RushingTD":"","ReceivingRec":"","ReceivingYDS":"","ReceivingTD":"","RetTD":"","FumTD":"","2PT":"","Fum":"","PlayerWeekProjectedPts":"0.87","Rank":46,"TotalPoints":"0.00","ProjectionDiff":-0.87},{"PlayerName":"Drew Brees","PlayerId":"2504775","Pos":"QB","Team":"FA","PlayerOpponent":"Bye","PassingYDS":"","PassingTD":"","PassingInt":"","RushingYDS":"","RushingTD":"","ReceivingRec":"","ReceivingYDS":"","ReceivingTD":"","RetTD":"","FumTD":"","2PT":"","Fum":"","PlayerWeekProjectedPts":"","Rank":47,"TotalPoints":"0.00","ProjectionDiff":null},{"PlayerName":"Jake Browning","PlayerId":"2562634","Pos":"QB","Team":"CIN","PlayerOpponent":"@DEN","PassingYDS":"","PassingTD":"","PassingInt":"","RushingYDS":"","RushingTD":"","ReceivingRec":"","ReceivingYDS":"","ReceivingTD":"","RetTD":"","FumTD":"","2PT":"","Fum":"","PlayerWeekProjectedPts":"0.00","Rank":48,"TotalPoints":"0.00","ProjectionDiff":0.0},{"PlayerName":"Shane Buechele","PlayerId":"2566983","Pos":"QB","Team":"KC","PlayerOpponent":"@LAC","PassingYDS":"","PassingTD":"","PassingInt":"","RushingYDS":"","RushingTD":"","ReceivingRec":"","ReceivingYDS":"","ReceivingTD":"","RetTD":"","FumTD":"","2PT":"","Fum":"","PlayerWeekProjectedPts":"0.00","Rank":49,"TotalPoints":"0.00","ProjectionDiff":0.0},{"PlayerName":"Andy Dalton","PlayerId":"2495143","Pos":"QB","Team":"CHI","PlayerOpponent":"MIN","PassingYDS":"","PassingTD":"","PassingInt":"","RushingYDS":"","RushingTD":"","ReceivingRec":"","ReceivingYDS":"","ReceivingTD":"","RetTD":"","FumTD":"","2PT":"","Fum":"","PlayerWeekProjectedPts":"0.00","Rank":50,"TotalPoints":"0.00","ProjectionDiff":0.0},{"PlayerName":"Chase Daniel","PlayerId":"81284","Pos":"QB","Team":"LAC","PlayerOpponent":"KC","PassingYDS":"","PassingTD":"","PassingInt":"","RushingYDS":"","RushingTD":"","ReceivingRec":"","ReceivingYDS":"","ReceivingTD":"","RetTD":"","FumTD":"","2PT":"","Fum":"","PlayerWeekProjectedPts":"0.51","Rank":51,"TotalPoints":"0.00","ProjectionDiff":-0.51},{"PlayerName":"Sam Darnold","PlayerId":"2561036","Pos":"QB","Team":"CAR","PlayerOpponent":"@BUF","PassingYDS":"","PassingTD":"","PassingInt":"","RushingYDS":"","RushingTD":"","ReceivingRec":"","ReceivingYDS":"","ReceivingTD":"","RetTD":"","FumTD":"","2PT":"","Fum":"","PlayerWeekProjectedPts":"0.00","Rank":52,"TotalPoints":"0.00","ProjectionDiff":0.0},{"PlayerName":"Ben DiNucci","PlayerId":"2563839","Pos":"QB","Team":"DAL","PlayerOpponent":"@NYG","PassingYDS":"","PassingTD":"","PassingInt":"","RushingYDS":"","RushingTD":"","ReceivingRec":"","ReceivingYDS":"","ReceivingTD":"","RetTD":"","FumTD":"","2PT":"","Fum":"","PlayerWeekProjectedPts":"0.00","Rank":53,"TotalPoints":"0.00","ProjectionDiff":0.0},{"PlayerName":"Joshua Dobbs","PlayerId":"2558167","Pos":"QB","Team":"PIT","PlayerOpponent":"TEN","PassingYDS":"","PassingTD":"","PassingInt":"","RushingYDS":"","RushingTD":"","ReceivingRec":"","ReceivingYDS":"","ReceivingTD":"","RetTD":"","FumTD":"","2PT":"","Fum":"","PlayerWeekProjectedPts":null,"Rank":54,"TotalPoints":"0.00","ProjectionDiff":null},{"PlayerName":"Jeff Driskel","PlayerId":"2555262","Pos":"QB","Team":"HOU","PlayerOpponent":"@JAX","PassingYDS":"","PassingTD":"","PassingInt":"","RushingYDS":"","RushingTD":"","ReceivingRec":"","ReceivingYDS":"","ReceivingTD":"","RetTD":"","FumTD":"","2PT":"","Fum":"","PlayerWeekProjectedPts":null,"Rank":55,"TotalPoints":"0.00","ProjectionDiff":null},{"PlayerName":"Jacob Eason","PlayerId":"2564115","Pos":"QB","Team":"SEA","PlayerOpponent":"@LA","PassingYDS":"","PassingTD":"","PassingInt":"","RushingYDS":"","RushingTD":"","ReceivingRec":"","ReceivingYDS":"","ReceivingTD":"","RetTD":"","FumTD":"","2PT":"","Fum":"","PlayerWeekProjectedPts":"0.00","Rank":56,"TotalPoints":"0.00","ProjectionDiff":0.0},{"PlayerName":"Sam Ehlinger","PlayerId":"2566142","Pos":"QB","Team":"IND","PlayerOpponent":"NE","PassingYDS":"","PassingTD":"","PassingInt":"","RushingYDS":"","RushingTD":"","ReceivingRec":"","ReceivingYDS":"","ReceivingTD":"","RetTD":"","FumTD":"","2PT":"","Fum":"","PlayerWeekProjectedPts":"0.80","Rank":57,"TotalPoints":"0.00","ProjectionDiff":-0.8},{"PlayerName":"Danny Etling","PlayerId":"2560717","Pos":"QB","Team":"JAX","PlayerOpponent":"HOU","PassingYDS":"","PassingTD":"","PassingInt":"","RushingYDS":"","RushingTD":"","ReceivingRec":"","ReceivingYDS":"","ReceivingTD":"","RetTD":"","FumTD":"","2PT":"","Fum":"","PlayerWeekProjectedPts":"0.00","Rank":58,"TotalPoints":"0.00","ProjectionDiff":0.0},{"PlayerName":"Ryan Finley","PlayerId":"2562651","Pos":"QB","Team":"FA","PlayerOpponent":"Bye","PassingYDS":"","PassingTD":"","PassingInt":"","RushingYDS":"","RushingTD":"","ReceivingRec":"","ReceivingYDS":"","ReceivingTD":"","RetTD":"","FumTD":"","2PT":"","Fum":"","PlayerWeekProjectedPts":"","Rank":59,"TotalPoints":"0.00","ProjectionDiff":null},{"PlayerName":"Ryan Fitzpatrick","PlayerId":"2506581","Pos":"QB","Team":"WAS","PlayerOpponent":"@PHI","PassingYDS":"","PassingTD":"","PassingInt":"","RushingYDS":"","RushingTD":"","ReceivingRec":"","ReceivingYDS":"","ReceivingTD":"","RetTD":"","FumTD":"","2PT":"","Fum":"","PlayerWeekProjectedPts":null,"Rank":60,"TotalPoints":"0.00","ProjectionDiff":null},{"PlayerName":"Joe Flacco","PlayerId":"382","Pos":"QB","Team":"NYJ","PlayerOpponent":"@MIA","PassingYDS":"","PassingTD":"","PassingInt":"","RushingYDS":"","RushingTD":"","ReceivingRec":"","ReceivingYDS":"","ReceivingTD":"","RetTD":"","FumTD":"","2PT":"","Fum":"","PlayerWeekProjectedPts":"1.15","Rank":61,"TotalPoints":"0.00","ProjectionDiff":-1.15},{"PlayerName":"Nick Foles","PlayerId":"2532842","Pos":"QB","Team":"CHI","PlayerOpponent":"MIN","PassingYDS":"","PassingTD":"","PassingInt":"","RushingYDS":"","RushingTD":"","ReceivingRec":"","ReceivingYDS":"","ReceivingTD":"","RetTD":"","FumTD":"","2PT":"","Fum":"","PlayerWeekProjectedPts":"1.05","Rank":62,"TotalPoints":"0.00","ProjectionDiff":-1.05},{"PlayerName":"Feleipe Franks","PlayerId":"2566683","Pos":"QB","Team":"ATL","PlayerOpponent":"@SF","PassingYDS":"","PassingTD":"","PassingInt":"","RushingYDS":"","RushingTD":"","ReceivingRec":"","ReceivingYDS":"","ReceivingTD":"","RetTD":"","FumTD":"","2PT":"","Fum":"","PlayerWeekProjectedPts":"0.63","Rank":63,"TotalPoints":"0.00","ProjectionDiff":-0.63},{"PlayerName":"Blaine Gabbert","PlayerId":"2495441","Pos":"QB","Team":"TB","PlayerOpponent":"NO","PassingYDS":"","PassingTD":"","PassingInt":"","RushingYDS":"","RushingTD":"","ReceivingRec":"","ReceivingYDS":"","ReceivingTD":"","RetTD":"","FumTD":"","2PT":"","Fum":"","PlayerWeekProjectedPts":"0.77","Rank":64,"TotalPoints":"0.00","ProjectionDiff":-0.77},{"PlayerName":"Anthony Gordon","PlayerId":"2565153","Pos":"QB","Team":"DEN","PlayerOpponent":"CIN","PassingYDS":"","PassingTD":"","PassingInt":"","RushingYDS":"","RushingTD":"","ReceivingRec":"","ReceivingYDS":"","ReceivingTD":"","RetTD":"","FumTD":"","2PT":"","Fum":"","PlayerWeekProjectedPts":"0.00","Rank":65,"TotalPoints":"0.00","ProjectionDiff":0.0},{"PlayerName":"Will Grier","PlayerId":"2562404","Pos":"QB","Team":"DAL","PlayerOpponent":"@NYG","PassingYDS":"","PassingTD":"","PassingInt":"","RushingYDS":"","RushingTD":"","ReceivingRec":"","ReceivingYDS":"","ReceivingTD":"","RetTD":"","FumTD":"","2PT":"","Fum":"","PlayerWeekProjectedPts":null,"Rank":66,"TotalPoints":"0.00","ProjectionDiff":null},{"PlayerName":"Ryan Griffin","PlayerId":"2541185","Pos":"QB","Team":"TB","PlayerOpponent":"NO","PassingYDS":"","PassingTD":"","PassingInt":"","RushingYDS":"","RushingTD":"","ReceivingRec":"","ReceivingYDS":"","ReceivingTD":"","RetTD":"","FumTD":"","2PT":"","Fum":"","PlayerWeekProjectedPts":"0.00","Rank":67,"TotalPoints":"0.00","ProjectionDiff":0.0},{"PlayerName":"Dwayne Haskins","PlayerId":"2562660","Pos":"QB","Team":"PIT","PlayerOpponent":"TEN","PassingYDS":"","PassingTD":"","PassingInt":"","RushingYDS":"","RushingTD":"","ReceivingRec":"","ReceivingYDS":"","ReceivingTD":"","RetTD":"","FumTD":"","2PT":"","Fum":"","PlayerWeekProjectedPts":"0.00","Rank":68,"TotalPoints":"0.00","ProjectionDiff":0.0},{"PlayerName":"Taylor Heinicke","PlayerId":"2553656","Pos":"QB","Team":"WAS","PlayerOpponent":"@PHI","PassingYDS":"","PassingTD":"","PassingInt":"","RushingYDS":"","RushingTD":"","ReceivingRec":"","ReceivingYDS":"","ReceivingTD":"","RetTD":"","FumTD":"","2PT":"","Fum":"","PlayerWeekProjectedPts":"0.00","Rank":69,"TotalPoints":"0.00","ProjectionDiff":0.0},{"PlayerName":"Chad Henne","PlayerId":"252","Pos":"QB","Team":"KC","PlayerOpponent":"@LAC","PassingYDS":"","PassingTD":"","PassingInt":"","RushingYDS":"","RushingTD":"","ReceivingRec":"","ReceivingYDS":"","ReceivingTD":"","RetTD":"","FumTD":"","2PT":"","Fum":"","PlayerWeekProjectedPts":"0.55","Rank":70,"TotalPoints":"0.00","ProjectionDiff":-0.55},{"PlayerName":"Devlin Hodges","PlayerId":"2563258","Pos":"QB","Team":"FA","PlayerOpponent":"Bye","PassingYDS":"","PassingTD":"","PassingInt":"","RushingYDS":"","RushingTD":"","ReceivingRec":"","ReceivingYDS":"","ReceivingTD":"","RetTD":"","FumTD":"","2PT":"","Fum":"","PlayerWeekProjectedPts":"","Rank":71,"TotalPoints":"0.00","ProjectionDiff":null},{"PlayerName":"Brian Hoyer","PlayerId":"81294","Pos":"QB","Team":"NE","PlayerOpponent":"@IND","PassingYDS":"","PassingTD":"","PassingInt":"","RushingYDS":"","RushingTD":"","ReceivingRec":"","ReceivingYDS":"","ReceivingTD":"","RetTD":"","FumTD":"","2PT":"","Fum":"","PlayerWeekProjectedPts":"0.64","Rank":72,"TotalPoints":"0.00","ProjectionDiff":-0.64},{"PlayerName":"Brett Hundley","PlayerId":"2552588","Pos":"QB","Team":"IND","PlayerOpponent":"NE","PassingYDS":"","PassingTD":"","PassingInt":"","RushingYDS":"","RushingTD":"","ReceivingRec":"","ReceivingYDS":"","ReceivingTD":"","RetTD":"","FumTD":"","2PT":"","Fum":"","PlayerWeekProjectedPts":"0.00","Rank":73,"TotalPoints":"0.00","ProjectionDiff":0.0},{"PlayerName":"Lamar Jackson","PlayerId":"2560757","Pos":"QB","Team":"BAL","PlayerOpponent":"GB","PassingYDS":"","PassingTD":"","PassingInt":"","RushingYDS":"","RushingTD":"","ReceivingRec":"","ReceivingYDS":"","ReceivingTD":"","RetTD":"","FumTD":"","2PT":"","Fum":"","PlayerWeekProjectedPts":"0.00","Rank":74,"TotalPoints":"0.00","ProjectionDiff":0.0},{"PlayerName":"Josh Johnson","PlayerId":"264","Pos":"QB","Team":"BAL","PlayerOpponent":"GB","PassingYDS":"","PassingTD":"","PassingInt":"","RushingYDS":"","RushingTD":"","ReceivingRec":"","ReceivingYDS":"","ReceivingTD":"","RetTD":"","FumTD":"","2PT":"","Fum":"","PlayerWeekProjectedPts":"0.40","Rank":75,"TotalPoints":"0.00","ProjectionDiff":-0.4},{"PlayerName":"Daniel Jones","PlayerId":"2562299","Pos":"QB","Team":"NYG","PlayerOpponent":"DAL","PassingYDS":"","PassingTD":"","PassingInt":"","RushingYDS":"","RushingTD":"","ReceivingRec":"","ReceivingYDS":"","ReceivingTD":"","RetTD":"","FumTD":"","2PT":"","Fum":"","PlayerWeekProjectedPts":null,"Rank":76,"TotalPoints":"0.00","ProjectionDiff":null},{"PlayerName":"Colin Kaepernick","PlayerId":"2495186","Pos":"QB","Team":"FA","PlayerOpponent":"Bye","PassingYDS":"","PassingTD":"","PassingInt":"","RushingYDS":"","RushingTD":"","ReceivingRec":"","ReceivingYDS":"","ReceivingTD":"","RetTD":"","FumTD":"","2PT":"","Fum":"","PlayerWeekProjectedPts":"","Rank":77,"TotalPoints":"0.00","ProjectionDiff":null},{"PlayerName":"Case Keenum","PlayerId":"2532888","Pos":"QB","Team":"CLE","PlayerOpponent":"LV","PassingYDS":"","PassingTD":"","PassingInt":"","RushingYDS":"","RushingTD":"","ReceivingRec":"","ReceivingYDS":"","ReceivingTD":"","RetTD":"","FumTD":"","2PT":"","Fum":"","PlayerWeekProjectedPts":"0.00","Rank":78,"TotalPoints":"0.00","ProjectionDiff":0.0},{"PlayerName":"DeShone Kizer","PlayerId":"2557983","Pos":"QB","Team":"FA","PlayerOpponent":"Bye","PassingYDS":"","PassingTD":"","PassingInt":"","RushingYDS":"","RushingTD":"","ReceivingRec":"","ReceivingYDS":"","ReceivingTD":"","RetTD":"","FumTD":"","2PT":"","Fum":"","PlayerWeekProjectedPts":"","Rank":79,"TotalPoints":"0.00","ProjectionDiff":null},{"PlayerName":"Trey Lance","PlayerId":"2566532","Pos":"QB","Team":"SF","PlayerOpponent":"ATL","PassingYDS":"","PassingTD":"","PassingInt":"","RushingYDS":"","RushingTD":"","ReceivingRec":"","ReceivingYDS":"","ReceivingTD":"","RetTD":"","FumTD":"","2PT":"","Fum":"","PlayerWeekProjectedPts":"1.14","Rank":80,"TotalPoints":"0.00","ProjectionDiff":-1.14},{"PlayerName":"Kyle Lauletta","PlayerId":"2560786","Pos":"QB","Team":"FA","PlayerOpponent":"Bye","PassingYDS":"","PassingTD":"","PassingInt":"","RushingYDS":"","RushingTD":"","ReceivingRec":"","ReceivingYDS":"","ReceivingTD":"","RetTD":"","FumTD":"","2PT":"","Fum":"","PlayerWeekProjectedPts":"","Rank":81,"TotalPoints":"0.00","ProjectionDiff":null},{"PlayerName":"Jordan Love","PlayerId":"2564007","Pos":"QB","Team":"GB","PlayerOpponent":"@BAL","PassingYDS":"","PassingTD":"","PassingInt":"","RushingYDS":"","RushingTD":"","ReceivingRec":"","ReceivingYDS":"","ReceivingTD":"","RetTD":"","FumTD":"","2PT":"","Fum":"","PlayerWeekProjectedPts":"0.71","Rank":82,"TotalPoints":"0.00","ProjectionDiff":-0.71},{"PlayerName":"Jake Luton","PlayerId":"2564205","Pos":"QB","Team":"MIA","PlayerOpponent":"NYJ","PassingYDS":"","PassingTD":"","PassingInt":"","RushingYDS":"","RushingTD":"","ReceivingRec":"","ReceivingYDS":"","ReceivingTD":"","RetTD":"","FumTD":"","2PT":"","Fum":"","PlayerWeekProjectedPts":"0.00","Rank":83,"TotalPoints":"0.00","ProjectionDiff":0.0},{"PlayerName":"Sean Mannion","PlayerId":"2552576","Pos":"QB","Team":"MIN","PlayerOpponent":"@CHI","PassingYDS":"","PassingTD":"","PassingInt":"","RushingYDS":"","RushingTD":"","ReceivingRec":"","ReceivingYDS":"","ReceivingTD":"","RetTD":"","FumTD":"","2PT":"","Fum":"","PlayerWeekProjectedPts":"0.67","Rank":84,"TotalPoints":"0.00","ProjectionDiff":-0.67},{"PlayerName":"Baker Mayfield","PlayerId":"2560800","Pos":"QB","Team":"CLE","PlayerOpponent":"LV","PassingYDS":"","PassingTD":"","PassingInt":"","RushingYDS":"","RushingTD":"","ReceivingRec":"","ReceivingYDS":"","ReceivingTD":"","RetTD":"","FumTD":"","2PT":"","Fum":"","PlayerWeekProjectedPts":null,"Rank":85,"TotalPoints":"0.00","ProjectionDiff":null},{"PlayerName":"AJ McCarron","PlayerId":"2543497","Pos":"QB","Team":"ATL","PlayerOpponent":"@SF","PassingYDS":"","PassingTD":"","PassingInt":"","RushingYDS":"","RushingTD":"","ReceivingRec":"","ReceivingYDS":"","ReceivingTD":"","RetTD":"","FumTD":"","2PT":"","Fum":"","PlayerWeekProjectedPts":null,"Rank":86,"TotalPoints":"0.00","ProjectionDiff":null},{"PlayerName":"Josh McCown","PlayerId":"2505076","Pos":"QB","Team":"FA","PlayerOpponent":"Bye","PassingYDS":"","PassingTD":"","PassingInt":"","RushingYDS":"","RushingTD":"","ReceivingRec":"","ReceivingYDS":"","ReceivingTD":"","RetTD":"","FumTD":"","2PT":"","Fum":"","PlayerWeekProjectedPts":"","Rank":87,"TotalPoints":"0.00","ProjectionDiff":null},{"PlayerName":"Cole McDonald","PlayerId":"2564052","Pos":"QB","Team":"FA","PlayerOpponent":"Bye","PassingYDS":"","PassingTD":"","PassingInt":"","RushingYDS":"","RushingTD":"","ReceivingRec":"","ReceivingYDS":"","ReceivingTD":"","RetTD":"","FumTD":"","2PT":"","Fum":"","PlayerWeekProjectedPts":"","Rank":88,"TotalPoints":"0.00","ProjectionDiff":null},{"PlayerName":"Alex McGough","PlayerId":"2561148","Pos":"QB","Team":"FA","PlayerOpponent":"Bye","PassingYDS":"","PassingTD":"","PassingInt":"","RushingYDS":"","RushingTD":"","ReceivingRec":"","ReceivingYDS":"","ReceivingTD":"","RetTD":"","FumTD":"","2PT":"","Fum":"","PlayerWeekProjectedPts":"","Rank":89,"TotalPoints":"0.00","ProjectionDiff":null},{"PlayerName":"Trace McSorley","PlayerId":"2562403","Pos":"QB","Team":"ARI","PlayerOpponent":"@DET","PassingYDS":"","PassingTD":"","PassingInt":"","RushingYDS":"","RushingTD":"","ReceivingRec":"","ReceivingYDS":"","ReceivingTD":"","RetTD":"","FumTD":"","2PT":"","Fum":"","PlayerWeekProjectedPts":"0.00","Rank":90,"TotalPoints":"0.00","ProjectionDiff":0.0},{"PlayerName":"Gardner Minshew","PlayerId":"2562796","Pos":"QB","Team":"PHI","PlayerOpponent":"WAS","PassingYDS":"","PassingTD":"","PassingInt":"","RushingYDS":"","RushingTD":"","ReceivingRec":"","ReceivingYDS":"","ReceivingTD":"","RetTD":"","FumTD":"","2PT":"","Fum":"","PlayerWeekProjectedPts":"1.24","Rank":91,"TotalPoints":"0.00","ProjectionDiff":-1.24},{"PlayerName":"Kellen Mond","PlayerId":"2566310","Pos":"QB","Team":"MIN","PlayerOpponent":"@CHI","PassingYDS":"","PassingTD":"","PassingInt":"","RushingYDS":"","RushingTD":"","ReceivingRec":"","ReceivingYDS":"","ReceivingTD":"","RetTD":"","FumTD":"","2PT":"","Fum":"","PlayerWeekProjectedPts":"0.00","Rank":92,"TotalPoints":"0.00","ProjectionDiff":0.0},{"PlayerName":"Steven Montez","PlayerId":"2565285","Pos":"QB","Team":"DET","PlayerOpponent":"ARI","PassingYDS":"","PassingTD":"","PassingInt":"","RushingYDS":"","RushingTD":"","ReceivingRec":"","ReceivingYDS":"","ReceivingTD":"","RetTD":"","FumTD":"","2PT":"","Fum":"","PlayerWeekProjectedPts":"0.00","Rank":93,"TotalPoints":"0.00","ProjectionDiff":0.0},{"PlayerName":"Matt Moore","PlayerId":"2507282","Pos":"QB","Team":"FA","PlayerOpponent":"Bye","PassingYDS":"","PassingTD":"","PassingInt":"","RushingYDS":"","RushingTD":"","ReceivingRec":"","ReceivingYDS":"","ReceivingTD":"","RetTD":"","FumTD":"","2PT":"","Fum":"","PlayerWeekProjectedPts":"","Rank":94,"TotalPoints":"0.00","ProjectionDiff":null},{"PlayerName":"James Morgan","PlayerId":"2564805","Pos":"QB","Team":"IND","PlayerOpponent":"NE","PassingYDS":"","PassingTD":"","PassingInt":"","RushingYDS":"","RushingTD":"","ReceivingRec":"","ReceivingYDS":"","ReceivingTD":"","RetTD":"","FumTD":"","2PT":"","Fum":"","PlayerWeekProjectedPts":"0.00","Rank":95,"TotalPoints":"0.00","ProjectionDiff":0.0},{"PlayerName":"Jalen Morton","PlayerId":"2564013","Pos":"QB","Team":"FA","PlayerOpponent":"Bye","PassingYDS":"","PassingTD":"","PassingInt":"","RushingYDS":"","RushingTD":"","ReceivingRec":"","ReceivingYDS":"","ReceivingTD":"","RetTD":"","FumTD":"","2PT":"","Fum":"","PlayerWeekProjectedPts":"","Rank":96,"TotalPoints":"0.00","ProjectionDiff":null},{"PlayerName":"Jamie Newman","PlayerId":"2567058","Pos":"QB","Team":"FA","PlayerOpponent":"Bye","PassingYDS":"","PassingTD":"","PassingInt":"","RushingYDS":"","RushingTD":"","ReceivingRec":"","ReceivingYDS":"","ReceivingTD":"","RetTD":"","FumTD":"","2PT":"","Fum":"","PlayerWeekProjectedPts":"","Rank":97,"TotalPoints":"0.00","ProjectionDiff":null},{"PlayerName":"Bryce Perkins","PlayerId":"2564382","Pos":"QB","Team":"LA","PlayerOpponent":"SEA","PassingYDS":"","PassingTD":"","PassingInt":"","RushingYDS":"","RushingTD":"","ReceivingRec":"","ReceivingYDS":"","ReceivingTD":"","RetTD":"","FumTD":"","2PT":"","Fum":"","PlayerWeekProjectedPts":"0.00","Rank":98,"TotalPoints":"0.00","ProjectionDiff":0.0},{"PlayerName":"Nathan Peterman","PlayerId":"2558191","Pos":"QB","Team":"LV","PlayerOpponent":"@CLE","PassingYDS":"","PassingTD":"","PassingInt":"","RushingYDS":"","RushingTD":"","ReceivingRec":"","ReceivingYDS":"","ReceivingTD":"","RetTD":"","FumTD":"","2PT":"","Fum":"","PlayerWeekProjectedPts":"0.00","Rank":99,"TotalPoints":"0.00","ProjectionDiff":0.0},{"PlayerName":"Philip Rivers","PlayerId":"2506121","Pos":"QB","Team":"FA","PlayerOpponent":"Bye","PassingYDS":"","PassingTD":"","PassingInt":"","RushingYDS":"","RushingTD":"","ReceivingRec":"","ReceivingYDS":"","ReceivingTD":"","RetTD":"","FumTD":"","2PT":"","Fum":"","PlayerWeekProjectedPts":"","Rank":100,"TotalPoints":"0.00","ProjectionDiff":null},{"PlayerName":"Josh Rosen","PlayerId":"2560858","Pos":"QB","Team":"ATL","PlayerOpponent":"@SF","PassingYDS":"","PassingTD":"","PassingInt":"","RushingYDS":"","RushingTD":"","ReceivingRec":"","ReceivingYDS":"","ReceivingTD":"","RetTD":"","FumTD":"","2PT":"","Fum":"","PlayerWeekProjectedPts":"0.00","Rank":101,"TotalPoints":"0.00","ProjectionDiff":0.0},{"PlayerName":"Jake Rudock","PlayerId":"2556232","Pos":"QB","Team":"FA","PlayerOpponent":"Bye","PassingYDS":"","PassingTD":"","PassingInt":"","RushingYDS":"","RushingTD":"","ReceivingRec":"","ReceivingYDS":"","ReceivingTD":"","RetTD":"","FumTD":"","2PT":"","Fum":"","PlayerWeekProjectedPts":"","Rank":102,"TotalPoints":"0.00","ProjectionDiff":null},{"PlayerName":"Mason Rudolph","PlayerId":"2560860","Pos":"QB","Team":"PIT","PlayerOpponent":"TEN","PassingYDS":"","PassingTD":"","PassingInt":"","RushingYDS":"","RushingTD":"","ReceivingRec":"","ReceivingYDS":"","ReceivingTD":"","RetTD":"","FumTD":"","2PT":"","Fum":"","PlayerWeekProjectedPts":"0.23","Rank":103,"TotalPoints":"0.00","ProjectionDiff":-0.23},{"PlayerName":"Cooper Rush","PlayerId":"2559242","Pos":"QB","Team":"DAL","PlayerOpponent":"@NYG","PassingYDS":"","PassingTD":"","PassingInt":"","RushingYDS":"","RushingTD":"","ReceivingRec":"","ReceivingYDS":"","ReceivingTD":"","RetTD":"","FumTD":"","2PT":"","Fum":"","PlayerWeekProjectedPts":"0.74","Rank":104,"TotalPoints":"0.00","ProjectionDiff":-0.74},{"PlayerName":"Brett Rypien","PlayerId":"2562718","Pos":"QB","Team":"DEN","PlayerOpponent":"CIN","PassingYDS":"","PassingTD":"","PassingInt":"","RushingYDS":"","RushingTD":"","ReceivingRec":"","ReceivingYDS":"","ReceivingTD":"","RetTD":"","FumTD":"","2PT":"","Fum":"","PlayerWeekProjectedPts":"0.00","Rank":105,"TotalPoints":"0.00","ProjectionDiff":0.0},{"PlayerName":"Matt Schaub","PlayerId":"2505982","Pos":"QB","Team":"FA","PlayerOpponent":"Bye","PassingYDS":"","PassingTD":"","PassingInt":"","RushingYDS":"","RushingTD":"","ReceivingRec":"","ReceivingYDS":"","ReceivingTD":"","RetTD":"","FumTD":"","2PT":"","Fum":"","PlayerWeekProjectedPts":"","Rank":106,"TotalPoints":"0.00","ProjectionDiff":null},{"PlayerName":"Kyle Shurmur","PlayerId":"2562731","Pos":"QB","Team":"FA","PlayerOpponent":"Bye","PassingYDS":"","PassingTD":"","PassingInt":"","RushingYDS":"","RushingTD":"","ReceivingRec":"","ReceivingYDS":"","ReceivingTD":"","RetTD":"","FumTD":"","2PT":"","Fum":"","PlayerWeekProjectedPts":"","Rank":107,"TotalPoints":"0.00","ProjectionDiff":null},{"PlayerName":"Trevor Siemian","PlayerId":"2553457","Pos":"QB","Team":"NO","PlayerOpponent":"@TB","PassingYDS":"","PassingTD":"","PassingInt":"","RushingYDS":"","RushingTD":"","ReceivingRec":"","ReceivingYDS":"","ReceivingTD":"","RetTD":"","FumTD":"","2PT":"","Fum":"","PlayerWeekProjectedPts":"0.29","Rank":108,"TotalPoints":"0.00","ProjectionDiff":-0.29},{"PlayerName":"Reid Sinnett","PlayerId":"2565255","Pos":"QB","Team":"PHI","PlayerOpponent":"WAS","PassingYDS":"","PassingTD":"","PassingInt":"","RushingYDS":"","RushingTD":"","ReceivingRec":"","ReceivingYDS":"","ReceivingTD":"","RetTD":"","FumTD":"","2PT":"","Fum":"","PlayerWeekProjectedPts":"0.00","Rank":109,"TotalPoints":"0.00","ProjectionDiff":0.0},{"PlayerName":"Alex Smith","PlayerId":"2506340","Pos":"QB","Team":"FA","PlayerOpponent":"Bye","PassingYDS":"","PassingTD":"","PassingInt":"","RushingYDS":"","RushingTD":"","ReceivingRec":"","ReceivingYDS":"","ReceivingTD":"","RetTD":"","FumTD":"","2PT":"","Fum":"","PlayerWeekProjectedPts":"","Rank":110,"TotalPoints":"0.00","ProjectionDiff":null},{"PlayerName":"Geno Smith","PlayerId":"2539335","Pos":"QB","Team":"SEA","PlayerOpponent":"@LA","PassingYDS":"","PassingTD":"","PassingInt":"","RushingYDS":"","RushingTD":"","ReceivingRec":"","ReceivingYDS":"","ReceivingTD":"","RetTD":"","FumTD":"","2PT":"","Fum":"","PlayerWeekProjectedPts":"0.62","Rank":111,"TotalPoints":"0.00","ProjectionDiff":-0.62},{"PlayerName":"Nate Stanley","PlayerId":"2564577","Pos":"QB","Team":"MIN","PlayerOpponent":"@CHI","PassingYDS":"","PassingTD":"","PassingInt":"","RushingYDS":"","RushingTD":"","ReceivingRec":"","ReceivingYDS":"","ReceivingTD":"","RetTD":"","FumTD":"","2PT":"","Fum":"","PlayerWeekProjectedPts":null,"Rank":112,"TotalPoints":"0.00","ProjectionDiff":null},{"PlayerName":"Drew Stanton","PlayerId":"2495748","Pos":"QB","Team":"FA","PlayerOpponent":"Bye","PassingYDS":"","PassingTD":"","PassingInt":"","RushingYDS":"","RushingTD":"","ReceivingRec":"","ReceivingYDS":"","ReceivingTD":"","RetTD":"","FumTD":"","2PT":"","Fum":"","PlayerWeekProjectedPts":"","Rank":113,"TotalPoints":"0.00","ProjectionDiff":null},{"PlayerName":"Tommy Stevens","PlayerId":"2564697","Pos":"QB","Team":"FA","PlayerOpponent":"Bye","PassingYDS":"","PassingTD":"","PassingInt":"","RushingYDS":"","RushingTD":"","ReceivingRec":"","ReceivingYDS":"","ReceivingTD":"","RetTD":"","FumTD":"","2PT":"","Fum":"","PlayerWeekProjectedPts":"","Rank":114,"TotalPoints":"0.00","ProjectionDiff":null},{"PlayerName":"Easton Stick","PlayerId":"2562745","Pos":"QB","Team":"LAC","PlayerOpponent":"KC","PassingYDS":"","PassingTD":"","PassingInt":"","RushingYDS":"","RushingTD":"","ReceivingRec":"","ReceivingYDS":"","ReceivingTD":"","RetTD":"","FumTD":"","2PT":"","Fum":"","PlayerWeekProjectedPts":"0.00","Rank":115,"TotalPoints":"0.00","ProjectionDiff":0.0},{"PlayerName":"Jarrett Stidham","PlayerId":"2562746","Pos":"QB","Team":"NE","PlayerOpponent":"@IND","PassingYDS":"","PassingTD":"","PassingInt":"","RushingYDS":"","RushingTD":"","ReceivingRec":"","ReceivingYDS":"","ReceivingTD":"","RetTD":"","FumTD":"","2PT":"","Fum":"","PlayerWeekProjectedPts":"0.00","Rank":116,"TotalPoints":"0.00","ProjectionDiff":0.0},{"PlayerName":"Chris Streveler","PlayerId":"2563458","Pos":"QB","Team":"BAL","PlayerOpponent":"GB","PassingYDS":"","PassingTD":"","PassingInt":"","RushingYDS":"","RushingTD":"","ReceivingRec":"","ReceivingYDS":"","ReceivingTD":"","RetTD":"","FumTD":"","2PT":"","Fum":"","PlayerWeekProjectedPts":"0.00","Rank":117,"TotalPoints":"0.00","ProjectionDiff":0.0},{"PlayerName":"Nate Sudfeld","PlayerId":"2555427","Pos":"QB","Team":"SF","PlayerOpponent":"ATL","PassingYDS":"","PassingTD":"","PassingInt":"","RushingYDS":"","RushingTD":"","ReceivingRec":"","ReceivingYDS":"","ReceivingTD":"","RetTD":"","FumTD":"","2PT":"","Fum":"","PlayerWeekProjectedPts":"0.00","Rank":118,"TotalPoints":"0.00","ProjectionDiff":0.0},{"PlayerName":"Tyrod Taylor","PlayerId":"2495240","Pos":"QB","Team":"HOU","PlayerOpponent":"@JAX","PassingYDS":"","PassingTD":"","PassingInt":"","RushingYDS":"","RushingTD":"","ReceivingRec":"","ReceivingYDS":"","ReceivingTD":"","RetTD":"","FumTD":"","2PT":"","Fum":"","PlayerWeekProjectedPts":"0.00","Rank":119,"TotalPoints":"0.00","ProjectionDiff":0.0},{"PlayerName":"Clayton Thorson","PlayerId":"2562762","Pos":"QB","Team":"NYG","PlayerOpponent":"DAL","PassingYDS":"","PassingTD":"","PassingInt":"","RushingYDS":"","RushingTD":"","ReceivingRec":"","ReceivingYDS":"","ReceivingTD":"","RetTD":"","FumTD":"","2PT":"","Fum":"","PlayerWeekProjectedPts":"0.00","Rank":120,"TotalPoints":"0.00","ProjectionDiff":0.0},{"PlayerName":"Kyle Trask","PlayerId":"2566571","Pos":"QB","Team":"TB","PlayerOpponent":"NO","PassingYDS":"","PassingTD":"","PassingInt":"","RushingYDS":"","RushingTD":"","ReceivingRec":"","ReceivingYDS":"","ReceivingTD":"","RetTD":"","FumTD":"","2PT":"","Fum":"","PlayerWeekProjectedPts":"0.00","Rank":121,"TotalPoints":"0.00","ProjectionDiff":0.0},{"PlayerName":"Mitchell Trubisky","PlayerId":"2558008","Pos":"QB","Team":"BUF","PlayerOpponent":"CAR","PassingYDS":"","PassingTD":"","PassingInt":"","RushingYDS":"","RushingTD":"","ReceivingRec":"","ReceivingYDS":"","ReceivingTD":"","RetTD":"","FumTD":"","2PT":"","Fum":"","PlayerWeekProjectedPts":"0.64","Rank":122,"TotalPoints":"0.00","ProjectionDiff":-0.64},{"PlayerName":"P.J. Walker","PlayerId":"2558904","Pos":"QB","Team":"CAR","PlayerOpponent":"@BUF","PassingYDS":"","PassingTD":"","PassingInt":"","RushingYDS":"","RushingTD":"","ReceivingRec":"","ReceivingYDS":"","ReceivingTD":"","RetTD":"","FumTD":"","2PT":"","Fum":"","PlayerWeekProjectedPts":"0.24","Rank":123,"TotalPoints":"0.00","ProjectionDiff":-0.24},{"PlayerName":"Deshaun Watson","PlayerId":"2558063","Pos":"QB","Team":"HOU","PlayerOpponent":"@JAX","PassingYDS":"","PassingTD":"","PassingInt":"","RushingYDS":"","RushingTD":"","ReceivingRec":"","ReceivingYDS":"","ReceivingTD":"","RetTD":"","FumTD":"","2PT":"","Fum":"","PlayerWeekProjectedPts":"0.00","Rank":124,"TotalPoints":"0.00","ProjectionDiff":0.0},{"PlayerName":"Davis Webb","PlayerId":"2557897","Pos":"QB","Team":"BUF","PlayerOpponent":"CAR","PassingYDS":"","PassingTD":"","PassingInt":"","RushingYDS":"","RushingTD":"","ReceivingRec":"","ReceivingYDS":"","ReceivingTD":"","RetTD":"","FumTD":"","2PT":"","Fum":"","PlayerWeekProjectedPts":"0.00","Rank":125,"TotalPoints":"0.00","ProjectionDiff":0.0},{"PlayerName":"Mike White","PlayerId":"2560929","Pos":"QB","Team":"NYJ","PlayerOpponent":"@MIA","PassingYDS":"","PassingTD":"","PassingInt":"","RushingYDS":"","RushingTD":"","ReceivingRec":"","ReceivingYDS":"","ReceivingTD":"","RetTD":"","FumTD":"","2PT":"","Fum":"","PlayerWeekProjectedPts":"0.00","Rank":126,"TotalPoints":"0.00","ProjectionDiff":0.0},{"PlayerName":"Jameis Winston","PlayerId":"2552033","Pos":"QB","Team":"NO","PlayerOpponent":"@TB","PassingYDS":"","PassingTD":"","PassingInt":"","RushingYDS":"","RushingTD":"","ReceivingRec":"","ReceivingYDS":"","ReceivingTD":"","RetTD":"","FumTD":"","2PT":"","Fum":"","PlayerWeekProjectedPts":null,"Rank":127,"TotalPoints":"0.00","ProjectionDiff":null},{"PlayerName":"John Wolford","PlayerId":"2561718","Pos":"QB","Team":"LA","PlayerOpponent":"SEA","PassingYDS":"","PassingTD":"","PassingInt":"","RushingYDS":"","RushingTD":"","ReceivingRec":"","ReceivingYDS":"","ReceivingTD":"","RetTD":"","FumTD":"","2PT":"","Fum":"","PlayerWeekProjectedPts":"0.42","Rank":128,"TotalPoints":"0.00","ProjectionDiff":-0.42},{"PlayerName":"Logan Woodside","PlayerId":"2560942","Pos":"QB","Team":"TEN","PlayerOpponent":"@PIT","PassingYDS":"","PassingTD":"","PassingInt":"","RushingYDS":"","RushingTD":"","ReceivingRec":"","ReceivingYDS":"","ReceivingTD":"","RetTD":"","FumTD":"","2PT":"","Fum":"","PlayerWeekProjectedPts":"0.83","Rank":129,"TotalPoints":"0.00","ProjectionDiff":-0.83},{"PlayerName":"Mike Glennon","PlayerId":"2539275","Pos":"QB","Team":"NYG","PlayerOpponent":"DAL","PassingYDS":"99","PassingTD":"","PassingInt":"3","RushingYDS":"","RushingTD":"","ReceivingRec":"","ReceivingYDS":"","ReceivingTD":"","RetTD":"","FumTD":"","2PT":"","Fum":"","PlayerWeekProjectedPts":"12.80","Rank":130,"TotalPoints":"-2.04","ProjectionDiff":-14.84}]