[{"PlayerName":"Tyler Bass","PlayerId":"2563596","Pos":"K","Team":"BUF","PlayerOpponent":"HOU","PatMade":"4","PatMissed":"","FgMade_0-19":"","FgMade_20-29":"3","FgMade_30-39":"1","FgMade_40-49":"","FgMade_50":"","FgMiss_0-19":"","FgMiss_20-29":"","FgMiss_30-39":"","PlayerWeekProjectedPts":"7.03","Rank":1,"TotalPoints":"16.00","y":7.03,"ProjectionDiff":8.97},{"PlayerName":"Matt Prater","PlayerId":"2506677","Pos":"K","Team":"ARI","PlayerOpponent":"@LA","PatMade":"4","PatMissed":"","FgMade_0-19":"","FgMade_20-29":"2","FgMade_30-39":"","FgMade_40-49":"","FgMade_50":"1","FgMiss_0-19":"","FgMiss_20-29":"","FgMiss_30-39":"","PlayerWeekProjectedPts":"6.80","Rank":2,"TotalPoints":"15.00","y":6.8,"ProjectionDiff":8.2},{"PlayerName":"Ryan Succop","PlayerId":"89802","Pos":"K","Team":"TB","PlayerOpponent":"@NE","PatMade":"1","PatMissed":"","FgMade_0-19":"","FgMade_20-29":"2","FgMade_30-39":"","FgMade_40-49":"2","FgMade_50":"","FgMiss_0-19":"","FgMiss_20-29":"","FgMiss_30-39":"1","PlayerWeekProjectedPts":"7.75","Rank":3,"TotalPoints":"14.00","y":7.75,"ProjectionDiff":6.25},{"PlayerName":"Justin Tucker","PlayerId":"2536340","Pos":"K","Team":"BAL","PlayerOpponent":"@DEN","PatMade":"2","PatMissed":"","FgMade_0-19":"","FgMade_20-29":"1","FgMade_30-39":"","FgMade_40-49":"2","FgMade_50":"","FgMiss_0-19":"","FgMiss_20-29":"","FgMiss_30-39":"","PlayerWeekProjectedPts":"7.60","Rank":4,"TotalPoints":"13.00","y":7.6,"ProjectionDiff":5.4},{"PlayerName":"Randy Bullock","PlayerId":"2533444","Pos":"K","Team":"TEN","PlayerOpponent":"@NYJ","PatMade":"1","PatMissed":"","FgMade_0-19":"","FgMade_20-29":"","FgMade_30-39":"1","FgMade_40-49":"2","FgMade_50":"","FgMiss_0-19":"","FgMiss_20-29":"","FgMiss_30-39":"","PlayerWeekProjectedPts":"7.78","Rank":5,"TotalPoints":"12.00","y":7.78,"ProjectionDiff":4.22},{"PlayerName":"Jake Elliott","PlayerId":"2558172","Pos":"K","Team":"PHI","PlayerOpponent":"KC","PatMade":"3","PatMissed":"","FgMade_0-19":"","FgMade_20-29":"2","FgMade_30-39":"1","FgMade_40-49":"","FgMade_50":"","FgMiss_0-19":"","FgMiss_20-29":"","FgMiss_30-39":"","PlayerWeekProjectedPts":"6.34","Rank":6,"TotalPoints":"12.00","y":6.34,"ProjectionDiff":5.66},{"PlayerName":"Rodrigo Blankenship","PlayerId":"2564106","Pos":"K","Team":"IND","PlayerOpponent":"@MIA","PatMade":"3","PatMissed":"","FgMade_0-19":"","FgMade_20-29":"","FgMade_30-39":"1","FgMade_40-49":"1","FgMade_50":"","FgMiss_0-19":"","FgMiss_20-29":"","FgMiss_30-39":"","PlayerWeekProjectedPts":null,"Rank":7,"TotalPoints":"10.00","y":null,"ProjectionDiff":null},{"PlayerName":"Matt Ammendola","PlayerId":"2565555","Pos":"K","Team":"NYJ","PlayerOpponent":"TEN","PatMade":"3","PatMissed":"","FgMade_0-19":"","FgMade_20-29":"2","FgMade_30-39":"","FgMade_40-49":"","FgMade_50":"","FgMiss_0-19":"","FgMiss_20-29":"","FgMiss_30-39":"","PlayerWeekProjectedPts":"0.00","Rank":8,"TotalPoints":"9.00","y":0.0,"ProjectionDiff":9.0},{"PlayerName":"Mason Crosby","PlayerId":"2507232","Pos":"K","Team":"GB","PlayerOpponent":"PIT","PatMade":"3","PatMissed":"","FgMade_0-19":"","FgMade_20-29":"2","FgMade_30-39":"","FgMade_40-49":"","FgMade_50":"","FgMiss_0-19":"","FgMiss_20-29":"","FgMiss_30-39":"","PlayerWeekProjectedPts":"7.77","Rank":9,"TotalPoints":"9.00","y":7.77,"ProjectionDiff":1.23},{"PlayerName":"Matt Gay","PlayerId":"2562271","Pos":"K","Team":"LA","PlayerOpponent":"ARI","PatMade":"2","PatMissed":"","FgMade_0-19":"","FgMade_20-29":"1","FgMade_30-39":"","FgMade_40-49":"1","FgMade_50":"","FgMiss_0-19":"","FgMiss_20-29":"","FgMiss_30-39":"","PlayerWeekProjectedPts":"7.43","Rank":10,"TotalPoints":"9.00","y":7.43,"ProjectionDiff":1.57},{"PlayerName":"Chase McLaughlin","PlayerId":"2563203","Pos":"K","Team":"CLE","PlayerOpponent":"@MIN","PatMade":"","PatMissed":"","FgMade_0-19":"","FgMade_20-29":"","FgMade_30-39":"","FgMade_40-49":"1","FgMade_50":"1","FgMiss_0-19":"","FgMiss_20-29":"","FgMiss_30-39":"","PlayerWeekProjectedPts":"7.33","Rank":11,"TotalPoints":"9.00","y":7.33,"ProjectionDiff":1.67},{"PlayerName":"Chris Boswell","PlayerId":"2550545","Pos":"K","Team":"PIT","PlayerOpponent":"@GB","PatMade":"2","PatMissed":"","FgMade_0-19":"","FgMade_20-29":"","FgMade_30-39":"","FgMade_40-49":"","FgMade_50":"1","FgMiss_0-19":"","FgMiss_20-29":"","FgMiss_30-39":"","PlayerWeekProjectedPts":"6.59","Rank":12,"TotalPoints":"7.00","y":6.59,"ProjectionDiff":0.41},{"PlayerName":"Graham Gano","PlayerId":"71309","Pos":"K","Team":"NYG","PlayerOpponent":"@NO","PatMade":"1","PatMissed":"","FgMade_0-19":"","FgMade_20-29":"1","FgMade_30-39":"","FgMade_40-49":"1","FgMade_50":"","FgMiss_0-19":"","FgMiss_20-29":"","FgMiss_30-39":"1","PlayerWeekProjectedPts":"6.60","Rank":13,"TotalPoints":"7.00","y":6.6,"ProjectionDiff":0.4},{"PlayerName":"Harrison Butker","PlayerId":"2558245","Pos":"K","Team":"KC","PlayerOpponent":"@PHI","PatMade":"6","PatMissed":"","FgMade_0-19":"","FgMade_20-29":"","FgMade_30-39":"","FgMade_40-49":"","FgMade_50":"","FgMiss_0-19":"","FgMiss_20-29":"","FgMiss_30-39":"","PlayerWeekProjectedPts":"6.56","Rank":14,"TotalPoints":"6.00","y":6.56,"ProjectionDiff":-0.56},{"PlayerName":"Younghoe Koo","PlayerId":"2559205","Pos":"K","Team":"ATL","PlayerOpponent":"WAS","PatMade":"3","PatMissed":"","FgMade_0-19":"","FgMade_20-29":"1","FgMade_30-39":"","FgMade_40-49":"","FgMade_50":"","FgMiss_0-19":"","FgMiss_20-29":"","FgMiss_30-39":"","PlayerWeekProjectedPts":"7.88","Rank":15,"TotalPoints":"6.00","y":7.88,"ProjectionDiff":-1.88},{"PlayerName":"Evan McPherson","PlayerId":"2565953","Pos":"K","Team":"CIN","PlayerOpponent":"JAX","PatMade":"3","PatMissed":"","FgMade_0-19":"","FgMade_20-29":"","FgMade_30-39":"1","FgMade_40-49":"","FgMade_50":"","FgMiss_0-19":"","FgMiss_20-29":"","FgMiss_30-39":"","PlayerWeekProjectedPts":"6.64","Rank":16,"TotalPoints":"6.00","y":6.64,"ProjectionDiff":-0.64},{"PlayerName":"Cairo Santos","PlayerId":"2550636","Pos":"K","Team":"CHI","PlayerOpponent":"DET","PatMade":"3","PatMissed":"","FgMade_0-19":"","FgMade_20-29":"","FgMade_30-39":"1","FgMade_40-49":"","FgMade_50":"","FgMiss_0-19":"","FgMiss_20-29":"","FgMiss_30-39":"","PlayerWeekProjectedPts":"7.02","Rank":17,"TotalPoints":"6.00","y":7.02,"ProjectionDiff":-1.02},{"PlayerName":"Greg Zuerlein","PlayerId":"2534797","Pos":"K","Team":"DAL","PlayerOpponent":"CAR","PatMade":"3","PatMissed":"","FgMade_0-19":"","FgMade_20-29":"","FgMade_30-39":"1","FgMade_40-49":"","FgMade_50":"","FgMiss_0-19":"","FgMiss_20-29":"","FgMiss_30-39":"","PlayerWeekProjectedPts":"6.92","Rank":18,"TotalPoints":"6.00","y":6.92,"ProjectionDiff":-0.92},{"PlayerName":"Nick Folk","PlayerId":"2507225","Pos":"K","Team":"NE","PlayerOpponent":"TB","PatMade":"2","PatMissed":"","FgMade_0-19":"","FgMade_20-29":"1","FgMade_30-39":"","FgMade_40-49":"","FgMade_50":"","FgMiss_0-19":"","FgMiss_20-29":"","FgMiss_30-39":"","PlayerWeekProjectedPts":"6.61","Rank":19,"TotalPoints":"5.00","y":6.61,"ProjectionDiff":-1.61},{"PlayerName":"Jason Sanders","PlayerId":"2561153","Pos":"K","Team":"MIA","PlayerOpponent":"IND","PatMade":"2","PatMissed":"","FgMade_0-19":"","FgMade_20-29":"","FgMade_30-39":"1","FgMade_40-49":"","FgMade_50":"","FgMiss_0-19":"","FgMiss_20-29":"","FgMiss_30-39":"","PlayerWeekProjectedPts":"6.65","Rank":20,"TotalPoints":"5.00","y":6.65,"ProjectionDiff":-1.65},{"PlayerName":"Zane Gonzalez","PlayerId":"2558178","Pos":"K","Team":"CAR","PlayerOpponent":"@DAL","PatMade":"4","PatMissed":"","FgMade_0-19":"","FgMade_20-29":"","FgMade_30-39":"","FgMade_40-49":"","FgMade_50":"","FgMiss_0-19":"","FgMiss_20-29":"","FgMiss_30-39":"","PlayerWeekProjectedPts":"6.80","Rank":21,"TotalPoints":"4.00","y":6.8,"ProjectionDiff":-2.8},{"PlayerName":"Jason Myers","PlayerId":"2553112","Pos":"K","Team":"SEA","PlayerOpponent":"@SF","PatMade":"4","PatMissed":"","FgMade_0-19":"","FgMade_20-29":"","FgMade_30-39":"","FgMade_40-49":"","FgMade_50":"","FgMiss_0-19":"","FgMiss_20-29":"","FgMiss_30-39":"","PlayerWeekProjectedPts":"7.68","Rank":22,"TotalPoints":"4.00","y":7.68,"ProjectionDiff":-3.68},{"PlayerName":"Tristan Vizcaino","PlayerId":"2562807","Pos":"K","Team":"LAC","PlayerOpponent":"LV","PatMade":"4","PatMissed":"","FgMade_0-19":"","FgMade_20-29":"","FgMade_30-39":"","FgMade_40-49":"","FgMade_50":"","FgMiss_0-19":"","FgMiss_20-29":"","FgMiss_30-39":"","PlayerWeekProjectedPts":"7.00","Rank":23,"TotalPoints":"4.00","y":7.0,"ProjectionDiff":-3.0},{"PlayerName":"Aldrick Rosas","PlayerId":"2556771","Pos":"K","Team":"FA","PlayerOpponent":"Bye","PatMade":"3","PatMissed":"","FgMade_0-19":"","FgMade_20-29":"","FgMade_30-39":"","FgMade_40-49":"","FgMade_50":"","FgMiss_0-19":"","FgMiss_20-29":"","FgMiss_30-39":"","PlayerWeekProjectedPts":"","Rank":24,"TotalPoints":"3.00","y":null,"ProjectionDiff":null},{"PlayerName":"Matthew Wright","PlayerId":"2562968","Pos":"K","Team":"JAX","PlayerOpponent":"@CIN","PatMade":"3","PatMissed":"","FgMade_0-19":"","FgMade_20-29":"","FgMade_30-39":"","FgMade_40-49":"","FgMade_50":"","FgMiss_0-19":"","FgMiss_20-29":"","FgMiss_30-39":"","PlayerWeekProjectedPts":"5.25","Rank":25,"TotalPoints":"3.00","y":5.25,"ProjectionDiff":-2.25},{"PlayerName":"Daniel Carlson","PlayerId":"2560993","Pos":"K","Team":"LV","PlayerOpponent":"@LAC","PatMade":"2","PatMissed":"","FgMade_0-19":"","FgMade_20-29":"","FgMade_30-39":"","FgMade_40-49":"","FgMade_50":"","FgMiss_0-19":"","FgMiss_20-29":"","FgMiss_30-39":"","PlayerWeekProjectedPts":"7.24","Rank":26,"TotalPoints":"2.00","y":7.24,"ProjectionDiff":-5.24},{"PlayerName":"Ryan Santoso","PlayerId":"2561269","Pos":"K","Team":"DET","PlayerOpponent":"@CHI","PatMade":"2","PatMissed":"","FgMade_0-19":"","FgMade_20-29":"","FgMade_30-39":"","FgMade_40-49":"","FgMade_50":"","FgMiss_0-19":"","FgMiss_20-29":"","FgMiss_30-39":"","PlayerWeekProjectedPts":"6.42","Rank":27,"TotalPoints":"2.00","y":6.42,"ProjectionDiff":-4.42},{"PlayerName":"Greg Joseph","PlayerId":"2561534","Pos":"K","Team":"MIN","PlayerOpponent":"CLE","PatMade":"1","PatMissed":"","FgMade_0-19":"","FgMade_20-29":"","FgMade_30-39":"","FgMade_40-49":"","FgMade_50":"","FgMiss_0-19":"","FgMiss_20-29":"","FgMiss_30-39":"","PlayerWeekProjectedPts":"7.53","Rank":28,"TotalPoints":"1.00","y":7.53,"ProjectionDiff":-6.53},{"PlayerName":"Brandon McManus","PlayerId":"2541556","Pos":"K","Team":"DEN","PlayerOpponent":"BAL","PatMade":"1","PatMissed":"","FgMade_0-19":"","FgMade_20-29":"","FgMade_30-39":"","FgMade_40-49":"","FgMade_50":"","FgMiss_0-19":"","FgMiss_20-29":"","FgMiss_30-39":"","PlayerWeekProjectedPts":"7.42","Rank":29,"TotalPoints":"1.00","y":7.42,"ProjectionDiff":-6.42},{"PlayerName":"Roberto Aguayo","PlayerId":"2555408","Pos":"K","Team":"FA","PlayerOpponent":"Bye","PatMade":"","PatMissed":"","FgMade_0-19":"","FgMade_20-29":"","FgMade_30-39":"","FgMade_40-49":"","FgMade_50":"","FgMiss_0-19":"","FgMiss_20-29":"","FgMiss_30-39":"","PlayerWeekProjectedPts":"","Rank":30,"TotalPoints":"0.00","y":null,"ProjectionDiff":null},{"PlayerName":"Mike Badgley","PlayerId":"2560965","Pos":"K","Team":"IND","PlayerOpponent":"@MIA","PatMade":"","PatMissed":"","FgMade_0-19":"","FgMade_20-29":"","FgMade_30-39":"","FgMade_40-49":"","FgMade_50":"","FgMiss_0-19":"","FgMiss_20-29":"","FgMiss_30-39":"","PlayerWeekProjectedPts":"0.00","Rank":31,"TotalPoints":"0.00","y":0.0,"ProjectionDiff":0.0},{"PlayerName":"Dan Bailey","PlayerId":"2495259","Pos":"K","Team":"FA","PlayerOpponent":"Bye","PatMade":"","PatMissed":"","FgMade_0-19":"","FgMade_20-29":"","FgMade_30-39":"","FgMade_40-49":"","FgMade_50":"","FgMiss_0-19":"","FgMiss_20-29":"","FgMiss_30-39":"","PlayerWeekProjectedPts":"","Rank":32,"TotalPoints":"0.00","y":null,"ProjectionDiff":null},{"PlayerName":"Chris Blewitt","PlayerId":"2562800","Pos":"K","Team":"WAS","PlayerOpponent":"@ATL","PatMade":"","PatMissed":"","FgMade_0-19":"","FgMade_20-29":"","FgMade_30-39":"","FgMade_40-49":"","FgMade_50":"","FgMiss_0-19":"","FgMiss_20-29":"","FgMiss_30-39":"","PlayerWeekProjectedPts":"0.00","Rank":33,"TotalPoints":"0.00","y":0.0,"ProjectionDiff":0.0},{"PlayerName":"Chandler Catanzaro","PlayerId":"2550325","Pos":"K","Team":"FA","PlayerOpponent":"Bye","PatMade":"","PatMissed":"","FgMade_0-19":"","FgMade_20-29":"","FgMade_30-39":"","FgMade_40-49":"","FgMade_50":"","FgMiss_0-19":"","FgMiss_20-29":"","FgMiss_30-39":"","PlayerWeekProjectedPts":"","Rank":34,"TotalPoints":"0.00","y":null,"ProjectionDiff":null},{"PlayerName":"Dominik Eberle","PlayerId":"2565360","Pos":"K","Team":"FA","PlayerOpponent":"Bye","PatMade":"","PatMissed":"","FgMade_0-19":"","FgMade_20-29":"","FgMade_30-39":"","FgMade_40-49":"","FgMade_50":"","FgMiss_0-19":"","FgMiss_20-29":"","FgMiss_30-39":"","PlayerWeekProjectedPts":"","Rank":35,"TotalPoints":"0.00","y":null,"ProjectionDiff":null},{"PlayerName":"Ka'imi Fairbairn","PlayerId":"2556521","Pos":"K","Team":"HOU","PlayerOpponent":"@BUF","PatMade":"","PatMissed":"","FgMade_0-19":"","FgMade_20-29":"","FgMade_30-39":"","FgMade_40-49":"","FgMade_50":"","FgMiss_0-19":"","FgMiss_20-29":"","FgMiss_30-39":"","PlayerWeekProjectedPts":"5.95","Rank":36,"TotalPoints":"0.00","y":5.95,"ProjectionDiff":-5.95},{"PlayerName":"Sam Ficken","PlayerId":"2557430","Pos":"K","Team":"TEN","PlayerOpponent":"@NYJ","PatMade":"","PatMissed":"","FgMade_0-19":"","FgMade_20-29":"","FgMade_30-39":"","FgMade_40-49":"","FgMade_50":"","FgMiss_0-19":"","FgMiss_20-29":"","FgMiss_30-39":"","PlayerWeekProjectedPts":null,"Rank":37,"TotalPoints":"0.00","y":null,"ProjectionDiff":null},{"PlayerName":"Kai Forbath","PlayerId":"2495150","Pos":"K","Team":"FA","PlayerOpponent":"Bye","PatMade":"","PatMissed":"","FgMade_0-19":"","FgMade_20-29":"","FgMade_30-39":"","FgMade_40-49":"","FgMade_50":"","FgMiss_0-19":"","FgMiss_20-29":"","FgMiss_30-39":"","PlayerWeekProjectedPts":"","Rank":38,"TotalPoints":"0.00","y":null,"ProjectionDiff":null},{"PlayerName":"Stephen Gostkowski","PlayerId":"2506922","Pos":"K","Team":"FA","PlayerOpponent":"Bye","PatMade":"","PatMissed":"","FgMade_0-19":"","FgMade_20-29":"","FgMade_30-39":"","FgMade_40-49":"","FgMade_50":"","FgMiss_0-19":"","FgMiss_20-29":"","FgMiss_30-39":"","PlayerWeekProjectedPts":"","Rank":39,"TotalPoints":"0.00","y":null,"ProjectionDiff":null},{"PlayerName":"Robbie Gould","PlayerId":"2506264","Pos":"K","Team":"SF","PlayerOpponent":"SEA","PatMade":"","PatMissed":"","FgMade_0-19":"","FgMade_20-29":"","FgMade_30-39":"","FgMade_40-49":"","FgMade_50":"","FgMiss_0-19":"","FgMiss_20-29":"","FgMiss_30-39":"","PlayerWeekProjectedPts":"7.54","Rank":40,"TotalPoints":"0.00","y":7.54,"ProjectionDiff":-7.54},{"PlayerName":"Stephen Hauschka","PlayerId":"2507374","Pos":"K","Team":"FA","PlayerOpponent":"Bye","PatMade":"","PatMissed":"","FgMade_0-19":"","FgMade_20-29":"","FgMade_30-39":"","FgMade_40-49":"","FgMade_50":"","FgMiss_0-19":"","FgMiss_20-29":"","FgMiss_30-39":"","PlayerWeekProjectedPts":"","Rank":41,"TotalPoints":"0.00","y":null,"ProjectionDiff":null},{"PlayerName":"Brian Johnson","PlayerId":"2566740","Pos":"K","Team":"NO","PlayerOpponent":"NYG","PatMade":"","PatMissed":"","FgMade_0-19":"","FgMade_20-29":"","FgMade_30-39":"","FgMade_40-49":"","FgMade_50":"","FgMiss_0-19":"","FgMiss_20-29":"","FgMiss_30-39":"","PlayerWeekProjectedPts":"0.00","Rank":42,"TotalPoints":"0.00","y":0.0,"ProjectionDiff":0.0},{"PlayerName":"Alex Kessman","PlayerId":"2566484","Pos":"K","Team":"FA","PlayerOpponent":"Bye","PatMade":"","PatMissed":"","FgMade_0-19":"","FgMade_20-29":"","FgMade_30-39":"","FgMade_40-49":"","FgMade_50":"","FgMiss_0-19":"","FgMiss_20-29":"","FgMiss_30-39":"","PlayerWeekProjectedPts":"","Rank":43,"TotalPoints":"0.00","y":null,"ProjectionDiff":null},{"PlayerName":"Josh Lambo","PlayerId":"2553833","Pos":"K","Team":"PIT","PlayerOpponent":"@GB","PatMade":"","PatMissed":"","FgMade_0-19":"","FgMade_20-29":"","FgMade_30-39":"","FgMade_40-49":"","FgMade_50":"","FgMiss_0-19":"","FgMiss_20-29":"","FgMiss_30-39":"","PlayerWeekProjectedPts":"0.00","Rank":44,"TotalPoints":"0.00","y":0.0,"ProjectionDiff":0.0},{"PlayerName":"Ty Long","PlayerId":"2553555","Pos":"K","Team":"LAC","PlayerOpponent":"LV","PatMade":"","PatMissed":"","FgMade_0-19":"","FgMade_20-29":"","FgMade_30-39":"","FgMade_40-49":"","FgMade_50":"","FgMiss_0-19":"","FgMiss_20-29":"","FgMiss_30-39":"","PlayerWeekProjectedPts":"0.00","Rank":45,"TotalPoints":"0.00","y":0.0,"ProjectionDiff":0.0},{"PlayerName":"Wil Lutz","PlayerId":"2556601","Pos":"K","Team":"NO","PlayerOpponent":"NYG","PatMade":"","PatMissed":"","FgMade_0-19":"","FgMade_20-29":"","FgMade_30-39":"","FgMade_40-49":"","FgMade_50":"","FgMiss_0-19":"","FgMiss_20-29":"","FgMiss_30-39":"","PlayerWeekProjectedPts":null,"Rank":46,"TotalPoints":"0.00","y":null,"ProjectionDiff":null},{"PlayerName":"Austin MacGinnis","PlayerId":"2563452","Pos":"K","Team":"FA","PlayerOpponent":"Bye","PatMade":"","PatMissed":"","FgMade_0-19":"","FgMade_20-29":"","FgMade_30-39":"","FgMade_40-49":"","FgMade_50":"","FgMiss_0-19":"","FgMiss_20-29":"","FgMiss_30-39":"","PlayerWeekProjectedPts":"","Rank":47,"TotalPoints":"0.00","y":null,"ProjectionDiff":null},{"PlayerName":"Brett Maher","PlayerId":"2540243","Pos":"K","Team":"FA","PlayerOpponent":"Bye","PatMade":"","PatMissed":"","FgMade_0-19":"","FgMade_20-29":"","FgMade_30-39":"","FgMade_40-49":"","FgMade_50":"","FgMiss_0-19":"","FgMiss_20-29":"","FgMiss_30-39":"","PlayerWeekProjectedPts":"","Rank":48,"TotalPoints":"0.00","y":null,"ProjectionDiff":null},{"PlayerName":"Tucker McCann","PlayerId":"2565462","Pos":"K","Team":"FA","PlayerOpponent":"Bye","PatMade":"","PatMissed":"","FgMade_0-19":"","FgMade_20-29":"","FgMade_30-39":"","FgMade_40-49":"","FgMade_50":"","FgMiss_0-19":"","FgMiss_20-29":"","FgMiss_30-39":"","PlayerWeekProjectedPts":"","Rank":49,"TotalPoints":"0.00","y":null,"ProjectionDiff":null},{"PlayerName":"JJ Molson","PlayerId":"2565550","Pos":"K","Team":"GB","PlayerOpponent":"PIT","PatMade":"","PatMissed":"","FgMade_0-19":"","FgMade_20-29":"","FgMade_30-39":"","FgMade_40-49":"","FgMade_50":"","FgMiss_0-19":"","FgMiss_20-29":"","FgMiss_30-39":"","PlayerWeekProjectedPts":"0.00","Rank":50,"TotalPoints":"0.00","y":0.0,"ProjectionDiff":0.0},{"PlayerName":"Chris Naggar","PlayerId":"2565744","Pos":"K","Team":"CLE","PlayerOpponent":"@MIN","PatMade":"","PatMissed":"","FgMade_0-19":"","FgMade_20-29":"","FgMade_30-39":"","FgMade_40-49":"","FgMade_50":"","FgMiss_0-19":"","FgMiss_20-29":"","FgMiss_30-39":"","PlayerWeekProjectedPts":"0.00","Rank":51,"TotalPoints":"0.00","y":0.0,"ProjectionDiff":0.0},{"PlayerName":"Quinn Nordin","PlayerId":"2565684","Pos":"K","Team":"NE","PlayerOpponent":"TB","PatMade":"","PatMissed":"","FgMade_0-19":"","FgMade_20-29":"","FgMade_30-39":"","FgMade_40-49":"","FgMade_50":"","FgMiss_0-19":"","FgMiss_20-29":"","FgMiss_30-39":"","PlayerWeekProjectedPts":null,"Rank":52,"TotalPoints":"0.00","y":null,"ProjectionDiff":null},{"PlayerName":"Mike Nugent","PlayerId":"2506386","Pos":"K","Team":"FA","PlayerOpponent":"Bye","PatMade":"","PatMissed":"","FgMade_0-19":"","FgMade_20-29":"","FgMade_30-39":"","FgMade_40-49":"","FgMade_50":"","FgMiss_0-19":"","FgMiss_20-29":"","FgMiss_30-39":"","PlayerWeekProjectedPts":"","Rank":53,"TotalPoints":"0.00","y":null,"ProjectionDiff":null},{"PlayerName":"Cody Parkey","PlayerId":"2550380","Pos":"K","Team":"FA","PlayerOpponent":"Bye","PatMade":"","PatMissed":"","FgMade_0-19":"","FgMade_20-29":"","FgMade_30-39":"","FgMade_40-49":"","FgMade_50":"","FgMiss_0-19":"","FgMiss_20-29":"","FgMiss_30-39":"","PlayerWeekProjectedPts":"","Rank":54,"TotalPoints":"0.00","y":null,"ProjectionDiff":null},{"PlayerName":"Austin Seibert","PlayerId":"2562729","Pos":"K","Team":"DET","PlayerOpponent":"@CHI","PatMade":"","PatMissed":"","FgMade_0-19":"","FgMade_20-29":"","FgMade_30-39":"","FgMade_40-49":"","FgMade_50":"","FgMiss_0-19":"","FgMiss_20-29":"","FgMiss_30-39":"","PlayerWeekProjectedPts":"0.00","Rank":55,"TotalPoints":"0.00","y":0.0,"ProjectionDiff":0.0},{"PlayerName":"Joey Slye","PlayerId":"2563132","Pos":"K","Team":"FA","PlayerOpponent":"Bye","PatMade":"","PatMissed":"","FgMade_0-19":"","FgMade_20-29":"","FgMade_30-39":"","FgMade_40-49":"","FgMade_50":"","FgMiss_0-19":"","FgMiss_20-29":"","FgMiss_30-39":"","PlayerWeekProjectedPts":"","Rank":56,"TotalPoints":"0.00","y":null,"ProjectionDiff":null},{"PlayerName":"Giorgio Tavecchio","PlayerId":"2535686","Pos":"K","Team":"FA","PlayerOpponent":"Bye","PatMade":"","PatMissed":"","FgMade_0-19":"","FgMade_20-29":"","FgMade_30-39":"","FgMade_40-49":"","FgMade_50":"","FgMiss_0-19":"","FgMiss_20-29":"","FgMiss_30-39":"","PlayerWeekProjectedPts":"","Rank":57,"TotalPoints":"0.00","y":null,"ProjectionDiff":null},{"PlayerName":"Jake Verity","PlayerId":"2566731","Pos":"K","Team":"BAL","PlayerOpponent":"@DEN","PatMade":"","PatMissed":"","FgMade_0-19":"","FgMade_20-29":"","FgMade_30-39":"","FgMade_40-49":"","FgMade_50":"","FgMiss_0-19":"","FgMiss_20-29":"","FgMiss_30-39":"","PlayerWeekProjectedPts":null,"Rank":58,"TotalPoints":"0.00","y":null,"ProjectionDiff":null},{"PlayerName":"Brandon Wright","PlayerId":"2564247","Pos":"K","Team":"FA","PlayerOpponent":"Bye","PatMade":"","PatMissed":"","FgMade_0-19":"","FgMade_20-29":"","FgMade_30-39":"","FgMade_40-49":"","FgMade_50":"","FgMiss_0-19":"","FgMiss_20-29":"","FgMiss_30-39":"","PlayerWeekProjectedPts":"","Rank":59,"TotalPoints":"0.00","y":null,"ProjectionDiff":null},{"PlayerName":"Dustin Hopkins","PlayerId":"2539227","Pos":"K","Team":"LAC","PlayerOpponent":"LV","PatMade":"1","PatMissed":"2","FgMade_0-19":"","FgMade_20-29":"1","FgMade_30-39":"","FgMade_40-49":"","FgMade_50":"","FgMiss_0-19":"","FgMiss_20-29":"","FgMiss_30-39":"","PlayerWeekProjectedPts":"7.06","Rank":60,"TotalPoints":"-2.00","y":7.06,"ProjectionDiff":-9.06}]