[{"PlayerName":"C.J. Uzomah","PlayerId":"2552559","Pos":"TE","Team":"CIN","PlayerOpponent":"JAX","PassingYDS":"","PassingInt":"","PassingTD":"","RushingPassingYDS":"","ReceivingRec":"5","ReceivingYDS":"95","ReceivingTD":"2","RetTD":"","FumTD":"","2PT":"","Fum":"","PlayerWeekProjectedPts":"4.70","Rank":1,"TotalPoints":"24.00","y":4.7,"ProjectionDiff":19.3},{"PlayerName":"Dawson Knox","PlayerId":"2562681","Pos":"TE","Team":"BUF","PlayerOpponent":"HOU","PassingYDS":"","PassingInt":"","PassingTD":"","RushingPassingYDS":"","ReceivingRec":"5","ReceivingYDS":"37","ReceivingTD":"2","RetTD":"","FumTD":"","2PT":"","Fum":"","PlayerWeekProjectedPts":"8.35","Rank":2,"TotalPoints":"18.20","y":8.35,"ProjectionDiff":9.85},{"PlayerName":"Mo Alie-Cox","PlayerId":"2558832","Pos":"TE","Team":"IND","PlayerOpponent":"@MIA","PassingYDS":"","PassingInt":"","PassingTD":"","RushingPassingYDS":"","ReceivingRec":"3","ReceivingYDS":"42","ReceivingTD":"2","RetTD":"","FumTD":"","2PT":"","Fum":"","PlayerWeekProjectedPts":"3.40","Rank":3,"TotalPoints":"17.70","y":3.4,"ProjectionDiff":14.3},{"PlayerName":"Jared Cook","PlayerId":"71265","Pos":"TE","Team":"LAC","PlayerOpponent":"LV","PassingYDS":"","PassingInt":"","PassingTD":"","RushingPassingYDS":"","ReceivingRec":"6","ReceivingYDS":"70","ReceivingTD":"1","RetTD":"","FumTD":"","2PT":"","Fum":"","PlayerWeekProjectedPts":"8.87","Rank":4,"TotalPoints":"16.00","y":8.87,"ProjectionDiff":7.13},{"PlayerName":"Maxx Williams","PlayerId":"2552468","Pos":"TE","Team":"ARI","PlayerOpponent":"@LA","PassingYDS":"","PassingInt":"","PassingTD":"","RushingPassingYDS":"","ReceivingRec":"5","ReceivingYDS":"66","ReceivingTD":"1","RetTD":"","FumTD":"","2PT":"","Fum":"","PlayerWeekProjectedPts":null,"Rank":5,"TotalPoints":"15.10","y":null,"ProjectionDiff":null},{"PlayerName":"Dalton Schultz","PlayerId":"2560866","Pos":"TE","Team":"DAL","PlayerOpponent":"CAR","PassingYDS":"","PassingInt":"","PassingTD":"","RushingPassingYDS":"","ReceivingRec":"6","ReceivingYDS":"58","ReceivingTD":"1","RetTD":"","FumTD":"","2PT":"","Fum":"","PlayerWeekProjectedPts":"8.13","Rank":6,"TotalPoints":"14.80","y":8.13,"ProjectionDiff":6.67},{"PlayerName":"Darren Waller","PlayerId":"2552408","Pos":"TE","Team":"LV","PlayerOpponent":"@LAC","PassingYDS":"","PassingInt":"","PassingTD":"","RushingPassingYDS":"","ReceivingRec":"4","ReceivingYDS":"50","ReceivingTD":"1","RetTD":"","FumTD":"","2PT":"","Fum":"","PlayerWeekProjectedPts":"14.27","Rank":7,"TotalPoints":"14.70","y":14.27,"ProjectionDiff":0.43},{"PlayerName":"Mike Gesicki","PlayerId":"2560994","Pos":"TE","Team":"MIA","PlayerOpponent":"IND","PassingYDS":"","PassingInt":"","PassingTD":"","RushingPassingYDS":"","ReceivingRec":"5","ReceivingYDS":"57","ReceivingTD":"1","RetTD":"","FumTD":"","2PT":"","Fum":"","PlayerWeekProjectedPts":"7.40","Rank":8,"TotalPoints":"14.20","y":7.4,"ProjectionDiff":6.8},{"PlayerName":"Noah Fant","PlayerId":"2562383","Pos":"TE","Team":"DEN","PlayerOpponent":"BAL","PassingYDS":"","PassingInt":"","PassingTD":"","RushingPassingYDS":"","ReceivingRec":"6","ReceivingYDS":"46","ReceivingTD":"1","RetTD":"","FumTD":"","2PT":"","Fum":"","PlayerWeekProjectedPts":"8.76","Rank":9,"TotalPoints":"13.60","y":8.76,"ProjectionDiff":4.84},{"PlayerName":"Dallas Goedert","PlayerId":"2560995","Pos":"TE","Team":"PHI","PlayerOpponent":"KC","PassingYDS":"","PassingInt":"","PassingTD":"","RushingPassingYDS":"","ReceivingRec":"5","ReceivingYDS":"56","ReceivingTD":"1","RetTD":"","FumTD":"","2PT":"","Fum":"1","PlayerWeekProjectedPts":"8.16","Rank":10,"TotalPoints":"12.10","y":8.16,"ProjectionDiff":3.94},{"PlayerName":"Hunter Henry","PlayerId":"2555341","Pos":"TE","Team":"NE","PlayerOpponent":"TB","PassingYDS":"","PassingInt":"","PassingTD":"","RushingPassingYDS":"","ReceivingRec":"4","ReceivingYDS":"32","ReceivingTD":"1","RetTD":"","FumTD":"","2PT":"","Fum":"","PlayerWeekProjectedPts":"7.29","Rank":11,"TotalPoints":"11.20","y":7.29,"ProjectionDiff":3.91},{"PlayerName":"Mark Andrews","PlayerId":"2560957","Pos":"TE","Team":"BAL","PlayerOpponent":"@DEN","PassingYDS":"","PassingInt":"","PassingTD":"","RushingPassingYDS":"","ReceivingRec":"5","ReceivingYDS":"67","ReceivingTD":"","RetTD":"","FumTD":"","2PT":"","Fum":"","PlayerWeekProjectedPts":"8.86","Rank":12,"TotalPoints":"9.20","y":8.86,"ProjectionDiff":0.34},{"PlayerName":"Zach Ertz","PlayerId":"2540158","Pos":"TE","Team":"ARI","PlayerOpponent":"@LA","PassingYDS":"","PassingInt":"","PassingTD":"","RushingPassingYDS":"","ReceivingRec":"6","ReceivingYDS":"60","ReceivingTD":"","RetTD":"","FumTD":"","2PT":"","Fum":"","PlayerWeekProjectedPts":"4.04","Rank":13,"TotalPoints":"9.00","y":4.04,"ProjectionDiff":4.96},{"PlayerName":"Juwan Johnson","PlayerId":"2564676","Pos":"TE","Team":"NO","PlayerOpponent":"NYG","PassingYDS":"","PassingInt":"","PassingTD":"","RushingPassingYDS":"","ReceivingRec":"2","ReceivingYDS":"20","ReceivingTD":"1","RetTD":"","FumTD":"","2PT":"","Fum":"","PlayerWeekProjectedPts":"1.95","Rank":14,"TotalPoints":"9.00","y":1.95,"ProjectionDiff":7.05},{"PlayerName":"Jonnu Smith","PlayerId":"2558207","Pos":"TE","Team":"NE","PlayerOpponent":"TB","PassingYDS":"","PassingInt":"","PassingTD":"","RushingPassingYDS":"","ReceivingRec":"3","ReceivingYDS":"14","ReceivingTD":"1","RetTD":"","FumTD":"","2PT":"","Fum":"","PlayerWeekProjectedPts":"5.03","Rank":15,"TotalPoints":"8.90","y":5.03,"ProjectionDiff":3.87},{"PlayerName":"Donald Parham","PlayerId":"2562394","Pos":"TE","Team":"LAC","PlayerOpponent":"LV","PassingYDS":"","PassingInt":"","PassingTD":"","RushingPassingYDS":"","ReceivingRec":"2","ReceivingYDS":"17","ReceivingTD":"1","RetTD":"","FumTD":"","2PT":"","Fum":"","PlayerWeekProjectedPts":"2.98","Rank":16,"TotalPoints":"8.70","y":2.98,"ProjectionDiff":5.72},{"PlayerName":"Ross Dwelley","PlayerId":"2561060","Pos":"TE","Team":"SF","PlayerOpponent":"SEA","PassingYDS":"","PassingInt":"","PassingTD":"","RushingPassingYDS":"","ReceivingRec":"1","ReceivingYDS":"21","ReceivingTD":"1","RetTD":"","FumTD":"","2PT":"","Fum":"","PlayerWeekProjectedPts":"1.35","Rank":17,"TotalPoints":"8.60","y":1.35,"ProjectionDiff":7.25},{"PlayerName":"Blake Jarwin","PlayerId":"2559193","Pos":"TE","Team":"DAL","PlayerOpponent":"CAR","PassingYDS":"","PassingInt":"","PassingTD":"","RushingPassingYDS":"","ReceivingRec":"1","ReceivingYDS":"18","ReceivingTD":"1","RetTD":"","FumTD":"","2PT":"","Fum":"","PlayerWeekProjectedPts":null,"Rank":18,"TotalPoints":"8.30","y":null,"ProjectionDiff":null},{"PlayerName":"Kyle Pitts","PlayerId":"2565830","Pos":"TE","Team":"ATL","PlayerOpponent":"WAS","PassingYDS":"","PassingInt":"","PassingTD":"","RushingPassingYDS":"","ReceivingRec":"4","ReceivingYDS":"50","ReceivingTD":"","RetTD":"","FumTD":"","2PT":"","Fum":"","PlayerWeekProjectedPts":"7.37","Rank":19,"TotalPoints":"7.00","y":7.37,"ProjectionDiff":-0.37},{"PlayerName":"Jody Fortson","PlayerId":"2563259","Pos":"TE","Team":"KC","PlayerOpponent":"@PHI","PassingYDS":"","PassingInt":"","PassingTD":"","RushingPassingYDS":"","ReceivingRec":"1","ReceivingYDS":"2","ReceivingTD":"1","RetTD":"","FumTD":"","2PT":"","Fum":"","PlayerWeekProjectedPts":null,"Rank":20,"TotalPoints":"6.70","y":null,"ProjectionDiff":null},{"PlayerName":"T.J. Hockenson","PlayerId":"2562378","Pos":"TE","Team":"DET","PlayerOpponent":"@CHI","PassingYDS":"","PassingInt":"","PassingTD":"","RushingPassingYDS":"","ReceivingRec":"4","ReceivingYDS":"42","ReceivingTD":"","RetTD":"","FumTD":"","2PT":"","Fum":"","PlayerWeekProjectedPts":"10.33","Rank":21,"TotalPoints":"6.20","y":10.33,"ProjectionDiff":-4.13},{"PlayerName":"George Kittle","PlayerId":"2558266","Pos":"TE","Team":"SF","PlayerOpponent":"SEA","PassingYDS":"","PassingInt":"","PassingTD":"","RushingPassingYDS":"","ReceivingRec":"4","ReceivingYDS":"40","ReceivingTD":"","RetTD":"","FumTD":"","2PT":"","Fum":"","PlayerWeekProjectedPts":"10.81","Rank":22,"TotalPoints":"6.00","y":10.81,"ProjectionDiff":-4.81},{"PlayerName":"Tyler Higbee","PlayerId":"2555364","Pos":"TE","Team":"LA","PlayerOpponent":"ARI","PassingYDS":"","PassingInt":"","PassingTD":"","RushingPassingYDS":"","ReceivingRec":"4","ReceivingYDS":"36","ReceivingTD":"","RetTD":"","FumTD":"","2PT":"","Fum":"","PlayerWeekProjectedPts":"6.82","Rank":23,"TotalPoints":"5.60","y":6.82,"ProjectionDiff":-1.22},{"PlayerName":"Evan Engram","PlayerId":"2557858","Pos":"TE","Team":"NYG","PlayerOpponent":"@NO","PassingYDS":"","PassingInt":"","PassingTD":"","RushingPassingYDS":"-3","ReceivingRec":"5","ReceivingYDS":"27","ReceivingTD":"","RetTD":"","FumTD":"","2PT":"","Fum":"","PlayerWeekProjectedPts":"6.84","Rank":24,"TotalPoints":"4.90","y":6.84,"ProjectionDiff":-1.94},{"PlayerName":"MyCole Pruitt","PlayerId":"2552401","Pos":"TE","Team":"TEN","PlayerOpponent":"@NYJ","PassingYDS":"","PassingInt":"","PassingTD":"","RushingPassingYDS":"","ReceivingRec":"1","ReceivingYDS":"14","ReceivingTD":"","RetTD":"","FumTD":"","2PT":"1","Fum":"","PlayerWeekProjectedPts":"1.33","Rank":25,"TotalPoints":"4.70","y":1.33,"ProjectionDiff":3.37},{"PlayerName":"Kyle Rudolph","PlayerId":"2495438","Pos":"TE","Team":"NYG","PlayerOpponent":"@NO","PassingYDS":"","PassingInt":"","PassingTD":"","RushingPassingYDS":"","ReceivingRec":"2","ReceivingYDS":"24","ReceivingTD":"","RetTD":"","FumTD":"","2PT":"","Fum":"","PlayerWeekProjectedPts":"2.68","Rank":26,"TotalPoints":"4.40","y":2.68,"ProjectionDiff":1.72},{"PlayerName":"Travis Kelce","PlayerId":"2540258","Pos":"TE","Team":"KC","PlayerOpponent":"@PHI","PassingYDS":"","PassingInt":"","PassingTD":"","RushingPassingYDS":"","ReceivingRec":"4","ReceivingYDS":"23","ReceivingTD":"","RetTD":"","FumTD":"","2PT":"","Fum":"","PlayerWeekProjectedPts":"18.11","Rank":27,"TotalPoints":"4.30","y":18.11,"ProjectionDiff":-13.81},{"PlayerName":"Stephen Anderson","PlayerId":"2556463","Pos":"TE","Team":"LAC","PlayerOpponent":"LV","PassingYDS":"","PassingInt":"","PassingTD":"","RushingPassingYDS":"","ReceivingRec":"1","ReceivingYDS":"34","ReceivingTD":"","RetTD":"","FumTD":"","2PT":"","Fum":"","PlayerWeekProjectedPts":"1.45","Rank":28,"TotalPoints":"3.90","y":1.45,"ProjectionDiff":2.45},{"PlayerName":"Dan Arnold","PlayerId":"2559385","Pos":"TE","Team":"JAX","PlayerOpponent":"@CIN","PassingYDS":"","PassingInt":"","PassingTD":"","RushingPassingYDS":"","ReceivingRec":"2","ReceivingYDS":"29","ReceivingTD":"","RetTD":"","FumTD":"","2PT":"","Fum":"","PlayerWeekProjectedPts":"6.21","Rank":29,"TotalPoints":"3.90","y":6.21,"ProjectionDiff":-2.31},{"PlayerName":"Cameron Brate","PlayerId":"2550656","Pos":"TE","Team":"TB","PlayerOpponent":"@NE","PassingYDS":"","PassingInt":"","PassingTD":"","RushingPassingYDS":"","ReceivingRec":"2","ReceivingYDS":"29","ReceivingTD":"","RetTD":"","FumTD":"","2PT":"","Fum":"","PlayerWeekProjectedPts":"6.54","Rank":30,"TotalPoints":"3.90","y":6.54,"ProjectionDiff":-2.64},{"PlayerName":"Tyler Conklin","PlayerId":"2561027","Pos":"TE","Team":"MIN","PlayerOpponent":"CLE","PassingYDS":"","PassingInt":"","PassingTD":"","RushingPassingYDS":"","ReceivingRec":"4","ReceivingYDS":"18","ReceivingTD":"","RetTD":"","FumTD":"","2PT":"","Fum":"","PlayerWeekProjectedPts":"5.86","Rank":31,"TotalPoints":"3.80","y":5.86,"ProjectionDiff":-2.06},{"PlayerName":"Anthony Firkser","PlayerId":"2558942","Pos":"TE","Team":"TEN","PlayerOpponent":"@NYJ","PassingYDS":"","PassingInt":"","PassingTD":"","RushingPassingYDS":"","ReceivingRec":"3","ReceivingYDS":"23","ReceivingTD":"","RetTD":"","FumTD":"","2PT":"","Fum":"","PlayerWeekProjectedPts":"6.67","Rank":32,"TotalPoints":"3.80","y":6.67,"ProjectionDiff":-2.87},{"PlayerName":"Demetrius Harris","PlayerId":"2541187","Pos":"TE","Team":"ARI","PlayerOpponent":"@LA","PassingYDS":"","PassingInt":"","PassingTD":"","RushingPassingYDS":"","ReceivingRec":"","ReceivingYDS":"","ReceivingTD":"","RetTD":"","FumTD":"","2PT":"","Fum":"","PlayerWeekProjectedPts":"0.43","Rank":33,"TotalPoints":"3.40","y":0.43,"ProjectionDiff":2.97},{"PlayerName":"Ian Thomas","PlayerId":"2560894","Pos":"TE","Team":"CAR","PlayerOpponent":"@DAL","PassingYDS":"","PassingInt":"","PassingTD":"","RushingPassingYDS":"","ReceivingRec":"3","ReceivingYDS":"15","ReceivingTD":"","RetTD":"","FumTD":"","2PT":"","Fum":"","PlayerWeekProjectedPts":"1.81","Rank":34,"TotalPoints":"3.00","y":1.81,"ProjectionDiff":1.19},{"PlayerName":"Jack Doyle","PlayerId":"2540232","Pos":"TE","Team":"IND","PlayerOpponent":"@MIA","PassingYDS":"","PassingInt":"","PassingTD":"","RushingPassingYDS":"","ReceivingRec":"1","ReceivingYDS":"24","ReceivingTD":"","RetTD":"","FumTD":"","2PT":"","Fum":"","PlayerWeekProjectedPts":"6.42","Rank":35,"TotalPoints":"2.90","y":6.42,"ProjectionDiff":-3.52},{"PlayerName":"Hayden Hurst","PlayerId":"2560747","Pos":"TE","Team":"ATL","PlayerOpponent":"WAS","PassingYDS":"","PassingInt":"","PassingTD":"","RushingPassingYDS":"","ReceivingRec":"4","ReceivingYDS":"29","ReceivingTD":"","RetTD":"","FumTD":"","2PT":"","Fum":"1","PlayerWeekProjectedPts":"3.32","Rank":36,"TotalPoints":"2.90","y":3.32,"ProjectionDiff":-0.42},{"PlayerName":"Ricky Seals-Jones","PlayerId":"2559248","Pos":"TE","Team":"WAS","PlayerOpponent":"@ATL","PassingYDS":"","PassingInt":"","PassingTD":"","RushingPassingYDS":"","ReceivingRec":"2","ReceivingYDS":"19","ReceivingTD":"","RetTD":"","FumTD":"","2PT":"","Fum":"","PlayerWeekProjectedPts":"0.75","Rank":37,"TotalPoints":"2.90","y":0.75,"ProjectionDiff":2.15},{"PlayerName":"David Njoku","PlayerId":"2557986","Pos":"TE","Team":"CLE","PlayerOpponent":"@MIN","PassingYDS":"","PassingInt":"","PassingTD":"","RushingPassingYDS":"","ReceivingRec":"2","ReceivingYDS":"17","ReceivingTD":"","RetTD":"","FumTD":"","2PT":"","Fum":"","PlayerWeekProjectedPts":"4.59","Rank":38,"TotalPoints":"2.70","y":4.59,"ProjectionDiff":-1.89},{"PlayerName":"Trevon Wesco","PlayerId":"2562777","Pos":"TE","Team":"NYJ","PlayerOpponent":"TEN","PassingYDS":"","PassingInt":"","PassingTD":"","RushingPassingYDS":"","ReceivingRec":"","ReceivingYDS":"","ReceivingTD":"","RetTD":"","FumTD":"","2PT":"","Fum":"","PlayerWeekProjectedPts":"0.27","Rank":39,"TotalPoints":"2.70","y":0.27,"ProjectionDiff":2.43},{"PlayerName":"Tommy Hudson","PlayerId":"2565450","Pos":"TE","Team":"TEN","PlayerOpponent":"@NYJ","PassingYDS":"","PassingInt":"","PassingTD":"","RushingPassingYDS":"","ReceivingRec":"1","ReceivingYDS":"14","ReceivingTD":"","RetTD":"","FumTD":"","2PT":"","Fum":"","PlayerWeekProjectedPts":null,"Rank":40,"TotalPoints":"1.90","y":null,"ProjectionDiff":null},{"PlayerName":"Eric Ebron","PlayerId":"2543466","Pos":"TE","Team":"PIT","PlayerOpponent":"@GB","PassingYDS":"","PassingInt":"","PassingTD":"","RushingPassingYDS":"","ReceivingRec":"2","ReceivingYDS":"8","ReceivingTD":"","RetTD":"","FumTD":"","2PT":"","Fum":"","PlayerWeekProjectedPts":"3.67","Rank":41,"TotalPoints":"1.80","y":3.67,"ProjectionDiff":-1.87},{"PlayerName":"Robert Tonyan","PlayerId":"2559270","Pos":"TE","Team":"GB","PlayerOpponent":"PIT","PassingYDS":"","PassingInt":"","PassingTD":"","RushingPassingYDS":"","ReceivingRec":"2","ReceivingYDS":"8","ReceivingTD":"","RetTD":"","FumTD":"","2PT":"","Fum":"","PlayerWeekProjectedPts":null,"Rank":42,"TotalPoints":"1.80","y":null,"ProjectionDiff":null},{"PlayerName":"Cethan Carter","PlayerId":"2558929","Pos":"TE","Team":"MIA","PlayerOpponent":"IND","PassingYDS":"","PassingInt":"","PassingTD":"","RushingPassingYDS":"","ReceivingRec":"","ReceivingYDS":"","ReceivingTD":"","RetTD":"","FumTD":"","2PT":"","Fum":"","PlayerWeekProjectedPts":"0.47","Rank":43,"TotalPoints":"1.70","y":0.47,"ProjectionDiff":1.23},{"PlayerName":"J.P. Holtz","PlayerId":"2556852","Pos":"TE","Team":"CHI","PlayerOpponent":"DET","PassingYDS":"","PassingInt":"","PassingTD":"","RushingPassingYDS":"","ReceivingRec":"","ReceivingYDS":"","ReceivingTD":"","RetTD":"","FumTD":"","2PT":"","Fum":"","PlayerWeekProjectedPts":"0.50","Rank":44,"TotalPoints":"1.70","y":0.5,"ProjectionDiff":1.2},{"PlayerName":"Tyler Kroft","PlayerId":"2552586","Pos":"TE","Team":"NYJ","PlayerOpponent":"TEN","PassingYDS":"","PassingInt":"","PassingTD":"","RushingPassingYDS":"","ReceivingRec":"","ReceivingYDS":"","ReceivingTD":"","RetTD":"","FumTD":"","2PT":"","Fum":"","PlayerWeekProjectedPts":null,"Rank":45,"TotalPoints":"1.70","y":null,"ProjectionDiff":null},{"PlayerName":"Pat Freiermuth","PlayerId":"2566442","Pos":"TE","Team":"PIT","PlayerOpponent":"@GB","PassingYDS":"","PassingInt":"","PassingTD":"","RushingPassingYDS":"","ReceivingRec":"1","ReceivingYDS":"11","ReceivingTD":"","RetTD":"","FumTD":"","2PT":"","Fum":"","PlayerWeekProjectedPts":"5.77","Rank":46,"TotalPoints":"1.60","y":5.77,"ProjectionDiff":-4.17},{"PlayerName":"Austin Hooper","PlayerId":"2555415","Pos":"TE","Team":"CLE","PlayerOpponent":"@MIN","PassingYDS":"","PassingInt":"","PassingTD":"","RushingPassingYDS":"","ReceivingRec":"1","ReceivingYDS":"11","ReceivingTD":"","RetTD":"","FumTD":"","2PT":"","Fum":"","PlayerWeekProjectedPts":"7.90","Rank":47,"TotalPoints":"1.60","y":7.9,"ProjectionDiff":-6.3},{"PlayerName":"Albert Okwuegbunam","PlayerId":"2563911","Pos":"TE","Team":"DEN","PlayerOpponent":"BAL","PassingYDS":"","PassingInt":"","PassingTD":"","RushingPassingYDS":"","ReceivingRec":"1","ReceivingYDS":"11","ReceivingTD":"","RetTD":"","FumTD":"","2PT":"","Fum":"","PlayerWeekProjectedPts":"5.66","Rank":48,"TotalPoints":"1.60","y":5.66,"ProjectionDiff":-4.06},{"PlayerName":"Durham Smythe","PlayerId":"2560880","Pos":"TE","Team":"MIA","PlayerOpponent":"IND","PassingYDS":"","PassingInt":"","PassingTD":"","RushingPassingYDS":"","ReceivingRec":"2","ReceivingYDS":"6","ReceivingTD":"","RetTD":"","FumTD":"","2PT":"","Fum":"","PlayerWeekProjectedPts":"1.90","Rank":49,"TotalPoints":"1.60","y":1.9,"ProjectionDiff":-0.3},{"PlayerName":"Zach Gentry","PlayerId":"2562654","Pos":"TE","Team":"PIT","PlayerOpponent":"@GB","PassingYDS":"","PassingInt":"","PassingTD":"","RushingPassingYDS":"","ReceivingRec":"1","ReceivingYDS":"10","ReceivingTD":"","RetTD":"","FumTD":"","2PT":"","Fum":"","PlayerWeekProjectedPts":"0.36","Rank":50,"TotalPoints":"1.50","y":0.36,"ProjectionDiff":1.14},{"PlayerName":"Reggie Gilliam","PlayerId":"2565378","Pos":"TE","Team":"BUF","PlayerOpponent":"HOU","PassingYDS":"","PassingInt":"","PassingTD":"","RushingPassingYDS":"1","ReceivingRec":"1","ReceivingYDS":"8","ReceivingTD":"","RetTD":"","FumTD":"","2PT":"","Fum":"","PlayerWeekProjectedPts":"0.49","Rank":51,"TotalPoints":"1.40","y":0.49,"ProjectionDiff":0.91},{"PlayerName":"Johnny Mundt","PlayerId":"2558875","Pos":"TE","Team":"LA","PlayerOpponent":"ARI","PassingYDS":"","PassingInt":"","PassingTD":"","RushingPassingYDS":"","ReceivingRec":"1","ReceivingYDS":"9","ReceivingTD":"","RetTD":"","FumTD":"","2PT":"","Fum":"","PlayerWeekProjectedPts":null,"Rank":52,"TotalPoints":"1.40","y":null,"ProjectionDiff":null},{"PlayerName":"Ryan Griffin","PlayerId":"2541316","Pos":"TE","Team":"NYJ","PlayerOpponent":"TEN","PassingYDS":"","PassingInt":"","PassingTD":"","RushingPassingYDS":"","ReceivingRec":"1","ReceivingYDS":"8","ReceivingTD":"","RetTD":"","FumTD":"","2PT":"","Fum":"","PlayerWeekProjectedPts":"1.98","Rank":53,"TotalPoints":"1.30","y":1.98,"ProjectionDiff":-0.68},{"PlayerName":"Luke Farrell","PlayerId":"2566160","Pos":"TE","Team":"JAX","PlayerOpponent":"@CIN","PassingYDS":"","PassingInt":"","PassingTD":"","RushingPassingYDS":"","ReceivingRec":"1","ReceivingYDS":"7","ReceivingTD":"","RetTD":"","FumTD":"","2PT":"","Fum":"","PlayerWeekProjectedPts":"0.72","Rank":54,"TotalPoints":"1.20","y":0.72,"ProjectionDiff":0.48},{"PlayerName":"Marcedes Lewis","PlayerId":"2495888","Pos":"TE","Team":"GB","PlayerOpponent":"PIT","PassingYDS":"","PassingInt":"","PassingTD":"","RushingPassingYDS":"","ReceivingRec":"1","ReceivingYDS":"7","ReceivingTD":"","RetTD":"","FumTD":"","2PT":"","Fum":"","PlayerWeekProjectedPts":"1.34","Rank":55,"TotalPoints":"1.20","y":1.34,"ProjectionDiff":-0.14},{"PlayerName":"Chris Manhertz","PlayerId":"2552622","Pos":"TE","Team":"JAX","PlayerOpponent":"@CIN","PassingYDS":"","PassingInt":"","PassingTD":"","RushingPassingYDS":"","ReceivingRec":"1","ReceivingYDS":"7","ReceivingTD":"","RetTD":"","FumTD":"","2PT":"","Fum":"","PlayerWeekProjectedPts":"0.71","Rank":56,"TotalPoints":"1.20","y":0.71,"ProjectionDiff":0.49},{"PlayerName":"Pharaoh Brown","PlayerId":"2559018","Pos":"TE","Team":"HOU","PlayerOpponent":"@BUF","PassingYDS":"","PassingInt":"","PassingTD":"","RushingPassingYDS":"","ReceivingRec":"1","ReceivingYDS":"6","ReceivingTD":"","RetTD":"","FumTD":"","2PT":"","Fum":"","PlayerWeekProjectedPts":"4.22","Rank":57,"TotalPoints":"1.10","y":4.22,"ProjectionDiff":-3.12},{"PlayerName":"Cole Kmet","PlayerId":"2563704","Pos":"TE","Team":"CHI","PlayerOpponent":"DET","PassingYDS":"","PassingInt":"","PassingTD":"","RushingPassingYDS":"","ReceivingRec":"1","ReceivingYDS":"6","ReceivingTD":"","RetTD":"","FumTD":"","2PT":"","Fum":"","PlayerWeekProjectedPts":"5.12","Rank":58,"TotalPoints":"1.10","y":5.12,"ProjectionDiff":-4.02},{"PlayerName":"Jacob Hollister","PlayerId":"2558956","Pos":"TE","Team":"JAX","PlayerOpponent":"@CIN","PassingYDS":"","PassingInt":"","PassingTD":"","RushingPassingYDS":"","ReceivingRec":"1","ReceivingYDS":"5","ReceivingTD":"","RetTD":"","FumTD":"","2PT":"","Fum":"","PlayerWeekProjectedPts":"2.63","Rank":59,"TotalPoints":"1.00","y":2.63,"ProjectionDiff":-1.63},{"PlayerName":"Harrison Bryant","PlayerId":"2563767","Pos":"TE","Team":"CLE","PlayerOpponent":"@MIN","PassingYDS":"","PassingInt":"","PassingTD":"","RushingPassingYDS":"","ReceivingRec":"1","ReceivingYDS":"3","ReceivingTD":"","RetTD":"","FumTD":"","2PT":"","Fum":"","PlayerWeekProjectedPts":"2.19","Rank":60,"TotalPoints":"0.80","y":2.19,"ProjectionDiff":-1.39},{"PlayerName":"Kylen Granson","PlayerId":"2566145","Pos":"TE","Team":"IND","PlayerOpponent":"@MIA","PassingYDS":"","PassingInt":"","PassingTD":"","RushingPassingYDS":"","ReceivingRec":"1","ReceivingYDS":"3","ReceivingTD":"","RetTD":"","FumTD":"","2PT":"","Fum":"","PlayerWeekProjectedPts":"0.42","Rank":61,"TotalPoints":"0.80","y":0.42,"ProjectionDiff":0.38},{"PlayerName":"Adam Trautman","PlayerId":"2564703","Pos":"TE","Team":"NO","PlayerOpponent":"NYG","PassingYDS":"","PassingInt":"","PassingTD":"","RushingPassingYDS":"","ReceivingRec":"1","ReceivingYDS":"3","ReceivingTD":"","RetTD":"","FumTD":"","2PT":"","Fum":"","PlayerWeekProjectedPts":"3.49","Rank":62,"TotalPoints":"0.80","y":3.49,"ProjectionDiff":-2.69},{"PlayerName":"Will Dissly","PlayerId":"2561046","Pos":"TE","Team":"SEA","PlayerOpponent":"@SF","PassingYDS":"","PassingInt":"","PassingTD":"","RushingPassingYDS":"","ReceivingRec":"2","ReceivingYDS":"5","ReceivingTD":"","RetTD":"","FumTD":"","2PT":"","Fum":"1","PlayerWeekProjectedPts":"3.61","Rank":63,"TotalPoints":"0.50","y":3.61,"ProjectionDiff":-3.11},{"PlayerName":"Devin Asiasi","PlayerId":"2564586","Pos":"TE","Team":"NE","PlayerOpponent":"TB","PassingYDS":"","PassingInt":"","PassingTD":"","RushingPassingYDS":"","ReceivingRec":"","ReceivingYDS":"","ReceivingTD":"","RetTD":"","FumTD":"","2PT":"","Fum":"","PlayerWeekProjectedPts":"0.00","Rank":64,"TotalPoints":"0.00","y":0.0,"ProjectionDiff":0.0},{"PlayerName":"Antony Auclair","PlayerId":"2559044","Pos":"TE","Team":"HOU","PlayerOpponent":"@BUF","PassingYDS":"","PassingInt":"","PassingTD":"","RushingPassingYDS":"","ReceivingRec":"","ReceivingYDS":"","ReceivingTD":"","RetTD":"","FumTD":"","2PT":"","Fum":"","PlayerWeekProjectedPts":"0.00","Rank":65,"TotalPoints":"0.00","y":0.0,"ProjectionDiff":0.0},{"PlayerName":"John Bates","PlayerId":"2566580","Pos":"TE","Team":"WAS","PlayerOpponent":"@ATL","PassingYDS":"","PassingInt":"","PassingTD":"","RushingPassingYDS":"","ReceivingRec":"","ReceivingYDS":"","ReceivingTD":"","RetTD":"","FumTD":"","2PT":"","Fum":"","PlayerWeekProjectedPts":"0.63","Rank":66,"TotalPoints":"0.00","y":0.63,"ProjectionDiff":-0.63},{"PlayerName":"Marcus Baugh","PlayerId":"2560971","Pos":"TE","Team":"FA","PlayerOpponent":"Bye","PassingYDS":"","PassingInt":"","PassingTD":"","RushingPassingYDS":"","ReceivingRec":"","ReceivingYDS":"","ReceivingTD":"","RetTD":"","FumTD":"","2PT":"","Fum":"","PlayerWeekProjectedPts":"","Rank":67,"TotalPoints":"0.00","y":null,"ProjectionDiff":null},{"PlayerName":"Evan Baylis","PlayerId":"2559299","Pos":"TE","Team":"FA","PlayerOpponent":"Bye","PassingYDS":"","PassingInt":"","PassingTD":"","RushingPassingYDS":"","ReceivingRec":"","ReceivingYDS":"","ReceivingTD":"","RetTD":"","FumTD":"","2PT":"","Fum":"","PlayerWeekProjectedPts":"","Rank":68,"TotalPoints":"0.00","y":null,"ProjectionDiff":null},{"PlayerName":"Andrew Beck","PlayerId":"2562626","Pos":"TE","Team":"DEN","PlayerOpponent":"BAL","PassingYDS":"","PassingInt":"","PassingTD":"","RushingPassingYDS":"","ReceivingRec":"","ReceivingYDS":"","ReceivingTD":"","RetTD":"","FumTD":"","2PT":"","Fum":"","PlayerWeekProjectedPts":"0.39","Rank":69,"TotalPoints":"0.00","y":0.39,"ProjectionDiff":-0.39},{"PlayerName":"Nate Becker","PlayerId":"2563191","Pos":"TE","Team":"FA","PlayerOpponent":"Bye","PassingYDS":"","PassingInt":"","PassingTD":"","RushingPassingYDS":"","ReceivingRec":"","ReceivingYDS":"","ReceivingTD":"","RetTD":"","FumTD":"","2PT":"","Fum":"","PlayerWeekProjectedPts":"","Rank":70,"TotalPoints":"0.00","y":null,"ProjectionDiff":null},{"PlayerName":"Ryan Becker","PlayerId":"2564886","Pos":"TE","Team":"FA","PlayerOpponent":"Bye","PassingYDS":"","PassingInt":"","PassingTD":"","RushingPassingYDS":"","ReceivingRec":"","ReceivingYDS":"","ReceivingTD":"","RetTD":"","FumTD":"","2PT":"","Fum":"","PlayerWeekProjectedPts":null,"Rank":71,"TotalPoints":"0.00","y":null,"ProjectionDiff":null},{"PlayerName":"Blake Bell","PlayerId":"2552478","Pos":"TE","Team":"KC","PlayerOpponent":"@PHI","PassingYDS":"","PassingInt":"","PassingTD":"","RushingPassingYDS":"","ReceivingRec":"","ReceivingYDS":"","ReceivingTD":"","RetTD":"","FumTD":"","2PT":"","Fum":"","PlayerWeekProjectedPts":"1.13","Rank":72,"TotalPoints":"0.00","y":1.13,"ProjectionDiff":-1.13},{"PlayerName":"Kelvin Benjamin","PlayerId":"2543471","Pos":"TE","Team":"FA","PlayerOpponent":"Bye","PassingYDS":"","PassingInt":"","PassingTD":"","RushingPassingYDS":"","ReceivingRec":"","ReceivingYDS":"","ReceivingTD":"","RetTD":"","FumTD":"","2PT":"","Fum":"","PlayerWeekProjectedPts":"","Rank":73,"TotalPoints":"0.00","y":null,"ProjectionDiff":null},{"PlayerName":"Kendall Blanton","PlayerId":"2562234","Pos":"TE","Team":"LA","PlayerOpponent":"ARI","PassingYDS":"","PassingInt":"","PassingTD":"","RushingPassingYDS":"","ReceivingRec":"","ReceivingYDS":"","ReceivingTD":"","RetTD":"","FumTD":"","2PT":"","Fum":"","PlayerWeekProjectedPts":"0.00","Rank":74,"TotalPoints":"0.00","y":0.0,"ProjectionDiff":0.0},{"PlayerName":"Jibri Blount","PlayerId":"2565672","Pos":"TE","Team":"FA","PlayerOpponent":"Bye","PassingYDS":"","PassingInt":"","PassingTD":"","RushingPassingYDS":"","ReceivingRec":"","ReceivingYDS":"","ReceivingTD":"","RetTD":"","FumTD":"","2PT":"","Fum":"","PlayerWeekProjectedPts":"","Rank":75,"TotalPoints":"0.00","y":null,"ProjectionDiff":null},{"PlayerName":"Nick Bowers","PlayerId":"2564415","Pos":"TE","Team":"LV","PlayerOpponent":"@LAC","PassingYDS":"","PassingInt":"","PassingTD":"","RushingPassingYDS":"","ReceivingRec":"","ReceivingYDS":"","ReceivingTD":"","RetTD":"","FumTD":"","2PT":"","Fum":"","PlayerWeekProjectedPts":null,"Rank":76,"TotalPoints":"0.00","y":null,"ProjectionDiff":null},{"PlayerName":"Nick Boyle","PlayerId":"2552402","Pos":"TE","Team":"BAL","PlayerOpponent":"@DEN","PassingYDS":"","PassingInt":"","PassingTD":"","RushingPassingYDS":"","ReceivingRec":"","ReceivingYDS":"","ReceivingTD":"","RetTD":"","FumTD":"","2PT":"","Fum":"","PlayerWeekProjectedPts":"0.00","Rank":77,"TotalPoints":"0.00","y":0.0,"ProjectionDiff":0.0},{"PlayerName":"Jacob Breeland","PlayerId":"2565321","Pos":"TE","Team":"FA","PlayerOpponent":"Bye","PassingYDS":"","PassingInt":"","PassingTD":"","RushingPassingYDS":"","ReceivingRec":"","ReceivingYDS":"","ReceivingTD":"","RetTD":"","FumTD":"","2PT":"","Fum":"","PlayerWeekProjectedPts":"","Rank":78,"TotalPoints":"0.00","y":null,"ProjectionDiff":null},{"PlayerName":"Daniel Brown","PlayerId":"2553900","Pos":"TE","Team":"KC","PlayerOpponent":"@PHI","PassingYDS":"","PassingInt":"","PassingTD":"","RushingPassingYDS":"","ReceivingRec":"","ReceivingYDS":"","ReceivingTD":"","RetTD":"","FumTD":"","2PT":"","Fum":"","PlayerWeekProjectedPts":"0.75","Rank":79,"TotalPoints":"0.00","y":0.75,"ProjectionDiff":-0.75},{"PlayerName":"Hunter Bryant","PlayerId":"2563923","Pos":"TE","Team":"DET","PlayerOpponent":"@CHI","PassingYDS":"","PassingInt":"","PassingTD":"","RushingPassingYDS":"","ReceivingRec":"","ReceivingYDS":"","ReceivingTD":"","RetTD":"","FumTD":"","2PT":"","Fum":"","PlayerWeekProjectedPts":"0.00","Rank":80,"TotalPoints":"0.00","y":0.0,"ProjectionDiff":0.0},{"PlayerName":"Ian Bunting","PlayerId":"2563073","Pos":"TE","Team":"DAL","PlayerOpponent":"CAR","PassingYDS":"","PassingInt":"","PassingTD":"","RushingPassingYDS":"","ReceivingRec":"","ReceivingYDS":"","ReceivingTD":"","RetTD":"","FumTD":"","2PT":"","Fum":"","PlayerWeekProjectedPts":"0.00","Rank":81,"TotalPoints":"0.00","y":0.0,"ProjectionDiff":0.0},{"PlayerName":"Trey Burton","PlayerId":"2550284","Pos":"TE","Team":"FA","PlayerOpponent":"Bye","PassingYDS":"","PassingInt":"","PassingTD":"","RushingPassingYDS":"","ReceivingRec":"","ReceivingYDS":"","ReceivingTD":"","RetTD":"","FumTD":"","2PT":"","Fum":"","PlayerWeekProjectedPts":"","Rank":82,"TotalPoints":"0.00","y":null,"ProjectionDiff":null},{"PlayerName":"Matt Bushman","PlayerId":"2565639","Pos":"TE","Team":"LV","PlayerOpponent":"@LAC","PassingYDS":"","PassingInt":"","PassingTD":"","RushingPassingYDS":"","ReceivingRec":"","ReceivingYDS":"","ReceivingTD":"","RetTD":"","FumTD":"","2PT":"","Fum":"","PlayerWeekProjectedPts":"0.00","Rank":83,"TotalPoints":"0.00","y":0.0,"ProjectionDiff":0.0},{"PlayerName":"Jake Butt","PlayerId":"2557859","Pos":"TE","Team":"FA","PlayerOpponent":"Bye","PassingYDS":"","PassingInt":"","PassingTD":"","RushingPassingYDS":"","ReceivingRec":"","ReceivingYDS":"","ReceivingTD":"","RetTD":"","FumTD":"","2PT":"","Fum":"","PlayerWeekProjectedPts":"","Rank":84,"TotalPoints":"0.00","y":null,"ProjectionDiff":null},{"PlayerName":"Stephen Carlson","PlayerId":"2563044","Pos":"TE","Team":"CLE","PlayerOpponent":"@MIN","PassingYDS":"","PassingInt":"","PassingTD":"","RushingPassingYDS":"","ReceivingRec":"","ReceivingYDS":"","ReceivingTD":"","RetTD":"","FumTD":"","2PT":"","Fum":"","PlayerWeekProjectedPts":null,"Rank":85,"TotalPoints":"0.00","y":null,"ProjectionDiff":null},{"PlayerName":"Derek Carrier","PlayerId":"2534241","Pos":"TE","Team":"LV","PlayerOpponent":"@LAC","PassingYDS":"","PassingInt":"","PassingTD":"","RushingPassingYDS":"","ReceivingRec":"","ReceivingYDS":"","ReceivingTD":"","RetTD":"","FumTD":"","2PT":"","Fum":"","PlayerWeekProjectedPts":null,"Rank":86,"TotalPoints":"0.00","y":null,"ProjectionDiff":null},{"PlayerName":"Darion Clark","PlayerId":"2563434","Pos":"TE","Team":"FA","PlayerOpponent":"Bye","PassingYDS":"","PassingInt":"","PassingTD":"","RushingPassingYDS":"","ReceivingRec":"","ReceivingYDS":"","ReceivingTD":"","RetTD":"","FumTD":"","2PT":"","Fum":"","PlayerWeekProjectedPts":"","Rank":87,"TotalPoints":"0.00","y":null,"ProjectionDiff":null},{"PlayerName":"Jason Croom","PlayerId":"2559159","Pos":"TE","Team":"PHI","PlayerOpponent":"KC","PassingYDS":"","PassingInt":"","PassingTD":"","RushingPassingYDS":"","ReceivingRec":"","ReceivingYDS":"","ReceivingTD":"","RetTD":"","FumTD":"","2PT":"","Fum":"","PlayerWeekProjectedPts":null,"Rank":88,"TotalPoints":"0.00","y":null,"ProjectionDiff":null},{"PlayerName":"Dominique Dafney","PlayerId":"2565540","Pos":"TE","Team":"GB","PlayerOpponent":"PIT","PassingYDS":"","PassingInt":"","PassingTD":"","RushingPassingYDS":"","ReceivingRec":"","ReceivingYDS":"","ReceivingTD":"","RetTD":"","FumTD":"","2PT":"","Fum":"","PlayerWeekProjectedPts":"0.00","Rank":89,"TotalPoints":"0.00","y":0.0,"ProjectionDiff":0.0},{"PlayerName":"Darrell Daniels","PlayerId":"2558886","Pos":"TE","Team":"ARI","PlayerOpponent":"@LA","PassingYDS":"","PassingInt":"","PassingTD":"","RushingPassingYDS":"","ReceivingRec":"","ReceivingYDS":"","ReceivingTD":"","RetTD":"","FumTD":"","2PT":"","Fum":"","PlayerWeekProjectedPts":"0.79","Rank":90,"TotalPoints":"0.00","y":0.79,"ProjectionDiff":-0.79},{"PlayerName":"Zach Davidson","PlayerId":"2566301","Pos":"TE","Team":"MIN","PlayerOpponent":"CLE","PassingYDS":"","PassingInt":"","PassingTD":"","RushingPassingYDS":"","ReceivingRec":"","ReceivingYDS":"","ReceivingTD":"","RetTD":"","FumTD":"","2PT":"","Fum":"","PlayerWeekProjectedPts":"0.00","Rank":91,"TotalPoints":"0.00","y":0.0,"ProjectionDiff":0.0},{"PlayerName":"Tyler Davis","PlayerId":"2564178","Pos":"TE","Team":"GB","PlayerOpponent":"PIT","PassingYDS":"","PassingInt":"","PassingTD":"","RushingPassingYDS":"","ReceivingRec":"","ReceivingYDS":"","ReceivingTD":"","RetTD":"","FumTD":"","2PT":"","Fum":"","PlayerWeekProjectedPts":"0.64","Rank":92,"TotalPoints":"0.00","y":0.64,"ProjectionDiff":-0.64},{"PlayerName":"Josiah Deguara","PlayerId":"2563980","Pos":"TE","Team":"GB","PlayerOpponent":"PIT","PassingYDS":"","PassingInt":"","PassingTD":"","RushingPassingYDS":"","ReceivingRec":"","ReceivingYDS":"","ReceivingTD":"","RetTD":"","FumTD":"","2PT":"","Fum":"","PlayerWeekProjectedPts":"1.05","Rank":93,"TotalPoints":"0.00","y":1.05,"ProjectionDiff":-1.05},{"PlayerName":"Seth DeValve","PlayerId":"2556365","Pos":"TE","Team":"FA","PlayerOpponent":"Bye","PassingYDS":"","PassingInt":"","PassingTD":"","RushingPassingYDS":"","ReceivingRec":"","ReceivingYDS":"","ReceivingTD":"","RetTD":"","FumTD":"","2PT":"","Fum":"","PlayerWeekProjectedPts":"","Rank":94,"TotalPoints":"0.00","y":null,"ProjectionDiff":null},{"PlayerName":"Brandon Dillon","PlayerId":"2562984","Pos":"TE","Team":"MIN","PlayerOpponent":"CLE","PassingYDS":"","PassingInt":"","PassingTD":"","RushingPassingYDS":"","ReceivingRec":"","ReceivingYDS":"","ReceivingTD":"","RetTD":"","FumTD":"","2PT":"","Fum":"","PlayerWeekProjectedPts":"0.00","Rank":95,"TotalPoints":"0.00","y":0.0,"ProjectionDiff":0.0},{"PlayerName":"Tyler Eifert","PlayerId":"2540148","Pos":"TE","Team":"FA","PlayerOpponent":"Bye","PassingYDS":"","PassingInt":"","PassingTD":"","RushingPassingYDS":"","ReceivingRec":"","ReceivingYDS":"","ReceivingTD":"","RetTD":"","FumTD":"","2PT":"","Fum":"","PlayerWeekProjectedPts":"","Rank":96,"TotalPoints":"0.00","y":null,"ProjectionDiff":null},{"PlayerName":"Ben Ellefson","PlayerId":"2564181","Pos":"TE","Team":"MIN","PlayerOpponent":"CLE","PassingYDS":"","PassingInt":"","PassingTD":"","RushingPassingYDS":"","ReceivingRec":"","ReceivingYDS":"","ReceivingTD":"","RetTD":"","FumTD":"","2PT":"","Fum":"","PlayerWeekProjectedPts":null,"Rank":97,"TotalPoints":"0.00","y":null,"ProjectionDiff":null},{"PlayerName":"Gerald Everett","PlayerId":"2557889","Pos":"TE","Team":"SEA","PlayerOpponent":"@SF","PassingYDS":"","PassingInt":"","PassingTD":"","RushingPassingYDS":"","ReceivingRec":"","ReceivingYDS":"","ReceivingTD":"","RetTD":"","FumTD":"","2PT":"","Fum":"","PlayerWeekProjectedPts":"0.00","Rank":98,"TotalPoints":"0.00","y":0.0,"ProjectionDiff":0.0},{"PlayerName":"Darren Fells","PlayerId":"2540928","Pos":"TE","Team":"FA","PlayerOpponent":"Bye","PassingYDS":"","PassingInt":"","PassingTD":"","RushingPassingYDS":"","ReceivingRec":"","ReceivingYDS":"","ReceivingTD":"","RetTD":"","FumTD":"","2PT":"","Fum":"","PlayerWeekProjectedPts":"","Rank":99,"TotalPoints":"0.00","y":null,"ProjectionDiff":null},{"PlayerName":"Austin Fort","PlayerId":"2563037","Pos":"TE","Team":"TEN","PlayerOpponent":"@NYJ","PassingYDS":"","PassingInt":"","PassingTD":"","RushingPassingYDS":"","ReceivingRec":"","ReceivingYDS":"","ReceivingTD":"","RetTD":"","FumTD":"","2PT":"","Fum":"","PlayerWeekProjectedPts":"0.00","Rank":100,"TotalPoints":"0.00","y":0.0,"ProjectionDiff":0.0},{"PlayerName":"Jordan Franks","PlayerId":"2561330","Pos":"TE","Team":"FA","PlayerOpponent":"Bye","PassingYDS":"","PassingInt":"","PassingTD":"","RushingPassingYDS":"","ReceivingRec":"","ReceivingYDS":"","ReceivingTD":"","RetTD":"","FumTD":"","2PT":"","Fum":"","PlayerWeekProjectedPts":"","Rank":101,"TotalPoints":"0.00","y":null,"ProjectionDiff":null},{"PlayerName":"Troy Fumagalli","PlayerId":"2560734","Pos":"TE","Team":"NE","PlayerOpponent":"TB","PassingYDS":"","PassingInt":"","PassingTD":"","RushingPassingYDS":"","ReceivingRec":"","ReceivingYDS":"","ReceivingTD":"","RetTD":"","FumTD":"","2PT":"","Fum":"","PlayerWeekProjectedPts":null,"Rank":102,"TotalPoints":"0.00","y":null,"ProjectionDiff":null},{"PlayerName":"Jaeden Graham","PlayerId":"2561622","Pos":"TE","Team":"ATL","PlayerOpponent":"WAS","PassingYDS":"","PassingInt":"","PassingTD":"","RushingPassingYDS":"","ReceivingRec":"","ReceivingYDS":"","ReceivingTD":"","RetTD":"","FumTD":"","2PT":"","Fum":"","PlayerWeekProjectedPts":null,"Rank":103,"TotalPoints":"0.00","y":null,"ProjectionDiff":null},{"PlayerName":"Jimmy Graham","PlayerId":"497236","Pos":"TE","Team":"CHI","PlayerOpponent":"DET","PassingYDS":"","PassingInt":"","PassingTD":"","RushingPassingYDS":"","ReceivingRec":"","ReceivingYDS":"","ReceivingTD":"","RetTD":"","FumTD":"","2PT":"","Fum":"","PlayerWeekProjectedPts":"3.60","Rank":104,"TotalPoints":"0.00","y":3.6,"ProjectionDiff":-3.6},{"PlayerName":"Noah Gray","PlayerId":"2566178","Pos":"TE","Team":"KC","PlayerOpponent":"@PHI","PassingYDS":"","PassingInt":"","PassingTD":"","RushingPassingYDS":"","ReceivingRec":"","ReceivingYDS":"","ReceivingTD":"","RetTD":"","FumTD":"","2PT":"","Fum":"","PlayerWeekProjectedPts":"0.47","Rank":105,"TotalPoints":"0.00","y":0.47,"ProjectionDiff":-0.47},{"PlayerName":"Farrod Green","PlayerId":"2564121","Pos":"TE","Team":"IND","PlayerOpponent":"@MIA","PassingYDS":"","PassingInt":"","PassingTD":"","RushingPassingYDS":"","ReceivingRec":"","ReceivingYDS":"","ReceivingTD":"","RetTD":"","FumTD":"","2PT":"","Fum":"","PlayerWeekProjectedPts":"0.00","Rank":106,"TotalPoints":"0.00","y":0.0,"ProjectionDiff":0.0},{"PlayerName":"Garrett Griffin","PlayerId":"2557033","Pos":"TE","Team":"NO","PlayerOpponent":"NYG","PassingYDS":"","PassingInt":"","PassingTD":"","RushingPassingYDS":"","ReceivingRec":"","ReceivingYDS":"","ReceivingTD":"","RetTD":"","FumTD":"","2PT":"","Fum":"","PlayerWeekProjectedPts":"0.64","Rank":107,"TotalPoints":"0.00","y":0.64,"ProjectionDiff":-0.64},{"PlayerName":"Nakie Griffin-Stewart","PlayerId":"2564544","Pos":"TE","Team":"KC","PlayerOpponent":"@PHI","PassingYDS":"","PassingInt":"","PassingTD":"","RushingPassingYDS":"","ReceivingRec":"","ReceivingYDS":"","ReceivingTD":"","RetTD":"","FumTD":"","2PT":"","Fum":"","PlayerWeekProjectedPts":"0.00","Rank":108,"TotalPoints":"0.00","y":0.0,"ProjectionDiff":0.0},{"PlayerName":"Rob Gronkowski","PlayerId":"497240","Pos":"TE","Team":"TB","PlayerOpponent":"@NE","PassingYDS":"","PassingInt":"","PassingTD":"","RushingPassingYDS":"","ReceivingRec":"","ReceivingYDS":"","ReceivingTD":"","RetTD":"","FumTD":"","2PT":"","Fum":"","PlayerWeekProjectedPts":"0.00","Rank":109,"TotalPoints":"0.00","y":0.0,"ProjectionDiff":0.0},{"PlayerName":"Nick Guggemos","PlayerId":"2565804","Pos":"TE","Team":"FA","PlayerOpponent":"Bye","PassingYDS":"","PassingInt":"","PassingTD":"","RushingPassingYDS":"","ReceivingRec":"","ReceivingYDS":"","ReceivingTD":"","RetTD":"","FumTD":"","2PT":"","Fum":"","PlayerWeekProjectedPts":"","Rank":110,"TotalPoints":"0.00","y":null,"ProjectionDiff":null},{"PlayerName":"Jacob Harris","PlayerId":"2566220","Pos":"TE","Team":"LA","PlayerOpponent":"ARI","PassingYDS":"","PassingInt":"","PassingTD":"","RushingPassingYDS":"","ReceivingRec":"","ReceivingYDS":"","ReceivingTD":"","RetTD":"","FumTD":"","2PT":"","Fum":"","PlayerWeekProjectedPts":null,"Rank":111,"TotalPoints":"0.00","y":null,"ProjectionDiff":null},{"PlayerName":"Daniel Helm","PlayerId":"2562284","Pos":"TE","Team":"LV","PlayerOpponent":"@LAC","PassingYDS":"","PassingInt":"","PassingTD":"","RushingPassingYDS":"","ReceivingRec":"","ReceivingYDS":"","ReceivingTD":"","RetTD":"","FumTD":"","2PT":"","Fum":"","PlayerWeekProjectedPts":"0.00","Rank":112,"TotalPoints":"0.00","y":0.0,"ProjectionDiff":0.0},{"PlayerName":"Temarrick Hemingway","PlayerId":"2555486","Pos":"TE","Team":"FA","PlayerOpponent":"Bye","PassingYDS":"","PassingInt":"","PassingTD":"","RushingPassingYDS":"","ReceivingRec":"","ReceivingYDS":"","ReceivingTD":"","RetTD":"","FumTD":"","2PT":"","Fum":"","PlayerWeekProjectedPts":"","Rank":113,"TotalPoints":"0.00","y":null,"ProjectionDiff":null},{"PlayerName":"Hale Hentges","PlayerId":"2563066","Pos":"TE","Team":"FA","PlayerOpponent":"Bye","PassingYDS":"","PassingInt":"","PassingTD":"","RushingPassingYDS":"","ReceivingRec":"","ReceivingYDS":"","ReceivingTD":"","RetTD":"","FumTD":"","2PT":"","Fum":"","PlayerWeekProjectedPts":"","Rank":114,"TotalPoints":"0.00","y":null,"ProjectionDiff":null},{"PlayerName":"Chris Herndon","PlayerId":"2560738","Pos":"TE","Team":"MIN","PlayerOpponent":"CLE","PassingYDS":"","PassingInt":"","PassingTD":"","RushingPassingYDS":"","ReceivingRec":"","ReceivingYDS":"","ReceivingTD":"","RetTD":"","FumTD":"","2PT":"","Fum":"","PlayerWeekProjectedPts":"1.81","Rank":115,"TotalPoints":"0.00","y":1.81,"ProjectionDiff":-1.81},{"PlayerName":"Cole Hikutini","PlayerId":"2558953","Pos":"TE","Team":"FA","PlayerOpponent":"Bye","PassingYDS":"","PassingInt":"","PassingTD":"","RushingPassingYDS":"","ReceivingRec":"","ReceivingYDS":"","ReceivingTD":"","RetTD":"","FumTD":"","2PT":"","Fum":"","PlayerWeekProjectedPts":"","Rank":116,"TotalPoints":"0.00","y":null,"ProjectionDiff":null},{"PlayerName":"Josh Hill","PlayerId":"2541834","Pos":"TE","Team":"FA","PlayerOpponent":"Bye","PassingYDS":"","PassingInt":"","PassingTD":"","RushingPassingYDS":"","ReceivingRec":"","ReceivingYDS":"","ReceivingTD":"","RetTD":"","FumTD":"","2PT":"","Fum":"","PlayerWeekProjectedPts":"","Rank":117,"TotalPoints":"0.00","y":null,"ProjectionDiff":null},{"PlayerName":"Brycen Hopkins","PlayerId":"2564349","Pos":"TE","Team":"LA","PlayerOpponent":"ARI","PassingYDS":"","PassingInt":"","PassingTD":"","RushingPassingYDS":"","ReceivingRec":"","ReceivingYDS":"","ReceivingTD":"","RetTD":"","FumTD":"","2PT":"","Fum":"","PlayerWeekProjectedPts":"0.00","Rank":118,"TotalPoints":"0.00","y":0.0,"ProjectionDiff":0.0},{"PlayerName":"Jesper Horsted","PlayerId":"2563270","Pos":"TE","Team":"CHI","PlayerOpponent":"DET","PassingYDS":"","PassingInt":"","PassingTD":"","RushingPassingYDS":"","ReceivingRec":"","ReceivingYDS":"","ReceivingTD":"","RetTD":"","FumTD":"","2PT":"","Fum":"","PlayerWeekProjectedPts":"0.00","Rank":119,"TotalPoints":"0.00","y":0.0,"ProjectionDiff":0.0},{"PlayerName":"O.J. Howard","PlayerId":"2557856","Pos":"TE","Team":"TB","PlayerOpponent":"@NE","PassingYDS":"","PassingInt":"","PassingTD":"","RushingPassingYDS":"","ReceivingRec":"","ReceivingYDS":"","ReceivingTD":"","RetTD":"","FumTD":"","2PT":"","Fum":"","PlayerWeekProjectedPts":"5.34","Rank":120,"TotalPoints":"0.00","y":5.34,"ProjectionDiff":-5.34},{"PlayerName":"Tanner Hudson","PlayerId":"2561215","Pos":"TE","Team":"SF","PlayerOpponent":"SEA","PassingYDS":"","PassingInt":"","PassingTD":"","RushingPassingYDS":"","ReceivingRec":"","ReceivingYDS":"","ReceivingTD":"","RetTD":"","FumTD":"","2PT":"","Fum":"","PlayerWeekProjectedPts":"0.00","Rank":121,"TotalPoints":"0.00","y":0.0,"ProjectionDiff":0.0},{"PlayerName":"Ryan Izzo","PlayerId":"2560751","Pos":"TE","Team":"SEA","PlayerOpponent":"@SF","PassingYDS":"","PassingInt":"","PassingTD":"","RushingPassingYDS":"","ReceivingRec":"","ReceivingYDS":"","ReceivingTD":"","RetTD":"","FumTD":"","2PT":"","Fum":"","PlayerWeekProjectedPts":"0.00","Rank":122,"TotalPoints":"0.00","y":0.0,"ProjectionDiff":0.0},{"PlayerName":"Tyree Jackson","PlayerId":"2562435","Pos":"TE","Team":"PHI","PlayerOpponent":"KC","PassingYDS":"","PassingInt":"","PassingTD":"","RushingPassingYDS":"","ReceivingRec":"","ReceivingYDS":"","ReceivingTD":"","RetTD":"","FumTD":"","2PT":"","Fum":"","PlayerWeekProjectedPts":"0.00","Rank":123,"TotalPoints":"0.00","y":0.0,"ProjectionDiff":0.0},{"PlayerName":"Jesse James","PlayerId":"2552633","Pos":"TE","Team":"CHI","PlayerOpponent":"DET","PassingYDS":"","PassingInt":"","PassingTD":"","RushingPassingYDS":"","ReceivingRec":"","ReceivingYDS":"","ReceivingTD":"","RetTD":"","FumTD":"","2PT":"","Fum":"","PlayerWeekProjectedPts":"0.79","Rank":124,"TotalPoints":"0.00","y":0.79,"ProjectionDiff":-0.79},{"PlayerName":"Rysen John","PlayerId":"2564742","Pos":"TE","Team":"NYG","PlayerOpponent":"@NO","PassingYDS":"","PassingInt":"","PassingTD":"","RushingPassingYDS":"","ReceivingRec":"","ReceivingYDS":"","ReceivingTD":"","RetTD":"","FumTD":"","2PT":"","Fum":"","PlayerWeekProjectedPts":null,"Rank":125,"TotalPoints":"0.00","y":null,"ProjectionDiff":null},{"PlayerName":"Brevin Jordan","PlayerId":"2566130","Pos":"TE","Team":"HOU","PlayerOpponent":"@BUF","PassingYDS":"","PassingInt":"","PassingTD":"","RushingPassingYDS":"","ReceivingRec":"","ReceivingYDS":"","ReceivingTD":"","RetTD":"","FumTD":"","2PT":"","Fum":"","PlayerWeekProjectedPts":"0.00","Rank":126,"TotalPoints":"0.00","y":0.0,"ProjectionDiff":0.0},{"PlayerName":"Hunter Kampmoyer","PlayerId":"2566481","Pos":"TE","Team":"LAC","PlayerOpponent":"LV","PassingYDS":"","PassingInt":"","PassingTD":"","RushingPassingYDS":"","ReceivingRec":"","ReceivingYDS":"","ReceivingTD":"","RetTD":"","FumTD":"","2PT":"","Fum":"","PlayerWeekProjectedPts":"0.00","Rank":127,"TotalPoints":"0.00","y":0.0,"ProjectionDiff":0.0},{"PlayerName":"Dalton Keene","PlayerId":"2564616","Pos":"TE","Team":"NE","PlayerOpponent":"TB","PassingYDS":"","PassingInt":"","PassingTD":"","RushingPassingYDS":"","ReceivingRec":"","ReceivingYDS":"","ReceivingTD":"","RetTD":"","FumTD":"","2PT":"","Fum":"","PlayerWeekProjectedPts":null,"Rank":128,"TotalPoints":"0.00","y":null,"ProjectionDiff":null},{"PlayerName":"Nick Keizer","PlayerId":"2561115","Pos":"TE","Team":"FA","PlayerOpponent":"Bye","PassingYDS":"","PassingInt":"","PassingTD":"","RushingPassingYDS":"","ReceivingRec":"","ReceivingYDS":"","ReceivingTD":"","RetTD":"","FumTD":"","2PT":"","Fum":"","PlayerWeekProjectedPts":"","Rank":129,"TotalPoints":"0.00","y":null,"ProjectionDiff":null},{"PlayerName":"Matt LaCosse","PlayerId":"2553667","Pos":"TE","Team":"NE","PlayerOpponent":"TB","PassingYDS":"","PassingInt":"","PassingTD":"","RushingPassingYDS":"","ReceivingRec":"","ReceivingYDS":"","ReceivingTD":"","RetTD":"","FumTD":"","2PT":"","Fum":"","PlayerWeekProjectedPts":"0.00","Rank":130,"TotalPoints":"0.00","y":0.0,"ProjectionDiff":0.0},{"PlayerName":"Hunter Long","PlayerId":"2566286","Pos":"TE","Team":"MIA","PlayerOpponent":"IND","PassingYDS":"","PassingInt":"","PassingTD":"","RushingPassingYDS":"","ReceivingRec":"","ReceivingYDS":"","ReceivingTD":"","RetTD":"","FumTD":"","2PT":"","Fum":"","PlayerWeekProjectedPts":"0.00","Rank":131,"TotalPoints":"0.00","y":0.0,"ProjectionDiff":0.0},{"PlayerName":"Tyler Mabry","PlayerId":"2565168","Pos":"TE","Team":"SEA","PlayerOpponent":"@SF","PassingYDS":"","PassingInt":"","PassingTD":"","RushingPassingYDS":"","ReceivingRec":"","ReceivingYDS":"","ReceivingTD":"","RetTD":"","FumTD":"","2PT":"","Fum":"","PlayerWeekProjectedPts":"0.49","Rank":132,"TotalPoints":"0.00","y":0.49,"ProjectionDiff":-0.49},{"PlayerName":"Alize Mack","PlayerId":"2562307","Pos":"TE","Team":"FA","PlayerOpponent":"Bye","PassingYDS":"","PassingInt":"","PassingTD":"","RushingPassingYDS":"","ReceivingRec":"","ReceivingYDS":"","ReceivingTD":"","RetTD":"","FumTD":"","2PT":"","Fum":"","PlayerWeekProjectedPts":"","Rank":133,"TotalPoints":"0.00","y":null,"ProjectionDiff":null},{"PlayerName":"Kyle Markway","PlayerId":"2564763","Pos":"TE","Team":"FA","PlayerOpponent":"Bye","PassingYDS":"","PassingInt":"","PassingTD":"","RushingPassingYDS":"","ReceivingRec":"","ReceivingYDS":"","ReceivingTD":"","RetTD":"","FumTD":"","2PT":"","Fum":"","PlayerWeekProjectedPts":"","Rank":134,"TotalPoints":"0.00","y":null,"ProjectionDiff":null},{"PlayerName":"Tyree Mayfield","PlayerId":"2563145","Pos":"TE","Team":"FA","PlayerOpponent":"Bye","PassingYDS":"","PassingInt":"","PassingTD":"","RushingPassingYDS":"","ReceivingRec":"","ReceivingYDS":"","ReceivingTD":"","RetTD":"","FumTD":"","2PT":"","Fum":"","PlayerWeekProjectedPts":"","Rank":135,"TotalPoints":"0.00","y":null,"ProjectionDiff":null},{"PlayerName":"Vance McDonald","PlayerId":"2540215","Pos":"TE","Team":"FA","PlayerOpponent":"Bye","PassingYDS":"","PassingInt":"","PassingTD":"","RushingPassingYDS":"","ReceivingRec":"","ReceivingYDS":"","ReceivingTD":"","RetTD":"","FumTD":"","2PT":"","Fum":"","PlayerWeekProjectedPts":"","Rank":136,"TotalPoints":"0.00","y":null,"ProjectionDiff":null},{"PlayerName":"Codey McElroy","PlayerId":"2561239","Pos":"TE","Team":"TB","PlayerOpponent":"@NE","PassingYDS":"","PassingInt":"","PassingTD":"","RushingPassingYDS":"","ReceivingRec":"","ReceivingYDS":"","ReceivingTD":"","RetTD":"","FumTD":"","2PT":"","Fum":"","PlayerWeekProjectedPts":"0.73","Rank":137,"TotalPoints":"0.00","y":0.73,"ProjectionDiff":-0.73},{"PlayerName":"Sean McKeon","PlayerId":"2563854","Pos":"TE","Team":"DAL","PlayerOpponent":"CAR","PassingYDS":"","PassingInt":"","PassingTD":"","RushingPassingYDS":"","ReceivingRec":"","ReceivingYDS":"","ReceivingTD":"","RetTD":"","FumTD":"","2PT":"","Fum":"","PlayerWeekProjectedPts":"0.00","Rank":138,"TotalPoints":"0.00","y":0.0,"ProjectionDiff":0.0},{"PlayerName":"Tre' McKitty","PlayerId":"2566490","Pos":"TE","Team":"LAC","PlayerOpponent":"LV","PassingYDS":"","PassingInt":"","PassingTD":"","RushingPassingYDS":"","ReceivingRec":"","ReceivingYDS":"","ReceivingTD":"","RetTD":"","FumTD":"","2PT":"","Fum":"","PlayerWeekProjectedPts":"0.00","Rank":139,"TotalPoints":"0.00","y":0.0,"ProjectionDiff":0.0},{"PlayerName":"Briley Moore-McKinney","PlayerId":"2566956","Pos":"TE","Team":"TEN","PlayerOpponent":"@NYJ","PassingYDS":"","PassingInt":"","PassingTD":"","RushingPassingYDS":"","ReceivingRec":"","ReceivingYDS":"","ReceivingTD":"","RetTD":"","FumTD":"","2PT":"","Fum":"","PlayerWeekProjectedPts":"0.00","Rank":140,"TotalPoints":"0.00","y":0.0,"ProjectionDiff":0.0},{"PlayerName":"Foster Moreau","PlayerId":"2562317","Pos":"TE","Team":"LV","PlayerOpponent":"@LAC","PassingYDS":"","PassingInt":"","PassingTD":"","RushingPassingYDS":"","ReceivingRec":"","ReceivingYDS":"","ReceivingTD":"","RetTD":"","FumTD":"","2PT":"","Fum":"","PlayerWeekProjectedPts":"2.21","Rank":141,"TotalPoints":"0.00","y":2.21,"ProjectionDiff":-2.21},{"PlayerName":"Quintin Morris","PlayerId":"2566641","Pos":"TE","Team":"BUF","PlayerOpponent":"HOU","PassingYDS":"","PassingInt":"","PassingTD":"","RushingPassingYDS":"","ReceivingRec":"","ReceivingYDS":"","ReceivingTD":"","RetTD":"","FumTD":"","2PT":"","Fum":"","PlayerWeekProjectedPts":"0.00","Rank":142,"TotalPoints":"0.00","y":0.0,"ProjectionDiff":0.0},{"PlayerName":"Thaddeus Moss","PlayerId":"2565288","Pos":"TE","Team":"CIN","PlayerOpponent":"JAX","PassingYDS":"","PassingInt":"","PassingTD":"","RushingPassingYDS":"","ReceivingRec":"","ReceivingYDS":"","ReceivingTD":"","RetTD":"","FumTD":"","2PT":"","Fum":"","PlayerWeekProjectedPts":"0.00","Rank":143,"TotalPoints":"0.00","y":0.0,"ProjectionDiff":0.0},{"PlayerName":"Chris Myarick","PlayerId":"2563210","Pos":"TE","Team":"NYG","PlayerOpponent":"@NO","PassingYDS":"","PassingInt":"","PassingTD":"","RushingPassingYDS":"","ReceivingRec":"","ReceivingYDS":"","ReceivingTD":"","RetTD":"","FumTD":"","2PT":"","Fum":"","PlayerWeekProjectedPts":"0.00","Rank":144,"TotalPoints":"0.00","y":0.0,"ProjectionDiff":0.0},{"PlayerName":"Isaac Nauta","PlayerId":"2562691","Pos":"TE","Team":"FA","PlayerOpponent":"Bye","PassingYDS":"","PassingInt":"","PassingTD":"","RushingPassingYDS":"","ReceivingRec":"","ReceivingYDS":"","ReceivingTD":"","RetTD":"","FumTD":"","2PT":"","Fum":"","PlayerWeekProjectedPts":"","Rank":145,"TotalPoints":"0.00","y":null,"ProjectionDiff":null},{"PlayerName":"James O'Shaughnessy","PlayerId":"2553318","Pos":"TE","Team":"JAX","PlayerOpponent":"@CIN","PassingYDS":"","PassingInt":"","PassingTD":"","RushingPassingYDS":"","ReceivingRec":"","ReceivingYDS":"","ReceivingTD":"","RetTD":"","FumTD":"","2PT":"","Fum":"","PlayerWeekProjectedPts":null,"Rank":146,"TotalPoints":"0.00","y":null,"ProjectionDiff":null},{"PlayerName":"Josh Oliver","PlayerId":"2562693","Pos":"TE","Team":"BAL","PlayerOpponent":"@DEN","PassingYDS":"","PassingInt":"","PassingTD":"","RushingPassingYDS":"","ReceivingRec":"","ReceivingYDS":"","ReceivingTD":"","RetTD":"","FumTD":"","2PT":"","Fum":"","PlayerWeekProjectedPts":"1.00","Rank":147,"TotalPoints":"0.00","y":1.0,"ProjectionDiff":-1.0},{"PlayerName":"Greg Olsen","PlayerId":"2495700","Pos":"TE","Team":"FA","PlayerOpponent":"Bye","PassingYDS":"","PassingInt":"","PassingTD":"","RushingPassingYDS":"","ReceivingRec":"","ReceivingYDS":"","ReceivingTD":"","RetTD":"","FumTD":"","2PT":"","Fum":"","PlayerWeekProjectedPts":"","Rank":148,"TotalPoints":"0.00","y":null,"ProjectionDiff":null},{"PlayerName":"Colby Parkinson","PlayerId":"2565180","Pos":"TE","Team":"SEA","PlayerOpponent":"@SF","PassingYDS":"","PassingInt":"","PassingTD":"","RushingPassingYDS":"","ReceivingRec":"","ReceivingYDS":"","ReceivingTD":"","RetTD":"","FumTD":"","2PT":"","Fum":"","PlayerWeekProjectedPts":"1.04","Rank":149,"TotalPoints":"0.00","y":1.04,"ProjectionDiff":-1.04},{"PlayerName":"Jared Pinkney","PlayerId":"2563518","Pos":"TE","Team":"LA","PlayerOpponent":"ARI","PassingYDS":"","PassingInt":"","PassingTD":"","RushingPassingYDS":"","ReceivingRec":"","ReceivingYDS":"","ReceivingTD":"","RetTD":"","FumTD":"","2PT":"","Fum":"","PlayerWeekProjectedPts":"0.00","Rank":150,"TotalPoints":"0.00","y":0.0,"ProjectionDiff":0.0},{"PlayerName":"Tony Poljan","PlayerId":"2566620","Pos":"TE","Team":"BAL","PlayerOpponent":"@DEN","PassingYDS":"","PassingInt":"","PassingTD":"","RushingPassingYDS":"","ReceivingRec":"","ReceivingYDS":"","ReceivingTD":"","RetTD":"","FumTD":"","2PT":"","Fum":"","PlayerWeekProjectedPts":"0.00","Rank":151,"TotalPoints":"0.00","y":0.0,"ProjectionDiff":0.0},{"PlayerName":"Jake Powell","PlayerId":"2563134","Pos":"TE","Team":"FA","PlayerOpponent":"Bye","PassingYDS":"","PassingInt":"","PassingTD":"","RushingPassingYDS":"","ReceivingRec":"","ReceivingYDS":"","ReceivingTD":"","RetTD":"","FumTD":"","2PT":"","Fum":"","PlayerWeekProjectedPts":"","Rank":152,"TotalPoints":"0.00","y":null,"ProjectionDiff":null},{"PlayerName":"Paul Quessenberry","PlayerId":"2565531","Pos":"TE","Team":"HOU","PlayerOpponent":"@BUF","PassingYDS":"","PassingInt":"","PassingTD":"","RushingPassingYDS":"","ReceivingRec":"","ReceivingYDS":"","ReceivingTD":"","RetTD":"","FumTD":"","2PT":"","Fum":"","PlayerWeekProjectedPts":"0.00","Rank":153,"TotalPoints":"0.00","y":0.0,"ProjectionDiff":0.0},{"PlayerName":"Kevin Rader","PlayerId":"2561264","Pos":"TE","Team":"PIT","PlayerOpponent":"@GB","PassingYDS":"","PassingInt":"","PassingTD":"","RushingPassingYDS":"","ReceivingRec":"","ReceivingYDS":"","ReceivingTD":"","RetTD":"","FumTD":"","2PT":"","Fum":"","PlayerWeekProjectedPts":"0.00","Rank":154,"TotalPoints":"0.00","y":0.0,"ProjectionDiff":0.0},{"PlayerName":"Dax Raymond","PlayerId":"2562710","Pos":"TE","Team":"FA","PlayerOpponent":"Bye","PassingYDS":"","PassingInt":"","PassingTD":"","RushingPassingYDS":"","ReceivingRec":"","ReceivingYDS":"","ReceivingTD":"","RetTD":"","FumTD":"","2PT":"","Fum":"","PlayerWeekProjectedPts":"","Rank":155,"TotalPoints":"0.00","y":null,"ProjectionDiff":null},{"PlayerName":"Jordan Reed","PlayerId":"2540160","Pos":"TE","Team":"FA","PlayerOpponent":"Bye","PassingYDS":"","PassingInt":"","PassingTD":"","RushingPassingYDS":"","ReceivingRec":"","ReceivingYDS":"","ReceivingTD":"","RetTD":"","FumTD":"","2PT":"","Fum":"","PlayerWeekProjectedPts":"","Rank":156,"TotalPoints":"0.00","y":null,"ProjectionDiff":null},{"PlayerName":"Sammis Reyes","PlayerId":"2565807","Pos":"TE","Team":"WAS","PlayerOpponent":"@ATL","PassingYDS":"","PassingInt":"","PassingTD":"","RushingPassingYDS":"","ReceivingRec":"","ReceivingYDS":"","ReceivingTD":"","RetTD":"","FumTD":"","2PT":"","Fum":"","PlayerWeekProjectedPts":"0.00","Rank":157,"TotalPoints":"0.00","y":0.0,"ProjectionDiff":0.0},{"PlayerName":"Giovanni Ricci","PlayerId":"2563668","Pos":"TE","Team":"CAR","PlayerOpponent":"@DAL","PassingYDS":"","PassingInt":"","PassingTD":"","RushingPassingYDS":"","ReceivingRec":"","ReceivingYDS":"","ReceivingTD":"","RetTD":"","FumTD":"","2PT":"","Fum":"","PlayerWeekProjectedPts":"0.47","Rank":158,"TotalPoints":"0.00","y":0.47,"ProjectionDiff":-0.47},{"PlayerName":"Ellis Richardson","PlayerId":"2563081","Pos":"TE","Team":"FA","PlayerOpponent":"Bye","PassingYDS":"","PassingInt":"","PassingTD":"","RushingPassingYDS":"","ReceivingRec":"","ReceivingYDS":"","ReceivingTD":"","RetTD":"","FumTD":"","2PT":"","Fum":"","PlayerWeekProjectedPts":"","Rank":159,"TotalPoints":"0.00","y":null,"ProjectionDiff":null},{"PlayerName":"Richard Rodgers","PlayerId":"2550313","Pos":"TE","Team":"PHI","PlayerOpponent":"KC","PassingYDS":"","PassingInt":"","PassingTD":"","RushingPassingYDS":"","ReceivingRec":"","ReceivingYDS":"","ReceivingTD":"","RetTD":"","FumTD":"","2PT":"","Fum":"","PlayerWeekProjectedPts":"0.00","Rank":160,"TotalPoints":"0.00","y":0.0,"ProjectionDiff":0.0},{"PlayerName":"Drew Sample","PlayerId":"2562720","Pos":"TE","Team":"CIN","PlayerOpponent":"JAX","PassingYDS":"","PassingInt":"","PassingTD":"","RushingPassingYDS":"","ReceivingRec":"","ReceivingYDS":"","ReceivingTD":"","RetTD":"","FumTD":"","2PT":"","Fum":"","PlayerWeekProjectedPts":"3.02","Rank":161,"TotalPoints":"0.00","y":3.02,"ProjectionDiff":-3.02},{"PlayerName":"Eric Saubert","PlayerId":"2558023","Pos":"TE","Team":"DEN","PlayerOpponent":"BAL","PassingYDS":"","PassingInt":"","PassingTD":"","RushingPassingYDS":"","ReceivingRec":"","ReceivingYDS":"","ReceivingTD":"","RetTD":"","FumTD":"","2PT":"","Fum":"","PlayerWeekProjectedPts":"0.91","Rank":162,"TotalPoints":"0.00","y":0.91,"ProjectionDiff":-0.91},{"PlayerName":"Mason Schreck","PlayerId":"2558864","Pos":"TE","Team":"CIN","PlayerOpponent":"JAX","PassingYDS":"","PassingInt":"","PassingTD":"","RushingPassingYDS":"","ReceivingRec":"","ReceivingYDS":"","ReceivingTD":"","RetTD":"","FumTD":"","2PT":"","Fum":"","PlayerWeekProjectedPts":"0.00","Rank":163,"TotalPoints":"0.00","y":0.0,"ProjectionDiff":0.0},{"PlayerName":"Adam Shaheen","PlayerId":"2558144","Pos":"TE","Team":"MIA","PlayerOpponent":"IND","PassingYDS":"","PassingInt":"","PassingTD":"","RushingPassingYDS":"","ReceivingRec":"","ReceivingYDS":"","ReceivingTD":"","RetTD":"","FumTD":"","2PT":"","Fum":"","PlayerWeekProjectedPts":"1.63","Rank":164,"TotalPoints":"0.00","y":1.63,"ProjectionDiff":-1.63},{"PlayerName":"Irv Smith","PlayerId":"2562738","Pos":"TE","Team":"MIN","PlayerOpponent":"CLE","PassingYDS":"","PassingInt":"","PassingTD":"","RushingPassingYDS":"","ReceivingRec":"","ReceivingYDS":"","ReceivingTD":"","RetTD":"","FumTD":"","2PT":"","Fum":"","PlayerWeekProjectedPts":null,"Rank":165,"TotalPoints":"0.00","y":null,"ProjectionDiff":null},{"PlayerName":"Kaden Smith","PlayerId":"2562740","Pos":"TE","Team":"NYG","PlayerOpponent":"@NO","PassingYDS":"","PassingInt":"","PassingTD":"","RushingPassingYDS":"","ReceivingRec":"","ReceivingYDS":"","ReceivingTD":"","RetTD":"","FumTD":"","2PT":"","Fum":"","PlayerWeekProjectedPts":"0.62","Rank":166,"TotalPoints":"0.00","y":0.62,"ProjectionDiff":-0.62},{"PlayerName":"Lee Smith","PlayerId":"2495347","Pos":"TE","Team":"ATL","PlayerOpponent":"WAS","PassingYDS":"","PassingInt":"","PassingTD":"","RushingPassingYDS":"","ReceivingRec":"","ReceivingYDS":"","ReceivingTD":"","RetTD":"","FumTD":"","2PT":"","Fum":"","PlayerWeekProjectedPts":"1.28","Rank":167,"TotalPoints":"0.00","y":1.28,"ProjectionDiff":-1.28},{"PlayerName":"Dylan Soehner","PlayerId":"2565711","Pos":"TE","Team":"NO","PlayerOpponent":"NYG","PassingYDS":"","PassingInt":"","PassingTD":"","RushingPassingYDS":"","ReceivingRec":"","ReceivingYDS":"","ReceivingTD":"","RetTD":"","FumTD":"","2PT":"","Fum":"","PlayerWeekProjectedPts":null,"Rank":168,"TotalPoints":"0.00","y":null,"ProjectionDiff":null},{"PlayerName":"Matt Sokol","PlayerId":"2562980","Pos":"TE","Team":"JAX","PlayerOpponent":"@CIN","PassingYDS":"","PassingInt":"","PassingTD":"","RushingPassingYDS":"","ReceivingRec":"","ReceivingYDS":"","ReceivingTD":"","RetTD":"","FumTD":"","2PT":"","Fum":"","PlayerWeekProjectedPts":"0.00","Rank":169,"TotalPoints":"0.00","y":0.0,"ProjectionDiff":0.0},{"PlayerName":"Jeremy Sprinkle","PlayerId":"2557886","Pos":"TE","Team":"DAL","PlayerOpponent":"CAR","PassingYDS":"","PassingInt":"","PassingTD":"","RushingPassingYDS":"","ReceivingRec":"","ReceivingYDS":"","ReceivingTD":"","RetTD":"","FumTD":"","2PT":"","Fum":"","PlayerWeekProjectedPts":"0.28","Rank":170,"TotalPoints":"0.00","y":0.28,"ProjectionDiff":-0.28},{"PlayerName":"Jace Sternberger","PlayerId":"2562744","Pos":"TE","Team":"FA","PlayerOpponent":"Bye","PassingYDS":"","PassingInt":"","PassingTD":"","RushingPassingYDS":"","ReceivingRec":"","ReceivingYDS":"","ReceivingTD":"","RetTD":"","FumTD":"","2PT":"","Fum":"","PlayerWeekProjectedPts":"","Rank":171,"TotalPoints":"0.00","y":null,"ProjectionDiff":null},{"PlayerName":"Luke Stocker","PlayerId":"2495234","Pos":"TE","Team":"MIN","PlayerOpponent":"CLE","PassingYDS":"","PassingInt":"","PassingTD":"","RushingPassingYDS":"","ReceivingRec":"","ReceivingYDS":"","ReceivingTD":"","RetTD":"","FumTD":"","2PT":"","Fum":"","PlayerWeekProjectedPts":"0.00","Rank":172,"TotalPoints":"0.00","y":0.0,"ProjectionDiff":0.0},{"PlayerName":"Jack Stoll","PlayerId":"2567061","Pos":"TE","Team":"PHI","PlayerOpponent":"KC","PassingYDS":"","PassingInt":"","PassingTD":"","RushingPassingYDS":"","ReceivingRec":"","ReceivingYDS":"","ReceivingTD":"","RetTD":"","FumTD":"","2PT":"","Fum":"","PlayerWeekProjectedPts":"0.58","Rank":173,"TotalPoints":"0.00","y":0.58,"ProjectionDiff":-0.58},{"PlayerName":"Stephen Sullivan","PlayerId":"2565192","Pos":"TE","Team":"CAR","PlayerOpponent":"@DAL","PassingYDS":"","PassingInt":"","PassingTD":"","RushingPassingYDS":"","ReceivingRec":"","ReceivingYDS":"","ReceivingTD":"","RetTD":"","FumTD":"","2PT":"","Fum":"","PlayerWeekProjectedPts":"0.00","Rank":174,"TotalPoints":"0.00","y":0.0,"ProjectionDiff":0.0},{"PlayerName":"Geoff Swaim","PlayerId":"2553454","Pos":"TE","Team":"TEN","PlayerOpponent":"@NYJ","PassingYDS":"","PassingInt":"","PassingTD":"","RushingPassingYDS":"","ReceivingRec":"","ReceivingYDS":"","ReceivingTD":"","RetTD":"","FumTD":"","2PT":"","Fum":"","PlayerWeekProjectedPts":"3.17","Rank":175,"TotalPoints":"0.00","y":3.17,"ProjectionDiff":-3.17},{"PlayerName":"Tommy Sweeney","PlayerId":"2562750","Pos":"TE","Team":"BUF","PlayerOpponent":"HOU","PassingYDS":"","PassingInt":"","PassingTD":"","RushingPassingYDS":"","ReceivingRec":"","ReceivingYDS":"","ReceivingTD":"","RetTD":"","FumTD":"","2PT":"","Fum":"","PlayerWeekProjectedPts":"2.36","Rank":176,"TotalPoints":"0.00","y":2.36,"ProjectionDiff":-2.36},{"PlayerName":"Tyrone Swoopes","PlayerId":"2559263","Pos":"TE","Team":"FA","PlayerOpponent":"Bye","PassingYDS":"","PassingInt":"","PassingTD":"","RushingPassingYDS":"","ReceivingRec":"","ReceivingYDS":"","ReceivingTD":"","RetTD":"","FumTD":"","2PT":"","Fum":"","PlayerWeekProjectedPts":"","Rank":177,"TotalPoints":"0.00","y":null,"ProjectionDiff":null},{"PlayerName":"Tim Tebow","PlayerId":"497135","Pos":"TE","Team":"FA","PlayerOpponent":"Bye","PassingYDS":"","PassingInt":"","PassingTD":"","RushingPassingYDS":"","ReceivingRec":"","ReceivingYDS":"","ReceivingTD":"","RetTD":"","FumTD":"","2PT":"","Fum":"","PlayerWeekProjectedPts":"","Rank":178,"TotalPoints":"0.00","y":null,"ProjectionDiff":null},{"PlayerName":"Hunter Thedford","PlayerId":"2565585","Pos":"TE","Team":"FA","PlayerOpponent":"Bye","PassingYDS":"","PassingInt":"","PassingTD":"","RushingPassingYDS":"","ReceivingRec":"","ReceivingYDS":"","ReceivingTD":"","RetTD":"","FumTD":"","2PT":"","Fum":"","PlayerWeekProjectedPts":"","Rank":179,"TotalPoints":"0.00","y":null,"ProjectionDiff":null},{"PlayerName":"Jordan Thomas","PlayerId":"2560896","Pos":"TE","Team":"FA","PlayerOpponent":"Bye","PassingYDS":"","PassingInt":"","PassingTD":"","RushingPassingYDS":"","ReceivingRec":"","ReceivingYDS":"","ReceivingTD":"","RetTD":"","FumTD":"","2PT":"","Fum":"","PlayerWeekProjectedPts":"","Rank":180,"TotalPoints":"0.00","y":null,"ProjectionDiff":null},{"PlayerName":"Logan Thomas","PlayerId":"2543767","Pos":"TE","Team":"WAS","PlayerOpponent":"@ATL","PassingYDS":"","PassingInt":"","PassingTD":"","RushingPassingYDS":"","ReceivingRec":"","ReceivingYDS":"","ReceivingTD":"","RetTD":"","FumTD":"","2PT":"","Fum":"","PlayerWeekProjectedPts":null,"Rank":181,"TotalPoints":"0.00","y":null,"ProjectionDiff":null},{"PlayerName":"Colin Thompson","PlayerId":"2559268","Pos":"TE","Team":"CAR","PlayerOpponent":"@DAL","PassingYDS":"","PassingInt":"","PassingTD":"","RushingPassingYDS":"","ReceivingRec":"","ReceivingYDS":"","ReceivingTD":"","RetTD":"","FumTD":"","2PT":"","Fum":"","PlayerWeekProjectedPts":"0.00","Rank":182,"TotalPoints":"0.00","y":0.0,"ProjectionDiff":0.0},{"PlayerName":"Noah Togiai","PlayerId":"2564865","Pos":"TE","Team":"PHI","PlayerOpponent":"KC","PassingYDS":"","PassingInt":"","PassingTD":"","RushingPassingYDS":"","ReceivingRec":"","ReceivingYDS":"","ReceivingTD":"","RetTD":"","FumTD":"","2PT":"","Fum":"","PlayerWeekProjectedPts":"0.00","Rank":183,"TotalPoints":"0.00","y":0.0,"ProjectionDiff":0.0},{"PlayerName":"Levine Toilolo","PlayerId":"2540203","Pos":"TE","Team":"NYG","PlayerOpponent":"@NO","PassingYDS":"","PassingInt":"","PassingTD":"","RushingPassingYDS":"","ReceivingRec":"","ReceivingYDS":"","ReceivingTD":"","RetTD":"","FumTD":"","2PT":"","Fum":"","PlayerWeekProjectedPts":null,"Rank":184,"TotalPoints":"0.00","y":null,"ProjectionDiff":null},{"PlayerName":"Eric Tomlinson","PlayerId":"2553744","Pos":"TE","Team":"BAL","PlayerOpponent":"@DEN","PassingYDS":"","PassingInt":"","PassingTD":"","RushingPassingYDS":"","ReceivingRec":"","ReceivingYDS":"","ReceivingTD":"","RetTD":"","FumTD":"","2PT":"","Fum":"","PlayerWeekProjectedPts":"0.00","Rank":185,"TotalPoints":"0.00","y":0.0,"ProjectionDiff":0.0},{"PlayerName":"Ross Travis","PlayerId":"2554630","Pos":"TE","Team":"FA","PlayerOpponent":"Bye","PassingYDS":"","PassingInt":"","PassingTD":"","RushingPassingYDS":"","ReceivingRec":"","ReceivingYDS":"","ReceivingTD":"","RetTD":"","FumTD":"","2PT":"","Fum":"","PlayerWeekProjectedPts":"","Rank":186,"TotalPoints":"0.00","y":null,"ProjectionDiff":null},{"PlayerName":"Tommy Tremble","PlayerId":"2565914","Pos":"TE","Team":"CAR","PlayerOpponent":"@DAL","PassingYDS":"","PassingInt":"","PassingTD":"","RushingPassingYDS":"","ReceivingRec":"","ReceivingYDS":"","ReceivingTD":"","RetTD":"","FumTD":"","2PT":"","Fum":"","PlayerWeekProjectedPts":"2.32","Rank":187,"TotalPoints":"0.00","y":2.32,"ProjectionDiff":-2.32},{"PlayerName":"Carl Tucker","PlayerId":"2566665","Pos":"TE","Team":"FA","PlayerOpponent":"Bye","PassingYDS":"","PassingInt":"","PassingTD":"","RushingPassingYDS":"","ReceivingRec":"","ReceivingYDS":"","ReceivingTD":"","RetTD":"","FumTD":"","2PT":"","Fum":"","PlayerWeekProjectedPts":"","Rank":188,"TotalPoints":"0.00","y":null,"ProjectionDiff":null},{"PlayerName":"Nick Vannett","PlayerId":"2555289","Pos":"TE","Team":"NO","PlayerOpponent":"NYG","PassingYDS":"","PassingInt":"","PassingTD":"","RushingPassingYDS":"","ReceivingRec":"","ReceivingYDS":"","ReceivingTD":"","RetTD":"","FumTD":"","2PT":"","Fum":"","PlayerWeekProjectedPts":null,"Rank":189,"TotalPoints":"0.00","y":null,"ProjectionDiff":null},{"PlayerName":"Andrew Vollert","PlayerId":"2561284","Pos":"TE","Team":"FA","PlayerOpponent":"Bye","PassingYDS":"","PassingInt":"","PassingTD":"","RushingPassingYDS":"","ReceivingRec":"","ReceivingYDS":"","ReceivingTD":"","RetTD":"","FumTD":"","2PT":"","Fum":"","PlayerWeekProjectedPts":"","Rank":190,"TotalPoints":"0.00","y":null,"ProjectionDiff":null},{"PlayerName":"Delanie Walker","PlayerId":"2495966","Pos":"TE","Team":"FA","PlayerOpponent":"Bye","PassingYDS":"","PassingInt":"","PassingTD":"","RushingPassingYDS":"","ReceivingRec":"","ReceivingYDS":"","ReceivingTD":"","RetTD":"","FumTD":"","2PT":"","Fum":"","PlayerWeekProjectedPts":"","Rank":191,"TotalPoints":"0.00","y":null,"ProjectionDiff":null},{"PlayerName":"Kahale Warring","PlayerId":"2562771","Pos":"TE","Team":"BUF","PlayerOpponent":"HOU","PassingYDS":"","PassingInt":"","PassingTD":"","RushingPassingYDS":"","ReceivingRec":"","ReceivingYDS":"","ReceivingTD":"","RetTD":"","FumTD":"","2PT":"","Fum":"","PlayerWeekProjectedPts":"0.00","Rank":192,"TotalPoints":"0.00","y":0.0,"ProjectionDiff":0.0},{"PlayerName":"Nate Wieting","PlayerId":"2563815","Pos":"TE","Team":"FA","PlayerOpponent":"Bye","PassingYDS":"","PassingInt":"","PassingTD":"","RushingPassingYDS":"","ReceivingRec":"","ReceivingYDS":"","ReceivingTD":"","RetTD":"","FumTD":"","2PT":"","Fum":"","PlayerWeekProjectedPts":"","Rank":193,"TotalPoints":"0.00","y":null,"ProjectionDiff":null},{"PlayerName":"Mitchell Wilcox","PlayerId":"2563749","Pos":"TE","Team":"CIN","PlayerOpponent":"JAX","PassingYDS":"","PassingInt":"","PassingTD":"","RushingPassingYDS":"","ReceivingRec":"","ReceivingYDS":"","ReceivingTD":"","RetTD":"","FumTD":"","2PT":"","Fum":"","PlayerWeekProjectedPts":"0.74","Rank":194,"TotalPoints":"0.00","y":0.74,"ProjectionDiff":-0.74},{"PlayerName":"Carson Williams","PlayerId":"2565669","Pos":"TE","Team":"FA","PlayerOpponent":"Bye","PassingYDS":"","PassingInt":"","PassingTD":"","RushingPassingYDS":"","ReceivingRec":"","ReceivingYDS":"","ReceivingTD":"","RetTD":"","FumTD":"","2PT":"","Fum":"","PlayerWeekProjectedPts":"","Rank":195,"TotalPoints":"0.00","y":null,"ProjectionDiff":null},{"PlayerName":"Luke Willson","PlayerId":"2541199","Pos":"TE","Team":"FA","PlayerOpponent":"Bye","PassingYDS":"","PassingInt":"","PassingTD":"","RushingPassingYDS":"","ReceivingRec":"","ReceivingYDS":"","ReceivingTD":"","RetTD":"","FumTD":"","2PT":"","Fum":"","PlayerWeekProjectedPts":"","Rank":196,"TotalPoints":"0.00","y":null,"ProjectionDiff":null},{"PlayerName":"Caleb Wilson","PlayerId":"2562603","Pos":"TE","Team":"DEN","PlayerOpponent":"BAL","PassingYDS":"","PassingInt":"","PassingTD":"","RushingPassingYDS":"","ReceivingRec":"","ReceivingYDS":"","ReceivingTD":"","RetTD":"","FumTD":"","2PT":"","Fum":"","PlayerWeekProjectedPts":"0.00","Rank":197,"TotalPoints":"0.00","y":0.0,"ProjectionDiff":0.0},{"PlayerName":"Jason Witten","PlayerId":"2505629","Pos":"TE","Team":"FA","PlayerOpponent":"Bye","PassingYDS":"","PassingInt":"","PassingTD":"","RushingPassingYDS":"","ReceivingRec":"","ReceivingYDS":"","ReceivingTD":"","RetTD":"","FumTD":"","2PT":"","Fum":"","PlayerWeekProjectedPts":"","Rank":198,"TotalPoints":"0.00","y":null,"ProjectionDiff":null},{"PlayerName":"Charlie Woerner","PlayerId":"2565129","Pos":"TE","Team":"SF","PlayerOpponent":"SEA","PassingYDS":"","PassingInt":"","PassingTD":"","RushingPassingYDS":"","ReceivingRec":"","ReceivingYDS":"","ReceivingTD":"","RetTD":"","FumTD":"","2PT":"","Fum":"","PlayerWeekProjectedPts":"0.44","Rank":199,"TotalPoints":"0.00","y":0.44,"ProjectionDiff":-0.44},{"PlayerName":"Eli Wolf","PlayerId":"2565354","Pos":"TE","Team":"IND","PlayerOpponent":"@MIA","PassingYDS":"","PassingInt":"","PassingTD":"","RushingPassingYDS":"","ReceivingRec":"","ReceivingYDS":"","ReceivingTD":"","RetTD":"","FumTD":"","2PT":"","Fum":"","PlayerWeekProjectedPts":"0.00","Rank":200,"TotalPoints":"0.00","y":0.0,"ProjectionDiff":0.0},{"PlayerName":"Ethan Wolf","PlayerId":"2561422","Pos":"TE","Team":"NO","PlayerOpponent":"NYG","PassingYDS":"","PassingInt":"","PassingTD":"","RushingPassingYDS":"","ReceivingRec":"","ReceivingYDS":"","ReceivingTD":"","RetTD":"","FumTD":"","2PT":"","Fum":"","PlayerWeekProjectedPts":"0.00","Rank":201,"TotalPoints":"0.00","y":0.0,"ProjectionDiff":0.0},{"PlayerName":"Kenny Yeboah","PlayerId":"2565768","Pos":"TE","Team":"NYJ","PlayerOpponent":"TEN","PassingYDS":"","PassingInt":"","PassingTD":"","RushingPassingYDS":"","ReceivingRec":"","ReceivingYDS":"","ReceivingTD":"","RetTD":"","FumTD":"","2PT":"","Fum":"","PlayerWeekProjectedPts":"0.00","Rank":202,"TotalPoints":"0.00","y":0.0,"ProjectionDiff":0.0},{"PlayerName":"Deon Yelder","PlayerId":"2561293","Pos":"TE","Team":"TB","PlayerOpponent":"@NE","PassingYDS":"","PassingInt":"","PassingTD":"","RushingPassingYDS":"","ReceivingRec":"","ReceivingYDS":"","ReceivingTD":"","RetTD":"","FumTD":"","2PT":"","Fum":"","PlayerWeekProjectedPts":"0.00","Rank":203,"TotalPoints":"0.00","y":0.0,"ProjectionDiff":0.0},{"PlayerName":"Jordan Akins","PlayerId":"2560951","Pos":"TE","Team":"HOU","PlayerOpponent":"@BUF","PassingYDS":"","PassingInt":"","PassingTD":"","RushingPassingYDS":"3","ReceivingRec":"1","ReceivingYDS":"4","ReceivingTD":"","RetTD":"","FumTD":"","2PT":"","Fum":"1","PlayerWeekProjectedPts":"4.22","Rank":204,"TotalPoints":"-0.80","y":4.22,"ProjectionDiff":-5.02}]