PlayerName,PlayerId,Pos,Team,PlayerOpponent,TacklesTot,TacklesAst,TacklesSck,TacklesTfl,TurnoverInt,TurnoverFrcFum,TurnoverFumRec,ScoreIntTd,ScoreFumTd,ScoreBlkTd,ScoreSaf,ScoreDef2ptRet,Blk,PDef,QBHit,ReturnIntYds,ReturnFumYds,Rank,TotalPoints
Budda Baker,2558009,DB,ARI,IND,7,6,1,2,,,,,,,,,,1,2,,,1,25.20
Tavierre Thomas,2561278,DB,HOU,LAC,6,2,,,1,,,1,,,,,,1,,48,,2,23.40
Jordan Whitehead,2560930,DB,TB,@CAR,6,1,,,1,,,,,,,,,3,,7,,3,22.23
Rasul Douglas,2558168,DB,GB,CLE,5,,,,2,,,,,,,,,2,,17,,4,21.07
Micah Hyde,2539240,DB,BUF,@NE,3,3,,,2,,,,,,,,,2,,22,,5,20.23
Desmond King,2557927,DB,HOU,LAC,10,,,,,,,,,,,,,1,,,,6,19.50
M.J. Stewart,2560884,DB,CLE,@GB,9,1,,2,,,,,,,,,,,,,,7,19.10
Xavier Woods,2558159,DB,MIN,LA,5,3,,,1,,,,,,,,,1,,15,,8,17.40
George Odum,2561131,DB,IND,@ARI,8,1,,,,,,,,,,,,1,,,,9,16.90
Darnell Savage,2562724,DB,GB,CLE,5,3,,,1,,,,,,,,,1,,,,10,16.90
Brandon Jones,2564469,DB,MIA,@NO,2,4,1,1,1,,,,,,,,,1,1,8,,11,16.87
Minkah Fitzpatrick,2560725,DB,PIT,@KC,5,7,,,,,,,,,,,,1,,,,12,16.60
Harrison Smith,2532948,DB,MIN,LA,7,2,,,,,,,,,,,,1,1,,,13,16.50
Jeremy Reaves,2561394,DB,WAS,@DAL,6,5,,1,,,,,,,,,,,,,,14,15.70
Vonn Bell,2555530,DB,CIN,BAL,2,3,,,1,,,,,,,,,2,,15,,15,14.80
Myles Bryant,2564592,DB,NE,BUF,8,1,,,,,,,,,,,,,,,,16,14.40
Nik Needham,2563220,DB,MIA,@NO,2,,,,1,,,1,,,,,,1,,28,,17,14.33
Bobby McCain,2552434,DB,WAS,@DAL,7,3,,,,,,,,,,,,,,,,18,14.30
Logan Ryan,2540162,DB,NYG,@PHI,5,1,,,,,,,,,,,,2,,,,19,14.30
Antonio Hamilton,2556804,DB,ARI,IND,6,1,,,,,,,,,,,,1,,,,20,13.50
Jalen Ramsey,2555280,DB,LA,@MIN,6,1,,,,,,,,,,,,1,,,,21,13.50
Amani Hooker,2562666,DB,TEN,SF,2,4,,,1,,,,,,,,,1,,21,,22,13.30
Javelin Guidry,2565504,DB,NYJ,JAX,5,2,,,,,,,,,,,,1,1,,,23,13.10
Mackensie Alexander,2555177,DB,MIN,LA,6,3,,,,,,,,,,,,,,,,24,12.60
Charvarius Ward,2561417,DB,KC,PIT,3,,,1,1,,,,,,,,,1,,,,25,12.60
Chidobe Awuzie,2557840,DB,CIN,BAL,2,5,,,,,,,,,,,,2,,,,26,12.40
Kevin Byard,2555158,DB,TEN,SF,4,2,,,,1,,,,,,,,,1,,,27,12.40
L'Jarius Sneed,2564304,DB,KC,PIT,4,2,,1,,,,,,,,,,1,,,,28,12.40
Mike Hilton,2556559,DB,CIN,BAL,5,1,,2,,,,,,,,,,,,,,29,12.30
Trevon Diggs,2563836,DB,DAL,WAS,2,,,,1,,,,,,,,,2,,,,30,11.90
Julian Love,2562414,DB,NYG,@PHI,7,,,,,,,,,,,,,,,,,31,11.90
Desmond Trufant,2539334,DB,LV,DEN,7,,,,,,,,,,,,,,,,,32,11.90
Ronald Darby,2552689,DB,DEN,@LV,5,1,,,,,,,,,,,,1,,,,33,11.80
Bryce Hall,2564796,DB,NYJ,JAX,5,1,,,,,,,,,,,,1,,,,34,11.80
Chauncey Gardner-Johnson,2562588,DB,NO,MIA,5,2,,1,,,,,,,,,,,,,,35,11.60
Jonathan Owens,2561255,DB,HOU,LAC,1,3,,,1,,1,,,,,,,1,,7,6,36,11.53
Jason Pinnock,2565753,DB,NYJ,JAX,2,2,,,,1,,,,,,,,1,,,,37,11.00
Richie Grant,2565818,DB,ATL,DET,4,2,,,,,,,,,,,,1,,,,38,10.90
John Reid,2564088,DB,SEA,CHI,2,3,,,,,,,,,,,,2,,,,39,10.80
Kevon Seymour,2555549,DB,BAL,@CIN,3,4,,,,,,,,,,,,1,,,,40,10.80
Jaquiski Tartt,2552391,DB,SF,@TEN,5,1,,1,,,,,,,,,,,,,,41,10.80
Kyle Dugger,2564601,DB,NE,BUF,5,,,1,,,,,,,,,,,1,,,42,10.50
Alohi Gilman,2565042,DB,LAC,@HOU,6,,,,,,,,,,,,,,,,,43,10.20
Eddie Jackson,2558176,DB,CHI,@SEA,6,,,,,,,,,,,,,,,,,44,10.20
Damontae Kazee,2558184,DB,DAL,WAS,3,2,,,,1,,,,,,,,,,,,45,10.20
Marshon Lattimore,2558061,DB,NO,MIA,2,1,,,1,,,,,,,,,1,,,,46,10.20
Jalen Mills,2555383,DB,NE,BUF,6,,,,,,,,,,,,,,,,,47,10.20
Kendall Fuller,2555349,DB,WAS,@DAL,4,1,,,,,,,,,,,,1,,,,48,10.10
Myles Hartsfield,2563644,DB,CAR,TB,4,1,,,,,,,,,,,,1,,,,49,10.10
Rodney McLeod,2534832,DB,PHI,NYG,,1,,,1,,,,,,,,,2,,24,,50,10.10
Will Parks,2556278,DB,NYJ,JAX,4,1,,,,,,,,,,,,1,,,,51,10.10
Taylor Rapp,2562707,DB,LA,@MIN,5,2,,,,,,,,,,,,,,,,52,10.10
Isaiah Rodgers,2564142,DB,IND,@ARI,4,1,,,,,,,,,,,,1,,,,53,10.10
Asante Samuel Jr.,2566511,DB,LAC,@HOU,3,,,,,,,,,,,,,2,,,,54,10.10
Jimmie Ward,2543741,DB,SF,@TEN,3,,,,,,,,,,,,,2,,,,55,10.10
Kamren Curl,2565270,DB,WAS,@DAL,4,4,,,,,,,,,,,,,,,,56,10.00
Denzel Ward,2560916,DB,CLE,@GB,2,2,,,,,,,,,,,,2,,,,57,10.00
Thomas Graham Jr.,2565923,DB,CHI,@SEA,3,1,,1,,,,,,,,,,1,,,,58,9.90
Darious Williams,2561469,DB,LA,@MIN,3,1,,1,,,,,,,,,,1,,,,59,9.90
Anthony Harris,2553655,DB,PHI,NYG,2,3,,1,,,,,,,,,,1,,,,60,9.80
Deon Bush,2555155,DB,CHI,@SEA,3,2,,,,,,,,,,,,1,,,,61,9.20
Tyson Campbell,2566151,DB,JAX,@NYJ,4,3,,,,,,,,,,,,,,,,62,9.20
Mike Edwards,2562259,DB,TB,@CAR,4,3,,,,,,,,,,,,,,,,63,9.20
Juan Thornhill,2562761,DB,KC,PIT,4,3,,,,,,,,,,,,,,,,64,9.20
Jevon Holland,2566283,DB,MIA,@NO,4,1,0.5,,,,,,,,,,,,1,,,65,9.10
Kelvin Joseph,2566010,DB,DAL,WAS,3,,,1,,,,,,,,,,1,,,,66,9.10
Devin McCourty,494287,DB,NE,BUF,2,4,,,,,,,,,,,,1,,,,67,9.10
Sean Murphy-Bunting,2562635,DB,TB,@CAR,2,2,,1,,,,,,,,,,1,,,,68,9.00
Xavien Howard,2555539,DB,MIA,@NO,3,2,1,,,,,,,,,,,,,,,69,8.70
Adrian Amos,2552385,DB,GB,CLE,5,,,,,,,,,,,,,,,,,70,8.50
Greedy Williams,2562785,DB,CLE,@GB,5,,,,,,,,,,,,,,,,,71,8.50
Jarren Williams,2564958,DB,NYG,@PHI,5,,,,,,,,,,,,,,,,,72,8.50
Daryl Worley,2555394,DB,BAL,@CIN,5,,,,,,,,,,,,,,,,,73,8.50
Jahleel Addae,2541958,DB,IND,@ARI,4,2,,,,,,,,,,,,,,,,74,8.40
Chuck Clark,2558248,DB,BAL,@CIN,4,2,,,,,,,,,,,,,,,,75,8.40
Grant Delpit,2563773,DB,CLE,@GB,4,2,,,,,,,,,,,,,,,,76,8.40
Mike Hughes,2560746,DB,KC,PIT,4,2,,,,,,,,,,,,,,,,77,8.40
Xavier McKinney,2564766,DB,NYG,@PHI,4,2,,,,,,,,,,,,,,,,78,8.40
Andre Cisco,2566154,DB,JAX,@NYJ,2,3,,,,,,,,,,,,1,,,,79,8.30
Justin Reid,2560851,DB,HOU,LAC,3,4,,,,,,,,,,,,,,,,80,8.30
Buster Skrine,2495343,DB,TEN,SF,3,4,,,,,,,,,,,,,,,,81,8.30
Jalen Thompson,2563339,DB,ARI,IND,3,2,,1,,,,,,,,,,,,,,82,8.20
Jessie Bates,2560970,DB,CIN,BAL,4,1,,,,,,,,,,,,,,,,83,7.60
Ifeatu Melifonwu,2566064,DB,DET,@ATL,4,1,,,,,,,,,,,,,,,,84,7.60
Justin Simmons,2555550,DB,DEN,@LV,4,1,,,,,,,,,,,,,,,,85,7.60
Cameron Dantzler,2564526,DB,MIN,LA,3,3,,,,,,,,,,,,,,,,86,7.50
Taron Johnson,2560766,DB,BUF,@NE,2,2,,,,,,,,,,,,1,,,,87,7.50
A.J. Terrell,2563527,DB,ATL,DET,3,3,,,,,,,,,,,,,,,,88,7.50
Anthony Brown,2555531,DB,DAL,WAS,2,,,1,,,,,,,,,,1,,,,89,7.40
Duron Harmon,2541243,DB,ATL,DET,2,5,,,,,,,,,,,,,,,,90,7.40
Adrian Phillips,2550842,DB,NE,BUF,1,4,,,,,,,,,,,,1,,,,91,7.40
Chandon Sullivan,2560887,DB,GB,CLE,,1,,,1,,,,,,,,,1,,13,,92,7.23
Marcell Harris,2561006,DB,SF,@TEN,4,,,,,,,,,,,,,,,,,93,6.80
Janoris Jenkins,2532875,DB,TEN,SF,,1,,,1,,,,,,,,,1,,,,94,6.80
Steven Nelson,2552265,DB,PHI,NYG,4,,,,,,,,,,,,,,,,,95,6.80
Xavier Rhodes,2540155,DB,IND,@ARI,4,,,,,,,,,,,,,,,,,96,6.80
Artie Burns,2555344,DB,CHI,@SEA,1,,,,,,,,,,,,,2,,,,97,6.70
Jeremy Chinn,2563632,DB,CAR,TB,3,2,,,,,,,,,,,,,,,,98,6.70
Will Harris,2562395,DB,DET,@ATL,3,2,,,,,,,,,,,,,,,,99,6.70
C.J. Henderson,2564199,DB,CAR,TB,2,1,,,,,,,,,,,,1,,,,100,6.70
J.C. Jackson,2560754,DB,NE,BUF,2,1,,,,,,,,,,,,1,,,,101,6.70
Kareem Jackson,496735,DB,DEN,@LV,3,2,,,,,,,,,,,,,,,,102,6.70
Brandon Stephens,2565851,DB,BAL,@CIN,3,2,,,,,,,,,,,,,,,,103,6.70
Ambry Thomas,2566547,DB,SF,@TEN,1,,,,,,,,,,,,,2,,,,104,6.70
Tremon Smith,2561103,DB,HOU,LAC,3,1,,,,,,,,,,,,,,,,105,6.60
P.J. Williams,2552484,DB,NO,MIA,3,,,1,,,,,,,,,,,,,,106,6.60
Andrew Wingard,2562606,DB,JAX,@NYJ,3,1,,,,,,,,,,,,,,,,107,6.30
Jayron Kearse,2555156,DB,DAL,WAS,1,,1,1,,,,,,,,,,,2,,,108,6.20
James Bradberry,2555175,DB,NYG,@PHI,2,,,,,,,,,,,,,1,,,,109,5.90
Carlton Davis,2561039,DB,TB,@CAR,3,1,,,,,,,,,,,,,,,,110,5.90
Jamel Dean,2562556,DB,TB,@CAR,2,,,,,,,,,,,,,1,,,,111,5.90
Joe Haden,496733,DB,PIT,@KC,3,1,,,,,,,,,,,,,,,,112,5.90
Arthur Maulet,2559087,DB,PIT,@KC,3,1,,,,,,,,,,,,,,,,113,5.90
Zech McPhearson,2566406,DB,PHI,NYG,2,,,,,,,,,,,,,1,,,,114,5.90
Kenny Moore II,2558976,DB,IND,@ARI,3,1,,,,,,,,,,,,,,,,115,5.90
Byron Murphy,2562318,DB,ARI,IND,3,1,,,,,,,,,,,,,,,,116,5.90
Steven Parker,2561256,DB,NYG,@PHI,2,,,,,,,,,,,,,1,,,,117,5.90
Duke Shelley,2562957,DB,CHI,@SEA,3,1,,,,,,,,,,,,,,,,118,5.90
Pat Surtain II,2566043,DB,DEN,@LV,3,1,,,,,,,,,,,,,,,,119,5.90
Tracy Walker III,2560913,DB,DET,@ATL,3,1,,,,,,,,,,,,,,,,120,5.90
K'Waun Williams,2550654,DB,SF,@TEN,3,1,,,,,,,,,,,,,,,,121,5.90
Eli Apple,2555277,DB,CIN,BAL,2,3,,,,,,,,,,,,,,,,122,5.80
Quandre Diggs,2552262,DB,SEA,CHI,2,3,,,,,,,,,,,,,,,,123,5.80
Brandin Echols,2565726,DB,NYJ,JAX,2,3,,,,,,,,,,,,,,,,124,5.80
Terrell Edmunds,2560712,DB,PIT,@KC,2,3,,,,,,,,,,,,,,,,125,5.80
Marcus Epps,2562946,DB,PHI,NYG,1,2,,,,,,,,,,,,1,,,,126,5.80
Fabian Moreau,2558136,DB,ATL,DET,1,2,,,,,,,,,,,,1,,,,127,5.80
Nasir Adderley,2562617,DB,LAC,@HOU,2,1,,1,,,,,,,,,,,,,,128,5.70
Jaylinn Hawkins,2563500,DB,ATL,DET,1,3,,1,,,,,,,,,,,,,,129,5.60
Stephon Gilmore,2533062,DB,CAR,TB,3,,,,,,,,,,,,,,,,,130,5.10
Dane Jackson,2563614,DB,BUF,@NE,3,,,,,,,,,,,,,,,,,131,5.10
Keisean Nixon,2562938,DB,LV,DEN,3,,,,,,,,,,,,,,,,,132,5.10
Keith Taylor,2565911,DB,CAR,TB,3,,,,,,,,,,,,,,,,,133,5.10
Kindle Vildor,2563713,DB,CHI,@SEA,3,,,,,,,,,,,,,,,,,134,5.10
Marco Wilson,2566439,DB,ARI,IND,3,,,,,,,,,,,,,,,,,135,5.10
Tavon Young,2555378,DB,BAL,@CIN,3,,,,,,,,,,,,,,,,,136,5.10
Camryn Bynum,2566295,DB,MIN,LA,1,1,,,,,,,,,,,,1,,,,137,5.00
Dane Cruikshank,2561033,DB,TEN,SF,2,2,,,,,,,,,,,,,,,,138,5.00
Kristian Fulton,2564046,DB,TEN,SF,1,1,,,,,,,,,,,,1,,,,139,5.00
Anthony Levine,2508004,DB,BAL,@CIN,1,1,,,,,,,,,,,,1,,,,140,5.00
Josh Norman,2532920,DB,SF,@TEN,2,2,,,,,,,,,,,,,,,,141,5.00
Patrick Peterson,2495504,DB,MIN,LA,1,1,,,,,,,,,,,,1,,,,142,5.00
Darryl Roberts,2553353,DB,WAS,@DAL,2,2,,,,,,,,,,,,,,,,143,5.00
Jordan Fuller,2564340,DB,LA,@MIN,1,4,,,,,,,,,,,,,,,,144,4.90
Ryan Neal,2561381,DB,SEA,CHI,1,4,,,,,,,,,,,,,,,,145,4.90
Jordan Poyer,2539290,DB,BUF,@NE,1,2,,1,,,,,,,,,,,,,,146,4.80
Tyrann Mathieu,2540180,DB,KC,PIT,2,,,,,,1,,,,,,,,,,,147,4.40
Dean Marlowe,2553562,DB,DET,@ATL,1,2,,,,,1,,,,,,,,,,,148,4.30
Paulson Adebo,2566346,DB,NO,MIA,2,1,,,,,,,,,,,,,,,,149,4.20
Darren Hall,2565821,DB,ATL,DET,2,1,,,,,,,,,,,,,,,,150,4.20
Avonte Maddox,2560795,DB,PHI,NYG,2,1,,,,,,,,,,,,,,,,151,4.20
Bradley Roby,2543505,DB,NO,MIA,1,,,,,,,,,,,,,1,,,,152,4.20
Donovan Wilson,2562604,DB,DAL,WAS,2,1,,,,,,,,,,,,,,,,153,4.20
Eric Stokes,2566097,DB,GB,CLE,,2,,,,,,,,,,,,1,,,,154,4.10
Darius Slay,2540288,DB,PHI,NYG,1,1,,1,,,,,,,,,,,,,,155,4.00
Ugo Amadi,2562464,DB,SEA,CHI,2,,,,,,,,,,,,,,,,,156,3.40
Anthony Averett,2560963,DB,BAL,@CIN,2,,,,,,,,,,,,,,,,,157,3.40
Bryce Callahan,2553500,DB,DEN,@LV,2,,,,,,,,,,,,,,,,,158,3.40
Ross Cockrell,2543799,DB,TB,@CAR,2,,,,,,,,,,,,,,,,,159,3.40
Casey Hayward,2532861,DB,LV,DEN,2,,,,,,,,,,,,,,,,,160,3.40
Kai Nacua,2559220,DB,NYJ,JAX,2,,,,,,,,,,,,,,,,,161,3.40
Kenny Robinson,2563674,DB,CAR,TB,2,,,,,,,,,,,,,,,,,162,3.40
Rashard Robinson,2555546,DB,TB,@CAR,2,,,,,,,,,,,,,,,,,163,3.40
Josiah Scott,2564229,DB,PHI,NYG,2,,,,,,,,,,,,,,,,,164,3.40
Darian Thompson,2555154,DB,DAL,WAS,2,,,,,,,,,,,,,,,,,165,3.40
Jarrod Wilson,2556711,DB,SF,@TEN,2,,,,,,,,,,,,,,,,,166,3.40
Nahshon Wright,2566022,DB,DAL,WAS,2,,,,,,,,,,,,,,,,,167,3.40
Josh Jackson,2560755,DB,KC,PIT,1,2,,,,,,,,,,,,,,,,168,3.30
Nevin Lawson,2543872,DB,JAX,@NYJ,1,2,,,,,,,,,,,,,,,,169,3.30
Nick Scott,2562905,DB,LA,@MIN,1,2,,,,,,,,,,,,,,,,170,3.30
Marcus Williams,2558847,DB,NO,MIA,1,2,,,,,,,,,,,,,,,,171,3.30
Henry Black,2563974,DB,GB,CLE,1,1,,,,,,,,,,,,,,,,172,2.50
Brady Breeze,2566103,DB,DET,@ATL,1,1,,,,,,,,,,,,,,,,173,2.50
Maurice Canady,2555178,DB,DAL,WAS,1,1,,,,,,,,,,,,,,,,174,2.50
Marqui Christian,2556277,DB,CHI,@SEA,1,1,,,,,,,,,,,,,,,,175,2.50
Chris Claybrooks,2564169,DB,JAX,@NYJ,1,1,,,,,,,,,,,,,,,,176,2.50
Darqueze Dennard,2543474,DB,SF,@TEN,1,1,,,,,,,,,,,,,,,,177,2.50
Shaquill Griffin,2558259,DB,JAX,@NYJ,,,,,,,,,,,,,,1,,,,178,2.50
Chris Harris,2530510,DB,LAC,@HOU,,,,,,,,,,,,,,1,,,,179,2.50
Danny Johnson,2560764,DB,WAS,@DAL,1,1,,,,,,,,,,,,,,,,180,2.50
Herb Miller,2563153,DB,CLE,@GB,1,1,,,,,,,,,,,,,,,,181,2.50
Daniel Sorensen,2550257,DB,KC,PIT,,,,,,,,,,,,,,1,,,,182,2.50
Ahkello Witherspoon,2558157,DB,PIT,@KC,,,,,,,,,,,,,,1,,,,183,2.50
Essang Bassey,2563875,DB,FA,Bye,1,,,,,,,,,,,,,,,,,184,1.70
Terrence Brooks,2543712,DB,HOU,LAC,1,,,,,,,,,,,,,,,,,185,1.70
Juston Burris,2555313,DB,CAR,TB,1,,,,,,,,,,,,,,,,,186,1.70
T.J. Carrie,2550164,DB,IND,@ARI,1,,,,,,,,,,,,,,,,,187,1.70
Ken Crawley,2556735,DB,NO,MIA,1,,,,,,,,,,,,,,,,,188,1.70
Donte' Deayon,2556512,DB,LA,@MIN,1,,,,,,,,,,,,,,,,,189,1.70
Rudy Ford,2558174,DB,JAX,@NYJ,1,,,,,,,,,,,,,,,,,190,1.70
Richard LeCounte III,2565977,DB,CLE,@GB,1,,,,,,,,,,,,,,,,,191,1.70
Cam Lewis,2563205,DB,BUF,@NE,1,,,,,,,,,,,,,,,,,192,1.70
P.J. Locke,2563012,DB,DEN,@LV,1,,,,,,,,,,,,,,,,,193,1.70
David Long,2562798,DB,LA,@MIN,1,,,,,,,,,,,,,,,,,194,1.70
Siran Neal,2560818,DB,BUF,@NE,1,,,,,,,,,,,,,,,,,195,1.70
Tre Norwood,2566463,DB,PIT,@KC,1,,,,,,,,,,,,,,,,,196,1.70
Eric Rowe,2552255,DB,MIA,@NO,1,,,,,,,,,,,,,,,,,197,1.70
Brandon Rusnak,2562912,DB,JAX,@NYJ,1,,,,,,,,,,,,,,,,,198,1.70
Vernon Scott,2564028,DB,GB,CLE,1,,,,,,,,,,,,,,,,,199,1.70
Levi Wallace,2560914,DB,BUF,@NE,1,,,,,,,,,,,,,,,,,200,1.70
Nigel Warrior,2563590,DB,SEA,CHI,1,,,,,,,,,,,,,,,,,201,1.70
Trae Waynes,2552448,DB,CIN,BAL,1,,,,,,,,,,,,,,,,,202,1.70
Darrick Forrest,2566598,DB,WAS,@DAL,,2,,,,,,,,,,,,,,,,203,1.60
Grayland Arnold,2564814,DB,HOU,LAC,,1,,,,,,,,,,,,,,,,204,0.80
Andre Chachere,2561016,DB,PHI,NYG,,1,,,,,,,,,,,,,,,,205,0.80
Shawn Davis,2565597,DB,GB,CLE,,1,,,,,,,,,,,,,,,,206,0.80
Divine Deablo,2566253,DB,LV,DEN,,1,,,,,,,,,,,,,,,,207,0.80
Tre Flowers,2560728,DB,CIN,BAL,,1,,,,,,,,,,,,,,,,208,0.80
Innis Gaines,2565591,DB,GB,CLE,,1,,,,,,,,,,,,,,,,209,0.80
Tyree Gillespie,2566256,DB,LV,DEN,,1,,,,,,,,,,,,,,,,210,0.80
C.J. Goodwin,2550767,DB,DAL,WAS,,1,,,,,,,,,,,,,,,,211,0.80
Robert Jackson,2561434,DB,BAL,@CIN,,1,,,,,,,,,,,,,,,,212,0.80
Byron Jones,2552568,DB,MIA,@NO,,1,,,,,,,,,,,,,,,,213,0.80
Dallin Leavitt,2561585,DB,LV,DEN,,1,,,,,,,,,,,,,,,,214,0.80
Trevon Moehrig,2566268,DB,LV,DEN,,1,,,,,,,,,,,,,,,,215,0.80
Sheldrick Redwine,2562711,DB,MIA,@NO,,1,,,,,,,,,,,,,,,,216,0.80
Jordan Richards,2552392,DB,BAL,@CIN,,1,,,,,,,,,,,,,,,,217,0.80
Avery Williams,2565833,DB,ATL,DET,,1,,,,,,,,,,,,,,,,218,0.80
Johnathan Abram,2562616,DB,LV,DEN,,,,,,,,,,,,,,,,,,219,0.00
Delrick Abrams,2563464,DB,FA,Bye,,,,,,,,,,,,,,,,,,220,0.00
DeMarkus Acy,2565087,DB,PIT,@KC,,,,,,,,,,,,,,,,,,221,0.00
Andrew Adams,2556456,DB,TB,@CAR,,,,,,,,,,,,,,,,,,222,0.00
Jamal Adams,2557979,DB,SEA,CHI,,,,,,,,,,,,,,,,,,223,0.00
Jaire Alexander,2560952,DB,GB,CLE,,,,,,,,,,,,,,,,,,224,0.00
Robert Alford,2539653,DB,ARI,IND,,,,,,,,,,,,,,,,,,225,0.00
Brian Allen,2558237,DB,CLE,@GB,,,,,,,,,,,,,,,,,,226,0.00
Marcus Allen,2560956,DB,PIT,@KC,,,,,,,,,,,,,,,,,,227,0.00
Ricardo Allen,2543850,DB,CIN,BAL,,,,,,,,,,,,,,,,,,228,0.00
Johnathan Alston,2561520,DB,FA,Bye,,,,,,,,,,,,,,,,,,229,0.00
Troy Apke,2560958,DB,WAS,@DAL,,,,,,,,,,,,,,,,,,230,0.00
Cornell Armstrong,2561147,DB,ATL,DET,,,,,,,,,,,,,,,,,,231,0.00
Damon Arnette,2564409,DB,MIA,@NO,,,,,,,,,,,,,,,,,,232,0.00
Jaytlin Askew,2566656,DB,FA,Bye,,,,,,,,,,,,,,,,,,233,0.00
Blessuan Austin,2562468,DB,SEA,CHI,,,,,,,,,,,,,,,,,,234,0.00
Deandre Baker,2562227,DB,KC,PIT,,,,,,,,,,,,,,,,,,235,0.00
Corey Ballentine,2562228,DB,DET,@ATL,,,,,,,,,,,,,,,,,,236,0.00
Chris Banjo,2541192,DB,ARI,IND,,,,,,,,,,,,,,,,,,237,0.00
Luq Barcoo,2564160,DB,SF,@TEN,,,,,,,,,,,,,,,,,,238,0.00
DeVante Bausby,2553790,DB,NE,BUF,,,,,,,,,,,,,,,,,,239,0.00
Sam Beal,2561643,DB,FA,Bye,,,,,,,,,,,,,,,,,,240,0.00
Elijah Benton,2563758,DB,FA,Bye,,,,,,,,,,,,,,,,,,241,0.00
Justin Bethel,2532792,DB,NE,BUF,,,,,,,,,,,,,,,,,,242,0.00
Julian Blackmon,2564103,DB,IND,@ARI,,,,,,,,,,,,,,,,,,243,0.00
Marquise Blair,2562233,DB,SEA,CHI,,,,,,,,,,,,,,,,,,244,0.00
Joshuah Bledsoe,2566331,DB,NE,BUF,,,,,,,,,,,,,,,,,,245,0.00
Briean Boddy-Calhoun,2556475,DB,TEN,SF,,,,,,,,,,,,,,,,,,246,0.00
Terrell Bonds,2563136,DB,FA,Bye,,,,,,,,,,,,,,,,,,247,0.00
Breon Borders,2559015,DB,ARI,IND,,,,,,,,,,,,,,,,,,248,0.00
Tre Boston,2543830,DB,FA,Bye,,,,,,,,,,,,,,,,,,249,0.00
A.J. Bouye,2541162,DB,CAR,TB,,,,,,,,,,,,,,,,,,250,0.00
Kris Boyd,2562630,DB,MIN,LA,,,,,,,,,,,,,,,,,,251,0.00
John Brannon,2565018,DB,CIN,BAL,,,,,,,,,,,,,,,,,,252,0.00
Bashaud Breeland,2543571,DB,ARI,IND,,,,,,,,,,,,,,,,,,253,0.00
Antoine Brooks Jr.,2564967,DB,LA,@MIN,,,,,,,,,,,,,,,,,,254,0.00
Jordan Brown,2562396,DB,LV,DEN,,,,,,,,,,,,,,,,,,255,0.00
Shakur Brown,2565774,DB,FA,Bye,,,,,,,,,,,,,,,,,,256,0.00
Tony Brown,2560982,DB,LV,DEN,,,,,,,,,,,,,,,,,,257,0.00
Tre Brown,2566550,DB,SEA,CHI,,,,,,,,,,,,,,,,,,258,0.00
Terrell Burgess,2564331,DB,LA,@MIN,,,,,,,,,,,,,,,,,,259,0.00
Eric Burrell,2565696,DB,FA,Bye,,,,,,,,,,,,,,,,,,260,0.00
Deante Burton,2559109,DB,FA,Bye,,,,,,,,,,,,,,,,,,261,0.00
Malcolm Butler,2550613,DB,FA,Bye,,,,,,,,,,,,,,,,,,262,0.00
Elijah Campbell,2561455,DB,MIA,@NO,,,,,,,,,,,,,,,,,,263,0.00
Ibraheim Campbell,2552605,DB,IND,@ARI,,,,,,,,,,,,,,,,,,264,0.00
Tevaughn Campbell,2562806,DB,LAC,@HOU,,,,,,,,,,,,,,,,,,265,0.00
Jamal Carter,2559321,DB,TEN,SF,,,,,,,,,,,,,,,,,,266,0.00
Michael Carter II,2565717,DB,NYJ,JAX,,,,,,,,,,,,,,,,,,267,0.00
Sean Chandler,2561017,DB,CAR,TB,,,,,,,,,,,,,,,,,,268,0.00
Anthony Chesley,2563235,DB,IND,@ARI,,,,,,,,,,,,,,,,,,269,0.00
Patrick Chung,71251,DB,FA,Bye,,,,,,,,,,,,,,,,,,270,0.00
Adrian Colbert,2558857,DB,CLE,@GB,,,,,,,,,,,,,,,,,,271,0.00
Justin Coleman,2553637,DB,MIA,@NO,,,,,,,,,,,,,,,,,,272,0.00
Landon Collins,2552454,DB,WAS,@DAL,,,,,,,,,,,,,,,,,,273,0.00
Chris Cooper,2561429,DB,FA,Bye,,,,,,,,,,,,,,,,,,274,0.00
Shaun Crawford,2565642,DB,FA,Bye,,,,,,,,,,,,,,,,,,275,0.00
Xavier Crawford,2562515,DB,CHI,@SEA,,,,,,,,,,,,,,,,,,276,0.00
Keion Crossen,2561157,DB,NYG,@PHI,,,,,,,,,,,,,,,,,,277,0.00
Jordan Dangerfield,2541696,DB,FA,Bye,,,,,,,,,,,,,,,,,,278,0.00
DJ Daniel,2566653,DB,NE,BUF,,,,,,,,,,,,,,,,,,279,0.00
Ashtyn Davis,2564793,DB,NYJ,JAX,,,,,,,,,,,,,,,,,,280,0.00
Cody Davis,2541135,DB,NE,BUF,,,,,,,,,,,,,,,,,,281,0.00
Jalen Davis,2561316,DB,CIN,BAL,,,,,,,,,,,,,,,,,,282,0.00
Javaris Davis,2564265,DB,MIA,@NO,,,,,,,,,,,,,,,,,,283,0.00
Michael Davis,2559164,DB,LAC,@HOU,,,,,,,,,,,,,,,,,,284,0.00
Sean Davis,2555386,DB,NE,BUF,,,,,,,,,,,,,,,,,,285,0.00
Duke Dawson,2561040,DB,DEN,@LV,,,,,,,,,,,,,,,,,,286,0.00
Stephen Denmark,2562874,DB,FA,Bye,,,,,,,,,,,,,,,,,,287,0.00
Pierre Desir,2543811,DB,TB,@CAR,,,,,,,,,,,,,,,,,,288,0.00
Khalil Dorsey,2565336,DB,BAL,@CIN,,,,,,,,,,,,,,,,,,289,0.00
Quinton Dunbar,2553796,DB,FA,Bye,,,,,,,,,,,,,,,,,,290,0.00
Isaiah Dunn,2565720,DB,NYJ,JAX,,,,,,,,,,,,,,,,,,291,0.00
Nate Ebner,2535132,DB,NYG,@PHI,,,,,,,,,,,,,,,,,,292,0.00
Corn Elder,2558171,DB,WAS,@DAL,,,,,,,,,,,,,,,,,,293,0.00
DeShon Elliott,2560715,DB,BAL,@CIN,,,,,,,,,,,,,,,,,,294,0.00
Tino Ellis,2564670,DB,FA,Bye,,,,,,,,,,,,,,,,,,295,0.00
Deshazor Everett,2553710,DB,WAS,@DAL,,,,,,,,,,,,,,,,,,296,0.00
Brandon Facyson,2560719,DB,LV,DEN,,,,,,,,,,,,,,,,,,297,0.00
Caleb Farley,2566106,DB,TEN,SF,,,,,,,,,,,,,,,,,,298,0.00
Matthias Farley,2556429,DB,TEN,SF,,,,,,,,,,,,,,,,,,299,0.00
Clayton Fejedelem,2555355,DB,MIA,@NO,,,,,,,,,,,,,,,,,,300,0.00
Rashad Fenton,2562649,DB,KC,PIT,,,,,,,,,,,,,,,,,,301,0.00
Mark Fields,2562442,DB,FA,Bye,,,,,,,,,,,,,,,,,,302,0.00
Mike Ford,2561527,DB,DEN,@LV,,,,,,,,,,,,,,,,,,303,0.00
Paris Ford,2566205,DB,FA,Bye,,,,,,,,,,,,,,,,,,304,0.00
Sam Franklin,2563638,DB,CAR,TB,,,,,,,,,,,,,,,,,,305,0.00
Kavon Frazier,2555536,DB,LV,DEN,,,,,,,,,,,,,,,,,,306,0.00
Kyle Fuller,2543681,DB,DEN,@LV,,,,,,,,,,,,,,,,,,307,0.00
Phillip Gaines,2543851,DB,FA,Bye,,,,,,,,,,,,,,,,,,308,0.00
Rashaan Gaulden,2560775,DB,FA,Bye,,,,,,,,,,,,,,,,,,309,0.00
Jake Gervase,2563306,DB,LA,@MIN,,,,,,,,,,,,,,,,,,310,0.00
Mark Gilbert,2565783,DB,DET,@ATL,,,,,,,,,,,,,,,,,,311,0.00
Tashaun Gipson,2532848,DB,CHI,@SEA,,,,,,,,,,,,,,,,,,312,0.00
Jeff Gladney,2564541,DB,FA,Bye,,,,,,,,,,,,,,,,,,313,0.00
Tay Gowan,2566427,DB,PHI,NYG,,,,,,,,,,,,,,,,,,314,0.00
J.T. Gray,2561206,DB,NO,MIA,,,,,,,,,,,,,,,,,,315,0.00
A.J. Green,2563782,DB,CLE,@GB,,,,,,,,,,,,,,,,,,316,0.00
T.J. Green,2555537,DB,HOU,LAC,,,,,,,,,,,,,,,,,,317,0.00
Raven Greene,2561207,DB,FA,Bye,,,,,,,,,,,,,,,,,,318,0.00
Olaijah Griffin,2566635,DB,BUF,@NE,,,,,,,,,,,,,,,,,,319,0.00
Javon Hagan,2565219,DB,ARI,IND,,,,,,,,,,,,,,,,,,320,0.00
Nate Hairston,2558108,DB,DEN,@LV,,,,,,,,,,,,,,,,,,321,0.00
Kemon Hall,2562975,DB,LAC,@HOU,,,,,,,,,,,,,,,,,,322,0.00
Tyler Hall,2563497,DB,LA,@MIN,,,,,,,,,,,,,,,,,,323,0.00
Damar Hamlin,2565872,DB,BUF,@NE,,,,,,,,,,,,,,,,,,324,0.00
Saquan Hampton,2562658,DB,FA,Bye,,,,,,,,,,,,,,,,,,325,0.00
Harrison Hand,2564547,DB,MIN,LA,,,,,,,,,,,,,,,,,,326,0.00
Justin Hardee,2559181,DB,NYJ,JAX,,,,,,,,,,,,,,,,,,327,0.00
Vernon Hargreaves III,2555299,DB,CIN,BAL,,,,,,,,,,,,,,,,,,328,0.00
Madre Harper,2564421,DB,CAR,TB,,,,,,,,,,,,,,,,,,329,0.00
Brontae Harris,2566217,DB,FA,Bye,,,,,,,,,,,,,,,,,,330,0.00
Erik Harris,2555568,DB,ATL,DET,,,,,,,,,,,,,,,,,,331,0.00
Tim Harris,2562949,DB,BUF,@NE,,,,,,,,,,,,,,,,,,332,0.00
Ronnie Harrison,2561008,DB,CLE,@GB,,,,,,,,,,,,,,,,,,333,0.00
J.T. Hassell,2563045,DB,FA,Bye,,,,,,,,,,,,,,,,,,334,0.00
Jeff Heath,2541832,DB,NO,MIA,,,,,,,,,,,,,,,,,,335,0.00
Trayvon Henderson,2561339,DB,CIN,BAL,,,,,,,,,,,,,,,,,,336,0.00
Tre Herndon,2561340,DB,JAX,@NYJ,,,,,,,,,,,,,,,,,,337,0.00
Gavin Heslop,2565156,DB,SEA,CHI,,,,,,,,,,,,,,,,,,338,0.00
Troy Hill,2553536,DB,CLE,@GB,,,,,,,,,,,,,,,,,,339,0.00
Nate Hobbs,2566259,DB,LV,DEN,,,,,,,,,,,,,,,,,,340,0.00
Alijah Holder,2562572,DB,FA,Bye,,,,,,,,,,,,,,,,,,341,0.00
Nate Holley,2561627,DB,FA,Bye,,,,,,,,,,,,,,,,,,342,0.00
Ka'dar Hollman,2562940,DB,NYG,@PHI,,,,,,,,,,,,,,,,,,343,0.00
Darnay Holmes,2564739,DB,NYG,@PHI,,,,,,,,,,,,,,,,,,344,0.00
Malik Hooker,2558060,DB,DAL,WAS,,,,,,,,,,,,,,,,,,345,0.00
Jaycee Horn,2565893,DB,CAR,TB,,,,,,,,,,,,,,,,,,346,0.00
Jameson Houston,2563791,DB,FA,Bye,,,,,,,,,,,,,,,,,,347,0.00
DeAndre Houston-Carson,2555381,DB,CHI,@SEA,,,,,,,,,,,,,,,,,,348,0.00
Talanoa Hufanga,2566529,DB,SF,@TEN,,,,,,,,,,,,,,,,,,349,0.00
JuJu Hughes,2564352,DB,FA,Bye,,,,,,,,,,,,,,,,,,350,0.00
Marlon Humphrey,2558067,DB,BAL,@CIN,,,,,,,,,,,,,,,,,,351,0.00
J.T. Ibe,2565570,DB,FA,Bye,,,,,,,,,,,,,,,,,,352,0.00
Noah Igbinoghene,2564457,DB,MIA,@NO,,,,,,,,,,,,,,,,,,353,0.00
Adoree' Jackson,2558065,DB,NYG,@PHI,,,,,,,,,,,,,,,,,,354,0.00
Bennett Jackson,2543834,DB,FA,Bye,,,,,,,,,,,,,,,,,,355,0.00
Chris Jackson,2564049,DB,TEN,SF,,,,,,,,,,,,,,,,,,356,0.00
Donte Jackson,2560753,DB,CAR,TB,,,,,,,,,,,,,,,,,,357,0.00
Lamar Jackson,2565513,DB,NYJ,JAX,,,,,,,,,,,,,,,,,,358,0.00
Mike Jackson,2562434,DB,SEA,CHI,,,,,,,,,,,,,,,,,,359,0.00
William Jackson,2556367,DB,WAS,@DAL,,,,,,,,,,,,,,,,,,360,0.00
Michael Jacquet,2564835,DB,JAX,@NYJ,,,,,,,,,,,,,,,,,,361,0.00
Natrell Jamerson,2560759,DB,NYG,@PHI,,,,,,,,,,,,,,,,,,362,0.00
Craig James,2561486,DB,PHI,NYG,,,,,,,,,,,,,,,,,,363,0.00
Derwin James,2560760,DB,LAC,@HOU,,,,,,,,,,,,,,,,,,364,0.00
Shemar Jean-Charles,2566079,DB,GB,CLE,,,,,,,,,,,,,,,,,,365,0.00
Malcolm Jenkins,79848,DB,NO,MIA,,,,,,,,,,,,,,,,,,366,0.00
Rayshawn Jenkins,2558182,DB,JAX,@NYJ,,,,,,,,,,,,,,,,,,367,0.00
Dontae Johnson,2543739,DB,SF,@TEN,,,,,,,,,,,,,,,,,,368,0.00
Isaiah Johnson,2562675,DB,FA,Bye,,,,,,,,,,,,,,,,,,369,0.00
Jamar Johnson,2566031,DB,DEN,@LV,,,,,,,,,,,,,,,,,,370,0.00
Jaquan Johnson,2562676,DB,BUF,@NE,,,,,,,,,,,,,,,,,,371,0.00
Jaylon Johnson,2563701,DB,CHI,@SEA,,,,,,,,,,,,,,,,,,372,0.00
John Johnson,2558183,DB,CLE,@GB,,,,,,,,,,,,,,,,,,373,0.00
Kevin Johnson,2552261,DB,FA,Bye,,,,,,,,,,,,,,,,,,374,0.00
Lonnie Johnson,2562295,DB,HOU,LAC,,,,,,,,,,,,,,,,,,375,0.00
Chris Jones,2560767,DB,TEN,SF,,,,,,,,,,,,,,,,,,376,0.00
Jonathan Jones,2556571,DB,NE,BUF,,,,,,,,,,,,,,,,,,377,0.00
Josh Jones,2558119,DB,SEA,CHI,,,,,,,,,,,,,,,,,,378,0.00
Karl Joseph,2555342,DB,PIT,@KC,,,,,,,,,,,,,,,,,,379,0.00
Lamarcus Joyner,2543492,DB,NYJ,JAX,,,,,,,,,,,,,,,,,,380,0.00
Jalen Julius,2564289,DB,FA,Bye,,,,,,,,,,,,,,,,,,381,0.00
Joshua Kalu,2560776,DB,NYG,@PHI,,,,,,,,,,,,,,,,,,382,0.00
Bopete Keyes,2564292,DB,CHI,@SEA,,,,,,,,,,,,,,,,,,383,0.00
Miles Killebrew,2555315,DB,PIT,@KC,,,,,,,,,,,,,,,,,,384,0.00
Kevin King,2557996,DB,GB,CLE,,,,,,,,,,,,,,,,,,385,0.00
Luther Kirk,2565304,DB,ATL,DET,,,,,,,,,,,,,,,,,,386,0.00
Dre Kirkpatrick,2533060,DB,FA,Bye,,,,,,,,,,,,,,,,,,387,0.00
Chris Lammons,2561226,DB,KC,PIT,,,,,,,,,,,,,,,,,,388,0.00
Justin Layne,2562479,DB,PIT,@KC,,,,,,,,,,,,,,,,,,389,0.00
Deommodore Lenoir,2566535,DB,SF,@TEN,,,,,,,,,,,,,,,,,,390,0.00
Donnie Lewis,2562910,DB,FA,Bye,,,,,,,,,,,,,,,,,,391,0.00
Jourdan Lewis,2557920,DB,DAL,WAS,,,,,,,,,,,,,,,,,,392,0.00
Zane Lewis,2564928,DB,NYJ,JAX,,,,,,,,,,,,,,,,,,393,0.00
Jordan Lucas,2555542,DB,FA,Bye,,,,,,,,,,,,,,,,,,394,0.00
Cole Luke,2558968,DB,FA,Bye,,,,,,,,,,,,,,,,,,395,0.00
Dylan Mabin,2563029,DB,NO,MIA,,,,,,,,,,,,,,,,,,396,0.00
Greg Mabin,2558971,DB,TEN,SF,,,,,,,,,,,,,,,,,,397,0.00
Iman Marshall,2562961,DB,BAL,@CIN,,,,,,,,,,,,,,,,,,398,0.00
Trey Marshall,2561370,DB,LAC,@HOU,,,,,,,,,,,,,,,,,,399,0.00
Marcus Maye,2557995,DB,NYJ,JAX,,,,,,,,,,,,,,,,,,400,0.00
Nick McCloud,2566638,DB,BUF,@NE,,,,,,,,,,,,,,,,,,401,0.00
Jason McCourty,89756,DB,MIA,@NO,,,,,,,,,,,,,,,,,,402,0.00
Bradley McDougald,2539243,DB,JAX,@NYJ,,,,,,,,,,,,,,,,,,403,0.00
Sherrick McManis,494289,DB,FA,Bye,,,,,,,,,,,,,,,,,,404,0.00
Torry McTyer,2559053,DB,WAS,@DAL,,,,,,,,,,,,,,,,,,405,0.00
Quenton Meeks,2560808,DB,FA,Bye,,,,,,,,,,,,,,,,,,406,0.00
Rashaan Melvin,2541200,DB,CAR,TB,,,,,,,,,,,,,,,,,,407,0.00
Josh Metellus,2564568,DB,MIN,LA,,,,,,,,,,,,,,,,,,408,0.00
Doug Middleton,2556617,DB,SF,@TEN,,,,,,,,,,,,,,,,,,409,0.00
Jordan Miller,2562497,DB,NO,MIA,,,,,,,,,,,,,,,,,,410,0.00
Chris Milton,2556394,DB,MIA,@NO,,,,,,,,,,,,,,,,,,411,0.00
Terrance Mitchell,2543637,DB,HOU,LAC,,,,,,,,,,,,,,,,,,412,0.00
Jovante Moffatt,2563797,DB,CLE,@GB,,,,,,,,,,,,,,,,,,413,0.00
Elijah Molden,2566115,DB,TEN,SF,,,,,,,,,,,,,,,,,,414,0.00
Joshua Moon,2563265,DB,FA,Bye,,,,,,,,,,,,,,,,,,415,0.00
A.J. Moore,2561538,DB,HOU,LAC,,,,,,,,,,,,,,,,,,416,0.00
C.J. Moore,2563193,DB,DET,@ATL,,,,,,,,,,,,,,,,,,417,0.00
Tarvarius Moore,2561117,DB,SF,@TEN,,,,,,,,,,,,,,,,,,418,0.00
Jimmy Moreland,2562858,DB,HOU,LAC,,,,,,,,,,,,,,,,,,419,0.00
TJ Morrison,2565651,DB,FA,Bye,,,,,,,,,,,,,,,,,,420,0.00
Emmanuel Moseley,2561072,DB,SF,@TEN,,,,,,,,,,,,,,,,,,421,0.00
Parnell Motley,2565237,DB,DET,@ATL,,,,,,,,,,,,,,,,,,422,0.00
Israel Mukuamu,2566013,DB,DAL,WAS,,,,,,,,,,,,,,,,,,423,0.00
Trayvon Mullen,2562380,DB,LV,DEN,,,,,,,,,,,,,,,,,,424,0.00
Eric Murray,2555173,DB,HOU,LAC,,,,,,,,,,,,,,,,,,425,0.00
Sharrod Neasman,2556443,DB,LA,@MIN,,,,,,,,,,,,,,,,,,426,0.00
Nick Nelson,2560819,DB,IND,@ARI,,,,,,,,,,,,,,,,,,427,0.00
Picasso Nelson,2563002,DB,FA,Bye,,,,,,,,,,,,,,,,,,428,0.00
Greg Newsome II,2565980,DB,CLE,@GB,,,,,,,,,,,,,,,,,,429,0.00
Michael Ojemudia,2563908,DB,DEN,@LV,,,,,,,,,,,,,,,,,,430,0.00
Jeff Okudah,2563944,DB,DET,@ATL,,,,,,,,,,,,,,,,,,431,0.00
Isaiah Oliver,2560830,DB,ATL,DET,,,,,,,,,,,,,,,,,,432,0.00
Kareem Orr,2563274,DB,LA,@MIN,,,,,,,,,,,,,,,,,,433,0.00
Amani Oruwariye,2562390,DB,DET,@ATL,,,,,,,,,,,,,,,,,,434,0.00
Jabrill Peppers,2557980,DB,NYG,@PHI,,,,,,,,,,,,,,,,,,435,0.00
Jomal Wiltz,2559283,DB,MIA,@NO,,,,,,,,,,,,,,,,,,436,0.00
Jordyn Peters,2565750,DB,FA,Bye,,,,,,,,,,,,,,,,,,437,0.00
Marcus Peters,2552488,DB,BAL,@CIN,,,,,,,,,,,,,,,,,,438,0.00
Kevin Peterson,2556764,DB,ARI,IND,,,,,,,,,,,,,,,,,,439,0.00
Darius Phillips,2560839,DB,CIN,BAL,,,,,,,,,,,,,,,,,,440,0.00
James Pierre,2565003,DB,PIT,@KC,,,,,,,,,,,,,,,,,,441,0.00
Brian Poole,2556445,DB,IND,@ARI,,,,,,,,,,,,,,,,,,442,0.00
Bobby Price,2563953,DB,DET,@ATL,,,,,,,,,,,,,,,,,,443,0.00
Troy Pride,2563662,DB,CAR,TB,,,,,,,,,,,,,,,,,,444,0.00
Glover Quin,71441,DB,FA,Bye,,,,,,,,,,,,,,,,,,445,0.00
Damarious Randall,2552389,DB,FA,Bye,,,,,,,,,,,,,,,,,,446,0.00
Will Redmond,2555545,DB,IND,@ARI,,,,,,,,,,,,,,,,,,447,0.00
D.J. Reed,2560850,DB,SEA,CHI,,,,,,,,,,,,,,,,,,448,0.00
J.R. Reed,2564220,DB,NYG,@PHI,,,,,,,,,,,,,,,,,,449,0.00
Elijah Riley,2564853,DB,NYJ,JAX,,,,,,,,,,,,,,,,,,450,0.00
Amik Robertson,2564430,DB,LV,DEN,,,,,,,,,,,,,,,,,,451,0.00
Nickell Robey-Coleman,2540197,DB,DET,@ATL,,,,,,,,,,,,,,,,,,452,0.00
Aaron Robinson,2566370,DB,NYG,@PHI,,,,,,,,,,,,,,,,,,453,0.00
Patrick Robinson,2508084,DB,FA,Bye,,,,,,,,,,,,,,,,,,454,0.00
Reggie Robinson II,2563863,DB,DAL,WAS,,,,,,,,,,,,,,,,,,455,0.00
Tyree Robinson,2561519,DB,FA,Bye,,,,,,,,,,,,,,,,,,456,0.00
Robert Rochell,2566241,DB,LA,@MIN,,,,,,,,,,,,,,,,,,457,0.00
Winston Rose,2556670,DB,FA,Bye,,,,,,,,,,,,,,,,,,458,0.00
D'Angelo Ross,2563057,DB,NE,BUF,,,,,,,,,,,,,,,,,,459,0.00
KeiVarae Russell,2555547,DB,NO,MIA,,,,,,,,,,,,,,,,,,460,0.00
Stanford Samuels III,2564022,DB,FA,Bye,,,,,,,,,,,,,,,,,,461,0.00
Andrew Sendejo,2525323,DB,IND,@ARI,,,,,,,,,,,,,,,,,,462,0.00
Kendall Sheffield,2562730,DB,ATL,DET,,,,,,,,,,,,,,,,,,463,0.00
Richard Sherman,2495507,DB,TB,@CAR,,,,,,,,,,,,,,,,,,464,0.00
Jamien Sherwood,2565762,DB,NYJ,JAX,,,,,,,,,,,,,,,,,,465,0.00
LeShaun Sims,2555551,DB,FA,Bye,,,,,,,,,,,,,,,,,,466,0.00
Kemah Siverand,2565189,DB,FA,Bye,,,,,,,,,,,,,,,,,,467,0.00
Jimmy Smith,2508107,DB,BAL,@CIN,,,,,,,,,,,,,,,,,,468,0.00
Maurice Smith,2559058,DB,FA,Bye,,,,,,,,,,,,,,,,,,469,0.00
Ryan Smith,2555552,DB,LAC,@HOU,,,,,,,,,,,,,,,,,,470,0.00
Saivion Smith,2562741,DB,DET,@ATL,,,,,,,,,,,,,,,,,,471,0.00
Tye Smith,2552449,DB,MIN,LA,,,,,,,,,,,,,,,,,,472,0.00
Benjamin St-Juste,2566604,DB,WAS,@DAL,,,,,,,,,,,,,,,,,,473,0.00
Linden Stephens,2561277,DB,PIT,@KC,,,,,,,,,,,,,,,,,,474,0.00
Caden Sterns,2566040,DB,DEN,@LV,,,,,,,,,,,,,,,,,,475,0.00
JaCoby Stevens,2566412,DB,PHI,NYG,,,,,,,,,,,,,,,,,,476,0.00
Donovan Stiner,2565795,DB,PIT,@KC,,,,,,,,,,,,,,,,,,477,0.00
Geno Stone,2563584,DB,BAL,@CIN,,,,,,,,,,,,,,,,,,478,0.00
Corey Straughter,2565636,DB,FA,Bye,,,,,,,,,,,,,,,,,,479,0.00
Greg Stroman,2560886,DB,FA,Bye,,,,,,,,,,,,,,,,,,480,0.00
Cameron Sutton,2558849,DB,PIT,@KC,,,,,,,,,,,,,,,,,,481,0.00
D.J. Swearinger,2539943,DB,IND,@ARI,,,,,,,,,,,,,,,,,,482,0.00
Teez Tabor,2557955,DB,CHI,@SEA,,,,,,,,,,,,,,,,,,483,0.00
Cordrea Tankersley,2557931,DB,FA,Bye,,,,,,,,,,,,,,,,,,484,0.00
Shakial Taylor,2563129,DB,FA,Bye,,,,,,,,,,,,,,,,,,485,0.00
Roderic Teamer,2562981,DB,LV,DEN,,,,,,,,,,,,,,,,,,486,0.00
Marvell Tell,2562757,DB,IND,@ARI,,,,,,,,,,,,,,,,,,487,0.00
Josh Thomas,2565387,DB,BUF,@NE,,,,,,,,,,,,,,,,,,488,0.00
Stantley Thomas-Oliver,2563689,DB,CAR,TB,,,,,,,,,,,,,,,,,,489,0.00
Deionte Thompson,2562760,DB,ARI,IND,,,,,,,,,,,,,,,,,,490,0.00
Tariq Thompson,2566644,DB,FA,Bye,,,,,,,,,,,,,,,,,,491,0.00
Kenny Vaccaro,2539320,DB,FA,Bye,,,,,,,,,,,,,,,,,,492,0.00
Donte Vaughn,2565084,DB,FA,Bye,,,,,,,,,,,,,,,,,,493,0.00
Jason Verrett,2543493,DB,SF,@TEN,,,,,,,,,,,,,,,,,,494,0.00
Kary Vincent Jr.,2566046,DB,PHI,NYG,,,,,,,,,,,,,,,,,,495,0.00
Dee Virgin,2559274,DB,FA,Bye,,,,,,,,,,,,,,,,,,496,0.00
Lamont Wade,2565798,DB,FA,Bye,,,,,,,,,,,,,,,,,,497,0.00
Shaun Wade,2565854,DB,NE,BUF,,,,,,,,,,,,,,,,,,498,0.00
K'Von Wallace,2564871,DB,PHI,NYG,,,,,,,,,,,,,,,,,,499,0.00
Ar'Darius Washington,2566632,DB,BAL,@CIN,,,,,,,,,,,,,,,,,,500,0.00
Charles Washington,2556703,DB,ARI,IND,,,,,,,,,,,,,,,,,,501,0.00
Keith Washington,2564706,DB,FA,Bye,,,,,,,,,,,,,,,,,,502,0.00
Jaylen Watkins,2543707,DB,FA,Bye,,,,,,,,,,,,,,,,,,503,0.00
Armani Watts,2560921,DB,KC,PIT,,,,,,,,,,,,,,,,,,504,0.00
Mark Webb,2566523,DB,LAC,@HOU,,,,,,,,,,,,,,,,,,505,0.00
Chris Westry,2562902,DB,BAL,@CIN,,,,,,,,,,,,,,,,,,506,0.00
Brendon White,2565765,DB,FA,Bye,,,,,,,,,,,,,,,,,,507,0.00
Tre'Davious White,2557867,DB,BUF,@NE,,,,,,,,,,,,,,,,,,508,0.00
Jace Whittaker,2564955,DB,ARI,IND,,,,,,,,,,,,,,,,,,509,0.00
Chris Wilcox,2566577,DB,IND,@ARI,,,,,,,,,,,,,,,,,,510,0.00
Rachad Wildgoose,2565881,DB,NYJ,JAX,,,,,,,,,,,,,,,,,,511,0.00
LaDarius Wiley,2563280,DB,FA,Bye,,,,,,,,,,,,,,,,,,512,0.00
Joejuan Williams,2562787,DB,NE,BUF,,,,,,,,,,,,,,,,,,513,0.00
Rodarius Williams,2566379,DB,NYG,@PHI,,,,,,,,,,,,,,,,,,514,0.00
Shawn Williams,2539233,DB,ATL,DET,,,,,,,,,,,,,,,,,,515,0.00
Trill Williams,2565714,DB,MIA,@NO,,,,,,,,,,,,,,,,,,516,0.00
Chris Williamson,2564784,DB,FA,Bye,,,,,,,,,,,,,,,,,,517,0.00
Khari Willis,2562602,DB,IND,@ARI,,,,,,,,,,,,,,,,,,518,0.00
Brandon Wilson,2558786,DB,CIN,BAL,,,,,,,,,,,,,,,,,,519,0.00
Quincy Wilson,2557961,DB,FA,Bye,,,,,,,,,,,,,,,,,,520,0.00
Tavon Wilson,2534830,DB,SF,@TEN,,,,,,,,,,,,,,,,,,521,0.00
Antoine Winfield Jr.,2565261,DB,TB,@CAR,,,,,,,,,,,,,,,,,,522,0.00
Blidi Wreh-Wilson,2539219,DB,TB,@CAR,,,,,,,,,,,,,,,,,,523,0.00
Rock Ya-Sin,2562614,DB,IND,@ARI,,,,,,,,,,,,,,,,,,524,0.00
Isaac Yiadom,2560946,DB,GB,CLE,,,,,,,,,,,,,,,,,,525,0.00
