PlayerName,PlayerId,Pos,Team,PlayerOpponent,TacklesTot,TacklesAst,TacklesSck,TacklesTfl,TurnoverInt,TurnoverFrcFum,TurnoverFumRec,ScoreIntTd,ScoreFumTd,ScoreBlkTd,ScoreSaf,ScoreDef2ptRet,Blk,PDef,QBHit,ReturnIntYds,ReturnFumYds,Rank,TotalPoints
Jamal Adams,2557979,DB,SEA,@GB,7,4,,,1,,,,,,,,,1,2,,,1,22.10
Jordan Poyer,2539290,DB,BUF,@NYJ,4,6,,,1,,,,,,,,,2,1,,,2,20.60
Jimmie Ward,2543741,DB,SF,LA,2,,,,2,,,1,,,,,,2,,27,,3,20.30
Derwin James,2560760,DB,LAC,MIN,9,3,,,,,,,,,,,,1,,,,4,20.20
Kyle Dugger,2564601,DB,NE,CLE,7,1,,,1,,,,,,,,,1,,37,,5,19.93
Jalen Thompson,2563339,DB,ARI,CAR,5,4,,1,1,,,,,,,,,1,,10,,6,19.53
Antoine Winfield Jr.,2565261,DB,TB,@WAS,7,4,,2,,,1,,,,,,,,,,,7,19.10
Xavien Howard,2555539,DB,MIA,BAL,5,,,,,1,1,,1,,,,,,,,49,8,18.63
Taylor Rapp,2562707,DB,LA,@SF,7,3,1,1,,,,,,,,,,,1,,,9,18.30
Amani Oruwariye,2562390,DB,DET,@PIT,5,2,,1,,,1,,,,,,,2,,,,10,17.60
Adrian Amos,2552385,DB,GB,SEA,3,1,,,1,,,,,,,,,3,,,,11,16.90
Jevon Holland,2566283,DB,MIA,BAL,4,1,1,1,,,,,,,,,,2,1,,,12,16.60
Darius Slay,2540288,DB,PHI,@DEN,3,2,,1,,,1,,1,,,,,,,,83,13,15.97
Camryn Bynum,2566295,DB,MIN,@LAC,5,1,1,1,,,,,,,,,,1,1,,,14,15.80
Terrell Edmunds,2560712,DB,PIT,DET,4,1,1,2,,,,,,,,,,1,1,,,15,15.60
Marlon Humphrey,2558067,DB,BAL,@MIA,5,2,,,,,,,,,,,,2,1,,,16,15.60
Jourdan Lewis,2557920,DB,DAL,ATL,2,1,,,1,,,,,,,,,3,,4,,17,15.33
Donte Jackson,2560753,DB,CAR,@ARI,3,1,,,1,,,,,,,,,2,,21,,18,15.10
Kenny Moore II,2558976,DB,IND,JAX,4,1,,,,,,,,,,,,3,,,,19,15.10
Micah Hyde,2539240,DB,BUF,@NYJ,4,1,,,,1,1,,,,,,,1,,,,20,14.60
Anthony Brown,2555531,DB,DAL,ATL,1,2,,,1,,,,,,,,,3,,,,21,14.30
Justin Simmons,2555550,DB,DEN,PHI,4,1,,,1,,,,,,,,,1,,17,,22,14.17
Jalen Ramsey,2555280,DB,LA,@SF,3,1,,2,,,,,,,,,,2,,,,23,13.90
Ugo Amadi,2562464,DB,SEA,@GB,6,1,,,,,,,,,,,,1,,,,24,13.50
Byron Jones,2552568,DB,MIA,BAL,7,2,,,,,,,,,,,,,,,,25,13.50
Jordan Whitehead,2560930,DB,TB,@WAS,5,4,,1,,,,,,,,,,,,,,26,13.20
Taron Johnson,2560766,DB,BUF,@NYJ,4,,,,1,,,,,,,,,1,,4,,27,12.93
Nate Hobbs,2566259,DB,LV,KC,5,1,,,,1,,,,,,,,,,,,28,12.80
Justin Coleman,2553637,DB,MIA,BAL,2,1,,,1,,,,,,,,,2,,,,29,12.70
Tre'Davious White,2557867,DB,BUF,@NYJ,3,2,,,1,,,,,,,,,1,,,,30,12.70
Anthony Harris,2553655,DB,PHI,@DEN,6,3,,,,,,,,,,,,,,,,31,12.60
Kamren Curl,2565270,DB,WAS,TB,4,4,,,,,,,,,,,,1,,,,32,12.50
Andrew Sendejo,2525323,DB,IND,JAX,6,1,,1,,,,,,,,,,,,,,33,12.50
Rashad Fenton,2562649,DB,KC,@LV,3,1,,,,1,,,,,,,,1,,,,34,11.90
Eric Rowe,2552255,DB,MIA,BAL,3,1,,,,1,,,,,,,,1,,,,35,11.90
Tracy Walker III,2560913,DB,DET,@PIT,7,,,,,,,,,,,,,,,,,36,11.90
Trevon Moehrig,2566268,DB,LV,KC,5,1,,,,,,,,,,,,1,,,,37,11.80
Erik Harris,2555568,DB,ATL,@DAL,4,3,,,,,,,,,,,,1,,,,38,11.70
D.J. Reed,2560850,DB,SEA,@GB,3,2,,,,,,,,,,,,2,,,,39,11.70
Johnathan Abram,2562616,DB,LV,KC,4,6,,,,,,,,,,,,,,,,40,11.60
L'Jarius Sneed,2564304,DB,KC,@LV,5,1,,1,,,,,,,,,,,1,,,41,11.30
Jarrod Wilson,2556711,DB,NYJ,BUF,4,,1,1,,,,,,,,,,,2,,,42,11.30
Ashtyn Davis,2564793,DB,NYJ,BUF,4,1,,,,1,,,,,,,,,,,,43,11.10
William Jackson,2556367,DB,WAS,TB,3,,,,1,,,,,,,,,1,,,,44,11.10
Mike Edwards,2562259,DB,TB,@WAS,5,,,,,,,,,,,,,1,,,,45,11.00
Brandon Jones,2564469,DB,MIA,BAL,6,1,,,,,,,,,,,,,,,,46,11.00
Ronald Darby,2552689,DB,DEN,PHI,5,3,,,,,,,,,,,,,,,,47,10.90
Rasul Douglas,2558168,DB,GB,SEA,4,,,1,,,,,,,,,,1,,,,48,10.80
Tyrann Mathieu,2540180,DB,KC,@LV,4,,,,,,1,,,,,,,1,,,14,49,10.77
Armani Watts,2560921,DB,KC,@LV,4,3,,1,,,,,,,,,,,,,,50,10.70
Fabian Moreau,2558136,DB,ATL,@DAL,5,1,,,,,1,,,,,,,,,,,51,10.30
Bashaud Breeland,2543571,DB,MIN,@LAC,6,,,,,,,,,,,,,,,,,52,10.20
Tevaughn Campbell,2562806,DB,LAC,MIN,6,,,,,,,,,,,,,,,,,53,10.20
Mark Gilbert,2565783,DB,DET,@PIT,2,1,,,,1,,,,,,,,1,,,,54,10.20
Marshon Lattimore,2558061,DB,NO,@TEN,6,,,,,,,,,,,,,,,,,55,10.20
K'Waun Williams,2550654,DB,SF,LA,6,,,,,,,,,,,,,,,,,56,10.20
Mackensie Alexander,2555177,DB,MIN,@LAC,4,1,,,,,,,,,,,,1,,,,57,10.10
Tyson Campbell,2566151,DB,JAX,@IND,4,1,,,,,,,,,,,,1,,,,58,10.10
Kareem Jackson,496735,DB,DEN,PHI,5,2,,,,,,,,,,,,,,,,59,10.10
Rayshawn Jenkins,2558182,DB,JAX,@IND,5,2,,,,,,,,,,,,,,,,60,10.10
Avonte Maddox,2560795,DB,PHI,@DEN,5,2,,,,,,,,,,,,,,,,61,10.10
Kevin Byard,2555158,DB,TEN,NO,3,3,,,,,,,,,,,,1,,,,62,10.00
Jordan Fuller,2564340,DB,LA,@SF,4,4,,,,,,,,,,,,,,,,63,10.00
Kendall Fuller,2555349,DB,WAS,TB,3,3,,,,,,,,,,,,1,,,,64,10.00
Bobby McCain,2552434,DB,WAS,TB,1,2,,,1,,,,,,,,,1,,19,,65,9.93
Ronnie Harrison,2561008,DB,CLE,@NE,4,2,,1,,,,,,,,,,,,,,66,9.90
Levi Wallace,2560914,DB,BUF,@NYJ,2,,,,1,,,,,,,,,1,,15,,67,9.90
Sharrod Neasman,2556443,DB,NYJ,BUF,2,,,,1,,,,,,,,,1,,13,,68,9.83
Michael Carter II,2565717,DB,NYJ,BUF,3,1,,,,,1,,,,,,,1,,,,69,9.40
Anthony Averett,2560963,DB,BAL,@MIA,4,,,,,,,,,,,,,1,,,,70,9.30
Quandre Diggs,2552262,DB,SEA,@GB,5,1,,,,,,,,,,,,,,,,71,9.30
Emmanuel Moseley,2561072,DB,SF,LA,4,,,,,,,,,,,,,1,,,,72,9.30
George Odum,2561131,DB,IND,JAX,5,1,,,,,,,,,,,,,,,,73,9.30
James Pierre,2565003,DB,PIT,DET,4,3,,,,,,,,,,,,,,,,74,9.20
A.J. Terrell,2563527,DB,ATL,@DAL,4,3,,,,,,,,,,,,,,,,75,9.20
Pat Surtain II,2566043,DB,DEN,PHI,3,,,1,,,,,,,,,,1,,,,76,9.10
Richie Grant,2565818,DB,ATL,@DAL,3,,,,,1,,,,,,,,,,,,77,8.60
Trevon Diggs,2563836,DB,DAL,ATL,1,1,,,1,,,,,,,,,1,,,,78,8.50
Dallin Leavitt,2561585,DB,LV,KC,5,,,,,,,,,,,,,,,,,79,8.50
Brandon Facyson,2560719,DB,LV,KC,4,2,,,,,,,,,,,,,,,,80,8.40
Jeremy Chinn,2563632,DB,CAR,@ARI,4,,,1,,,,,,,,,,,,,,81,8.30
Kyle Fuller,2543681,DB,DEN,PHI,3,2,,1,,,,,,,,,,,,,,82,8.20
Jayron Kearse,2555156,DB,DAL,ATL,1,5,,,,,,,,,,,,1,,,,83,8.20
Talanoa Hufanga,2566529,DB,SF,LA,3,,,,,,,,,,,,,1,1,,,84,8.10
Will Harris,2562395,DB,DET,@PIT,2,1,,,,1,,,,,,,,,,,,85,7.70
Kevin King,2557996,DB,GB,SEA,1,,,,1,,,,,,,,,1,,,,86,7.70
T.J. Carrie,2550164,DB,IND,JAX,4,1,,,,,,,,,,,,,,,,87,7.60
Chuck Clark,2558248,DB,BAL,@MIA,3,,,,,,,,,,,,,1,,,,88,7.60
Jamel Dean,2562556,DB,TB,@WAS,4,1,,,,,,,,,,,,,,,,89,7.60
Grant Delpit,2563773,DB,CLE,@NE,4,1,,,,,,,,,,,,,,,,90,7.60
Shaquill Griffin,2558259,DB,JAX,@IND,3,,,,,,,,,,,,,1,,,,91,7.60
Duron Harmon,2541243,DB,ATL,@DAL,4,1,,,,,,,,,,,,,,,,92,7.60
Brandon Stephens,2565851,DB,BAL,@MIA,4,1,,,,,,,,,,,,,,,,93,7.60
Xavier Woods,2558159,DB,MIN,@LAC,3,,,,,,,,,,,,,1,,,,94,7.60
Kristian Fulton,2564046,DB,TEN,NO,1,1,,,,,,,,,,,,2,,,,95,7.50
Myles Hartsfield,2563644,DB,CAR,@ARI,3,3,,,,,,,,,,,,,,,,96,7.50
Malcolm Jenkins,79848,DB,NO,@TEN,2,2,,,,,,,,,,,,1,,,,97,7.50
Adrian Phillips,2550842,DB,NE,CLE,2,2,,,,,,,,,,,,1,,,,98,7.50
Henry Black,2563974,DB,GB,SEA,4,,,,,,,,,,,,,,,,,99,6.80
Budda Baker,2558009,DB,ARI,CAR,3,2,,,,,,,,,,,,,,,,100,6.70
Brandin Echols,2565726,DB,NYJ,BUF,3,2,,,,,,,,,,,,,,,,101,6.70
Troy Hill,2553536,DB,CLE,@NE,3,2,,,,,,,,,,,,,,,,102,6.70
Janoris Jenkins,2532875,DB,TEN,NO,2,1,,,,,,,,,,,,1,,,,103,6.70
Dean Marlowe,2553562,DB,DET,@PIT,3,2,,,,,,,,,,,,,,,,104,6.70
Devin McCourty,494287,DB,NE,CLE,2,1,,,,,,,,,,,,1,,,,105,6.70
Tre Norwood,2566463,DB,PIT,DET,1,,,,,,,,,,,,,2,,,,106,6.70
Alohi Gilman,2565042,DB,LAC,MIN,2,4,,,,,,,,,,,,,,,,107,6.60
Daniel Sorensen,2550257,DB,KC,@LV,,,,,1,,,,,,,,,1,,,,108,6.00
A.J. Bouye,2541162,DB,CAR,@ARI,3,1,,,,,,,,,,,,,,,,109,5.90
Matthias Farley,2556429,DB,TEN,NO,3,1,,,,,,,,,,,,,,,,110,5.90
Rudy Ford,2558174,DB,JAX,@IND,3,1,,,,,,,,,,,,,,,,111,5.90
Chris Harris,2530510,DB,LAC,MIN,2,,,,,,,,,,,,,1,,,,112,5.90
Byron Murphy,2562318,DB,ARI,CAR,3,1,,,,,,,,,,,,,,,,113,5.90
P.J. Williams,2552484,DB,NO,@TEN,3,1,,,,,,,,,,,,,,,,114,5.90
Minkah Fitzpatrick,2560725,DB,PIT,DET,2,3,,,,,,,,,,,,,,,,115,5.80
Elijah Molden,2566115,DB,TEN,NO,2,3,,,,,,,,,,,,,,,,116,5.80
Paulson Adebo,2566346,DB,NO,@TEN,2,1,,1,,,,,,,,,,,,,,117,5.70
Jahleel Addae,2541958,DB,IND,JAX,3,,,,,,,,,,,,,,,,,118,5.10
Robert Alford,2539653,DB,ARI,CAR,3,,,,,,,,,,,,,,,,,119,5.10
Landon Collins,2552454,DB,WAS,TB,3,,,,,,,,,,,,,,,,,120,5.10
Bryce Hall,2564796,DB,NYJ,BUF,3,,,,,,,,,,,,,,,,,121,5.10
Dane Jackson,2563614,DB,BUF,@NYJ,3,,,,,,,,,,,,,,,,,122,5.10
Greg Newsome II,2565980,DB,CLE,@NE,3,,,,,,,,,,,,,,,,,123,5.10
Marcus Williams,2558847,DB,NO,@TEN,3,,,,,,,,,,,,,,,,,124,5.10
Myles Bryant,2564592,DB,NE,CLE,2,2,,,,,,,,,,,,,,,,125,5.00
J.C. Jackson,2560754,DB,NE,CLE,,,,,,,,,,,,,,2,,,,126,5.00
Trey Marshall,2561370,DB,LAC,MIN,2,2,,,,,,,,,,,,,,,,127,5.00
Rodney McLeod,2534832,DB,PHI,@DEN,2,2,,,,,,,,,,,,,,,,128,5.00
Isaiah Rodgers,2564142,DB,IND,JAX,1,1,,,,,,,,,,,,1,,,,129,5.00
Marcus Epps,2562946,DB,PHI,@DEN,1,,,,,,,,,,,,,1,,,,130,4.20
Joe Haden,496733,DB,PIT,DET,1,,,,,,,,,,,,,1,,,,131,4.20
Josh Jones,2558119,DB,IND,JAX,2,1,,,,,,,,,,,,,,,,132,4.20
David Long,2562798,DB,LA,@SF,2,1,,,,,,,,,,,,,,,,133,4.20
C.J. Moore,2563193,DB,DET,@PIT,2,1,,,,,,,,,,,,,,,,134,4.20
Ryan Neal,2561381,DB,SEA,@GB,1,,,,,,,,,,,,,1,,,,135,4.20
Josh Norman,2532920,DB,SF,LA,2,1,,,,,,,,,,,,,,,,136,4.20
Asante Samuel Jr.,2566511,DB,LAC,MIN,1,,,,,,,,,,,,,1,,,,137,4.20
Darnell Savage,2562724,DB,GB,SEA,1,,,,,,,,,,,,,1,,,,138,4.20
Caden Sterns,2566040,DB,DEN,PHI,2,1,,,,,,,,,,,,,,,,139,4.20
Marco Wilson,2566439,DB,ARI,CAR,2,1,,,,,,,,,,,,,,,,140,4.20
Andrew Wingard,2562606,DB,JAX,@IND,2,1,,,,,,,,,,,,,,,,141,4.20
Rock Ya-Sin,2562614,DB,IND,JAX,1,,,,,,,,,,,,,1,,,,142,4.20
Amani Hooker,2562666,DB,TEN,NO,1,3,,,,,,,,,,,,,,,,143,4.10
Juan Thornhill,2562761,DB,KC,@LV,1,3,,,,,,,,,,,,,,,,144,4.10
Nahshon Wright,2566022,DB,DAL,ATL,,,,,,,,,,1,,,,,,,,145,4.00
Bradley Roby,2543505,DB,NO,@TEN,,1,,,,,,,,,,,,1,1,,,146,3.80
Cameron Dantzler,2564526,DB,MIN,@LAC,2,,,,,,,,,,,,,,,,,147,3.40
C.J. Goodwin,2550767,DB,DAL,ATL,2,,,,,,,,,,,,,,,,,148,3.40
Javelin Guidry,2565504,DB,NYJ,BUF,2,,,,,,,,,,,,,,,,,149,3.40
Casey Hayward,2532861,DB,LV,KC,2,,,,,,,,,,,,,,,,,150,3.40
Chris Jackson,2564049,DB,TEN,NO,2,,,,,,,,,,,,,,,,,151,3.40
Damontae Kazee,2558184,DB,DAL,ATL,2,,,,,,,,,,,,,,,,,152,3.40
Jalen Mills,2555383,DB,NE,CLE,2,,,,,,,,,,,,,,,,,153,3.40
Siran Neal,2560818,DB,BUF,@NYJ,2,,,,,,,,,,,,,,,,,154,3.40
Geno Stone,2563584,DB,BAL,@MIA,2,,,,,,,,,,,,,,,,,155,3.40
Chandon Sullivan,2560887,DB,GB,SEA,2,,,,,,,,,,,,,,,,,156,3.40
Keith Taylor,2565911,DB,CAR,@ARI,2,,,,,,,,,,,,,,,,,157,3.40
Denzel Ward,2560916,DB,CLE,@NE,2,,,,,,,,,,,,,,,,,158,3.40
Darious Williams,2561469,DB,LA,@SF,2,,,,,,,,,,,,,,,,,159,3.40
Ross Cockrell,2543799,DB,TB,@WAS,,1,,,,,,,,,,,,1,,,,160,3.30
John Johnson,2558183,DB,CLE,@NE,1,2,,,,,,,,,,,,,,,,161,3.30
Eric Stokes,2566097,DB,GB,SEA,,1,,,,,,,,,,,,1,,,,162,3.30
Mike Hughes,2560746,DB,KC,@LV,1,1,,,,,,,,,,,,1,,,,163,3.00
K'Von Wallace,2564871,DB,PHI,@DEN,,,,,,,,,,,,,1,,,,,164,3.00
Tre Brown,2566550,DB,SEA,@GB,,,,,,,,,,,,,,1,,,,165,2.50
Sean Chandler,2561017,DB,CAR,@ARI,1,1,,,,,,,,,,,,,,,,166,2.50
Isaiah Dunn,2565720,DB,NYJ,BUF,,,,,,,,,,,,,,1,,,,167,2.50
J.T. Gray,2561206,DB,NO,@TEN,1,1,,,,,,,,,,,,,,,,168,2.50
C.J. Henderson,2564199,DB,CAR,@ARI,1,1,,,,,,,,,,,,,,,,169,2.50
Kelvin Joseph,2566010,DB,DAL,ATL,,,,,,,,,,,,,,1,,,,170,2.50
Nick Scott,2562905,DB,LA,@SF,1,1,,,,,,,,,,,,,,,,171,2.50
Desmond Trufant,2539334,DB,LV,KC,1,1,,,,,,,,,,,,,,,,172,2.50
Avery Williams,2565833,DB,ATL,@DAL,1,1,,,,,,,,,,,,,,,,173,2.50
Joejuan Williams,2562787,DB,NE,CLE,1,1,,,,,,,,,,,,,,,,174,2.50
Donovan Wilson,2562604,DB,DAL,ATL,1,1,,,,,,,,,,,,,,,,175,2.50
Chris Lammons,2561226,DB,KC,@LV,,3,,,,,,,,,,,,,,,,176,2.40
Marcus Allen,2560956,DB,PIT,DET,1,,,,,,,,,,,,,,,,,177,1.70
Chris Banjo,2541192,DB,ARI,CAR,1,,,,,,,,,,,,,,,,,178,1.70
Justin Bethel,2532792,DB,NE,CLE,1,,,,,,,,,,,,,,,,,179,1.70
Andre Cisco,2566154,DB,JAX,@IND,1,,,,,,,,,,,,,,,,,180,1.70
Cody Davis,2541135,DB,NE,CLE,1,,,,,,,,,,,,,,,,,181,1.70
Divine Deablo,2566253,DB,LV,KC,1,,,,,,,,,,,,,,,,,182,1.70
Pierre Desir,2543811,DB,TB,@WAS,1,,,,,,,,,,,,,,,,,183,1.70
Darrick Forrest,2566598,DB,WAS,TB,1,,,,,,,,,,,,,,,,,184,1.70
Darren Hall,2565821,DB,ATL,@DAL,1,,,,,,,,,,,,,,,,,185,1.70
Antonio Hamilton,2556804,DB,ARI,CAR,1,,,,,,,,,,,,,,,,,186,1.70
Damar Hamlin,2565872,DB,BUF,@NYJ,1,,,,,,,,,,,,,,,,,187,1.70
Noah Igbinoghene,2564457,DB,MIA,BAL,1,,,,,,,,,,,,,,,,,188,1.70
Miles Killebrew,2555315,DB,PIT,DET,1,,,,,,,,,,,,,,,,,189,1.70
Justin Layne,2562479,DB,PIT,DET,1,,,,,,,,,,,,,,,,,190,1.70
Anthony Levine,2508004,DB,BAL,@MIA,1,,,,,,,,,,,,,,,,,191,1.70
Josh Metellus,2564568,DB,MIN,@LAC,1,,,,,,,,,,,,,,,,,192,1.70
John Reid,2564088,DB,SEA,@GB,1,,,,,,,,,,,,,,,,,193,1.70
Deionte Thompson,2562760,DB,ARI,CAR,1,,,,,,,,,,,,,,,,,194,1.70
Chris Westry,2562902,DB,BAL,@MIA,1,,,,,,,,,,,,,,,,,195,1.70
Tavon Young,2555378,DB,BAL,@MIA,1,,,,,,,,,,,,,,,,,196,1.70
Marcell Harris,2561006,DB,SF,LA,,2,,,,,,,,,,,,,,,,197,1.60
Malik Hooker,2558060,DB,DAL,ATL,,2,,,,,,,,,,,,,,,,198,1.60
Terrell Burgess,2564331,DB,LA,@SF,,1,,,,,,,,,,,,,,,,199,0.80
Juston Burris,2555313,DB,CAR,@ARI,,1,,,,,,,,,,,,,,,,200,0.80
Jake Gervase,2563306,DB,LA,@SF,,1,,,,,,,,,,,,,,,,201,0.80
Shemar Jean-Charles,2566079,DB,GB,SEA,,1,,,,,,,,,,,,,,,,202,0.80
Dontae Johnson,2543739,DB,SF,LA,,1,,,,,,,,,,,,,,,,203,0.80
Chris Jones,2560767,DB,TEN,NO,,1,,,,,,,,,,,,,,,,204,0.80
Steven Nelson,2552265,DB,PHI,@DEN,,1,,,,,,,,,,,,,,,,205,0.80
Charvarius Ward,2561417,DB,KC,@LV,,1,,,,,,,,,,,,,,,,206,0.80
Delrick Abrams,2563464,DB,FA,Bye,,,,,,,,,,,,,,,,,,207,0.00
DeMarkus Acy,2565087,DB,PIT,DET,,,,,,,,,,,,,,,,,,208,0.00
Andrew Adams,2556456,DB,TB,@WAS,,,,,,,,,,,,,,,,,,209,0.00
Nasir Adderley,2562617,DB,LAC,MIN,,,,,,,,,,,,,,,,,,210,0.00
Jaire Alexander,2560952,DB,GB,SEA,,,,,,,,,,,,,,,,,,211,0.00
Brian Allen,2558237,DB,FA,Bye,,,,,,,,,,,,,,,,,,212,0.00
Ricardo Allen,2543850,DB,CIN,Bye,,,,,,,,,,,,,,,,,,213,0.00
Johnathan Alston,2561520,DB,FA,Bye,,,,,,,,,,,,,,,,,,214,0.00
Troy Apke,2560958,DB,WAS,TB,,,,,,,,,,,,,,,,,,215,0.00
Eli Apple,2555277,DB,CIN,Bye,,,,,,,,,,,,,,,,,,216,0.00
Cornell Armstrong,2561147,DB,FA,Bye,,,,,,,,,,,,,,,,,,217,0.00
Damon Arnette,2564409,DB,FA,Bye,,,,,,,,,,,,,,,,,,218,0.00
Grayland Arnold,2564814,DB,HOU,Bye,,,,,,,,,,,,,,,,,,219,0.00
Jaytlin Askew,2566656,DB,FA,Bye,,,,,,,,,,,,,,,,,,220,0.00
Blessuan Austin,2562468,DB,SEA,@GB,,,,,,,,,,,,,,,,,,221,0.00
Chidobe Awuzie,2557840,DB,CIN,Bye,,,,,,,,,,,,,,,,,,222,0.00
Deandre Baker,2562227,DB,KC,@LV,,,,,,,,,,,,,,,,,,223,0.00
Corey Ballentine,2562228,DB,DET,@PIT,,,,,,,,,,,,,,,,,,224,0.00
Luq Barcoo,2564160,DB,FA,Bye,,,,,,,,,,,,,,,,,,225,0.00
Essang Bassey,2563875,DB,DEN,PHI,,,,,,,,,,,,,,,,,,226,0.00
Jessie Bates,2560970,DB,CIN,Bye,,,,,,,,,,,,,,,,,,227,0.00
DeVante Bausby,2553790,DB,NE,CLE,,,,,,,,,,,,,,,,,,228,0.00
Sam Beal,2561643,DB,FA,Bye,,,,,,,,,,,,,,,,,,229,0.00
Vonn Bell,2555530,DB,CIN,Bye,,,,,,,,,,,,,,,,,,230,0.00
Elijah Benton,2563758,DB,FA,Bye,,,,,,,,,,,,,,,,,,231,0.00
Julian Blackmon,2564103,DB,IND,JAX,,,,,,,,,,,,,,,,,,232,0.00
Marquise Blair,2562233,DB,SEA,@GB,,,,,,,,,,,,,,,,,,233,0.00
Joshuah Bledsoe,2566331,DB,NE,CLE,,,,,,,,,,,,,,,,,,234,0.00
Briean Boddy-Calhoun,2556475,DB,TEN,NO,,,,,,,,,,,,,,,,,,235,0.00
Terrell Bonds,2563136,DB,FA,Bye,,,,,,,,,,,,,,,,,,236,0.00
Breon Borders,2559015,DB,TEN,NO,,,,,,,,,,,,,,,,,,237,0.00
Tre Boston,2543830,DB,FA,Bye,,,,,,,,,,,,,,,,,,238,0.00
Kris Boyd,2562630,DB,MIN,@LAC,,,,,,,,,,,,,,,,,,239,0.00
James Bradberry,2555175,DB,NYG,Bye,,,,,,,,,,,,,,,,,,240,0.00
John Brannon,2565018,DB,FA,Bye,,,,,,,,,,,,,,,,,,241,0.00
Brady Breeze,2566103,DB,TEN,NO,,,,,,,,,,,,,,,,,,242,0.00
Antoine Brooks Jr.,2564967,DB,LA,@SF,,,,,,,,,,,,,,,,,,243,0.00
Terrence Brooks,2543712,DB,HOU,Bye,,,,,,,,,,,,,,,,,,244,0.00
Jordan Brown,2562396,DB,LV,KC,,,,,,,,,,,,,,,,,,245,0.00
Shakur Brown,2565774,DB,FA,Bye,,,,,,,,,,,,,,,,,,246,0.00
Tony Brown,2560982,DB,FA,Bye,,,,,,,,,,,,,,,,,,247,0.00
Artie Burns,2555344,DB,CHI,Bye,,,,,,,,,,,,,,,,,,248,0.00
Eric Burrell,2565696,DB,FA,Bye,,,,,,,,,,,,,,,,,,249,0.00
Deante Burton,2559109,DB,DAL,ATL,,,,,,,,,,,,,,,,,,250,0.00
Deon Bush,2555155,DB,CHI,Bye,,,,,,,,,,,,,,,,,,251,0.00
Malcolm Butler,2550613,DB,FA,Bye,,,,,,,,,,,,,,,,,,252,0.00
Bryce Callahan,2553500,DB,DEN,PHI,,,,,,,,,,,,,,,,,,253,0.00
Elijah Campbell,2561455,DB,MIA,BAL,,,,,,,,,,,,,,,,,,254,0.00
Ibraheim Campbell,2552605,DB,IND,JAX,,,,,,,,,,,,,,,,,,255,0.00
Maurice Canady,2555178,DB,DAL,ATL,,,,,,,,,,,,,,,,,,256,0.00
Jamal Carter,2559321,DB,TEN,NO,,,,,,,,,,,,,,,,,,257,0.00
Andre Chachere,2561016,DB,PHI,@DEN,,,,,,,,,,,,,,,,,,258,0.00
Anthony Chesley,2563235,DB,IND,JAX,,,,,,,,,,,,,,,,,,259,0.00
Marqui Christian,2556277,DB,CHI,Bye,,,,,,,,,,,,,,,,,,260,0.00
Patrick Chung,71251,DB,FA,Bye,,,,,,,,,,,,,,,,,,261,0.00
Chris Claybrooks,2564169,DB,JAX,@IND,,,,,,,,,,,,,,,,,,262,0.00
Adrian Colbert,2558857,DB,FA,Bye,,,,,,,,,,,,,,,,,,263,0.00
Chris Cooper,2561429,DB,TB,@WAS,,,,,,,,,,,,,,,,,,264,0.00
Shaun Crawford,2565642,DB,FA,Bye,,,,,,,,,,,,,,,,,,265,0.00
Xavier Crawford,2562515,DB,CHI,Bye,,,,,,,,,,,,,,,,,,266,0.00
Ken Crawley,2556735,DB,NO,@TEN,,,,,,,,,,,,,,,,,,267,0.00
Keion Crossen,2561157,DB,NYG,Bye,,,,,,,,,,,,,,,,,,268,0.00
Dane Cruikshank,2561033,DB,TEN,NO,,,,,,,,,,,,,,,,,,269,0.00
Jordan Dangerfield,2541696,DB,FA,Bye,,,,,,,,,,,,,,,,,,270,0.00
DJ Daniel,2566653,DB,FA,Bye,,,,,,,,,,,,,,,,,,271,0.00
Carlton Davis,2561039,DB,TB,@WAS,,,,,,,,,,,,,,,,,,272,0.00
Jalen Davis,2561316,DB,CIN,Bye,,,,,,,,,,,,,,,,,,273,0.00
Javaris Davis,2564265,DB,MIA,BAL,,,,,,,,,,,,,,,,,,274,0.00
Michael Davis,2559164,DB,LAC,MIN,,,,,,,,,,,,,,,,,,275,0.00
Sean Davis,2555386,DB,NE,CLE,,,,,,,,,,,,,,,,,,276,0.00
Shawn Davis,2565597,DB,GB,SEA,,,,,,,,,,,,,,,,,,277,0.00
Duke Dawson,2561040,DB,DEN,PHI,,,,,,,,,,,,,,,,,,278,0.00
Donte' Deayon,2556512,DB,LA,@SF,,,,,,,,,,,,,,,,,,279,0.00
Stephen Denmark,2562874,DB,FA,Bye,,,,,,,,,,,,,,,,,,280,0.00
Darqueze Dennard,2543474,DB,IND,JAX,,,,,,,,,,,,,,,,,,281,0.00
Khalil Dorsey,2565336,DB,BAL,@MIA,,,,,,,,,,,,,,,,,,282,0.00
Quinton Dunbar,2553796,DB,FA,Bye,,,,,,,,,,,,,,,,,,283,0.00
Nate Ebner,2535132,DB,NYG,Bye,,,,,,,,,,,,,,,,,,284,0.00
Corn Elder,2558171,DB,WAS,TB,,,,,,,,,,,,,,,,,,285,0.00
DeShon Elliott,2560715,DB,BAL,@MIA,,,,,,,,,,,,,,,,,,286,0.00
Tino Ellis,2564670,DB,FA,Bye,,,,,,,,,,,,,,,,,,287,0.00
Deshazor Everett,2553710,DB,WAS,TB,,,,,,,,,,,,,,,,,,288,0.00
Caleb Farley,2566106,DB,TEN,NO,,,,,,,,,,,,,,,,,,289,0.00
Clayton Fejedelem,2555355,DB,MIA,BAL,,,,,,,,,,,,,,,,,,290,0.00
Mark Fields,2562442,DB,FA,Bye,,,,,,,,,,,,,,,,,,291,0.00
Tre Flowers,2560728,DB,CIN,Bye,,,,,,,,,,,,,,,,,,292,0.00
Mike Ford,2561527,DB,DEN,PHI,,,,,,,,,,,,,,,,,,293,0.00
Paris Ford,2566205,DB,FA,Bye,,,,,,,,,,,,,,,,,,294,0.00
Sam Franklin,2563638,DB,CAR,@ARI,,,,,,,,,,,,,,,,,,295,0.00
Kavon Frazier,2555536,DB,FA,Bye,,,,,,,,,,,,,,,,,,296,0.00
Innis Gaines,2565591,DB,GB,SEA,,,,,,,,,,,,,,,,,,297,0.00
Phillip Gaines,2543851,DB,FA,Bye,,,,,,,,,,,,,,,,,,298,0.00
Chauncey Gardner-Johnson,2562588,DB,NO,@TEN,,,,,,,,,,,,,,,,,,299,0.00
Rashaan Gaulden,2560775,DB,FA,Bye,,,,,,,,,,,,,,,,,,300,0.00
Tyree Gillespie,2566256,DB,LV,KC,,,,,,,,,,,,,,,,,,301,0.00
Stephon Gilmore,2533062,DB,CAR,@ARI,,,,,,,,,,,,,,,,,,302,0.00
Tashaun Gipson,2532848,DB,CHI,Bye,,,,,,,,,,,,,,,,,,303,0.00
Jeff Gladney,2564541,DB,FA,Bye,,,,,,,,,,,,,,,,,,304,0.00
Tay Gowan,2566427,DB,PHI,@DEN,,,,,,,,,,,,,,,,,,305,0.00
Thomas Graham Jr.,2565923,DB,CHI,Bye,,,,,,,,,,,,,,,,,,306,0.00
A.J. Green,2563782,DB,CLE,@NE,,,,,,,,,,,,,,,,,,307,0.00
T.J. Green,2555537,DB,HOU,Bye,,,,,,,,,,,,,,,,,,308,0.00
Raven Greene,2561207,DB,FA,Bye,,,,,,,,,,,,,,,,,,309,0.00
Olaijah Griffin,2566635,DB,BUF,@NYJ,,,,,,,,,,,,,,,,,,310,0.00
Javon Hagan,2565219,DB,ARI,CAR,,,,,,,,,,,,,,,,,,311,0.00
Nate Hairston,2558108,DB,DEN,PHI,,,,,,,,,,,,,,,,,,312,0.00
Kemon Hall,2562975,DB,LAC,MIN,,,,,,,,,,,,,,,,,,313,0.00
Tyler Hall,2563497,DB,LA,@SF,,,,,,,,,,,,,,,,,,314,0.00
Saquan Hampton,2562658,DB,FA,Bye,,,,,,,,,,,,,,,,,,315,0.00
Harrison Hand,2564547,DB,MIN,@LAC,,,,,,,,,,,,,,,,,,316,0.00
Justin Hardee,2559181,DB,NYJ,BUF,,,,,,,,,,,,,,,,,,317,0.00
Vernon Hargreaves III,2555299,DB,CIN,Bye,,,,,,,,,,,,,,,,,,318,0.00
Madre Harper,2564421,DB,CAR,@ARI,,,,,,,,,,,,,,,,,,319,0.00
Brontae Harris,2566217,DB,FA,Bye,,,,,,,,,,,,,,,,,,320,0.00
Tim Harris,2562949,DB,FA,Bye,,,,,,,,,,,,,,,,,,321,0.00
J.T. Hassell,2563045,DB,FA,Bye,,,,,,,,,,,,,,,,,,322,0.00
Jaylinn Hawkins,2563500,DB,ATL,@DAL,,,,,,,,,,,,,,,,,,323,0.00
Jeff Heath,2541832,DB,NO,@TEN,,,,,,,,,,,,,,,,,,324,0.00
Trayvon Henderson,2561339,DB,CIN,Bye,,,,,,,,,,,,,,,,,,325,0.00
Tre Herndon,2561340,DB,JAX,@IND,,,,,,,,,,,,,,,,,,326,0.00
Gavin Heslop,2565156,DB,SEA,@GB,,,,,,,,,,,,,,,,,,327,0.00
Mike Hilton,2556559,DB,CIN,Bye,,,,,,,,,,,,,,,,,,328,0.00
Alijah Holder,2562572,DB,FA,Bye,,,,,,,,,,,,,,,,,,329,0.00
Nate Holley,2561627,DB,FA,Bye,,,,,,,,,,,,,,,,,,330,0.00
Ka'dar Hollman,2562940,DB,NYG,Bye,,,,,,,,,,,,,,,,,,331,0.00
Darnay Holmes,2564739,DB,NYG,Bye,,,,,,,,,,,,,,,,,,332,0.00
Jaycee Horn,2565893,DB,CAR,@ARI,,,,,,,,,,,,,,,,,,333,0.00
Jameson Houston,2563791,DB,FA,Bye,,,,,,,,,,,,,,,,,,334,0.00
DeAndre Houston-Carson,2555381,DB,CHI,Bye,,,,,,,,,,,,,,,,,,335,0.00
JuJu Hughes,2564352,DB,LA,@SF,,,,,,,,,,,,,,,,,,336,0.00
J.T. Ibe,2565570,DB,FA,Bye,,,,,,,,,,,,,,,,,,337,0.00
Adoree' Jackson,2558065,DB,NYG,Bye,,,,,,,,,,,,,,,,,,338,0.00
Bennett Jackson,2543834,DB,FA,Bye,,,,,,,,,,,,,,,,,,339,0.00
Eddie Jackson,2558176,DB,CHI,Bye,,,,,,,,,,,,,,,,,,340,0.00
Josh Jackson,2560755,DB,KC,@LV,,,,,,,,,,,,,,,,,,341,0.00
Lamar Jackson,2565513,DB,NYJ,BUF,,,,,,,,,,,,,,,,,,342,0.00
Mike Jackson,2562434,DB,SEA,@GB,,,,,,,,,,,,,,,,,,343,0.00
Robert Jackson,2561434,DB,FA,Bye,,,,,,,,,,,,,,,,,,344,0.00
Michael Jacquet,2564835,DB,FA,Bye,,,,,,,,,,,,,,,,,,345,0.00
Natrell Jamerson,2560759,DB,NYJ,BUF,,,,,,,,,,,,,,,,,,346,0.00
Craig James,2561486,DB,PHI,@DEN,,,,,,,,,,,,,,,,,,347,0.00
Danny Johnson,2560764,DB,WAS,TB,,,,,,,,,,,,,,,,,,348,0.00
Isaiah Johnson,2562675,DB,FA,Bye,,,,,,,,,,,,,,,,,,349,0.00
Jamar Johnson,2566031,DB,DEN,PHI,,,,,,,,,,,,,,,,,,350,0.00
Jaquan Johnson,2562676,DB,BUF,@NYJ,,,,,,,,,,,,,,,,,,351,0.00
Jaylon Johnson,2563701,DB,CHI,Bye,,,,,,,,,,,,,,,,,,352,0.00
Kevin Johnson,2552261,DB,FA,Bye,,,,,,,,,,,,,,,,,,353,0.00
Lonnie Johnson,2562295,DB,HOU,Bye,,,,,,,,,,,,,,,,,,354,0.00
Jonathan Jones,2556571,DB,NE,CLE,,,,,,,,,,,,,,,,,,355,0.00
Karl Joseph,2555342,DB,PIT,DET,,,,,,,,,,,,,,,,,,356,0.00
Lamarcus Joyner,2543492,DB,NYJ,BUF,,,,,,,,,,,,,,,,,,357,0.00
Jalen Julius,2564289,DB,FA,Bye,,,,,,,,,,,,,,,,,,358,0.00
Joshua Kalu,2560776,DB,NYG,Bye,,,,,,,,,,,,,,,,,,359,0.00
Bopete Keyes,2564292,DB,FA,Bye,,,,,,,,,,,,,,,,,,360,0.00
Desmond King,2557927,DB,HOU,Bye,,,,,,,,,,,,,,,,,,361,0.00
Luther Kirk,2565304,DB,ATL,@DAL,,,,,,,,,,,,,,,,,,362,0.00
Dre Kirkpatrick,2533060,DB,SF,LA,,,,,,,,,,,,,,,,,,363,0.00
Nevin Lawson,2543872,DB,JAX,@IND,,,,,,,,,,,,,,,,,,364,0.00
Richard LeCounte III,2565977,DB,CLE,@NE,,,,,,,,,,,,,,,,,,365,0.00
Deommodore Lenoir,2566535,DB,SF,LA,,,,,,,,,,,,,,,,,,366,0.00
Cam Lewis,2563205,DB,BUF,@NYJ,,,,,,,,,,,,,,,,,,367,0.00
Donnie Lewis,2562910,DB,FA,Bye,,,,,,,,,,,,,,,,,,368,0.00
Zane Lewis,2564928,DB,NYJ,BUF,,,,,,,,,,,,,,,,,,369,0.00
P.J. Locke,2563012,DB,DEN,PHI,,,,,,,,,,,,,,,,,,370,0.00
Julian Love,2562414,DB,NYG,Bye,,,,,,,,,,,,,,,,,,371,0.00
Jordan Lucas,2555542,DB,IND,JAX,,,,,,,,,,,,,,,,,,372,0.00
Cole Luke,2558968,DB,FA,Bye,,,,,,,,,,,,,,,,,,373,0.00
Dylan Mabin,2563029,DB,NO,@TEN,,,,,,,,,,,,,,,,,,374,0.00
Greg Mabin,2558971,DB,TEN,NO,,,,,,,,,,,,,,,,,,375,0.00
Iman Marshall,2562961,DB,BAL,@MIA,,,,,,,,,,,,,,,,,,376,0.00
Arthur Maulet,2559087,DB,PIT,DET,,,,,,,,,,,,,,,,,,377,0.00
Marcus Maye,2557995,DB,NYJ,BUF,,,,,,,,,,,,,,,,,,378,0.00
Nick McCloud,2566638,DB,BUF,@NYJ,,,,,,,,,,,,,,,,,,379,0.00
Jason McCourty,89756,DB,MIA,BAL,,,,,,,,,,,,,,,,,,380,0.00
Bradley McDougald,2539243,DB,FA,Bye,,,,,,,,,,,,,,,,,,381,0.00
Xavier McKinney,2564766,DB,NYG,Bye,,,,,,,,,,,,,,,,,,382,0.00
Sherrick McManis,494289,DB,FA,Bye,,,,,,,,,,,,,,,,,,383,0.00
Zech McPhearson,2566406,DB,PHI,@DEN,,,,,,,,,,,,,,,,,,384,0.00
Torry McTyer,2559053,DB,WAS,TB,,,,,,,,,,,,,,,,,,385,0.00
Quenton Meeks,2560808,DB,FA,Bye,,,,,,,,,,,,,,,,,,386,0.00
Ifeatu Melifonwu,2566064,DB,DET,@PIT,,,,,,,,,,,,,,,,,,387,0.00
Rashaan Melvin,2541200,DB,CAR,@ARI,,,,,,,,,,,,,,,,,,388,0.00
Doug Middleton,2556617,DB,FA,Bye,,,,,,,,,,,,,,,,,,389,0.00
Herb Miller,2563153,DB,CLE,@NE,,,,,,,,,,,,,,,,,,390,0.00
Jordan Miller,2562497,DB,NO,@TEN,,,,,,,,,,,,,,,,,,391,0.00
Chris Milton,2556394,DB,FA,Bye,,,,,,,,,,,,,,,,,,392,0.00
Terrance Mitchell,2543637,DB,HOU,Bye,,,,,,,,,,,,,,,,,,393,0.00
Jovante Moffatt,2563797,DB,CLE,@NE,,,,,,,,,,,,,,,,,,394,0.00
Joshua Moon,2563265,DB,FA,Bye,,,,,,,,,,,,,,,,,,395,0.00
A.J. Moore,2561538,DB,HOU,Bye,,,,,,,,,,,,,,,,,,396,0.00
Tarvarius Moore,2561117,DB,SF,LA,,,,,,,,,,,,,,,,,,397,0.00
Jimmy Moreland,2562858,DB,HOU,Bye,,,,,,,,,,,,,,,,,,398,0.00
TJ Morrison,2565651,DB,FA,Bye,,,,,,,,,,,,,,,,,,399,0.00
Parnell Motley,2565237,DB,DET,@PIT,,,,,,,,,,,,,,,,,,400,0.00
Israel Mukuamu,2566013,DB,DAL,ATL,,,,,,,,,,,,,,,,,,401,0.00
Trayvon Mullen,2562380,DB,LV,KC,,,,,,,,,,,,,,,,,,402,0.00
Sean Murphy-Bunting,2562635,DB,TB,@WAS,,,,,,,,,,,,,,,,,,403,0.00
Eric Murray,2555173,DB,HOU,Bye,,,,,,,,,,,,,,,,,,404,0.00
Kai Nacua,2559220,DB,SF,LA,,,,,,,,,,,,,,,,,,405,0.00
Nik Needham,2563220,DB,MIA,BAL,,,,,,,,,,,,,,,,,,406,0.00
Nick Nelson,2560819,DB,IND,JAX,,,,,,,,,,,,,,,,,,407,0.00
Picasso Nelson,2563002,DB,FA,Bye,,,,,,,,,,,,,,,,,,408,0.00
Keisean Nixon,2562938,DB,LV,KC,,,,,,,,,,,,,,,,,,409,0.00
Michael Ojemudia,2563908,DB,DEN,PHI,,,,,,,,,,,,,,,,,,410,0.00
Jeff Okudah,2563944,DB,DET,@PIT,,,,,,,,,,,,,,,,,,411,0.00
Isaiah Oliver,2560830,DB,ATL,@DAL,,,,,,,,,,,,,,,,,,412,0.00
Kareem Orr,2563274,DB,LA,@SF,,,,,,,,,,,,,,,,,,413,0.00
Jonathan Owens,2561255,DB,HOU,Bye,,,,,,,,,,,,,,,,,,414,0.00
Steven Parker,2561256,DB,NYG,Bye,,,,,,,,,,,,,,,,,,415,0.00
Will Parks,2556278,DB,SF,LA,,,,,,,,,,,,,,,,,,416,0.00
Jabrill Peppers,2557980,DB,NYG,Bye,,,,,,,,,,,,,,,,,,417,0.00
Jomal Wiltz,2559283,DB,MIA,BAL,,,,,,,,,,,,,,,,,,418,0.00
Jordyn Peters,2565750,DB,FA,Bye,,,,,,,,,,,,,,,,,,419,0.00
Marcus Peters,2552488,DB,BAL,@MIA,,,,,,,,,,,,,,,,,,420,0.00
Kevin Peterson,2556764,DB,ARI,CAR,,,,,,,,,,,,,,,,,,421,0.00
Patrick Peterson,2495504,DB,MIN,@LAC,,,,,,,,,,,,,,,,,,422,0.00
Darius Phillips,2560839,DB,CIN,Bye,,,,,,,,,,,,,,,,,,423,0.00
Jason Pinnock,2565753,DB,NYJ,BUF,,,,,,,,,,,,,,,,,,424,0.00
Brian Poole,2556445,DB,FA,Bye,,,,,,,,,,,,,,,,,,425,0.00
Bobby Price,2563953,DB,DET,@PIT,,,,,,,,,,,,,,,,,,426,0.00
Troy Pride,2563662,DB,CAR,@ARI,,,,,,,,,,,,,,,,,,427,0.00
Glover Quin,71441,DB,FA,Bye,,,,,,,,,,,,,,,,,,428,0.00
Damarious Randall,2552389,DB,FA,Bye,,,,,,,,,,,,,,,,,,429,0.00
Jeremy Reaves,2561394,DB,WAS,TB,,,,,,,,,,,,,,,,,,430,0.00
Will Redmond,2555545,DB,GB,SEA,,,,,,,,,,,,,,,,,,431,0.00
Sheldrick Redwine,2562711,DB,MIA,BAL,,,,,,,,,,,,,,,,,,432,0.00
J.R. Reed,2564220,DB,NYG,Bye,,,,,,,,,,,,,,,,,,433,0.00
Justin Reid,2560851,DB,HOU,Bye,,,,,,,,,,,,,,,,,,434,0.00
Xavier Rhodes,2540155,DB,IND,JAX,,,,,,,,,,,,,,,,,,435,0.00
Jordan Richards,2552392,DB,BAL,@MIA,,,,,,,,,,,,,,,,,,436,0.00
Elijah Riley,2564853,DB,NYJ,BUF,,,,,,,,,,,,,,,,,,437,0.00
Darryl Roberts,2553353,DB,WAS,TB,,,,,,,,,,,,,,,,,,438,0.00
Amik Robertson,2564430,DB,LV,KC,,,,,,,,,,,,,,,,,,439,0.00
Nickell Robey-Coleman,2540197,DB,DET,@PIT,,,,,,,,,,,,,,,,,,440,0.00
Aaron Robinson,2566370,DB,NYG,Bye,,,,,,,,,,,,,,,,,,441,0.00
Kenny Robinson,2563674,DB,CAR,@ARI,,,,,,,,,,,,,,,,,,442,0.00
Patrick Robinson,2508084,DB,FA,Bye,,,,,,,,,,,,,,,,,,443,0.00
Rashard Robinson,2555546,DB,TB,@WAS,,,,,,,,,,,,,,,,,,444,0.00
Reggie Robinson II,2563863,DB,DAL,ATL,,,,,,,,,,,,,,,,,,445,0.00
Tyree Robinson,2561519,DB,FA,Bye,,,,,,,,,,,,,,,,,,446,0.00
Robert Rochell,2566241,DB,LA,@SF,,,,,,,,,,,,,,,,,,447,0.00
Winston Rose,2556670,DB,FA,Bye,,,,,,,,,,,,,,,,,,448,0.00
D'Angelo Ross,2563057,DB,NE,CLE,,,,,,,,,,,,,,,,,,449,0.00
Brandon Rusnak,2562912,DB,JAX,@IND,,,,,,,,,,,,,,,,,,450,0.00
KeiVarae Russell,2555547,DB,NO,@TEN,,,,,,,,,,,,,,,,,,451,0.00
Logan Ryan,2540162,DB,NYG,Bye,,,,,,,,,,,,,,,,,,452,0.00
Stanford Samuels III,2564022,DB,FA,Bye,,,,,,,,,,,,,,,,,,453,0.00
Josiah Scott,2564229,DB,PHI,@DEN,,,,,,,,,,,,,,,,,,454,0.00
Vernon Scott,2564028,DB,GB,SEA,,,,,,,,,,,,,,,,,,455,0.00
Kevon Seymour,2555549,DB,BAL,@MIA,,,,,,,,,,,,,,,,,,456,0.00
Kendall Sheffield,2562730,DB,ATL,@DAL,,,,,,,,,,,,,,,,,,457,0.00
Duke Shelley,2562957,DB,CHI,Bye,,,,,,,,,,,,,,,,,,458,0.00
Richard Sherman,2495507,DB,TB,@WAS,,,,,,,,,,,,,,,,,,459,0.00
Jamien Sherwood,2565762,DB,NYJ,BUF,,,,,,,,,,,,,,,,,,460,0.00
LeShaun Sims,2555551,DB,FA,Bye,,,,,,,,,,,,,,,,,,461,0.00
Kemah Siverand,2565189,DB,FA,Bye,,,,,,,,,,,,,,,,,,462,0.00
Buster Skrine,2495343,DB,FA,Bye,,,,,,,,,,,,,,,,,,463,0.00
Harrison Smith,2532948,DB,MIN,@LAC,,,,,,,,,,,,,,,,,,464,0.00
Jimmy Smith,2508107,DB,BAL,@MIA,,,,,,,,,,,,,,,,,,465,0.00
Maurice Smith,2559058,DB,FA,Bye,,,,,,,,,,,,,,,,,,466,0.00
Ryan Smith,2555552,DB,LAC,MIN,,,,,,,,,,,,,,,,,,467,0.00
Saivion Smith,2562741,DB,SF,LA,,,,,,,,,,,,,,,,,,468,0.00
Tremon Smith,2561103,DB,HOU,Bye,,,,,,,,,,,,,,,,,,469,0.00
Tye Smith,2552449,DB,MIN,@LAC,,,,,,,,,,,,,,,,,,470,0.00
Benjamin St-Juste,2566604,DB,WAS,TB,,,,,,,,,,,,,,,,,,471,0.00
Linden Stephens,2561277,DB,PIT,DET,,,,,,,,,,,,,,,,,,472,0.00
JaCoby Stevens,2566412,DB,PHI,@DEN,,,,,,,,,,,,,,,,,,473,0.00
M.J. Stewart,2560884,DB,CLE,@NE,,,,,,,,,,,,,,,,,,474,0.00
Donovan Stiner,2565795,DB,PIT,DET,,,,,,,,,,,,,,,,,,475,0.00
Corey Straughter,2565636,DB,FA,Bye,,,,,,,,,,,,,,,,,,476,0.00
Greg Stroman,2560886,DB,FA,Bye,,,,,,,,,,,,,,,,,,477,0.00
Cameron Sutton,2558849,DB,PIT,DET,,,,,,,,,,,,,,,,,,478,0.00
D.J. Swearinger,2539943,DB,FA,Bye,,,,,,,,,,,,,,,,,,479,0.00
Teez Tabor,2557955,DB,CHI,Bye,,,,,,,,,,,,,,,,,,480,0.00
Cordrea Tankersley,2557931,DB,FA,Bye,,,,,,,,,,,,,,,,,,481,0.00
Jaquiski Tartt,2552391,DB,SF,LA,,,,,,,,,,,,,,,,,,482,0.00
Shakial Taylor,2563129,DB,FA,Bye,,,,,,,,,,,,,,,,,,483,0.00
Roderic Teamer,2562981,DB,LV,KC,,,,,,,,,,,,,,,,,,484,0.00
Marvell Tell,2562757,DB,IND,JAX,,,,,,,,,,,,,,,,,,485,0.00
Ambry Thomas,2566547,DB,SF,LA,,,,,,,,,,,,,,,,,,486,0.00
Josh Thomas,2565387,DB,BUF,@NYJ,,,,,,,,,,,,,,,,,,487,0.00
Tavierre Thomas,2561278,DB,HOU,Bye,,,,,,,,,,,,,,,,,,488,0.00
Stantley Thomas-Oliver,2563689,DB,CAR,@ARI,,,,,,,,,,,,,,,,,,489,0.00
Darian Thompson,2555154,DB,DAL,ATL,,,,,,,,,,,,,,,,,,490,0.00
Tariq Thompson,2566644,DB,FA,Bye,,,,,,,,,,,,,,,,,,491,0.00
Kenny Vaccaro,2539320,DB,FA,Bye,,,,,,,,,,,,,,,,,,492,0.00
Donte Vaughn,2565084,DB,FA,Bye,,,,,,,,,,,,,,,,,,493,0.00
Jason Verrett,2543493,DB,SF,LA,,,,,,,,,,,,,,,,,,494,0.00
Kindle Vildor,2563713,DB,CHI,Bye,,,,,,,,,,,,,,,,,,495,0.00
Kary Vincent Jr.,2566046,DB,PHI,@DEN,,,,,,,,,,,,,,,,,,496,0.00
Dee Virgin,2559274,DB,FA,Bye,,,,,,,,,,,,,,,,,,497,0.00
Lamont Wade,2565798,DB,FA,Bye,,,,,,,,,,,,,,,,,,498,0.00
Shaun Wade,2565854,DB,NE,CLE,,,,,,,,,,,,,,,,,,499,0.00
Nigel Warrior,2563590,DB,SEA,@GB,,,,,,,,,,,,,,,,,,500,0.00
Ar'Darius Washington,2566632,DB,BAL,@MIA,,,,,,,,,,,,,,,,,,501,0.00
Charles Washington,2556703,DB,ARI,CAR,,,,,,,,,,,,,,,,,,502,0.00
Keith Washington,2564706,DB,FA,Bye,,,,,,,,,,,,,,,,,,503,0.00
Jaylen Watkins,2543707,DB,FA,Bye,,,,,,,,,,,,,,,,,,504,0.00
Trae Waynes,2552448,DB,CIN,Bye,,,,,,,,,,,,,,,,,,505,0.00
Mark Webb,2566523,DB,LAC,MIN,,,,,,,,,,,,,,,,,,506,0.00
Brendon White,2565765,DB,FA,Bye,,,,,,,,,,,,,,,,,,507,0.00
Jace Whittaker,2564955,DB,ARI,CAR,,,,,,,,,,,,,,,,,,508,0.00
Chris Wilcox,2566577,DB,IND,JAX,,,,,,,,,,,,,,,,,,509,0.00
Rachad Wildgoose,2565881,DB,FA,Bye,,,,,,,,,,,,,,,,,,510,0.00
LaDarius Wiley,2563280,DB,FA,Bye,,,,,,,,,,,,,,,,,,511,0.00
Greedy Williams,2562785,DB,CLE,@NE,,,,,,,,,,,,,,,,,,512,0.00
Jarren Williams,2564958,DB,NYG,Bye,,,,,,,,,,,,,,,,,,513,0.00
Rodarius Williams,2566379,DB,NYG,Bye,,,,,,,,,,,,,,,,,,514,0.00
Shawn Williams,2539233,DB,ATL,@DAL,,,,,,,,,,,,,,,,,,515,0.00
Trill Williams,2565714,DB,MIA,BAL,,,,,,,,,,,,,,,,,,516,0.00
Chris Williamson,2564784,DB,ATL,@DAL,,,,,,,,,,,,,,,,,,517,0.00
Khari Willis,2562602,DB,IND,JAX,,,,,,,,,,,,,,,,,,518,0.00
Brandon Wilson,2558786,DB,CIN,Bye,,,,,,,,,,,,,,,,,,519,0.00
Quincy Wilson,2557961,DB,NYG,Bye,,,,,,,,,,,,,,,,,,520,0.00
Tavon Wilson,2534830,DB,SF,LA,,,,,,,,,,,,,,,,,,521,0.00
Ahkello Witherspoon,2558157,DB,PIT,DET,,,,,,,,,,,,,,,,,,522,0.00
Daryl Worley,2555394,DB,FA,Bye,,,,,,,,,,,,,,,,,,523,0.00
Blidi Wreh-Wilson,2539219,DB,TB,@WAS,,,,,,,,,,,,,,,,,,524,0.00
Isaac Yiadom,2560946,DB,GB,SEA,,,,,,,,,,,,,,,,,,525,0.00
