PlayerName,PlayerId,Pos,Team,PlayerOpponent,TacklesTot,TacklesAst,TacklesSck,TacklesTfl,TurnoverInt,TurnoverFrcFum,TurnoverFumRec,ScoreIntTd,ScoreFumTd,ScoreBlkTd,ScoreSaf,ScoreDef2ptRet,Blk,PDef,QBHit,ReturnIntYds,ReturnFumYds,PlayerWeekProjectedPts,Rank,TotalPoints,ProjectionDiff
Budda Baker,2558009,DB,ARI,IND,7,6,1,2,,,,,,,,,,1,2,,,9.50,1,25.20,15.7
Tavierre Thomas,2561278,DB,HOU,LAC,6,2,,,1,,,1,,,,,,1,,48,,8.91,2,23.40,14.49
Jordan Whitehead,2560930,DB,TB,@CAR,6,1,,,1,,,,,,,,,3,,7,,9.64,3,22.23,12.59
Rasul Douglas,2558168,DB,GB,CLE,5,,,,2,,,,,,,,,2,,17,,11.05,4,21.07,10.02
Micah Hyde,2539240,DB,BUF,@NE,3,3,,,2,,,,,,,,,2,,22,,9.36,5,20.23,10.87
Desmond King,2557927,DB,HOU,LAC,10,,,,,,,,,,,,,1,,,,9.29,6,19.50,10.21
M.J. Stewart,2560884,DB,CLE,@GB,9,1,,2,,,,,,,,,,,,,,2.62,7,19.10,16.48
Xavier Woods,2558159,DB,MIN,LA,5,3,,,1,,,,,,,,,1,,15,,9.67,8,17.40,7.73
George Odum,2561131,DB,IND,@ARI,8,1,,,,,,,,,,,,1,,,,9.69,9,16.90,7.21
Darnell Savage,2562724,DB,GB,CLE,5,3,,,1,,,,,,,,,1,,,,7.75,10,16.90,9.15
Brandon Jones,2564469,DB,MIA,@NO,2,4,1,1,1,,,,,,,,,1,1,8,,8.61,11,16.87,8.26
Minkah Fitzpatrick,2560725,DB,PIT,@KC,5,7,,,,,,,,,,,,1,,,,11.15,12,16.60,5.45
Harrison Smith,2532948,DB,MIN,LA,7,2,,,,,,,,,,,,1,1,,,11.98,13,16.50,4.52
Jeremy Reaves,2561394,DB,WAS,@DAL,6,5,,1,,,,,,,,,,,,,,10.86,14,15.70,4.84
Vonn Bell,2555530,DB,CIN,BAL,2,3,,,1,,,,,,,,,2,,15,,10.30,15,14.80,4.5
Myles Bryant,2564592,DB,NE,BUF,8,1,,,,,,,,,,,,,,,,3.65,16,14.40,10.75
Nik Needham,2563220,DB,MIA,@NO,2,,,,1,,,1,,,,,,1,,28,,4.41,17,14.33,9.92
Bobby McCain,2552434,DB,WAS,@DAL,7,3,,,,,,,,,,,,,,,,7.34,18,14.30,6.96
Logan Ryan,2540162,DB,NYG,@PHI,5,1,,,,,,,,,,,,2,,,,11.68,19,14.30,2.62
Antonio Hamilton,2556804,DB,ARI,IND,6,1,,,,,,,,,,,,1,,,,2.62,20,13.50,10.88
Jalen Ramsey,2555280,DB,LA,@MIN,6,1,,,,,,,,,,,,1,,,,10.14,21,13.50,3.36
Amani Hooker,2562666,DB,TEN,SF,2,4,,,1,,,,,,,,,1,,21,,9.07,22,13.30,4.23
Javelin Guidry,2565504,DB,NYJ,JAX,5,2,,,,,,,,,,,,1,1,,,9.28,23,13.10,3.82
Mackensie Alexander,2555177,DB,MIN,LA,6,3,,,,,,,,,,,,,,,,7.09,24,12.60,5.51
Charvarius Ward,2561417,DB,KC,PIT,3,,,1,1,,,,,,,,,1,,,,10.13,25,12.60,2.47
Chidobe Awuzie,2557840,DB,CIN,BAL,2,5,,,,,,,,,,,,2,,,,8.90,26,12.40,3.5
Kevin Byard,2555158,DB,TEN,SF,4,2,,,,1,,,,,,,,,1,,,9.90,27,12.40,2.5
L'Jarius Sneed,2564304,DB,KC,PIT,4,2,,1,,,,,,,,,,1,,,,9.60,28,12.40,2.8
Mike Hilton,2556559,DB,CIN,BAL,5,1,,2,,,,,,,,,,,,,,7.59,29,12.30,4.71
Trevon Diggs,2563836,DB,DAL,WAS,2,,,,1,,,,,,,,,2,,,,8.86,30,11.90,3.04
Julian Love,2562414,DB,NYG,@PHI,7,,,,,,,,,,,,,,,,,8.06,31,11.90,3.84
Desmond Trufant,2539334,DB,LV,DEN,7,,,,,,,,,,,,,,,,,1.10,32,11.90,10.8
Ronald Darby,2552689,DB,DEN,@LV,5,1,,,,,,,,,,,,1,,,,,33,11.80,
Bryce Hall,2564796,DB,NYJ,JAX,5,1,,,,,,,,,,,,1,,,,9.22,34,11.80,2.58
Chauncey Gardner-Johnson,2562588,DB,NO,MIA,5,2,,1,,,,,,,,,,,,,,8.35,35,11.60,3.25
Jonathan Owens,2561255,DB,HOU,LAC,1,3,,,1,,1,,,,,,,1,,7,6,,36,11.53,
Jason Pinnock,2565753,DB,NYJ,JAX,2,2,,,,1,,,,,,,,1,,,,7.69,37,11.00,3.31
Richie Grant,2565818,DB,ATL,DET,4,2,,,,,,,,,,,,1,,,,2.62,38,10.90,8.28
John Reid,2564088,DB,SEA,CHI,2,3,,,,,,,,,,,,2,,,,1.72,39,10.80,9.08
Kevon Seymour,2555549,DB,BAL,@CIN,3,4,,,,,,,,,,,,1,,,,3.81,40,10.80,6.99
Jaquiski Tartt,2552391,DB,SF,@TEN,5,1,,1,,,,,,,,,,,,,,8.27,41,10.80,2.53
Kyle Dugger,2564601,DB,NE,BUF,5,,,1,,,,,,,,,,,1,,,9.35,42,10.50,1.15
Alohi Gilman,2565042,DB,LAC,@HOU,6,,,,,,,,,,,,,,,,,2.17,43,10.20,8.03
Eddie Jackson,2558176,DB,CHI,@SEA,6,,,,,,,,,,,,,,,,,9.29,44,10.20,0.91
Damontae Kazee,2558184,DB,DAL,WAS,3,2,,,,1,,,,,,,,,,,,7.05,45,10.20,3.15
Marshon Lattimore,2558061,DB,NO,MIA,2,1,,,1,,,,,,,,,1,,,,9.59,46,10.20,0.61
Jalen Mills,2555383,DB,NE,BUF,6,,,,,,,,,,,,,,,,,6.72,47,10.20,3.48
Kendall Fuller,2555349,DB,WAS,@DAL,4,1,,,,,,,,,,,,1,,,,10.22,48,10.10,-0.12
Myles Hartsfield,2563644,DB,CAR,TB,4,1,,,,,,,,,,,,1,,,,2.84,49,10.10,7.26
Rodney McLeod,2534832,DB,PHI,NYG,,1,,,1,,,,,,,,,2,,24,,7.39,50,10.10,2.71
Will Parks,2556278,DB,NYJ,JAX,4,1,,,,,,,,,,,,1,,,,5.63,51,10.10,4.47
Taylor Rapp,2562707,DB,LA,@MIN,5,2,,,,,,,,,,,,,,,,8.94,52,10.10,1.16
Isaiah Rodgers,2564142,DB,IND,@ARI,4,1,,,,,,,,,,,,1,,,,4.61,53,10.10,5.49
Asante Samuel Jr.,2566511,DB,LAC,@HOU,3,,,,,,,,,,,,,2,,,,2.82,54,10.10,7.28
Jimmie Ward,2543741,DB,SF,@TEN,3,,,,,,,,,,,,,2,,,,9.09,55,10.10,1.01
Kamren Curl,2565270,DB,WAS,@DAL,4,4,,,,,,,,,,,,,,,,7.17,56,10.00,2.83
Denzel Ward,2560916,DB,CLE,@GB,2,2,,,,,,,,,,,,2,,,,7.98,57,10.00,2.02
Thomas Graham Jr.,2565923,DB,CHI,@SEA,3,1,,1,,,,,,,,,,1,,,,2.86,58,9.90,7.04
Darious Williams,2561469,DB,LA,@MIN,3,1,,1,,,,,,,,,,1,,,,9.60,59,9.90,0.3
Anthony Harris,2553655,DB,PHI,NYG,2,3,,1,,,,,,,,,,1,,,,7.82,60,9.80,1.98
Deon Bush,2555155,DB,CHI,@SEA,3,2,,,,,,,,,,,,1,,,,2.14,61,9.20,7.06
Tyson Campbell,2566151,DB,JAX,@NYJ,4,3,,,,,,,,,,,,,,,,9.53,62,9.20,-0.33
Mike Edwards,2562259,DB,TB,@CAR,4,3,,,,,,,,,,,,,,,,4.67,63,9.20,4.53
Juan Thornhill,2562761,DB,KC,PIT,4,3,,,,,,,,,,,,,,,,8.78,64,9.20,0.42
Jevon Holland,2566283,DB,MIA,@NO,4,1,0.5,,,,,,,,,,,,1,,,9.23,65,9.10,-0.13
Kelvin Joseph,2566010,DB,DAL,WAS,3,,,1,,,,,,,,,,1,,,,1.23,66,9.10,7.87
Devin McCourty,494287,DB,NE,BUF,2,4,,,,,,,,,,,,1,,,,8.54,67,9.10,0.56
Sean Murphy-Bunting,2562635,DB,TB,@CAR,2,2,,1,,,,,,,,,,1,,,,9.96,68,9.00,-0.96
Xavien Howard,2555539,DB,MIA,@NO,3,2,1,,,,,,,,,,,,,,,8.56,69,8.70,0.14
Adrian Amos,2552385,DB,GB,CLE,5,,,,,,,,,,,,,,,,,10.05,70,8.50,-1.55
Greedy Williams,2562785,DB,CLE,@GB,5,,,,,,,,,,,,,,,,,9.08,71,8.50,-0.58
Jarren Williams,2564958,DB,NYG,@PHI,5,,,,,,,,,,,,,,,,,2.51,72,8.50,5.99
Daryl Worley,2555394,DB,BAL,@CIN,5,,,,,,,,,,,,,,,,,2.13,73,8.50,6.37
Jahleel Addae,2541958,DB,IND,@ARI,4,2,,,,,,,,,,,,,,,,4.63,74,8.40,3.77
Chuck Clark,2558248,DB,BAL,@CIN,4,2,,,,,,,,,,,,,,,,8.46,75,8.40,-0.06
Grant Delpit,2563773,DB,CLE,@GB,4,2,,,,,,,,,,,,,,,,10.64,76,8.40,-2.24
Mike Hughes,2560746,DB,KC,PIT,4,2,,,,,,,,,,,,,,,,3.34,77,8.40,5.06
Xavier McKinney,2564766,DB,NYG,@PHI,4,2,,,,,,,,,,,,,,,,9.63,78,8.40,-1.23
Andre Cisco,2566154,DB,JAX,@NYJ,2,3,,,,,,,,,,,,1,,,,2.51,79,8.30,5.79
Justin Reid,2560851,DB,HOU,LAC,3,4,,,,,,,,,,,,,,,,7.79,80,8.30,0.51
Buster Skrine,2495343,DB,TEN,SF,3,4,,,,,,,,,,,,,,,,4.55,81,8.30,3.75
Jalen Thompson,2563339,DB,ARI,IND,3,2,,1,,,,,,,,,,,,,,11.00,82,8.20,-2.8
Jessie Bates,2560970,DB,CIN,BAL,4,1,,,,,,,,,,,,,,,,10.35,83,7.60,-2.75
Ifeatu Melifonwu,2566064,DB,DET,@ATL,4,1,,,,,,,,,,,,,,,,6.99,84,7.60,0.61
Justin Simmons,2555550,DB,DEN,@LV,4,1,,,,,,,,,,,,,,,,9.93,85,7.60,-2.33
Cameron Dantzler,2564526,DB,MIN,LA,3,3,,,,,,,,,,,,,,,,3.08,86,7.50,4.42
Taron Johnson,2560766,DB,BUF,@NE,2,2,,,,,,,,,,,,1,,,,10.88,87,7.50,-3.38
A.J. Terrell,2563527,DB,ATL,DET,3,3,,,,,,,,,,,,,,,,10.00,88,7.50,-2.5
Anthony Brown,2555531,DB,DAL,WAS,2,,,1,,,,,,,,,,1,,,,9.90,89,7.40,-2.5
Duron Harmon,2541243,DB,ATL,DET,2,5,,,,,,,,,,,,,,,,7.58,90,7.40,-0.18
Adrian Phillips,2550842,DB,NE,BUF,1,4,,,,,,,,,,,,1,,,,8.32,91,7.40,-0.92
Chandon Sullivan,2560887,DB,GB,CLE,,1,,,1,,,,,,,,,1,,13,,4.41,92,7.23,2.82
Marcell Harris,2561006,DB,SF,@TEN,4,,,,,,,,,,,,,,,,,1.58,93,6.80,5.22
Janoris Jenkins,2532875,DB,TEN,SF,,1,,,1,,,,,,,,,1,,,,7.79,94,6.80,-0.99
Steven Nelson,2552265,DB,PHI,NYG,4,,,,,,,,,,,,,,,,,7.03,95,6.80,-0.23
Xavier Rhodes,2540155,DB,IND,@ARI,4,,,,,,,,,,,,,,,,,7.03,96,6.80,-0.23
Artie Burns,2555344,DB,CHI,@SEA,1,,,,,,,,,,,,,2,,,,8.89,97,6.70,-2.19
Jeremy Chinn,2563632,DB,CAR,TB,3,2,,,,,,,,,,,,,,,,10.98,98,6.70,-4.28
Will Harris,2562395,DB,DET,@ATL,3,2,,,,,,,,,,,,,,,,8.37,99,6.70,-1.67
C.J. Henderson,2564199,DB,CAR,TB,2,1,,,,,,,,,,,,1,,,,3.17,100,6.70,3.53
J.C. Jackson,2560754,DB,NE,BUF,2,1,,,,,,,,,,,,1,,,,9.54,101,6.70,-2.84
Kareem Jackson,496735,DB,DEN,@LV,3,2,,,,,,,,,,,,,,,,,102,6.70,
Brandon Stephens,2565851,DB,BAL,@CIN,3,2,,,,,,,,,,,,,,,,9.54,103,6.70,-2.84
Ambry Thomas,2566547,DB,SF,@TEN,1,,,,,,,,,,,,,2,,,,9.56,104,6.70,-2.86
Tremon Smith,2561103,DB,HOU,LAC,3,1,,,,,,,,,,,,,,,,1.19,105,6.60,5.41
P.J. Williams,2552484,DB,NO,MIA,3,,,1,,,,,,,,,,,,,,4.68,106,6.60,1.92
Andrew Wingard,2562606,DB,JAX,@NYJ,3,1,,,,,,,,,,,,,,,,9.41,107,6.30,-3.11
Jayron Kearse,2555156,DB,DAL,WAS,1,,1,1,,,,,,,,,,,2,,,10.88,108,6.20,-4.68
James Bradberry,2555175,DB,NYG,@PHI,2,,,,,,,,,,,,,1,,,,7.69,109,5.90,-1.79
Carlton Davis,2561039,DB,TB,@CAR,3,1,,,,,,,,,,,,,,,,9.07,110,5.90,-3.17
Jamel Dean,2562556,DB,TB,@CAR,2,,,,,,,,,,,,,1,,,,7.43,111,5.90,-1.53
Joe Haden,496733,DB,PIT,@KC,3,1,,,,,,,,,,,,,,,,6.65,112,5.90,-0.75
Arthur Maulet,2559087,DB,PIT,@KC,3,1,,,,,,,,,,,,,,,,4.48,113,5.90,1.42
Zech McPhearson,2566406,DB,PHI,NYG,2,,,,,,,,,,,,,1,,,,1.08,114,5.90,4.82
Kenny Moore II,2558976,DB,IND,@ARI,3,1,,,,,,,,,,,,,,,,11.17,115,5.90,-5.27
Byron Murphy,2562318,DB,ARI,IND,3,1,,,,,,,,,,,,,,,,9.27,116,5.90,-3.37
Steven Parker,2561256,DB,NYG,@PHI,2,,,,,,,,,,,,,1,,,,0.74,117,5.90,5.16
Duke Shelley,2562957,DB,CHI,@SEA,3,1,,,,,,,,,,,,,,,,6.89,118,5.90,-0.99
Pat Surtain II,2566043,DB,DEN,@LV,3,1,,,,,,,,,,,,,,,,,119,5.90,
Tracy Walker III,2560913,DB,DET,@ATL,3,1,,,,,,,,,,,,,,,,10.70,120,5.90,-4.8
K'Waun Williams,2550654,DB,SF,@TEN,3,1,,,,,,,,,,,,,,,,6.83,121,5.90,-0.93
Eli Apple,2555277,DB,CIN,BAL,2,3,,,,,,,,,,,,,,,,7.64,122,5.80,-1.84
Quandre Diggs,2552262,DB,SEA,CHI,2,3,,,,,,,,,,,,,,,,,123,5.80,
Brandin Echols,2565726,DB,NYJ,JAX,2,3,,,,,,,,,,,,,,,,10.32,124,5.80,-4.52
Terrell Edmunds,2560712,DB,PIT,@KC,2,3,,,,,,,,,,,,,,,,9.00,125,5.80,-3.2
Marcus Epps,2562946,DB,PHI,NYG,1,2,,,,,,,,,,,,1,,,,3.60,126,5.80,2.2
Fabian Moreau,2558136,DB,ATL,DET,1,2,,,,,,,,,,,,1,,,,8.51,127,5.80,-2.71
Nasir Adderley,2562617,DB,LAC,@HOU,2,1,,1,,,,,,,,,,,,,,10.39,128,5.70,-4.69
Jaylinn Hawkins,2563500,DB,ATL,DET,1,3,,1,,,,,,,,,,,,,,6.29,129,5.60,-0.69
Stephon Gilmore,2533062,DB,CAR,TB,3,,,,,,,,,,,,,,,,,7.39,130,5.10,-2.29
Dane Jackson,2563614,DB,BUF,@NE,3,,,,,,,,,,,,,,,,,10.70,131,5.10,-5.6
Keisean Nixon,2562938,DB,LV,DEN,3,,,,,,,,,,,,,,,,,0.85,132,5.10,4.25
Keith Taylor,2565911,DB,CAR,TB,3,,,,,,,,,,,,,,,,,6.18,133,5.10,-1.08
Kindle Vildor,2563713,DB,CHI,@SEA,3,,,,,,,,,,,,,,,,,7.20,134,5.10,-2.1
Marco Wilson,2566439,DB,ARI,IND,3,,,,,,,,,,,,,,,,,6.69,135,5.10,-1.59
Tavon Young,2555378,DB,BAL,@CIN,3,,,,,,,,,,,,,,,,,6.02,136,5.10,-0.92
Camryn Bynum,2566295,DB,MIN,LA,1,1,,,,,,,,,,,,1,,,,1.25,137,5.00,3.75
Dane Cruikshank,2561033,DB,TEN,SF,2,2,,,,,,,,,,,,,,,,1.02,138,5.00,3.98
Kristian Fulton,2564046,DB,TEN,SF,1,1,,,,,,,,,,,,1,,,,8.91,139,5.00,-3.91
Anthony Levine,2508004,DB,BAL,@CIN,1,1,,,,,,,,,,,,1,,,,0.30,140,5.00,4.7
Josh Norman,2532920,DB,SF,@TEN,2,2,,,,,,,,,,,,,,,,9.31,141,5.00,-4.31
Patrick Peterson,2495504,DB,MIN,LA,1,1,,,,,,,,,,,,1,,,,7.50,142,5.00,-2.5
Darryl Roberts,2553353,DB,WAS,@DAL,2,2,,,,,,,,,,,,,,,,1.22,143,5.00,3.78
Jordan Fuller,2564340,DB,LA,@MIN,1,4,,,,,,,,,,,,,,,,,144,4.90,
Ryan Neal,2561381,DB,SEA,CHI,1,4,,,,,,,,,,,,,,,,9.96,145,4.90,-5.06
Jordan Poyer,2539290,DB,BUF,@NE,1,2,,1,,,,,,,,,,,,,,11.71,146,4.80,-6.91
Tyrann Mathieu,2540180,DB,KC,PIT,2,,,,,,1,,,,,,,,,,,9.72,147,4.40,-5.32
Dean Marlowe,2553562,DB,DET,@ATL,1,2,,,,,1,,,,,,,,,,,4.44,148,4.30,-0.14
Paulson Adebo,2566346,DB,NO,MIA,2,1,,,,,,,,,,,,,,,,6.53,149,4.20,-2.33
Darren Hall,2565821,DB,ATL,DET,2,1,,,,,,,,,,,,,,,,3.84,150,4.20,0.36
Avonte Maddox,2560795,DB,PHI,NYG,2,1,,,,,,,,,,,,,,,,6.75,151,4.20,-2.55
Bradley Roby,2543505,DB,NO,MIA,1,,,,,,,,,,,,,1,,,,4.39,152,4.20,-0.19
Donovan Wilson,2562604,DB,DAL,WAS,2,1,,,,,,,,,,,,,,,,0.00,153,4.20,4.2
Eric Stokes,2566097,DB,GB,CLE,,2,,,,,,,,,,,,1,,,,8.92,154,4.10,-4.82
Darius Slay,2540288,DB,PHI,NYG,1,1,,1,,,,,,,,,,,,,,7.43,155,4.00,-3.43
Ugo Amadi,2562464,DB,SEA,CHI,2,,,,,,,,,,,,,,,,,4.86,156,3.40,-1.46
Anthony Averett,2560963,DB,BAL,@CIN,2,,,,,,,,,,,,,,,,,8.90,157,3.40,-5.5
Bryce Callahan,2553500,DB,DEN,@LV,2,,,,,,,,,,,,,,,,,0.00,158,3.40,3.4
Ross Cockrell,2543799,DB,TB,@CAR,2,,,,,,,,,,,,,,,,,1.99,159,3.40,1.41
Casey Hayward,2532861,DB,LV,DEN,2,,,,,,,,,,,,,,,,,6.90,160,3.40,-3.5
Kai Nacua,2559220,DB,NYJ,JAX,2,,,,,,,,,,,,,,,,,0.67,161,3.40,2.73
Kenny Robinson,2563674,DB,CAR,TB,2,,,,,,,,,,,,,,,,,1.64,162,3.40,1.76
Rashard Robinson,2555546,DB,TB,@CAR,2,,,,,,,,,,,,,,,,,0.00,163,3.40,3.4
Josiah Scott,2564229,DB,PHI,NYG,2,,,,,,,,,,,,,,,,,0.91,164,3.40,2.49
Darian Thompson,2555154,DB,DAL,WAS,2,,,,,,,,,,,,,,,,,0.97,165,3.40,2.43
Jarrod Wilson,2556711,DB,SF,@TEN,2,,,,,,,,,,,,,,,,,1.09,166,3.40,2.31
Nahshon Wright,2566022,DB,DAL,WAS,2,,,,,,,,,,,,,,,,,0.00,167,3.40,3.4
Josh Jackson,2560755,DB,KC,PIT,1,2,,,,,,,,,,,,,,,,0.00,168,3.30,3.3
Nevin Lawson,2543872,DB,JAX,@NYJ,1,2,,,,,,,,,,,,,,,,2.56,169,3.30,0.74
Nick Scott,2562905,DB,LA,@MIN,1,2,,,,,,,,,,,,,,,,3.59,170,3.30,-0.29
Marcus Williams,2558847,DB,NO,MIA,1,2,,,,,,,,,,,,,,,,9.87,171,3.30,-6.57
Henry Black,2563974,DB,GB,CLE,1,1,,,,,,,,,,,,,,,,1.93,172,2.50,0.57
Brady Breeze,2566103,DB,DET,@ATL,1,1,,,,,,,,,,,,,,,,0.00,173,2.50,2.5
Maurice Canady,2555178,DB,DAL,WAS,1,1,,,,,,,,,,,,,,,,1.05,174,2.50,1.45
Marqui Christian,2556277,DB,CHI,@SEA,1,1,,,,,,,,,,,,,,,,2.34,175,2.50,0.16
Chris Claybrooks,2564169,DB,JAX,@NYJ,1,1,,,,,,,,,,,,,,,,1.09,176,2.50,1.41
Darqueze Dennard,2543474,DB,SF,@TEN,1,1,,,,,,,,,,,,,,,,6.03,177,2.50,-3.53
Shaquill Griffin,2558259,DB,JAX,@NYJ,,,,,,,,,,,,,,1,,,,7.64,178,2.50,-5.14
Chris Harris,2530510,DB,LAC,@HOU,,,,,,,,,,,,,,1,,,,7.07,179,2.50,-4.57
Danny Johnson,2560764,DB,WAS,@DAL,1,1,,,,,,,,,,,,,,,,7.39,180,2.50,-4.89
Herb Miller,2563153,DB,CLE,@GB,1,1,,,,,,,,,,,,,,,,0.54,181,2.50,1.96
Daniel Sorensen,2550257,DB,KC,PIT,,,,,,,,,,,,,,1,,,,4.77,182,2.50,-2.27
Ahkello Witherspoon,2558157,DB,PIT,@KC,,,,,,,,,,,,,,1,,,,4.85,183,2.50,-2.35
Essang Bassey,2563875,DB,FA,Bye,1,,,,,,,,,,,,,,,,,,184,1.70,
Terrence Brooks,2543712,DB,HOU,LAC,1,,,,,,,,,,,,,,,,,6.95,185,1.70,-5.25
Juston Burris,2555313,DB,CAR,TB,1,,,,,,,,,,,,,,,,,7.05,186,1.70,-5.35
T.J. Carrie,2550164,DB,IND,@ARI,1,,,,,,,,,,,,,,,,,2.32,187,1.70,-0.62
Ken Crawley,2556735,DB,NO,MIA,1,,,,,,,,,,,,,,,,,0.00,188,1.70,1.7
Donte' Deayon,2556512,DB,LA,@MIN,1,,,,,,,,,,,,,,,,,4.46,189,1.70,-2.76
Rudy Ford,2558174,DB,JAX,@NYJ,1,,,,,,,,,,,,,,,,,8.22,190,1.70,-6.52
Richard LeCounte III,2565977,DB,CLE,@GB,1,,,,,,,,,,,,,,,,,0.00,191,1.70,1.7
Cam Lewis,2563205,DB,BUF,@NE,1,,,,,,,,,,,,,,,,,1.48,192,1.70,0.22
P.J. Locke,2563012,DB,DEN,@LV,1,,,,,,,,,,,,,,,,,0.70,193,1.70,1.0
David Long,2562798,DB,LA,@MIN,1,,,,,,,,,,,,,,,,,3.47,194,1.70,-1.77
Siran Neal,2560818,DB,BUF,@NE,1,,,,,,,,,,,,,,,,,0.85,195,1.70,0.85
Tre Norwood,2566463,DB,PIT,@KC,1,,,,,,,,,,,,,,,,,2.76,196,1.70,-1.06
Eric Rowe,2552255,DB,MIA,@NO,1,,,,,,,,,,,,,,,,,6.21,197,1.70,-4.51
Brandon Rusnak,2562912,DB,JAX,@NYJ,1,,,,,,,,,,,,,,,,,0.61,198,1.70,1.09
Vernon Scott,2564028,DB,GB,CLE,1,,,,,,,,,,,,,,,,,0.83,199,1.70,0.87
Levi Wallace,2560914,DB,BUF,@NE,1,,,,,,,,,,,,,,,,,8.44,200,1.70,-6.74
Nigel Warrior,2563590,DB,SEA,CHI,1,,,,,,,,,,,,,,,,,1.90,201,1.70,-0.2
Trae Waynes,2552448,DB,CIN,BAL,1,,,,,,,,,,,,,,,,,1.58,202,1.70,0.12
Darrick Forrest,2566598,DB,WAS,@DAL,,2,,,,,,,,,,,,,,,,0.00,203,1.60,1.6
Grayland Arnold,2564814,DB,HOU,LAC,,1,,,,,,,,,,,,,,,,,204,0.80,
Andre Chachere,2561016,DB,PHI,NYG,,1,,,,,,,,,,,,,,,,0.98,205,0.80,-0.18
Shawn Davis,2565597,DB,GB,CLE,,1,,,,,,,,,,,,,,,,1.46,206,0.80,-0.66
Divine Deablo,2566253,DB,LV,DEN,,1,,,,,,,,,,,,,,,,3.48,207,0.80,-2.68
Tre Flowers,2560728,DB,CIN,BAL,,1,,,,,,,,,,,,,,,,1.50,208,0.80,-0.7
Innis Gaines,2565591,DB,GB,CLE,,1,,,,,,,,,,,,,,,,1.44,209,0.80,-0.64
Tyree Gillespie,2566256,DB,LV,DEN,,1,,,,,,,,,,,,,,,,0.00,210,0.80,0.8
C.J. Goodwin,2550767,DB,DAL,WAS,,1,,,,,,,,,,,,,,,,0.58,211,0.80,0.22
Robert Jackson,2561434,DB,BAL,@CIN,,1,,,,,,,,,,,,,,,,3.31,212,0.80,-2.51
Byron Jones,2552568,DB,MIA,@NO,,1,,,,,,,,,,,,,,,,8.92,213,0.80,-8.12
Dallin Leavitt,2561585,DB,LV,DEN,,1,,,,,,,,,,,,,,,,8.93,214,0.80,-8.13
Trevon Moehrig,2566268,DB,LV,DEN,,1,,,,,,,,,,,,,,,,6.99,215,0.80,-6.19
Sheldrick Redwine,2562711,DB,MIA,@NO,,1,,,,,,,,,,,,,,,,0.81,216,0.80,-0.01
Jordan Richards,2552392,DB,BAL,@CIN,,1,,,,,,,,,,,,,,,,0.00,217,0.80,0.8
Avery Williams,2565833,DB,ATL,DET,,1,,,,,,,,,,,,,,,,1.24,218,0.80,-0.44
Johnathan Abram,2562616,DB,LV,DEN,,,,,,,,,,,,,,,,,,,219,0.00,
Delrick Abrams,2563464,DB,FA,Bye,,,,,,,,,,,,,,,,,,,220,0.00,
DeMarkus Acy,2565087,DB,PIT,@KC,,,,,,,,,,,,,,,,,,,221,0.00,
Andrew Adams,2556456,DB,TB,@CAR,,,,,,,,,,,,,,,,,,0.58,222,0.00,-0.58
Jamal Adams,2557979,DB,SEA,CHI,,,,,,,,,,,,,,,,,,,223,0.00,
Jaire Alexander,2560952,DB,GB,CLE,,,,,,,,,,,,,,,,,,0.00,224,0.00,0.0
Robert Alford,2539653,DB,ARI,IND,,,,,,,,,,,,,,,,,,,225,0.00,
Brian Allen,2558237,DB,CLE,@GB,,,,,,,,,,,,,,,,,,0.00,226,0.00,0.0
Marcus Allen,2560956,DB,PIT,@KC,,,,,,,,,,,,,,,,,,0.00,227,0.00,0.0
Ricardo Allen,2543850,DB,CIN,BAL,,,,,,,,,,,,,,,,,,2.13,228,0.00,-2.13
Johnathan Alston,2561520,DB,FA,Bye,,,,,,,,,,,,,,,,,,,229,0.00,
Troy Apke,2560958,DB,WAS,@DAL,,,,,,,,,,,,,,,,,,0.00,230,0.00,0.0
Cornell Armstrong,2561147,DB,ATL,DET,,,,,,,,,,,,,,,,,,0.00,231,0.00,0.0
Damon Arnette,2564409,DB,MIA,@NO,,,,,,,,,,,,,,,,,,0.00,232,0.00,0.0
Jaytlin Askew,2566656,DB,FA,Bye,,,,,,,,,,,,,,,,,,,233,0.00,
Blessuan Austin,2562468,DB,SEA,CHI,,,,,,,,,,,,,,,,,,8.60,234,0.00,-8.6
Deandre Baker,2562227,DB,KC,PIT,,,,,,,,,,,,,,,,,,2.90,235,0.00,-2.9
Corey Ballentine,2562228,DB,DET,@ATL,,,,,,,,,,,,,,,,,,0.00,236,0.00,0.0
Chris Banjo,2541192,DB,ARI,IND,,,,,,,,,,,,,,,,,,0.81,237,0.00,-0.81
Luq Barcoo,2564160,DB,SF,@TEN,,,,,,,,,,,,,,,,,,0.00,238,0.00,0.0
DeVante Bausby,2553790,DB,NE,BUF,,,,,,,,,,,,,,,,,,0.00,239,0.00,0.0
Sam Beal,2561643,DB,FA,Bye,,,,,,,,,,,,,,,,,,,240,0.00,
Elijah Benton,2563758,DB,FA,Bye,,,,,,,,,,,,,,,,,,,241,0.00,
Justin Bethel,2532792,DB,NE,BUF,,,,,,,,,,,,,,,,,,0.59,242,0.00,-0.59
Julian Blackmon,2564103,DB,IND,@ARI,,,,,,,,,,,,,,,,,,,243,0.00,
Marquise Blair,2562233,DB,SEA,CHI,,,,,,,,,,,,,,,,,,,244,0.00,
Joshuah Bledsoe,2566331,DB,NE,BUF,,,,,,,,,,,,,,,,,,,245,0.00,
Briean Boddy-Calhoun,2556475,DB,TEN,SF,,,,,,,,,,,,,,,,,,0.00,246,0.00,0.0
Terrell Bonds,2563136,DB,FA,Bye,,,,,,,,,,,,,,,,,,,247,0.00,
Breon Borders,2559015,DB,ARI,IND,,,,,,,,,,,,,,,,,,0.00,248,0.00,0.0
Tre Boston,2543830,DB,FA,Bye,,,,,,,,,,,,,,,,,,,249,0.00,
A.J. Bouye,2541162,DB,CAR,TB,,,,,,,,,,,,,,,,,,,250,0.00,
Kris Boyd,2562630,DB,MIN,LA,,,,,,,,,,,,,,,,,,0.99,251,0.00,-0.99
John Brannon,2565018,DB,CIN,BAL,,,,,,,,,,,,,,,,,,0.00,252,0.00,0.0
Bashaud Breeland,2543571,DB,ARI,IND,,,,,,,,,,,,,,,,,,0.00,253,0.00,0.0
Antoine Brooks Jr.,2564967,DB,LA,@MIN,,,,,,,,,,,,,,,,,,0.00,254,0.00,0.0
Jordan Brown,2562396,DB,LV,DEN,,,,,,,,,,,,,,,,,,0.00,255,0.00,0.0
Shakur Brown,2565774,DB,FA,Bye,,,,,,,,,,,,,,,,,,,256,0.00,
Tony Brown,2560982,DB,LV,DEN,,,,,,,,,,,,,,,,,,0.00,257,0.00,0.0
Tre Brown,2566550,DB,SEA,CHI,,,,,,,,,,,,,,,,,,,258,0.00,
Terrell Burgess,2564331,DB,LA,@MIN,,,,,,,,,,,,,,,,,,0.87,259,0.00,-0.87
Eric Burrell,2565696,DB,FA,Bye,,,,,,,,,,,,,,,,,,,260,0.00,
Deante Burton,2559109,DB,FA,Bye,,,,,,,,,,,,,,,,,,,261,0.00,
Malcolm Butler,2550613,DB,FA,Bye,,,,,,,,,,,,,,,,,,,262,0.00,
Elijah Campbell,2561455,DB,MIA,@NO,,,,,,,,,,,,,,,,,,,263,0.00,
Ibraheim Campbell,2552605,DB,IND,@ARI,,,,,,,,,,,,,,,,,,,264,0.00,
Tevaughn Campbell,2562806,DB,LAC,@HOU,,,,,,,,,,,,,,,,,,0.00,265,0.00,0.0
Jamal Carter,2559321,DB,TEN,SF,,,,,,,,,,,,,,,,,,,266,0.00,
Michael Carter II,2565717,DB,NYJ,JAX,,,,,,,,,,,,,,,,,,0.00,267,0.00,0.0
Sean Chandler,2561017,DB,CAR,TB,,,,,,,,,,,,,,,,,,1.83,268,0.00,-1.83
Anthony Chesley,2563235,DB,IND,@ARI,,,,,,,,,,,,,,,,,,0.74,269,0.00,-0.74
Patrick Chung,71251,DB,FA,Bye,,,,,,,,,,,,,,,,,,,270,0.00,
Adrian Colbert,2558857,DB,CLE,@GB,,,,,,,,,,,,,,,,,,5.62,271,0.00,-5.62
Justin Coleman,2553637,DB,MIA,@NO,,,,,,,,,,,,,,,,,,0.00,272,0.00,0.0
Landon Collins,2552454,DB,WAS,@DAL,,,,,,,,,,,,,,,,,,,273,0.00,
Chris Cooper,2561429,DB,FA,Bye,,,,,,,,,,,,,,,,,,,274,0.00,
Shaun Crawford,2565642,DB,FA,Bye,,,,,,,,,,,,,,,,,,,275,0.00,
Xavier Crawford,2562515,DB,CHI,@SEA,,,,,,,,,,,,,,,,,,,276,0.00,
Keion Crossen,2561157,DB,NYG,@PHI,,,,,,,,,,,,,,,,,,0.00,277,0.00,0.0
Jordan Dangerfield,2541696,DB,FA,Bye,,,,,,,,,,,,,,,,,,,278,0.00,
DJ Daniel,2566653,DB,NE,BUF,,,,,,,,,,,,,,,,,,0.00,279,0.00,0.0
Ashtyn Davis,2564793,DB,NYJ,JAX,,,,,,,,,,,,,,,,,,0.00,280,0.00,0.0
Cody Davis,2541135,DB,NE,BUF,,,,,,,,,,,,,,,,,,0.31,281,0.00,-0.31
Jalen Davis,2561316,DB,CIN,BAL,,,,,,,,,,,,,,,,,,1.34,282,0.00,-1.34
Javaris Davis,2564265,DB,MIA,@NO,,,,,,,,,,,,,,,,,,0.00,283,0.00,0.0
Michael Davis,2559164,DB,LAC,@HOU,,,,,,,,,,,,,,,,,,8.30,284,0.00,-8.3
Sean Davis,2555386,DB,NE,BUF,,,,,,,,,,,,,,,,,,0.00,285,0.00,0.0
Duke Dawson,2561040,DB,DEN,@LV,,,,,,,,,,,,,,,,,,,286,0.00,
Stephen Denmark,2562874,DB,FA,Bye,,,,,,,,,,,,,,,,,,,287,0.00,
Pierre Desir,2543811,DB,TB,@CAR,,,,,,,,,,,,,,,,,,0.00,288,0.00,0.0
Khalil Dorsey,2565336,DB,BAL,@CIN,,,,,,,,,,,,,,,,,,,289,0.00,
Quinton Dunbar,2553796,DB,FA,Bye,,,,,,,,,,,,,,,,,,,290,0.00,
Isaiah Dunn,2565720,DB,NYJ,JAX,,,,,,,,,,,,,,,,,,2.62,291,0.00,-2.62
Nate Ebner,2535132,DB,NYG,@PHI,,,,,,,,,,,,,,,,,,,292,0.00,
Corn Elder,2558171,DB,WAS,@DAL,,,,,,,,,,,,,,,,,,0.00,293,0.00,0.0
DeShon Elliott,2560715,DB,BAL,@CIN,,,,,,,,,,,,,,,,,,,294,0.00,
Tino Ellis,2564670,DB,FA,Bye,,,,,,,,,,,,,,,,,,,295,0.00,
Deshazor Everett,2553710,DB,WAS,@DAL,,,,,,,,,,,,,,,,,,0.00,296,0.00,0.0
Brandon Facyson,2560719,DB,LV,DEN,,,,,,,,,,,,,,,,,,0.00,297,0.00,0.0
Caleb Farley,2566106,DB,TEN,SF,,,,,,,,,,,,,,,,,,,298,0.00,
Matthias Farley,2556429,DB,TEN,SF,,,,,,,,,,,,,,,,,,0.82,299,0.00,-0.82
Clayton Fejedelem,2555355,DB,MIA,@NO,,,,,,,,,,,,,,,,,,0.49,300,0.00,-0.49
Rashad Fenton,2562649,DB,KC,PIT,,,,,,,,,,,,,,,,,,0.00,301,0.00,0.0
Mark Fields,2562442,DB,FA,Bye,,,,,,,,,,,,,,,,,,,302,0.00,
Mike Ford,2561527,DB,DEN,@LV,,,,,,,,,,,,,,,,,,1.27,303,0.00,-1.27
Paris Ford,2566205,DB,FA,Bye,,,,,,,,,,,,,,,,,,,304,0.00,
Sam Franklin,2563638,DB,CAR,TB,,,,,,,,,,,,,,,,,,0.00,305,0.00,0.0
Kavon Frazier,2555536,DB,LV,DEN,,,,,,,,,,,,,,,,,,0.60,306,0.00,-0.6
Kyle Fuller,2543681,DB,DEN,@LV,,,,,,,,,,,,,,,,,,3.00,307,0.00,-3.0
Phillip Gaines,2543851,DB,FA,Bye,,,,,,,,,,,,,,,,,,,308,0.00,
Rashaan Gaulden,2560775,DB,FA,Bye,,,,,,,,,,,,,,,,,,,309,0.00,
Jake Gervase,2563306,DB,LA,@MIN,,,,,,,,,,,,,,,,,,0.00,310,0.00,0.0
Mark Gilbert,2565783,DB,DET,@ATL,,,,,,,,,,,,,,,,,,1.67,311,0.00,-1.67
Tashaun Gipson,2532848,DB,CHI,@SEA,,,,,,,,,,,,,,,,,,0.00,312,0.00,0.0
Jeff Gladney,2564541,DB,FA,Bye,,,,,,,,,,,,,,,,,,,313,0.00,
Tay Gowan,2566427,DB,PHI,NYG,,,,,,,,,,,,,,,,,,0.00,314,0.00,0.0
J.T. Gray,2561206,DB,NO,MIA,,,,,,,,,,,,,,,,,,0.00,315,0.00,0.0
A.J. Green,2563782,DB,CLE,@GB,,,,,,,,,,,,,,,,,,0.59,316,0.00,-0.59
T.J. Green,2555537,DB,HOU,LAC,,,,,,,,,,,,,,,,,,1.66,317,0.00,-1.66
Raven Greene,2561207,DB,FA,Bye,,,,,,,,,,,,,,,,,,,318,0.00,
Olaijah Griffin,2566635,DB,BUF,@NE,,,,,,,,,,,,,,,,,,0.00,319,0.00,0.0
Javon Hagan,2565219,DB,ARI,IND,,,,,,,,,,,,,,,,,,0.00,320,0.00,0.0
Nate Hairston,2558108,DB,DEN,@LV,,,,,,,,,,,,,,,,,,1.68,321,0.00,-1.68
Kemon Hall,2562975,DB,LAC,@HOU,,,,,,,,,,,,,,,,,,0.00,322,0.00,0.0
Tyler Hall,2563497,DB,LA,@MIN,,,,,,,,,,,,,,,,,,0.00,323,0.00,0.0
Damar Hamlin,2565872,DB,BUF,@NE,,,,,,,,,,,,,,,,,,0.94,324,0.00,-0.94
Saquan Hampton,2562658,DB,FA,Bye,,,,,,,,,,,,,,,,,,,325,0.00,
Harrison Hand,2564547,DB,MIN,LA,,,,,,,,,,,,,,,,,,0.53,326,0.00,-0.53
Justin Hardee,2559181,DB,NYJ,JAX,,,,,,,,,,,,,,,,,,0.00,327,0.00,0.0
Vernon Hargreaves III,2555299,DB,CIN,BAL,,,,,,,,,,,,,,,,,,0.00,328,0.00,0.0
Madre Harper,2564421,DB,CAR,TB,,,,,,,,,,,,,,,,,,0.00,329,0.00,0.0
Brontae Harris,2566217,DB,FA,Bye,,,,,,,,,,,,,,,,,,,330,0.00,
Erik Harris,2555568,DB,ATL,DET,,,,,,,,,,,,,,,,,,,331,0.00,
Tim Harris,2562949,DB,BUF,@NE,,,,,,,,,,,,,,,,,,0.00,332,0.00,0.0
Ronnie Harrison,2561008,DB,CLE,@GB,,,,,,,,,,,,,,,,,,0.00,333,0.00,0.0
J.T. Hassell,2563045,DB,FA,Bye,,,,,,,,,,,,,,,,,,,334,0.00,
Jeff Heath,2541832,DB,NO,MIA,,,,,,,,,,,,,,,,,,0.00,335,0.00,0.0
Trayvon Henderson,2561339,DB,CIN,BAL,,,,,,,,,,,,,,,,,,0.00,336,0.00,0.0
Tre Herndon,2561340,DB,JAX,@NYJ,,,,,,,,,,,,,,,,,,1.27,337,0.00,-1.27
Gavin Heslop,2565156,DB,SEA,CHI,,,,,,,,,,,,,,,,,,,338,0.00,
Troy Hill,2553536,DB,CLE,@GB,,,,,,,,,,,,,,,,,,0.00,339,0.00,0.0
Nate Hobbs,2566259,DB,LV,DEN,,,,,,,,,,,,,,,,,,9.02,340,0.00,-9.02
Alijah Holder,2562572,DB,FA,Bye,,,,,,,,,,,,,,,,,,,341,0.00,
Nate Holley,2561627,DB,FA,Bye,,,,,,,,,,,,,,,,,,,342,0.00,
Ka'dar Hollman,2562940,DB,NYG,@PHI,,,,,,,,,,,,,,,,,,,343,0.00,
Darnay Holmes,2564739,DB,NYG,@PHI,,,,,,,,,,,,,,,,,,,344,0.00,
Malik Hooker,2558060,DB,DAL,WAS,,,,,,,,,,,,,,,,,,0.00,345,0.00,0.0
Jaycee Horn,2565893,DB,CAR,TB,,,,,,,,,,,,,,,,,,,346,0.00,
Jameson Houston,2563791,DB,FA,Bye,,,,,,,,,,,,,,,,,,,347,0.00,
DeAndre Houston-Carson,2555381,DB,CHI,@SEA,,,,,,,,,,,,,,,,,,,348,0.00,
Talanoa Hufanga,2566529,DB,SF,@TEN,,,,,,,,,,,,,,,,,,0.00,349,0.00,0.0
JuJu Hughes,2564352,DB,FA,Bye,,,,,,,,,,,,,,,,,,,350,0.00,
Marlon Humphrey,2558067,DB,BAL,@CIN,,,,,,,,,,,,,,,,,,,351,0.00,
J.T. Ibe,2565570,DB,FA,Bye,,,,,,,,,,,,,,,,,,,352,0.00,
Noah Igbinoghene,2564457,DB,MIA,@NO,,,,,,,,,,,,,,,,,,0.95,353,0.00,-0.95
Adoree' Jackson,2558065,DB,NYG,@PHI,,,,,,,,,,,,,,,,,,0.00,354,0.00,0.0
Bennett Jackson,2543834,DB,FA,Bye,,,,,,,,,,,,,,,,,,,355,0.00,
Chris Jackson,2564049,DB,TEN,SF,,,,,,,,,,,,,,,,,,4.15,356,0.00,-4.15
Donte Jackson,2560753,DB,CAR,TB,,,,,,,,,,,,,,,,,,,357,0.00,
Lamar Jackson,2565513,DB,NYJ,JAX,,,,,,,,,,,,,,,,,,0.00,358,0.00,0.0
Mike Jackson,2562434,DB,SEA,CHI,,,,,,,,,,,,,,,,,,0.00,359,0.00,0.0
William Jackson,2556367,DB,WAS,@DAL,,,,,,,,,,,,,,,,,,0.00,360,0.00,0.0
Michael Jacquet,2564835,DB,JAX,@NYJ,,,,,,,,,,,,,,,,,,0.00,361,0.00,0.0
Natrell Jamerson,2560759,DB,NYG,@PHI,,,,,,,,,,,,,,,,,,0.00,362,0.00,0.0
Craig James,2561486,DB,PHI,NYG,,,,,,,,,,,,,,,,,,0.00,363,0.00,0.0
Derwin James,2560760,DB,LAC,@HOU,,,,,,,,,,,,,,,,,,10.58,364,0.00,-10.58
Shemar Jean-Charles,2566079,DB,GB,CLE,,,,,,,,,,,,,,,,,,0.00,365,0.00,0.0
Malcolm Jenkins,79848,DB,NO,MIA,,,,,,,,,,,,,,,,,,0.00,366,0.00,0.0
Rayshawn Jenkins,2558182,DB,JAX,@NYJ,,,,,,,,,,,,,,,,,,,367,0.00,
Dontae Johnson,2543739,DB,SF,@TEN,,,,,,,,,,,,,,,,,,1.56,368,0.00,-1.56
Isaiah Johnson,2562675,DB,FA,Bye,,,,,,,,,,,,,,,,,,,369,0.00,
Jamar Johnson,2566031,DB,DEN,@LV,,,,,,,,,,,,,,,,,,0.00,370,0.00,0.0
Jaquan Johnson,2562676,DB,BUF,@NE,,,,,,,,,,,,,,,,,,0.88,371,0.00,-0.88
Jaylon Johnson,2563701,DB,CHI,@SEA,,,,,,,,,,,,,,,,,,0.00,372,0.00,0.0
John Johnson,2558183,DB,CLE,@GB,,,,,,,,,,,,,,,,,,0.00,373,0.00,0.0
Kevin Johnson,2552261,DB,FA,Bye,,,,,,,,,,,,,,,,,,,374,0.00,
Lonnie Johnson,2562295,DB,HOU,LAC,,,,,,,,,,,,,,,,,,0.00,375,0.00,0.0
Chris Jones,2560767,DB,TEN,SF,,,,,,,,,,,,,,,,,,0.00,376,0.00,0.0
Jonathan Jones,2556571,DB,NE,BUF,,,,,,,,,,,,,,,,,,,377,0.00,
Josh Jones,2558119,DB,SEA,CHI,,,,,,,,,,,,,,,,,,0.88,378,0.00,-0.88
Karl Joseph,2555342,DB,PIT,@KC,,,,,,,,,,,,,,,,,,0.00,379,0.00,0.0
Lamarcus Joyner,2543492,DB,NYJ,JAX,,,,,,,,,,,,,,,,,,,380,0.00,
Jalen Julius,2564289,DB,FA,Bye,,,,,,,,,,,,,,,,,,,381,0.00,
Joshua Kalu,2560776,DB,NYG,@PHI,,,,,,,,,,,,,,,,,,,382,0.00,
Bopete Keyes,2564292,DB,CHI,@SEA,,,,,,,,,,,,,,,,,,0.00,383,0.00,0.0
Miles Killebrew,2555315,DB,PIT,@KC,,,,,,,,,,,,,,,,,,0.00,384,0.00,0.0
Kevin King,2557996,DB,GB,CLE,,,,,,,,,,,,,,,,,,0.00,385,0.00,0.0
Luther Kirk,2565304,DB,ATL,DET,,,,,,,,,,,,,,,,,,0.00,386,0.00,0.0
Dre Kirkpatrick,2533060,DB,FA,Bye,,,,,,,,,,,,,,,,,,,387,0.00,
Chris Lammons,2561226,DB,KC,PIT,,,,,,,,,,,,,,,,,,,388,0.00,
Justin Layne,2562479,DB,PIT,@KC,,,,,,,,,,,,,,,,,,0.86,389,0.00,-0.86
Deommodore Lenoir,2566535,DB,SF,@TEN,,,,,,,,,,,,,,,,,,1.42,390,0.00,-1.42
Donnie Lewis,2562910,DB,FA,Bye,,,,,,,,,,,,,,,,,,,391,0.00,
Jourdan Lewis,2557920,DB,DAL,WAS,,,,,,,,,,,,,,,,,,0.00,392,0.00,0.0
Zane Lewis,2564928,DB,NYJ,JAX,,,,,,,,,,,,,,,,,,0.00,393,0.00,0.0
Jordan Lucas,2555542,DB,FA,Bye,,,,,,,,,,,,,,,,,,,394,0.00,
Cole Luke,2558968,DB,FA,Bye,,,,,,,,,,,,,,,,,,,395,0.00,
Dylan Mabin,2563029,DB,NO,MIA,,,,,,,,,,,,,,,,,,2.22,396,0.00,-2.22
Greg Mabin,2558971,DB,TEN,SF,,,,,,,,,,,,,,,,,,3.08,397,0.00,-3.08
Iman Marshall,2562961,DB,BAL,@CIN,,,,,,,,,,,,,,,,,,0.00,398,0.00,0.0
Trey Marshall,2561370,DB,LAC,@HOU,,,,,,,,,,,,,,,,,,0.00,399,0.00,0.0
Marcus Maye,2557995,DB,NYJ,JAX,,,,,,,,,,,,,,,,,,,400,0.00,
Nick McCloud,2566638,DB,BUF,@NE,,,,,,,,,,,,,,,,,,0.00,401,0.00,0.0
Jason McCourty,89756,DB,MIA,@NO,,,,,,,,,,,,,,,,,,,402,0.00,
Bradley McDougald,2539243,DB,JAX,@NYJ,,,,,,,,,,,,,,,,,,0.00,403,0.00,0.0
Sherrick McManis,494289,DB,FA,Bye,,,,,,,,,,,,,,,,,,,404,0.00,
Torry McTyer,2559053,DB,WAS,@DAL,,,,,,,,,,,,,,,,,,,405,0.00,
Quenton Meeks,2560808,DB,FA,Bye,,,,,,,,,,,,,,,,,,,406,0.00,
Rashaan Melvin,2541200,DB,CAR,TB,,,,,,,,,,,,,,,,,,0.00,407,0.00,0.0
Josh Metellus,2564568,DB,MIN,LA,,,,,,,,,,,,,,,,,,0.80,408,0.00,-0.8
Doug Middleton,2556617,DB,SF,@TEN,,,,,,,,,,,,,,,,,,0.00,409,0.00,0.0
Jordan Miller,2562497,DB,NO,MIA,,,,,,,,,,,,,,,,,,0.00,410,0.00,0.0
Chris Milton,2556394,DB,MIA,@NO,,,,,,,,,,,,,,,,,,0.00,411,0.00,0.0
Terrance Mitchell,2543637,DB,HOU,LAC,,,,,,,,,,,,,,,,,,0.00,412,0.00,0.0
Jovante Moffatt,2563797,DB,CLE,@GB,,,,,,,,,,,,,,,,,,3.64,413,0.00,-3.64
Elijah Molden,2566115,DB,TEN,SF,,,,,,,,,,,,,,,,,,0.00,414,0.00,0.0
Joshua Moon,2563265,DB,FA,Bye,,,,,,,,,,,,,,,,,,,415,0.00,
A.J. Moore,2561538,DB,HOU,LAC,,,,,,,,,,,,,,,,,,0.00,416,0.00,0.0
C.J. Moore,2563193,DB,DET,@ATL,,,,,,,,,,,,,,,,,,2.35,417,0.00,-2.35
Tarvarius Moore,2561117,DB,SF,@TEN,,,,,,,,,,,,,,,,,,,418,0.00,
Jimmy Moreland,2562858,DB,HOU,LAC,,,,,,,,,,,,,,,,,,1.35,419,0.00,-1.35
TJ Morrison,2565651,DB,FA,Bye,,,,,,,,,,,,,,,,,,,420,0.00,
Emmanuel Moseley,2561072,DB,SF,@TEN,,,,,,,,,,,,,,,,,,0.00,421,0.00,0.0
Parnell Motley,2565237,DB,DET,@ATL,,,,,,,,,,,,,,,,,,0.00,422,0.00,0.0
Israel Mukuamu,2566013,DB,DAL,WAS,,,,,,,,,,,,,,,,,,,423,0.00,
Trayvon Mullen,2562380,DB,LV,DEN,,,,,,,,,,,,,,,,,,,424,0.00,
Eric Murray,2555173,DB,HOU,LAC,,,,,,,,,,,,,,,,,,0.00,425,0.00,0.0
Sharrod Neasman,2556443,DB,LA,@MIN,,,,,,,,,,,,,,,,,,0.00,426,0.00,0.0
Nick Nelson,2560819,DB,IND,@ARI,,,,,,,,,,,,,,,,,,,427,0.00,
Picasso Nelson,2563002,DB,FA,Bye,,,,,,,,,,,,,,,,,,,428,0.00,
Greg Newsome II,2565980,DB,CLE,@GB,,,,,,,,,,,,,,,,,,0.00,429,0.00,0.0
Michael Ojemudia,2563908,DB,DEN,@LV,,,,,,,,,,,,,,,,,,0.00,430,0.00,0.0
Jeff Okudah,2563944,DB,DET,@ATL,,,,,,,,,,,,,,,,,,,431,0.00,
Isaiah Oliver,2560830,DB,ATL,DET,,,,,,,,,,,,,,,,,,,432,0.00,
Kareem Orr,2563274,DB,LA,@MIN,,,,,,,,,,,,,,,,,,0.00,433,0.00,0.0
Amani Oruwariye,2562390,DB,DET,@ATL,,,,,,,,,,,,,,,,,,,434,0.00,
Jabrill Peppers,2557980,DB,NYG,@PHI,,,,,,,,,,,,,,,,,,,435,0.00,
Jomal Wiltz,2559283,DB,MIA,@NO,,,,,,,,,,,,,,,,,,,436,0.00,
Jordyn Peters,2565750,DB,FA,Bye,,,,,,,,,,,,,,,,,,,437,0.00,
Marcus Peters,2552488,DB,BAL,@CIN,,,,,,,,,,,,,,,,,,,438,0.00,
Kevin Peterson,2556764,DB,ARI,IND,,,,,,,,,,,,,,,,,,0.70,439,0.00,-0.7
Darius Phillips,2560839,DB,CIN,BAL,,,,,,,,,,,,,,,,,,,440,0.00,
James Pierre,2565003,DB,PIT,@KC,,,,,,,,,,,,,,,,,,1.62,441,0.00,-1.62
Brian Poole,2556445,DB,IND,@ARI,,,,,,,,,,,,,,,,,,6.48,442,0.00,-6.48
Bobby Price,2563953,DB,DET,@ATL,,,,,,,,,,,,,,,,,,0.00,443,0.00,0.0
Troy Pride,2563662,DB,CAR,TB,,,,,,,,,,,,,,,,,,,444,0.00,
Glover Quin,71441,DB,FA,Bye,,,,,,,,,,,,,,,,,,,445,0.00,
Damarious Randall,2552389,DB,FA,Bye,,,,,,,,,,,,,,,,,,,446,0.00,
Will Redmond,2555545,DB,IND,@ARI,,,,,,,,,,,,,,,,,,1.74,447,0.00,-1.74
D.J. Reed,2560850,DB,SEA,CHI,,,,,,,,,,,,,,,,,,0.00,448,0.00,0.0
J.R. Reed,2564220,DB,NYG,@PHI,,,,,,,,,,,,,,,,,,0.00,449,0.00,0.0
Elijah Riley,2564853,DB,NYJ,JAX,,,,,,,,,,,,,,,,,,0.00,450,0.00,0.0
Amik Robertson,2564430,DB,LV,DEN,,,,,,,,,,,,,,,,,,1.34,451,0.00,-1.34
Nickell Robey-Coleman,2540197,DB,DET,@ATL,,,,,,,,,,,,,,,,,,4.56,452,0.00,-4.56
Aaron Robinson,2566370,DB,NYG,@PHI,,,,,,,,,,,,,,,,,,4.79,453,0.00,-4.79
Patrick Robinson,2508084,DB,FA,Bye,,,,,,,,,,,,,,,,,,,454,0.00,
Reggie Robinson II,2563863,DB,DAL,WAS,,,,,,,,,,,,,,,,,,,455,0.00,
Tyree Robinson,2561519,DB,FA,Bye,,,,,,,,,,,,,,,,,,,456,0.00,
Robert Rochell,2566241,DB,LA,@MIN,,,,,,,,,,,,,,,,,,,457,0.00,
Winston Rose,2556670,DB,FA,Bye,,,,,,,,,,,,,,,,,,,458,0.00,
D'Angelo Ross,2563057,DB,NE,BUF,,,,,,,,,,,,,,,,,,2.04,459,0.00,-2.04
KeiVarae Russell,2555547,DB,NO,MIA,,,,,,,,,,,,,,,,,,0.00,460,0.00,0.0
Stanford Samuels III,2564022,DB,FA,Bye,,,,,,,,,,,,,,,,,,,461,0.00,
Andrew Sendejo,2525323,DB,IND,@ARI,,,,,,,,,,,,,,,,,,0.00,462,0.00,0.0
Kendall Sheffield,2562730,DB,ATL,DET,,,,,,,,,,,,,,,,,,0.88,463,0.00,-0.88
Richard Sherman,2495507,DB,TB,@CAR,,,,,,,,,,,,,,,,,,,464,0.00,
Jamien Sherwood,2565762,DB,NYJ,JAX,,,,,,,,,,,,,,,,,,,465,0.00,
LeShaun Sims,2555551,DB,FA,Bye,,,,,,,,,,,,,,,,,,,466,0.00,
Kemah Siverand,2565189,DB,FA,Bye,,,,,,,,,,,,,,,,,,,467,0.00,
Jimmy Smith,2508107,DB,BAL,@CIN,,,,,,,,,,,,,,,,,,0.00,468,0.00,0.0
Maurice Smith,2559058,DB,FA,Bye,,,,,,,,,,,,,,,,,,,469,0.00,
Ryan Smith,2555552,DB,LAC,@HOU,,,,,,,,,,,,,,,,,,,470,0.00,
Saivion Smith,2562741,DB,DET,@ATL,,,,,,,,,,,,,,,,,,0.91,471,0.00,-0.91
Tye Smith,2552449,DB,MIN,LA,,,,,,,,,,,,,,,,,,0.72,472,0.00,-0.72
Benjamin St-Juste,2566604,DB,WAS,@DAL,,,,,,,,,,,,,,,,,,,473,0.00,
Linden Stephens,2561277,DB,PIT,@KC,,,,,,,,,,,,,,,,,,0.00,474,0.00,0.0
Caden Sterns,2566040,DB,DEN,@LV,,,,,,,,,,,,,,,,,,2.88,475,0.00,-2.88
JaCoby Stevens,2566412,DB,PHI,NYG,,,,,,,,,,,,,,,,,,0.00,476,0.00,0.0
Donovan Stiner,2565795,DB,PIT,@KC,,,,,,,,,,,,,,,,,,0.00,477,0.00,0.0
Geno Stone,2563584,DB,BAL,@CIN,,,,,,,,,,,,,,,,,,0.00,478,0.00,0.0
Corey Straughter,2565636,DB,FA,Bye,,,,,,,,,,,,,,,,,,,479,0.00,
Greg Stroman,2560886,DB,FA,Bye,,,,,,,,,,,,,,,,,,,480,0.00,
Cameron Sutton,2558849,DB,PIT,@KC,,,,,,,,,,,,,,,,,,7.67,481,0.00,-7.67
D.J. Swearinger,2539943,DB,IND,@ARI,,,,,,,,,,,,,,,,,,0.00,482,0.00,0.0
Teez Tabor,2557955,DB,CHI,@SEA,,,,,,,,,,,,,,,,,,,483,0.00,
Cordrea Tankersley,2557931,DB,FA,Bye,,,,,,,,,,,,,,,,,,,484,0.00,
Shakial Taylor,2563129,DB,FA,Bye,,,,,,,,,,,,,,,,,,,485,0.00,
Roderic Teamer,2562981,DB,LV,DEN,,,,,,,,,,,,,,,,,,0.00,486,0.00,0.0
Marvell Tell,2562757,DB,IND,@ARI,,,,,,,,,,,,,,,,,,,487,0.00,
Josh Thomas,2565387,DB,BUF,@NE,,,,,,,,,,,,,,,,,,0.00,488,0.00,0.0
Stantley Thomas-Oliver,2563689,DB,CAR,TB,,,,,,,,,,,,,,,,,,0.60,489,0.00,-0.6
Deionte Thompson,2562760,DB,ARI,IND,,,,,,,,,,,,,,,,,,1.20,490,0.00,-1.2
Tariq Thompson,2566644,DB,FA,Bye,,,,,,,,,,,,,,,,,,,491,0.00,
Kenny Vaccaro,2539320,DB,FA,Bye,,,,,,,,,,,,,,,,,,,492,0.00,
Donte Vaughn,2565084,DB,FA,Bye,,,,,,,,,,,,,,,,,,,493,0.00,
Jason Verrett,2543493,DB,SF,@TEN,,,,,,,,,,,,,,,,,,,494,0.00,
Kary Vincent Jr.,2566046,DB,PHI,NYG,,,,,,,,,,,,,,,,,,0.00,495,0.00,0.0
Dee Virgin,2559274,DB,FA,Bye,,,,,,,,,,,,,,,,,,,496,0.00,
Lamont Wade,2565798,DB,FA,Bye,,,,,,,,,,,,,,,,,,,497,0.00,
Shaun Wade,2565854,DB,NE,BUF,,,,,,,,,,,,,,,,,,0.00,498,0.00,0.0
K'Von Wallace,2564871,DB,PHI,NYG,,,,,,,,,,,,,,,,,,0.68,499,0.00,-0.68
Ar'Darius Washington,2566632,DB,BAL,@CIN,,,,,,,,,,,,,,,,,,,500,0.00,
Charles Washington,2556703,DB,ARI,IND,,,,,,,,,,,,,,,,,,0.52,501,0.00,-0.52
Keith Washington,2564706,DB,FA,Bye,,,,,,,,,,,,,,,,,,,502,0.00,
Jaylen Watkins,2543707,DB,FA,Bye,,,,,,,,,,,,,,,,,,,503,0.00,
Armani Watts,2560921,DB,KC,PIT,,,,,,,,,,,,,,,,,,0.00,504,0.00,0.0
Mark Webb,2566523,DB,LAC,@HOU,,,,,,,,,,,,,,,,,,,505,0.00,
Chris Westry,2562902,DB,BAL,@CIN,,,,,,,,,,,,,,,,,,0.00,506,0.00,0.0
Brendon White,2565765,DB,FA,Bye,,,,,,,,,,,,,,,,,,,507,0.00,
Tre'Davious White,2557867,DB,BUF,@NE,,,,,,,,,,,,,,,,,,,508,0.00,
Jace Whittaker,2564955,DB,ARI,IND,,,,,,,,,,,,,,,,,,0.00,509,0.00,0.0
Chris Wilcox,2566577,DB,IND,@ARI,,,,,,,,,,,,,,,,,,0.00,510,0.00,0.0
Rachad Wildgoose,2565881,DB,NYJ,JAX,,,,,,,,,,,,,,,,,,1.78,511,0.00,-1.78
LaDarius Wiley,2563280,DB,FA,Bye,,,,,,,,,,,,,,,,,,,512,0.00,
Joejuan Williams,2562787,DB,NE,BUF,,,,,,,,,,,,,,,,,,0.00,513,0.00,0.0
Rodarius Williams,2566379,DB,NYG,@PHI,,,,,,,,,,,,,,,,,,,514,0.00,
Shawn Williams,2539233,DB,ATL,DET,,,,,,,,,,,,,,,,,,1.10,515,0.00,-1.1
Trill Williams,2565714,DB,MIA,@NO,,,,,,,,,,,,,,,,,,0.00,516,0.00,0.0
Chris Williamson,2564784,DB,FA,Bye,,,,,,,,,,,,,,,,,,,517,0.00,
Khari Willis,2562602,DB,IND,@ARI,,,,,,,,,,,,,,,,,,0.00,518,0.00,0.0
Brandon Wilson,2558786,DB,CIN,BAL,,,,,,,,,,,,,,,,,,,519,0.00,
Quincy Wilson,2557961,DB,FA,Bye,,,,,,,,,,,,,,,,,,,520,0.00,
Tavon Wilson,2534830,DB,SF,@TEN,,,,,,,,,,,,,,,,,,,521,0.00,
Antoine Winfield Jr.,2565261,DB,TB,@CAR,,,,,,,,,,,,,,,,,,0.00,522,0.00,0.0
Blidi Wreh-Wilson,2539219,DB,TB,@CAR,,,,,,,,,,,,,,,,,,0.00,523,0.00,0.0
Rock Ya-Sin,2562614,DB,IND,@ARI,,,,,,,,,,,,,,,,,,0.00,524,0.00,0.0
Isaac Yiadom,2560946,DB,GB,CLE,,,,,,,,,,,,,,,,,,0.76,525,0.00,-0.76
