PlayerName,PlayerId,Pos,Team,PlayerOpponent,TacklesTot,TacklesAst,TacklesSck,TacklesTfl,TurnoverInt,TurnoverFrcFum,TurnoverFumRec,ScoreIntTd,ScoreFumTd,ScoreBlkTd,ScoreSaf,ScoreDef2ptRet,Blk,PDef,QBHit,ReturnIntYds,ReturnFumYds,PlayerWeekProjectedPts,Rank,TotalPoints,ProjectionDiff
Carlos Dunlap,496780,DL,SEA,CHI,5,,2,1,,1,,,,,,,,1,3,,,3.07,1,21.50,18.43
Aaron Donald,2543485,DL,LA,@MIN,5,1,1,3,,1,,,,,,,,,2,,,7.44,2,20.30,12.86
Demarcus Lawrence,2543490,DL,DAL,WAS,2,,1,1,1,,,1,,,,,,1,1,40,,6.59,3,18.73,12.14
Cameron Jordan,2495184,DL,NO,MIA,4,2,2,1,,,,,,,,,,,2,,,6.25,4,14.90,8.65
William Gholston,2540176,DL,TB,@CAR,2,1,2.5,2,,,,,,,,,,,3,,,3.21,5,13.70,10.49
Emmanuel Ogbah,2555278,DL,MIA,@NO,3,2,2,1,,,,,,,,,,,3,,,4.61,6,13.70,9.09
Shelby Harris,2549926,DL,DEN,@LV,2,3,1.5,,,1,,,,,,,,,2,,,4.11,7,13.30,9.19
Josh Sweat,2560889,DL,PHI,NYG,2,2,1,,,1,,,,,,,,1,,,,4.61,8,13.00,8.39
Rasheem Green,2560998,DL,SEA,CHI,2,,2,2,,,,,,,,,,,4,,,5.26,9,12.40,7.14
Marcus Davenport,2561037,DL,NO,MIA,2,3,1,,,1,,,,,,,,,2,,,4.82,10,12.30,7.48
Daron Payne,2560834,DL,WAS,@DAL,3,2,1,2,,,,,,,,,,,1,,,6.06,11,12.20,6.14
Zach Sieler,2561129,DL,MIA,@NO,3,3,1,1,,,,,,,,,,,2,,,3.02,12,12.00,8.98
Cameron Heyward,2508109,DL,PIT,@KC,3,3,1,1,,,,,,,,,,,1,,,7.45,13,11.50,4.05
Christian Covington,2552602,DL,LAC,@HOU,3,7,,,,,,,,,,,,,,,,4.87,14,10.70,5.83
Maxx Crosby,2562439,DL,LV,DEN,3,,1,2,,,,,,,,,,,1,,,6.42,15,10.60,4.18
Kentavius Street,2560885,DL,SF,@TEN,3,,1,2,,,,,,,,,,,1,,,1.95,16,10.60,8.65
Ed Oliver,2562322,DL,BUF,@NE,3,1,1,1,,,,,,,,,,,2,,,3.85,17,10.40,6.55
Trey Hendrickson,2557943,DL,CIN,BAL,2,,1,2,,,,,,,,,,,3,,,4.95,18,9.90,4.95
Jihad Ward,2555248,DL,JAX,@NYJ,2,3,1,1,,,,,,,,,,,1,,,5.52,19,9.80,4.28
Christian Wilkins,2562782,DL,MIA,@NO,1,7,0.5,,,,,,,,,,,,3,,,5.56,20,9.80,4.24
Yetur Gross-Matos,2563641,DL,CAR,TB,2,1,,2,,,,,,,,,,1,,,,2.88,21,9.70,6.82
Harrison Phillips,2560840,DL,BUF,@NE,5,1,,,,,,,,,,,,,,,,5.14,22,9.30,4.16
Vita Vea,2560909,DL,TB,@CAR,3,,1,1,,,,,,,,,,,1,,,3.84,23,9.10,5.26
Al Woods,496881,DL,SEA,CHI,4,1,,1,,,,,,,,,,,,,,4.42,24,9.10,4.68
Jerry Tillery,2562763,DL,LAC,@HOU,2,2,1,1,,,,,,,,,,,1,,,4.78,25,9.00,4.22
Greg Gaines,2562391,DL,LA,@MIN,2,,1,2,,,,,,,,,,,1,,,6.32,26,8.90,2.58
Tershawn Wharton,2564310,DL,KC,PIT,2,,1,,,1,,,,,,,,,,,,2.55,27,8.90,6.35
Dalvin Tomlinson,2557846,DL,MIN,LA,3,,,,,,,,,,,,,1,2,,,3.06,28,8.60,5.54
Darius Philon,2552676,DL,LV,DEN,4,,,1,,,,,,,,,,,,,,,29,8.30,
Denico Autry,2550646,DL,TEN,SF,2,1,1,1,,,,,,,,,,,1,,,4.52,30,8.20,3.68
Broderick Washington,2563593,DL,BAL,@CIN,2,1,1,1,,,,,,,,,,,1,,,1.93,31,8.20,6.27
Fletcher Cox,2533051,DL,PHI,NYG,3,,,2,,,,,,,,,,,,,,4.27,32,8.10,3.83
Stephen Weatherly,2555529,DL,DEN,@LV,2,2,0.5,1,,,,,,,,,,,1,,,2.72,33,8.00,5.28
Leonard Williams,2552486,DL,NYG,@PHI,2,2,,,,,,,,,,,,1,1,,,6.06,34,8.00,1.94
Zach Allen,2562219,DL,ARI,IND,3,1,,1,,,,,,,,,,,1,,,6.69,35,7.90,1.21
Dawuane Smoot,2557839,DL,JAX,@NYJ,3,1,,1,,,,,,,,,,,1,,,5.04,36,7.90,2.86
Milton Williams,2566418,DL,PHI,NYG,2,,1,1,,,,,,,,,,,2,,,2.19,37,7.90,5.71
DaVon Hamilton,2564190,DL,JAX,@NYJ,3,3,,,,,,,,,,,,,,,,3.77,38,7.50,3.73
Isaiahh Loudermilk,2566457,DL,PIT,@KC,3,3,,,,,,,,,,,,,,,,2.21,39,7.50,5.29
Sheldon Richardson,2540142,DL,MIN,LA,2,2,,,,,,,,,,,,1,,,,5.62,40,7.50,1.88
Austin Bryant,2562240,DL,DET,@ATL,2,,1,1,,,,,,,,,,,1,,,2.74,41,7.40,4.66
Quinton Jefferson,2555358,DL,LV,DEN,2,,1,1,,,,,,,,,,,1,,,4.55,42,7.40,2.85
B.J. Hill,2560740,DL,CIN,BAL,4,,,,,,,,,,,,,,1,,,5.62,43,7.30,1.68
Isaiah Mack,2563245,DL,BAL,@CIN,1,2,1,1,,,,,,,,,,,1,,,2.78,44,7.30,4.52
Nick Bosa,2562629,DL,SF,@TEN,3,,,1,,,,,,,,,,,1,,,6.41,45,7.10,0.69
Chauncey Golston,2566007,DL,DAL,WAS,,2,0.5,,,,,,,1,,,,,1,,,2.61,46,7.10,4.49
D.J. Jones,2558265,DL,SF,@TEN,3,,,1,,,,,,,,,,,1,,,5.67,47,7.10,1.43
Poona Ford,2561195,DL,SEA,CHI,3,2,,,,,,,,,,,,,,,,4.19,48,6.70,2.51
Derek Barnett,2557984,DL,PHI,NYG,2,2,,1,,,,,,,,,,,,,,4.75,49,6.50,1.75
Braxton Hoyett,2563244,DL,NO,MIA,2,2,,1,,,,,,,,,,,,,,1.39,50,6.50,5.11
Dean Lowry,2555274,DL,GB,CLE,1,1,1,1,,,,,,,,,,,1,,,4.58,51,6.50,1.92
Benson Mayowa,2542009,DL,SEA,CHI,2,2,,1,,,,,,,,,,,,,,4.01,52,6.50,2.49
Elerson G. Smith,2566373,DL,NYG,@PHI,1,1,,,,1,,,,,,,,,1,,,,53,6.50,
Lawrence Guy,2495481,DL,NE,BUF,3,1,,,,,,,,,,,,,1,,,4.91,54,6.40,1.49
Javon Hargrave,2555239,DL,PHI,NYG,2,,,,,,,,,,,,,1,1,,,5.49,55,6.40,0.91
Alton Robinson,2565186,DL,SEA,CHI,2,,,2,,,,,,,,,,,,,,2.43,56,6.40,3.97
Matthew Ioannidis,2555240,DL,WAS,@DAL,1,2,1,,,,,,,,,,,,2,,,2.97,57,6.30,3.33
Arik Armstead,2552493,DL,SF,@TEN,2,1,,1,,,,,,,,,,,1,,,5.38,58,6.20,0.82
Sam Hubbard,2560745,DL,CIN,BAL,1,1,,,,1,,,,,,,,,,,,6.93,59,6.00,-0.93
DeMarcus Walker,2557894,DL,HOU,LAC,1,1,,,,1,,,,,,,,,,,,4.40,60,6.00,1.6
Kenny Clark,2555282,DL,GB,CLE,3,1,,,,,,,,,,,,,,,,6.12,61,5.90,-0.22
Leki Fotu,2564910,DL,ARI,IND,2,3,,,,,,,,,,,,,,,,2.15,62,5.80,3.65
DaQuan Jones,2543504,DL,CAR,TB,2,3,,,,,,,,,,,,,,,,3.96,63,5.80,1.84
Steve McLendon,2507590,DL,TB,@CAR,,1,0.5,,,1,,,,,,,,,1,,,2.27,64,5.80,3.53
Frank Clark,2552629,DL,KC,PIT,1,,1,1,,,,,,,,,,,1,,,3.82,65,5.70,1.88
Bravvion Roy,2563677,DL,CAR,TB,2,1,,1,,,,,,,,,,,,,,4.37,66,5.70,1.33
Darrell Taylor,2565198,DL,SEA,CHI,2,1,,1,,,,,,,,,,,,,,4.49,67,5.70,1.21
DeShawn Williams,2553623,DL,DEN,@LV,1,5,,,,,,,,,,,,,,,,,68,5.70,
Michael Brockers,2533050,DL,DET,@ATL,2,2,,,,,,,,,,,,,,,,4.03,69,5.00,0.97
Joe Jackson,2562432,DL,CLE,@GB,2,,,1,,,,,,,,,,,,,,1.90,70,4.90,3.0
Shy Tuttle,2563242,DL,NO,MIA,1,4,,,,,,,,,,,,,,,,4.18,71,4.90,0.72
Nick Williams,2541479,DL,DET,@ATL,2,,,1,,,,,,,,,,,,,,2.23,72,4.90,2.67
Carlos Davis,2564976,DL,PIT,@KC,1,2,,1,,,,,,,,,,,,,,1.32,73,4.80,3.48
Charles Harris,2558001,DL,DET,@ATL,1,2,,1,,,,,,,,,,,,,,7.07,74,4.80,-2.27
Christian Barmore,2566328,DL,NE,BUF,2,1,,,,,,,,,,,,,1,,,3.32,75,4.70,1.38
Adam Gotsis,2555502,DL,JAX,@NYJ,1,,,,,,,,,,,,1,,,,,2.51,76,4.70,2.19
Dre'Mont Jones,2562412,DL,DEN,@LV,2,,,,,,1,,,,,,,,,,,4.68,77,4.40,-0.28
Dorance Armstrong,2560959,DL,DAL,WAS,1,,1,,,,,,,,,,,,1,,,3.69,78,4.20,0.51
Malcom Brown,2552483,DL,JAX,@NYJ,2,1,,,,,,,,,,,,,,,,4.74,79,4.20,-0.54
Grady Jarrett,2552327,DL,ATL,DET,2,1,,,,,,,,,,,,,,,,5.98,80,4.20,-1.78
Chris Jones,2556369,DL,KC,PIT,2,1,,,,,,,,,,,,,,,,3.96,81,4.20,0.24
Al-Quadin Muhammad,2558131,DL,IND,@ARI,2,1,,,,,,,,,,,,,,,,4.52,82,4.20,-0.32
Michael Pierce,2556650,DL,MIN,LA,2,1,,,,,,,,,,,,,,,,3.30,83,4.20,0.9
Casey Toohill,2564868,DL,WAS,@DAL,2,1,,,,,,,,,,,,,,,,4.46,84,4.20,-0.26
Shamar Stephen,2543706,DL,DEN,@LV,1,3,,,,,,,,,,,,,,,,1.76,85,4.10,2.34
Morgan Fox,2556529,DL,CAR,TB,1,1,,1,,,,,,,,,,,,,,3.35,86,4.00,0.65
Bilal Nichols,2560821,DL,CHI,@SEA,1,1,0.5,,,,,,,,,,,,1,,,5.07,87,4.00,-1.07
Chris Smith,2543692,DL,HOU,LAC,1,1,0.5,,,,,,,,,,,,1,,,3.83,88,4.00,0.17
Montravius Adams,2557876,DL,PIT,@KC,2,,,,,,,,,,,,,,1,,,3.01,89,3.90,0.89
Raekwon Davis,2564445,DL,MIA,@NO,,3,0.5,,,,,,,,,,,,1,,,3.13,90,3.90,0.77
Nathan Shepherd,2560873,DL,NYJ,JAX,2,,,,,,,,,,,,,,1,,,3.25,91,3.90,0.65
D.J. Wonnum,2564583,DL,MIN,LA,1,2,,,,,,,,,,,,,1,,,5.82,92,3.80,-2.02
Yannick Ngakoue,2555421,DL,LV,DEN,1,,,1,,,,,,,,,,,1,,,4.49,93,3.70,-0.79
Greg Rousseau,2565875,DL,BUF,@NE,,,,,,,,,,,,,,1,2,,,4.66,94,3.50,-1.16
K'Lavon Chaisson,2564166,DL,JAX,@NYJ,2,,,,,,,,,,,,,,,,,6.69,95,3.40,-3.29
Daniel Ekuale,2561458,DL,NE,BUF,2,,,,,,,,,,,,,,,,,3.58,96,3.40,-0.18
Sheldon Rankins,2555242,DL,NYJ,JAX,2,,,,,,,,,,,,,,,,,3.89,97,3.40,-0.49
A'Shawn Robinson,2555265,DL,LA,@MIN,2,,,,,,,,,,,,,,,,,4.38,98,3.40,-0.98
Quincy Roche,2566466,DL,NYG,@PHI,2,,,,,,,,,,,,,,,,,3.55,99,3.40,-0.15
Anthony Rush,2563200,DL,ATL,DET,2,,,,,,,,,,,,,,,,,2.99,100,3.40,0.41
Jeffery Simmons,2562733,DL,TEN,SF,2,,,,,,,,,,,,,,,,,6.84,101,3.40,-3.44
Bryce Huff,2565510,DL,NYJ,JAX,1,2,,,,,,,,,,,,,,,,,102,3.30,
Linval Joseph,496802,DL,LAC,@HOU,1,2,,,,,,,,,,,,,,,,5.09,103,3.30,-1.79
Carl Nassib,2555270,DL,LV,DEN,1,2,,,,,,,,,,,,,,,,2.23,104,3.30,1.07
Brandon Williams,2541302,DL,BAL,@CIN,,1,,,,,,,,,,,,1,,,,4.48,105,3.30,-1.18
Sheldon Day,2555241,DL,CLE,@GB,,4,,,,,,,,,,,,,,,,3.76,106,3.20,-0.56
Angelo Blackson,2552670,DL,CHI,@SEA,1,1,,,,,,,,,,,,,1,,,4.06,107,3.00,-1.06
Myles Adams,2563620,DL,SEA,CHI,,3,,,,,,,,,,,,,1,,,1.95,108,2.90,0.95
Dante Fowler Jr.,2553431,DL,ATL,DET,,3,,,,,,,,,,,,,1,,,3.02,109,2.90,-0.12
Dexter Lawrence,2562301,DL,NYG,@PHI,1,,,,,,,,,,,,,,2,,,4.90,110,2.70,-2.2
Ross Blacklock,2564064,DL,HOU,LAC,,,,,,,,,,,,,,1,,,,2.83,111,2.50,-0.33
DeForest Buckner,2555275,DL,IND,@ARI,1,1,,,,,,,,,,,,,,,,6.43,112,2.50,-3.93
Porter Gustin,2562276,DL,CLE,@GB,1,1,,,,,,,,,,,,,,,,2.63,113,2.50,-0.13
Austin Johnson,2556368,DL,NYG,@PHI,1,1,,,,,,,,,,,,,,,,5.29,114,2.50,-2.79
Rashard Lawrence,2564922,DL,ARI,IND,1,1,,,,,,,,,,,,,,,,2.15,115,2.50,0.35
Steven Means,2541310,DL,ATL,DET,1,1,,,,,,,,,,,,,,,,4.85,116,2.50,-2.35
David Moa,2564571,DL,NYG,@PHI,1,1,,,,,,,,,,,,,,,,1.04,117,2.50,1.46
Mike Pennel,2550242,DL,ATL,DET,1,1,,,,,,,,,,,,,,,,2.23,118,2.50,0.27
Montez Sweat,2562749,DL,WAS,@DAL,1,1,,,,,,,,,,,,,,,,4.91,119,2.50,-2.41
Solomon Thomas,2558018,DL,LV,DEN,1,1,,,,,,,,,,,,,,,,3.78,120,2.50,-1.28
Armon Watts,2562773,DL,MIN,LA,1,1,,,,,,,,,,,,,,,,2.81,121,2.50,-0.31
Brian Burns,2562242,DL,CAR,TB,,3,,,,,,,,,,,,,,,,7.39,122,2.40,-4.99
Kevin Givens,2562655,DL,SF,@TEN,,3,,,,,,,,,,,,,,,,2.30,123,2.40,0.1
Davon Godchaux,2558012,DL,NE,BUF,,3,,,,,,,,,,,,,,,,6.10,124,2.40,-3.7
Marquis Haynes,2561009,DL,CAR,TB,,3,,,,,,,,,,,,,,,,1.95,125,2.40,0.45
Derrick Nnadi,2560823,DL,KC,PIT,,3,,,,,,,,,,,,,,,,2.67,126,2.40,-0.27
Randy Gregory,2552446,DL,DAL,WAS,1,,,,,,,,,,,,,,1,,,4.10,127,2.20,-1.9
Osa Odighizuwa,2566016,DL,DAL,WAS,1,,,,,,,,,,,,,,1,,,3.45,128,2.20,-1.25
Jarran Reed,2555238,DL,KC,PIT,,1,,,,,1,,,,,,,,,,10,4.90,129,2.13,-2.77
Alex Okafor,2539319,DL,KC,PIT,,2,,,,,,,,,,,,,1,,,2.56,130,2.10,-0.46
Mario Addison,2530474,DL,BUF,@NE,1,,,,,,,,,,,,,,,,,3.40,131,1.70,-1.7
Genard Avery,2560964,DL,PHI,NYG,1,,,,,,,,,,,,,,,,,3.20,132,1.70,-1.5
Justin Ellis,2543812,DL,BAL,@CIN,1,,,,,,,,,,,,,,,,,2.67,133,1.70,-0.97
Jerry Hughes,496796,DL,BUF,@NE,1,,,,,,,,,,,,,,,,,2.76,134,1.70,-1.06
Tarron Jackson,2566400,DL,PHI,NYG,1,,,,,,,,,,,,,,,,,2.20,135,1.70,-0.5
James Lynch,2564565,DL,MIN,LA,1,,,,,,,,,,,,,,,,,2.42,136,1.70,-0.72
Kahlil McKenzie,2560807,DL,BAL,@CIN,1,,,,,,,,,,,,,,,,,1.23,137,1.70,0.47
Efe Obada,2553310,DL,BUF,@NE,1,,,,,,,,,,,,,,,,,2.84,138,1.70,-1.14
Dayo Odeyingbo,2565609,DL,IND,@ARI,1,,,,,,,,,,,,,,,,,2.38,139,1.70,-0.68
Charles Omenihu,2562324,DL,SF,@TEN,1,,,,,,,,,,,,,,,,,1.88,140,1.70,-0.18
David Onyemata,2556274,DL,NO,MIA,1,,,,,,,,,,,,,,,,,4.44,141,1.70,-2.74
Kwity Paye,2565612,DL,IND,@ARI,1,,,,,,,,,,,,,,,,,4.31,142,1.70,-2.61
Hassan Ridgeway,2555514,DL,PHI,NYG,1,,,,,,,,,,,,,,,,,1.96,143,1.70,-0.26
James Smith-Williams,2565291,DL,WAS,@DAL,1,,,,,,,,,,,,,,,,,2.19,144,1.70,-0.49
Ndamukong Suh,496861,DL,TB,@CAR,1,,,,,,,,,,,,,,,,,3.22,145,1.70,-1.52
Tim Ward,2562939,DL,NYJ,JAX,1,,,,,,,,,,,,,,,,,1.99,146,1.70,-0.29
Chase Winovich,2562607,DL,NE,BUF,1,,,,,,,,,,,,,,,,,1.10,147,1.70,0.6
Albert Huggins,2562667,DL,NO,MIA,,2,,,,,,,,,,,,,,,,2.11,148,1.60,-0.51
Tyler Lancaster,2561227,DL,GB,CLE,,2,,,,,,,,,,,,,,,,3.09,149,1.60,-1.49
Robert Nkemdiche,2555336,DL,SEA,CHI,,2,,,,,,,,,,,,,,,,2.35,150,1.60,-0.75
Grover Stewart,2558766,DL,IND,@ARI,,2,,,,,,,,,,,,,,,,4.18,151,1.60,-2.58
Jonathan Allen,2557844,DL,WAS,@DAL,,1,,,,,,,,,,,,,1,,,5.89,152,1.30,-4.59
L.J. Collier,2562248,DL,SEA,CHI,,1,,,,,,,,,,,,,1,,,1.71,153,1.30,-0.41
Myles Garrett,2557965,DL,CLE,@GB,,1,,,,,,,,,,,,,1,,,6.56,154,1.30,-5.26
Malik Jackson,2532873,DL,CLE,@GB,,1,,,,,,,,,,,,,1,,,3.41,155,1.30,-2.11
Arden Key,2560779,DL,SF,@TEN,,1,,,,,,,,,,,,,1,,,4.32,156,1.30,-3.02
Ifeadi Odenigbo,2558278,DL,CLE,@GB,,1,,,,,,,,,,,,,1,,,1.17,157,1.30,0.13
Boogie Basham,2565863,DL,BUF,@NE,,1,,,,,,,,,,,,,,,,0.00,158,0.80,0.8
Derrick Brown,2563629,DL,CAR,TB,,1,,,,,,,,,,,,,,,,0.00,159,0.80,0.8
Michael Danna,2564262,DL,KC,PIT,,1,,,,,,,,,,,,,,,,1.99,160,0.80,-1.19
Henry Mondeaux,2561243,DL,PIT,@KC,,1,,,,,,,,,,,,,,,,2.93,161,0.80,-2.13
Adetokunbo Ogundeji,2565827,DL,ATL,DET,,1,,,,,,,,,,,,,,,,4.14,162,0.80,-3.34
John Penisini,2563950,DL,DET,@ATL,,1,,,,,,,,,,,,,,,,1.77,163,0.80,-0.97
Xavier Williams,2553764,DL,FA,Bye,,1,,,,,,,,,,,,,,,,,164,0.80,
Larry Ogunjobi,2557836,DL,CIN,BAL,,,,,,,,,,,,,,,1,,,,165,0.50,
McTelvin Agim,2563872,DL,DEN,@LV,,,,,,,,,,,,,,,,,,0.00,166,0.00,0.0
Tyson Alualu,496760,DL,PIT,@KC,,,,,,,,,,,,,,,,,,,167,0.00,
Auzoyah Alufohai,2564061,DL,CHI,@SEA,,,,,,,,,,,,,,,,,,0.00,168,0.00,0.0
Bradlee Anae,2563821,DL,DAL,WAS,,,,,,,,,,,,,,,,,,0.00,169,0.00,0.0
Abdullah Anderson,2561088,DL,GB,CLE,,,,,,,,,,,,,,,,,,0.00,170,0.00,0.0
Henry Anderson,2552272,DL,NE,BUF,,,,,,,,,,,,,,,,,,,171,0.00,
Eli Ankou,2559132,DL,BUF,@NE,,,,,,,,,,,,,,,,,,,172,0.00,
David Bada,2565526,DL,WAS,@DAL,,,,,,,,,,,,,,,,,,0.00,173,0.00,0.0
Allen Bailey,2495116,DL,FA,Bye,,,,,,,,,,,,,,,,,,,174,0.00,
Ben Banogu,2562229,DL,IND,@ARI,,,,,,,,,,,,,,,,,,1.11,175,0.00,-1.11
Alex Barrett,2559140,DL,SF,@TEN,,,,,,,,,,,,,,,,,,0.00,176,0.00,0.0
Vic Beasley,2552301,DL,FA,Bye,,,,,,,,,,,,,,,,,,,177,0.00,
Andrew Billings,2555267,DL,MIA,@NO,,,,,,,,,,,,,,,,,,0.00,178,0.00,0.0
Amani Bledsoe,2562859,DL,TEN,SF,,,,,,,,,,,,,,,,,,0.00,179,0.00,0.0
Joey Bosa,2555249,DL,LAC,@HOU,,,,,,,,,,,,,,,,,,0.00,180,0.00,0.0
Will Bradley-King,2566583,DL,WAS,@DAL,,,,,,,,,,,,,,,,,,0.00,181,0.00,0.0
Cortez Broughton,2562823,DL,KC,PIT,,,,,,,,,,,,,,,,,,1.31,182,0.00,-1.31
Andrew Brown,2560979,DL,LAC,@HOU,,,,,,,,,,,,,,,,,,1.34,183,0.00,-1.34
Earnest Brown IV,2566202,DL,LA,@MIN,,,,,,,,,,,,,,,,,,0.00,184,0.00,0.0
Taven Bryan,2560983,DL,JAX,@NYJ,,,,,,,,,,,,,,,,,,2.17,185,0.00,-2.17
Brandin Bryant,2556486,DL,BUF,@NE,,,,,,,,,,,,,,,,,,0.00,186,0.00,0.0
Isaiah Buggs,2562241,DL,LV,DEN,,,,,,,,,,,,,,,,,,0.00,187,0.00,0.0
Calvin Bundage,2565777,DL,FA,Bye,,,,,,,,,,,,,,,,,,,188,0.00,
Adam Butler,2558924,DL,MIA,@NO,,,,,,,,,,,,,,,,,,2.78,189,0.00,-2.78
Vernon Butler,2555243,DL,BUF,@NE,,,,,,,,,,,,,,,,,,2.00,190,0.00,-2.0
Calais Campbell,744,DL,BAL,@CIN,,,,,,,,,,,,,,,,,,4.25,191,0.00,-4.25
Ron'Dell Carter,2563833,DL,HOU,LAC,,,,,,,,,,,,,,,,,,1.49,192,0.00,-1.49
Demarcus Christmas,2562246,DL,PIT,@KC,,,,,,,,,,,,,,,,,,0.00,193,0.00,0.0
Tyler Clark,2563725,DL,WAS,@DAL,,,,,,,,,,,,,,,,,,0.00,194,0.00,0.0
Adrian Clayborn,2495140,DL,FA,Bye,,,,,,,,,,,,,,,,,,,195,0.00,
Kameron Cline,2564109,DL,IND,@ARI,,,,,,,,,,,,,,,,,,0.00,196,0.00,0.0
Jadeveon Clowney,2543456,DL,CLE,@GB,,,,,,,,,,,,,,,,,,0.00,197,0.00,0.0
Trevon Coley,2556504,DL,TEN,SF,,,,,,,,,,,,,,,,,,,198,0.00,
Maliek Collins,2555400,DL,HOU,LAC,,,,,,,,,,,,,,,,,,0.00,199,0.00,0.0
John Cominsky,2562249,DL,ATL,DET,,,,,,,,,,,,,,,,,,0.00,200,0.00,0.0
Jonathon Cooper,2566028,DL,DEN,@LV,,,,,,,,,,,,,,,,,,6.96,201,0.00,-6.96
Marquise Copeland,2562877,DL,LA,@MIN,,,,,,,,,,,,,,,,,,1.21,202,0.00,-1.21
Jashon Cornell,2563929,DL,DET,@ATL,,,,,,,,,,,,,,,,,,0.00,203,0.00,0.0
Doug Costin,2564172,DL,JAX,@NYJ,,,,,,,,,,,,,,,,,,0.00,204,0.00,0.0
Byron Cowart,2562392,DL,NE,BUF,,,,,,,,,,,,,,,,,,,205,0.00,
Jack Crawford,2532992,DL,ARI,IND,,,,,,,,,,,,,,,,,,,206,0.00,
Tyrone Crawford,2532821,DL,FA,Bye,,,,,,,,,,,,,,,,,,,207,0.00,
Vinny Curry,2532825,DL,FA,Bye,,,,,,,,,,,,,,,,,,,208,0.00,
Jalen Dalton,2563120,DL,NO,MIA,,,,,,,,,,,,,,,,,,,209,0.00,
Darrion Daniels,2565096,DL,SF,@TEN,,,,,,,,,,,,,,,,,,0.00,210,0.00,0.0
Marlon Davidson,2563479,DL,ATL,DET,,,,,,,,,,,,,,,,,,0.00,211,0.00,0.0
Khalil Davis,2565210,DL,PIT,@KC,,,,,,,,,,,,,,,,,,0.00,212,0.00,0.0
Tyeler Davison,2552329,DL,ATL,DET,,,,,,,,,,,,,,,,,,0.00,213,0.00,0.0
Matt Dickerson,2561044,DL,ARI,IND,,,,,,,,,,,,,,,,,,0.00,214,0.00,0.0
Victor Dimukeje,2566424,DL,ARI,IND,,,,,,,,,,,,,,,,,,0.48,215,0.00,-0.48
Mario Edwards,2553433,DL,CHI,@SEA,,,,,,,,,,,,,,,,,,2.10,216,0.00,-2.1
Jordan Elliott,2563779,DL,CLE,@GB,,,,,,,,,,,,,,,,,,0.00,217,0.00,0.0
A.J. Epenesa,2563605,DL,BUF,@NE,,,,,,,,,,,,,,,,,,0.00,218,0.00,0.0
Foley Fatukasi,2560722,DL,NYJ,JAX,,,,,,,,,,,,,,,,,,0.00,219,0.00,0.0
Clelin Ferrell,2562263,DL,LV,DEN,,,,,,,,,,,,,,,,,,1.98,220,0.00,-1.98
Trey Flowers,2552278,DL,DET,@ATL,,,,,,,,,,,,,,,,,,,221,0.00,
John Franklin-Myers,2560731,DL,NYJ,JAX,,,,,,,,,,,,,,,,,,0.00,222,0.00,0.0
Neville Gallimore,2563842,DL,DAL,WAS,,,,,,,,,,,,,,,,,,4.07,223,0.00,-4.07
Joe Gaziano,2565036,DL,LAC,@HOU,,,,,,,,,,,,,,,,,,0.00,224,0.00,0.0
Ryan Glasgow,2557851,DL,FA,Bye,,,,,,,,,,,,,,,,,,,225,0.00,
Brandon Graham,496788,DL,PHI,NYG,,,,,,,,,,,,,,,,,,,226,0.00,
Carl Granderson,2562273,DL,NO,MIA,,,,,,,,,,,,,,,,,,0.00,227,0.00,0.0
Jonathan Greenard,2564070,DL,HOU,LAC,,,,,,,,,,,,,,,,,,0.00,228,0.00,0.0
Everson Griffen,496790,DL,MIN,LA,,,,,,,,,,,,,,,,,,0.00,229,0.00,0.0
Justin Hamilton,2553531,DL,DEN,@LV,,,,,,,,,,,,,,,,,,0.00,230,0.00,0.0
Woodrow Hamilton,2556546,DL,NYG,@PHI,,,,,,,,,,,,,,,,,,0.00,231,0.00,0.0
Johnathan Hankins,2540147,DL,LV,DEN,,,,,,,,,,,,,,,,,,0.00,232,0.00,0.0
Jonathan Harris,2562945,DL,DEN,@LV,,,,,,,,,,,,,,,,,,0.00,233,0.00,0.0
Damon Harrison,2535718,DL,FA,Bye,,,,,,,,,,,,,,,,,,,234,0.00,
Daelin Hayes,2565842,DL,BAL,@CIN,,,,,,,,,,,,,,,,,,,235,0.00,
Bruce Hector,2561338,DL,DET,@ATL,,,,,,,,,,,,,,,,,,0.00,236,0.00,0.0
Akiem Hicks,2533433,DL,CHI,@SEA,,,,,,,,,,,,,,,,,,0.00,237,0.00,0.0
Trysten Hill,2562663,DL,DAL,WAS,,,,,,,,,,,,,,,,,,0.00,238,0.00,0.0
Jalyn Holmes,2560744,DL,NO,MIA,,,,,,,,,,,,,,,,,,0.00,239,0.00,0.0
Justin Houston,2495493,DL,BAL,@CIN,,,,,,,,,,,,,,,,,,0.00,240,0.00,0.0
Wyatt Hubert,2565950,DL,CIN,BAL,,,,,,,,,,,,,,,,,,0.00,241,0.00,0.0
Margus Hunt,2539310,DL,CHI,@SEA,,,,,,,,,,,,,,,,,,2.17,242,0.00,-2.17
Danielle Hunter,2552603,DL,MIN,LA,,,,,,,,,,,,,,,,,,,243,0.00,
Maurice Hurst,2560748,DL,SF,@TEN,,,,,,,,,,,,,,,,,,0.00,244,0.00,0.0
Kerry Hyder,2550433,DL,SEA,CHI,,,,,,,,,,,,,,,,,,0.00,245,0.00,0.0
Melvin Ingram,2532870,DL,KC,PIT,,,,,,,,,,,,,,,,,,3.56,246,0.00,-3.56
David Irving,2553805,DL,FA,Bye,,,,,,,,,,,,,,,,,,,247,0.00,
John Jenkins,2539231,DL,MIA,@NO,,,,,,,,,,,,,,,,,,0.00,248,0.00,0.0
Darryl Johnson,2562672,DL,CAR,TB,,,,,,,,,,,,,,,,,,0.00,249,0.00,0.0
Jaleel Johnson,2557845,DL,HOU,LAC,,,,,,,,,,,,,,,,,,0.00,250,0.00,0.0
P.J. Johnson,2562923,DL,LV,DEN,,,,,,,,,,,,,,,,,,0.00,251,0.00,0.0
Patrick Johnson,2566403,DL,PHI,NYG,,,,,,,,,,,,,,,,,,0.22,252,0.00,-0.22
Benito Jones,2564466,DL,MIA,@NO,,,,,,,,,,,,,,,,,,0.00,253,0.00,0.0
Justin Jones,2560769,DL,LAC,@HOU,,,,,,,,,,,,,,,,,,0.00,254,0.00,0.0
Patrick Jones II,2566307,DL,MIN,LA,,,,,,,,,,,,,,,,,,1.47,255,0.00,-1.47
Dion Jordan,2539288,DL,FA,Bye,,,,,,,,,,,,,,,,,,,256,0.00,
Sebastian Joseph-Day,2561079,DL,LA,@MIN,,,,,,,,,,,,,,,,,,,257,0.00,
Joshua Kaindoh,2566184,DL,KC,PIT,,,,,,,,,,,,,,,,,,0.00,258,0.00,0.0
Khalid Kareem,2563734,DL,CIN,BAL,,,,,,,,,,,,,,,,,,0.00,259,0.00,0.0
Kingsley Keke,2562300,DL,GB,CLE,,,,,,,,,,,,,,,,,,0.00,260,0.00,0.0
Zach Kerr,2550575,DL,ARI,IND,,,,,,,,,,,,,,,,,,0.00,261,0.00,0.0
Ryan Kerrigan,2495190,DL,PHI,NYG,,,,,,,,,,,,,,,,,,0.00,262,0.00,0.0
Javon Kinlaw,2565117,DL,SF,@TEN,,,,,,,,,,,,,,,,,,,263,0.00,
Malcolm Koonce,2566262,DL,LV,DEN,,,,,,,,,,,,,,,,,,0.00,264,0.00,0.0
Tanoh Kpassagnon,2558185,DL,NO,MIA,,,,,,,,,,,,,,,,,,,265,0.00,
Niko Lalos,2564745,DL,NYG,@PHI,,,,,,,,,,,,,,,,,,0.00,266,0.00,0.0
Austin Larkin,2561518,DL,CAR,TB,,,,,,,,,,,,,,,,,,0.00,267,0.00,0.0
Devaroe Lawrence,2559079,DL,FA,Bye,,,,,,,,,,,,,,,,,,,268,0.00,
Carl Lawson,2557901,DL,NYJ,JAX,,,,,,,,,,,,,,,,,,,269,0.00,
Jeremiah Ledbetter,2558124,DL,JAX,@NYJ,,,,,,,,,,,,,,,,,,0.00,270,0.00,0.0
Jessie Lemonier,2565057,DL,DET,@ATL,,,,,,,,,,,,,,,,,,4.62,271,0.00,-4.62
Tyquan Lewis,2560791,DL,IND,@ARI,,,,,,,,,,,,,,,,,,,272,0.00,
Star Lotulelei,2539329,DL,BUF,@NE,,,,,,,,,,,,,,,,,,0.00,273,0.00,0.0
Daylon Mack,2562308,DL,FA,Bye,,,,,,,,,,,,,,,,,,,274,0.00,
Justin Madubuike,2563563,DL,BAL,@CIN,,,,,,,,,,,,,,,,,,0.00,275,0.00,0.0
Hercules Mata'afa,2560799,DL,FA,Bye,,,,,,,,,,,,,,,,,,,276,0.00,
Dan McCullers,2550154,DL,FA,Bye,,,,,,,,,,,,,,,,,,,277,0.00,
T.Y. McGill,2553911,DL,MIN,LA,,,,,,,,,,,,,,,,,,0.00,278,0.00,0.0
R.J. McIntosh,2560806,DL,GB,CLE,,,,,,,,,,,,,,,,,,0.00,279,0.00,0.0
Bryan Mone,2562914,DL,SEA,CHI,,,,,,,,,,,,,,,,,,0.00,280,0.00,0.0
Damontre Moore,2540138,DL,CAR,TB,,,,,,,,,,,,,,,,,,0.00,281,0.00,0.0
Larrell Murchison,2564055,DL,TEN,SF,,,,,,,,,,,,,,,,,,0.00,282,0.00,0.0
Trent Murphy,2543503,DL,FA,Bye,,,,,,,,,,,,,,,,,,,283,0.00,
Bill Murray,2564625,DL,NE,BUF,,,,,,,,,,,,,,,,,,0.00,284,0.00,0.0
Rakeem Nunez-Roches,2552674,DL,TB,@CAR,,,,,,,,,,,,,,,,,,0.00,285,0.00,0.0
Pat O'Connor,2558863,DL,TB,@CAR,,,,,,,,,,,,,,,,,,,286,0.00,
Julian Okwara,2563947,DL,DET,@ATL,,,,,,,,,,,,,,,,,,0.00,287,0.00,0.0
Romeo Okwara,2556641,DL,DET,@ATL,,,,,,,,,,,,,,,,,,,288,0.00,
Walter Palmore,2563229,DL,FA,Bye,,,,,,,,,,,,,,,,,,,289,0.00,
David Parry,2552438,DL,FA,Bye,,,,,,,,,,,,,,,,,,,290,0.00,
Aaron Patrick,2565630,DL,DEN,@LV,,,,,,,,,,,,,,,,,,0.57,291,0.00,-0.57
Domata Peko Sr.,2506925,DL,FA,Bye,,,,,,,,,,,,,,,,,,,292,0.00,
Ronnie Perkins,2566340,DL,NE,BUF,,,,,,,,,,,,,,,,,,,293,0.00,
Jordan Phillips,2552492,DL,ARI,IND,,,,,,,,,,,,,,,,,,0.00,294,0.00,0.0
Jason Pierre-Paul,496843,DL,TB,@CAR,,,,,,,,,,,,,,,,,,0.00,295,0.00,0.0
Willington Previlon,2564016,DL,TB,@CAR,,,,,,,,,,,,,,,,,,0.00,296,0.00,0.0
Durval Queiroz,2562867,DL,MIA,@NO,,,,,,,,,,,,,,,,,,0.00,297,0.00,0.0
Wyatt Ray,2562709,DL,CIN,BAL,,,,,,,,,,,,,,,,,,0.00,298,0.00,0.0
D.J. Reader,2555388,DL,CIN,BAL,,,,,,,,,,,,,,,,,,0.00,299,0.00,0.0
Caraun Reid,2543748,DL,LAC,@HOU,,,,,,,,,,,,,,,,,,0.00,300,0.00,0.0
Sam Renner,2564391,DL,FA,Bye,,,,,,,,,,,,,,,,,,,301,0.00,
Derek Rivers,2558040,DL,HOU,LAC,,,,,,,,,,,,,,,,,,0.00,302,0.00,0.0
Malcolm Roach,2564688,DL,NO,MIA,,,,,,,,,,,,,,,,,,0.00,303,0.00,0.0
Max Roberts,2566238,DL,FA,Bye,,,,,,,,,,,,,,,,,,,304,0.00,
Janarius Robinson,2566316,DL,MIN,LA,,,,,,,,,,,,,,,,,,,305,0.00,
Isaac Rochell,2557860,DL,IND,@ARI,,,,,,,,,,,,,,,,,,1.81,306,0.00,-1.81
Daniel Ross,2559240,DL,FA,Bye,,,,,,,,,,,,,,,,,,,307,0.00,
Cameron Sample,2565959,DL,CIN,BAL,,,,,,,,,,,,,,,,,,2.12,308,0.00,-2.12
Khalen Saunders,2562723,DL,KC,PIT,,,,,,,,,,,,,,,,,,,309,0.00,
Deadrin Senat,2560869,DL,FA,Bye,,,,,,,,,,,,,,,,,,,310,0.00,
Tim Settle,2560871,DL,WAS,@DAL,,,,,,,,,,,,,,,,,,1.85,311,0.00,-1.85
Jabaal Sheard,2495228,DL,FA,Bye,,,,,,,,,,,,,,,,,,,312,0.00,
Danny Shelton,2552325,DL,NYG,@PHI,,,,,,,,,,,,,,,,,,2.40,313,0.00,-2.4
John Simon,2539280,DL,PIT,@KC,,,,,,,,,,,,,,,,,,1.90,314,0.00,-1.9
Deyon Sizer,2563254,DL,FA,Bye,,,,,,,,,,,,,,,,,,,315,0.00,
Chris Slayton,2562735,DL,SF,@TEN,,,,,,,,,,,,,,,,,,0.00,316,0.00,0.0
Tanzel Smart,2558199,DL,NYJ,JAX,,,,,,,,,,,,,,,,,,0.00,317,0.00,0.0
Aldon Smith,2495487,DL,FA,Bye,,,,,,,,,,,,,,,,,,,318,0.00,
Akeem Spence,2540201,DL,DEN,@LV,,,,,,,,,,,,,,,,,,0.00,319,0.00,0.0
Marquiss Spencer,2566037,DL,DEN,@LV,,,,,,,,,,,,,,,,,,0.00,320,0.00,0.0
Damion Square,2540003,DL,LV,DEN,,,,,,,,,,,,,,,,,,4.13,321,0.00,-4.13
Taylor Stallworth,2560882,DL,IND,@ARI,,,,,,,,,,,,,,,,,,2.64,322,0.00,-2.64
Kevin Strong,2563197,DL,TEN,SF,,,,,,,,,,,,,,,,,,1.84,323,0.00,-1.84
Jason Strowbridge,2564496,DL,FA,Bye,,,,,,,,,,,,,,,,,,,324,0.00,
Jullian Taylor,2561078,DL,FA,Bye,,,,,,,,,,,,,,,,,,,325,0.00,
Vincent Taylor,2558017,DL,HOU,LAC,,,,,,,,,,,,,,,,,,,326,0.00,
Shaka Toney,2566607,DL,WAS,@DAL,,,,,,,,,,,,,,,,,,1.50,327,0.00,-1.5
Jacob Tuioti-Mariner,2561282,DL,CAR,TB,,,,,,,,,,,,,,,,,,0.00,328,0.00,0.0
Stephon Tuitt,2543483,DL,PIT,@KC,,,,,,,,,,,,,,,,,,,329,0.00,
Josh Tupou,2559003,DL,CIN,BAL,,,,,,,,,,,,,,,,,,1.35,330,0.00,-1.35
Kemoko Turay,2560905,DL,IND,@ARI,,,,,,,,,,,,,,,,,,0.00,331,0.00,0.0
Payton Turner,2566355,DL,NO,MIA,,,,,,,,,,,,,,,,,,,332,0.00,
Brent Urban,2543765,DL,DAL,WAS,,,,,,,,,,,,,,,,,,,333,0.00,
Kendal Vickers,2561416,DL,LV,DEN,,,,,,,,,,,,,,,,,,0.00,334,0.00,0.0
Carlos Watkins,2557877,DL,DAL,WAS,,,,,,,,,,,,,,,,,,3.26,335,0.00,-3.26
J.J. Watt,2495488,DL,ARI,IND,,,,,,,,,,,,,,,,,,0.00,336,0.00,0.0
Rashad Weaver,2566124,DL,TEN,SF,,,,,,,,,,,,,,,,,,,337,0.00,
Chris Williams,2564154,DL,IND,@ARI,,,,,,,,,,,,,,,,,,1.25,338,0.00,-1.25
Quinnen Williams,2562599,DL,NYJ,JAX,,,,,,,,,,,,,,,,,,0.00,339,0.00,0.0
Raequan Williams,2564883,DL,PHI,NYG,,,,,,,,,,,,,,,,,,0.00,340,0.00,0.0
Sylvester Williams,2539270,DL,FA,Bye,,,,,,,,,,,,,,,,,,,341,0.00,
Rob Windsor,2564157,DL,IND,@ARI,,,,,,,,,,,,,,,,,,,342,0.00,
Daniel Wise,2562608,DL,WAS,@DAL,,,,,,,,,,,,,,,,,,,343,0.00,
Deatrich Wise,2558000,DL,NE,BUF,,,,,,,,,,,,,,,,,,0.00,344,0.00,0.0
Derek Wolfe,2533026,DL,BAL,@CIN,,,,,,,,,,,,,,,,,,,345,0.00,
Antwaun Woods,2556792,DL,IND,@ARI,,,,,,,,,,,,,,,,,,,346,0.00,
Chris Wormley,2557862,DL,PIT,@KC,,,,,,,,,,,,,,,,,,0.00,347,0.00,0.0
Renell Wren,2562612,DL,CIN,BAL,,,,,,,,,,,,,,,,,,0.00,348,0.00,0.0
Chase Young,2565294,DL,WAS,@DAL,,,,,,,,,,,,,,,,,,,349,0.00,
Justin Zimmer,2556716,DL,BUF,@NE,,,,,,,,,,,,,,,,,,,350,0.00,
