PlayerName,PlayerId,Pos,Team,PlayerOpponent,PassingYDS,PassingTD,PassingInt,RushingYDS,RushingTD,ReceivingRec,ReceivingYDS,ReceivingTD,RetTD,FumTD,2PT,Fum,PlayerWeekProjectedPts,Rank,TotalPoints,ProjectionDiff
Joe Burrow,2563722,QB,CIN,BAL,525,4,,11,,,,,,,,,17.40,1,38.10,20.7
Josh Allen,2560955,QB,BUF,@NE,314,3,,64,,,,,,,,,19.94,2,30.96,11.02
Dak Prescott,2555260,QB,DAL,WAS,330,4,,21,,,,,,,,1,18.75,3,29.30,10.55
Zach Wilson,2566391,QB,NYJ,JAX,102,1,,91,1,,,,,,,,13.22,4,23.18,9.96
Patrick Mahomes,2558125,QB,KC,PIT,258,3,,,,,,,,,,1,20.53,5,20.32,-0.21
Aaron Rodgers,2506363,QB,GB,CLE,202,3,,-1,,,,,,,,,20.37,6,19.98,-0.39
Kyler Murray,2562382,QB,ARI,IND,245,1,,74,,,7,,,,,2,17.72,7,19.90,2.18
Josh Johnson,264,QB,BAL,@CIN,304,2,1,10,,,,,,,,2,14.60,8,18.73,4.13
Davis Mills,2566136,QB,HOU,LAC,254,2,,-1,,,,,,,,,13.22,9,18.06,4.84
Carson Wentz,2555259,QB,IND,@ARI,225,2,,4,,,,,,,,,15.33,10,17.40,2.07
Justin Herbert,2565045,QB,LAC,@HOU,336,1,2,15,,,,,,,1,,21.27,11,16.94,-4.33
Russell Wilson,2532975,QB,SEA,CHI,181,2,,13,,,,,,,,,16.53,12,16.54,0.01
Nick Foles,2532842,QB,CHI,@SEA,250,1,,8,,,,,,,1,1,12.77,13,14.80,2.03
Jalen Hurts,2564832,QB,PHI,NYG,199,2,,7,,,,,,,,1,20.41,14,14.66,-5.75
Ryan Tannehill,2532956,QB,TEN,SF,209,1,,22,,,,,,,,,16.73,15,14.56,-2.17
Tom Brady,2504211,QB,TB,@CAR,232,1,,11,,,,,,,,,18.00,16,14.38,-3.62
Jimmy Garoppolo,2543801,QB,SF,@TEN,322,1,2,3,,,,,,,,,16.84,17,13.18,-3.66
Matt Ryan,310,QB,ATL,DET,215,1,,5,,,,,,,,,18.59,18,13.10,-5.49
Kirk Cousins,2532820,QB,MIN,LA,315,1,1,17,,,,,,,,3,16.79,19,11.23,-5.56
Trevor Lawrence,2566163,QB,JAX,@NYJ,280,,,37,,,,,,,,2,13.15,20,10.90,-2.25
Baker Mayfield,2560800,QB,CLE,@GB,222,2,4,11,,,,,,,,,,21,9.98,
Tim Boyle,2561187,QB,DET,@ATL,187,1,1,,,,,,,,,,13.35,22,9.48,-3.87
Derek Carr,2543499,QB,LV,DEN,201,1,1,5,,,,,,,,1,17.21,23,8.54,-8.67
Tua Tagovailoa,2564499,QB,MIA,@NO,198,1,1,1,,,,,,,,1,16.16,24,8.02,-8.14
Sam Darnold,2561036,QB,CAR,TB,190,,,11,,,,,,,,1,1.84,25,7.70,5.86
Drew Lock,2562305,QB,DEN,@LV,153,,,10,,,,,,,,,14.64,26,7.12,-7.52
Mike Glennon,2539275,QB,NYG,@PHI,93,1,1,11,,,,,,,,,0.63,27,6.82,6.19
Cooper Rush,2559242,QB,DAL,WAS,70,1,,,,,,,,,,,1.58,28,6.80,5.22
Kyle Allen,2561177,QB,WAS,@DAL,67,1,,,,,,,,,,,0.47,29,6.68,6.21
Ben Roethlisberger,2506109,QB,PIT,@KC,159,1,1,,,,,,,,,1,15.85,30,6.36,-9.49
Matthew Stafford,79860,QB,LA,@MIN,197,1,3,8,,,,,,,,1,18.40,31,5.68,-12.72
Taylor Heinicke,2553656,QB,WAS,@DAL,121,1,2,-1,,,,,,,,,14.27,32,4.74,-9.53
Cam Newton,2495455,QB,CAR,TB,61,,1,42,,,,,,,,,16.56,33,4.64,-11.92
Mason Rudolph,2560860,QB,PIT,@KC,35,,,17,,,,,,,,,0.64,34,3.10,2.46
Mac Jones,2566334,QB,NE,BUF,145,,2,33,,,,,,,,1,13.65,35,3.03,-10.62
Ian Book,2566352,QB,NO,MIA,135,,2,6,,,,,,,,,14.52,36,2.00,-12.52
Brandon Allen,2555365,QB,CIN,BAL,,,,,,,,,,,,,0.97,37,0.00,-0.97
Kenji Bahar,2566608,QB,FA,Bye,,,,,,,,,,,,,,38,0.00,
Matt Barkley,2539308,QB,ATL,DET,,,,,,,,,,,,,0.00,39,0.00,0.0
C.J. Beathard,2557922,QB,JAX,@NYJ,,,,,,,,,,,,,0.97,40,0.00,-0.97
Kurt Benkert,2560974,QB,GB,CLE,,,,,,,,,,,,,0.00,41,0.00,0.0
David Blough,2563043,QB,DET,@ATL,,,,,,,,,,,,,0.57,42,0.00,-0.57
Blake Bortles,2543477,QB,NO,MIA,,,,,,,,,,,,,0.84,43,0.00,-0.84
Drew Brees,2504775,QB,FA,Bye,,,,,,,,,,,,,,44,0.00,
Teddy Bridgewater,2543465,QB,DEN,@LV,,,,,,,,,,,,,,45,0.00,
Jacoby Brissett,2555261,QB,MIA,@NO,,,,,,,,,,,,,1.03,46,0.00,-1.03
Jake Browning,2562634,QB,CIN,BAL,,,,,,,,,,,,,0.00,47,0.00,0.0
Shane Buechele,2566983,QB,KC,PIT,,,,,,,,,,,,,0.00,48,0.00,0.0
Andy Dalton,2495143,QB,CHI,@SEA,,,,,,,,,,,,,0.00,49,0.00,0.0
Chase Daniel,81284,QB,LAC,@HOU,,,,,,,,,,,,,0.00,50,0.00,0.0
Ben DiNucci,2563839,QB,DAL,WAS,,,,,,,,,,,,,0.00,51,0.00,0.0
Joshua Dobbs,2558167,QB,PIT,@KC,,,,,,,,,,,,,,52,0.00,
Jeff Driskel,2555262,QB,HOU,LAC,,,,,,,,,,,,,,53,0.00,
Jacob Eason,2564115,QB,SEA,CHI,,,,,,,,,,,,,0.00,54,0.00,0.0
Sam Ehlinger,2566142,QB,IND,@ARI,,,,,,,,,,,,,1.12,55,0.00,-1.12
Danny Etling,2560717,QB,JAX,@NYJ,,,,,,,,,,,,,0.00,56,0.00,0.0
Justin Fields,2565920,QB,CHI,@SEA,,,,,,,,,,,,,0.00,57,0.00,0.0
Ryan Finley,2562651,QB,FA,Bye,,,,,,,,,,,,,,58,0.00,
Ryan Fitzpatrick,2506581,QB,WAS,@DAL,,,,,,,,,,,,,,59,0.00,
Joe Flacco,382,QB,NYJ,JAX,,,,,,,,,,,,,0.00,60,0.00,0.0
Feleipe Franks,2566683,QB,ATL,DET,,,,,,,,,,,,,0.49,61,0.00,-0.49
Blaine Gabbert,2495441,QB,TB,@CAR,,,,,,,,,,,,,2.21,62,0.00,-2.21
Garrett Gilbert,2549982,QB,WAS,@DAL,,,,,,,,,,,,,0.00,63,0.00,0.0
Jared Goff,2555334,QB,DET,@ATL,,,,,,,,,,,,,0.00,64,0.00,0.0
Anthony Gordon,2565153,QB,DEN,@LV,,,,,,,,,,,,,0.00,65,0.00,0.0
Will Grier,2562404,QB,DAL,WAS,,,,,,,,,,,,,,66,0.00,
Ryan Griffin,2541185,QB,TB,@CAR,,,,,,,,,,,,,0.00,67,0.00,0.0
Dwayne Haskins,2562660,QB,PIT,@KC,,,,,,,,,,,,,0.00,68,0.00,0.0
Taysom Hill,2558954,QB,NO,MIA,,,,,,,,,,,,,0.00,69,0.00,0.0
Devlin Hodges,2563258,QB,FA,Bye,,,,,,,,,,,,,,70,0.00,
Brian Hoyer,81294,QB,NE,BUF,,,,,,,,,,,,,0.44,71,0.00,-0.44
Brett Hundley,2552588,QB,IND,@ARI,,,,,,,,,,,,,0.00,72,0.00,0.0
Tyler Huntley,2563560,QB,BAL,@CIN,,,,,,,,,,,,,0.00,73,0.00,0.0
Lamar Jackson,2560757,QB,BAL,@CIN,,,,,,,,,,,,,0.00,74,0.00,0.0
Daniel Jones,2562299,QB,NYG,@PHI,,,,,,,,,,,,,,75,0.00,
Colin Kaepernick,2495186,QB,FA,Bye,,,,,,,,,,,,,,76,0.00,
Case Keenum,2532888,QB,CLE,@GB,,,,,,,,,,,,,0.47,77,0.00,-0.47
DeShone Kizer,2557983,QB,FA,Bye,,,,,,,,,,,,,,78,0.00,
Trey Lance,2566532,QB,SF,@TEN,,,,,,,,,,,,,0.71,79,0.00,-0.71
Kyle Lauletta,2560786,QB,FA,Bye,,,,,,,,,,,,,,80,0.00,
Jordan Love,2564007,QB,GB,CLE,,,,,,,,,,,,,1.15,81,0.00,-1.15
Jake Luton,2564205,QB,MIA,@NO,,,,,,,,,,,,,0.00,82,0.00,0.0
Sean Mannion,2552576,QB,MIN,LA,,,,,,,,,,,,,0.00,83,0.00,0.0
Marcus Mariota,2552466,QB,LV,DEN,,,,,,,,,,,,,0.00,84,0.00,0.0
AJ McCarron,2543497,QB,ATL,DET,,,,,,,,,,,,,,85,0.00,
Josh McCown,2505076,QB,FA,Bye,,,,,,,,,,,,,,86,0.00,
Colt McCoy,497123,QB,ARI,IND,,,,,,,,,,,,,1.50,87,0.00,-1.5
Cole McDonald,2564052,QB,FA,Bye,,,,,,,,,,,,,,88,0.00,
Alex McGough,2561148,QB,FA,Bye,,,,,,,,,,,,,,89,0.00,
Trace McSorley,2562403,QB,ARI,IND,,,,,,,,,,,,,0.00,90,0.00,0.0
Gardner Minshew,2562796,QB,PHI,NYG,,,,,,,,,,,,,1.07,91,0.00,-1.07
Kellen Mond,2566310,QB,MIN,LA,,,,,,,,,,,,,1.15,92,0.00,-1.15
Steven Montez,2565285,QB,DET,@ATL,,,,,,,,,,,,,0.00,93,0.00,0.0
Matt Moore,2507282,QB,FA,Bye,,,,,,,,,,,,,,94,0.00,
James Morgan,2564805,QB,IND,@ARI,,,,,,,,,,,,,0.00,95,0.00,0.0
Jalen Morton,2564013,QB,FA,Bye,,,,,,,,,,,,,,96,0.00,
Nick Mullens,2558979,QB,CLE,@GB,,,,,,,,,,,,,0.00,97,0.00,0.0
Jamie Newman,2567058,QB,FA,Bye,,,,,,,,,,,,,,98,0.00,
Bryce Perkins,2564382,QB,LA,@MIN,,,,,,,,,,,,,0.00,99,0.00,0.0
Nathan Peterman,2558191,QB,LV,DEN,,,,,,,,,,,,,0.00,100,0.00,0.0
Philip Rivers,2506121,QB,FA,Bye,,,,,,,,,,,,,,101,0.00,
Josh Rosen,2560858,QB,ATL,DET,,,,,,,,,,,,,0.00,102,0.00,0.0
Jake Rudock,2556232,QB,FA,Bye,,,,,,,,,,,,,,103,0.00,
Brett Rypien,2562718,QB,DEN,@LV,,,,,,,,,,,,,1.08,104,0.00,-1.08
Matt Schaub,2505982,QB,FA,Bye,,,,,,,,,,,,,,105,0.00,
Kyle Shurmur,2562731,QB,FA,Bye,,,,,,,,,,,,,,106,0.00,
Trevor Siemian,2553457,QB,NO,MIA,,,,,,,,,,,,,0.00,107,0.00,0.0
Reid Sinnett,2565255,QB,PHI,NYG,,,,,,,,,,,,,0.00,108,0.00,0.0
Alex Smith,2506340,QB,FA,Bye,,,,,,,,,,,,,,109,0.00,
Geno Smith,2539335,QB,SEA,CHI,,,,,,,,,,,,,0.97,110,0.00,-0.97
Nate Stanley,2564577,QB,MIN,LA,,,,,,,,,,,,,,111,0.00,
Drew Stanton,2495748,QB,FA,Bye,,,,,,,,,,,,,,112,0.00,
Tommy Stevens,2564697,QB,FA,Bye,,,,,,,,,,,,,,113,0.00,
Easton Stick,2562745,QB,LAC,@HOU,,,,,,,,,,,,,1.26,114,0.00,-1.26
Jarrett Stidham,2562746,QB,NE,BUF,,,,,,,,,,,,,0.00,115,0.00,0.0
Chris Streveler,2563458,QB,BAL,@CIN,,,,,,,,,,,,,0.00,116,0.00,0.0
Nate Sudfeld,2555427,QB,SF,@TEN,,,,,,,,,,,,,0.00,117,0.00,0.0
Tyrod Taylor,2495240,QB,HOU,LAC,,,,,,,,,,,,,0.74,118,0.00,-0.74
Clayton Thorson,2562762,QB,NYG,@PHI,,,,,,,,,,,,,0.00,119,0.00,0.0
Kyle Trask,2566571,QB,TB,@CAR,,,,,,,,,,,,,0.00,120,0.00,0.0
Mitchell Trubisky,2558008,QB,BUF,@NE,,,,,,,,,,,,,0.50,121,0.00,-0.5
P.J. Walker,2558904,QB,CAR,TB,,,,,,,,,,,,,0.00,122,0.00,0.0
Deshaun Watson,2558063,QB,HOU,LAC,,,,,,,,,,,,,0.00,123,0.00,0.0
Davis Webb,2557897,QB,BUF,@NE,,,,,,,,,,,,,0.00,124,0.00,0.0
Mike White,2560929,QB,NYJ,JAX,,,,,,,,,,,,,0.34,125,0.00,-0.34
Jameis Winston,2552033,QB,NO,MIA,,,,,,,,,,,,,,126,0.00,
John Wolford,2561718,QB,LA,@MIN,,,,,,,,,,,,,1.30,127,0.00,-1.3
Logan Woodside,2560942,QB,TEN,SF,,,,,,,,,,,,,0.85,128,0.00,-0.85
Jake Fromm,2563608,QB,NYG,@PHI,25,,1,12,,,,,,,,1,14.40,129,-1.80,-16.2
Chad Henne,252,QB,KC,PIT,,,,,,,,,,,,2,0.39,130,-2.20,-2.59
