PlayerName,PlayerId,Pos,Team,PlayerOpponent,TacklesTot,TacklesAst,TacklesSck,TacklesTfl,TurnoverInt,TurnoverFrcFum,TurnoverFumRec,ScoreIntTd,ScoreFumTd,ScoreBlkTd,ScoreSaf,ScoreDef2ptRet,Blk,PDef,QBHit,ReturnIntYds,ReturnFumYds,Rank,TotalPoints
Cameron Jordan,2495184,DL,NO,CAR,6,2,3.5,3,,,,,,,,,,,3,,,1,24.80
Jadeveon Clowney,2543456,DL,CLE,@PIT,4,2,2,1,,1,,,,,,,,,2,,,2,18.40
Josh Sweat,2560889,DL,PHI,@WAS,3,2,1.5,1,,,,,,,,,,2,2,,,3,17.20
Cameron Heyward,2508109,DL,PIT,CLE,4,,1,1,,,,,,,,,,2,2,,,4,16.30
Chris Jones,2556369,DL,KC,@CIN,4,,2,2,,,,,,,,,,,3,,,5,15.30
Christian Wilkins,2562782,DL,MIA,@TEN,6,4,,1,,,,,,,,,,,,,,6,14.90
Angelo Blackson,2552670,DL,CHI,NYG,3,,1,2,,,,,,,1,,,,1,,,7,14.60
Darius Philon,2552676,DL,LV,@IND,6,2,,,,,,,,,,,,1,,,,8,14.30
Dorance Armstrong,2560959,DL,DAL,ARI,3,2,1,1,,,,,,,,,,1,2,,,9,13.70
DeForest Buckner,2555275,DL,IND,LV,4,4,0.5,1,,,,,,,,,,,2,,,10,13.50
Aaron Donald,2543485,DL,LA,@BAL,3,2,0.5,1,,1,,,,,,,,,1,,,11,13.20
Greg Rousseau,2565875,DL,BUF,ATL,3,,1,1,,1,,,,,,,,,1,,,12,12.60
A'Shawn Robinson,2555265,DL,LA,@BAL,4,2,1,1,,,,,,,,,,,1,,,13,12.40
Jonathan Harris,2562945,DL,DEN,@LAC,5,3,,,,,,,,,,,,,1,,,14,11.40
Arik Armstead,2552493,DL,SF,HOU,3,5,0.5,,,,,,,,,,,,1,,,15,10.60
Derrick Brown,2563629,DL,CAR,@NO,3,,1,2,,,,,,,,,,,1,,,16,10.60
Jerry Tillery,2562763,DL,LAC,DEN,2,2,1,2,,,,,,,,,,,1,,,17,10.50
Harrison Phillips,2560840,DL,BUF,ATL,1,3,1,1,,,1,,,,,,,,3,,,18,10.10
Foley Fatukasi,2560722,DL,NYJ,TB,4,,,2,,,,,,,,,,,,,,19,9.80
Bilal Nichols,2560821,DL,CHI,NYG,2,2,,,,,1,,,,,,,1,1,,12,20,9.40
Denico Autry,2550646,DL,TEN,MIA,3,,1,1,,,,,,,,,,,1,,,21,9.10
Zach Sieler,2561129,DL,MIA,@TEN,3,5,,,,,,,,,,,,,,,,22,9.10
Joey Bosa,2555249,DL,LAC,DEN,3,3,,1,,,,,,,,,,,,,,23,9.00
Austin Bryant,2562240,DL,DET,@SEA,2,2,1,1,,,,,,,,,,,1,,,24,9.00
Ed Oliver,2562322,DL,BUF,ATL,2,2,1,1,,,,,,,,,,,1,,,25,9.00
Randy Gregory,2552446,DL,DAL,ARI,3,2,,1,,,,,,,,,,,1,,,26,8.70
Leonard Williams,2552486,DL,NYG,@CHI,2,6,,,,,,,,,,,,,1,,,27,8.70
Larry Ogunjobi,2557836,DL,CIN,KC,3,1,,1,,,,,,,,,,,2,,,28,8.40
Austin Johnson,2556368,DL,NYG,@CHI,4,1,,,,,,,,,,,,,1,,,29,8.10
Jarran Reed,2555238,DL,KC,@CIN,1,2,1,1,,,,,,,,,,,2,,,30,7.80
DaVon Hamilton,2564190,DL,JAX,@NE,4,1,,,,,,,,,,,,,,,,31,7.60
Steven Means,2541310,DL,ATL,@BUF,4,1,,,,,,,,,,,,,,,,32,7.60
James Lynch,2564565,DL,MIN,@GB,3,1,,1,,,,,,,,,,,,,,33,7.40
Henry Mondeaux,2561243,DL,PIT,CLE,2,,1,1,,,,,,,,,,,1,,,34,7.40
Genard Avery,2560964,DL,PHI,@WAS,1,2,1,1,,,,,,,,,,,1,,,35,7.30
Christian Barmore,2566328,DL,NE,JAX,1,2,1,1,,,,,,,,,,,1,,,36,7.30
Calais Campbell,744,DL,BAL,LA,4,,,,,,,,,,,,,,1,,,37,7.30
Javon Hargrave,2555239,DL,PHI,@WAS,2,3,,1,,,,,,,,,,,,,,38,7.30
Arden Key,2560779,DL,SF,HOU,1,,1,1,,,,,,,,,,,4,,,39,7.20
Yannick Ngakoue,2555421,DL,LV,@IND,1,,1,1,,,,,,,,,,,4,,,40,7.20
Sheldon Richardson,2540142,DL,MIN,@GB,2,1,,1,,,,,,,,,,,2,,,41,6.70
Frank Clark,2552629,DL,KC,@CIN,1,1,1,1,,,,,,,,,,,1,,,42,6.50
Fletcher Cox,2533051,DL,PHI,@WAS,2,2,0.5,,,,,,,,,,,,1,,,43,6.50
Shy Tuttle,2563242,DL,NO,CAR,2,2,,1,,,,,,,,,,,,,,44,6.50
Jonathan Allen,2557844,DL,WAS,PHI,2,3,,,,,,,,,,,,,1,,,45,6.30
Dante Fowler Jr.,2553431,DL,ATL,@BUF,2,1,,1,,,,,,,,,,,1,,,46,6.20
Julian Okwara,2563947,DL,DET,@SEA,2,1,,1,,,,,,,,,,,1,,,47,6.20
Darrell Taylor,2565198,DL,SEA,DET,2,1,,1,,,,,,,,,,,1,,,48,6.20
Yetur Gross-Matos,2563641,DL,CAR,@NO,3,1,,,,,,,,,,,,,,,,49,5.90
Casey Toohill,2564868,DL,WAS,PHI,3,1,,,,,,,,,,,,,,,,50,5.90
Sam Hubbard,2560745,DL,CIN,KC,2,3,,,,,,,,,,,,,,,,51,5.80
Grady Jarrett,2552327,DL,ATL,@BUF,2,3,,,,,,,,,,,,,,,,52,5.80
Bryan Mone,2562914,DL,SEA,DET,1,2,,,,,,,,,,,,1,,,,53,5.80
Mario Addison,2530474,DL,BUF,ATL,1,,1,1,,,,,,,,,,,1,,,54,5.70
Christian Covington,2552602,DL,LAC,DEN,2,1,,1,,,,,,,,,,,,,,55,5.70
Quincy Roche,2566466,DL,NYG,@CHI,2,1,,1,,,,,,,,,,,,,,56,5.70
Armon Watts,2562773,DL,MIN,@GB,1,5,,,,,,,,,,,,,,,,57,5.70
Zach Allen,2562219,DL,ARI,@DAL,1,1,,,,,,,,,,,,1,1,,,58,5.50
Adam Gotsis,2555502,DL,JAX,@NE,1,1,,,,,,,,,,,1,,,,,59,5.50
Kwity Paye,2565612,DL,IND,LV,,3,1,,,,,,,,,,,,2,,,60,5.40
Emmanuel Ogbah,2555278,DL,MIA,@TEN,3,,,,,,,,,,,,,,,,,61,5.10
B.J. Hill,2560740,DL,CIN,KC,2,2,,,,,,,,,,,,,,,,62,5.00
Justin Jones,2560769,DL,LAC,DEN,2,2,,,,,,,,,,,,,,,,63,5.00
Al-Quadin Muhammad,2558131,DL,IND,LV,2,2,,,,,,,,,,,,,,,,64,5.00
Milton Williams,2566418,DL,PHI,@WAS,1,1,,,,,,,,,,,,1,,,,65,5.00
Margus Hunt,2539310,DL,CHI,NYG,2,,,1,,,,,,,,,,,,,,66,4.90
Raekwon Davis,2564445,DL,MIA,@TEN,1,2,,1,,,,,,,,,,,,,,67,4.80
Eli Ankou,2559132,DL,BUF,ATL,2,1,,,,,,,,,,,,,,,,68,4.20
Maxx Crosby,2562439,DL,LV,@IND,2,1,,,,,,,,,,,,,,,,69,4.20
Greg Gaines,2562391,DL,LA,@BAL,2,1,,,,,,,,,,,,,,,,70,4.20
Lawrence Guy,2495481,DL,NE,JAX,2,1,,,,,,,,,,,,,,,,71,4.20
Bruce Hector,2561338,DL,DET,@SEA,2,1,,,,,,,,,,,,,,,,72,4.20
Matthew Ioannidis,2555240,DL,WAS,PHI,2,1,,,,,,,,,,,,,,,,73,4.20
Jessie Lemonier,2565057,DL,DET,@SEA,2,1,,,,,,,,,,,,,,,,74,4.20
Daron Payne,2560834,DL,WAS,PHI,2,1,,,,,,,,,,,,,,,,75,4.20
John Penisini,2563950,DL,DET,@SEA,2,1,,,,,,,,,,,,,,,,76,4.20
Shamar Stephen,2543706,DL,DEN,@LAC,2,1,,,,,,,,,,,,,,,,77,4.20
Ndamukong Suh,496861,DL,TB,@NYJ,2,1,,,,,,,,,,,,,,,,78,4.20
Sheldon Day,2555241,DL,CLE,@PIT,,2,,,,,,,,,,,,1,,,,79,4.10
Shelby Harris,2549926,DL,DEN,@LAC,1,3,,,,,,,,,,,,,,,,80,4.10
Anthony Rush,2563200,DL,ATL,@BUF,1,3,,,,,,,,,,,,,,,,81,4.10
Jihad Ward,2555248,DL,JAX,@NE,1,3,,,,,,,,,,,,,,,,82,4.10
A.J. Epenesa,2563605,DL,BUF,ATL,1,1,,1,,,,,,,,,,,,,,83,4.00
David Onyemata,2556274,DL,NO,CAR,1,1,,1,,,,,,,,,,,,,,84,4.00
Brian Burns,2562242,DL,CAR,@NO,2,,,,,,,,,,,,,,1,,,85,3.90
Nathan Shepherd,2560873,DL,NYJ,TB,2,,,,,,,,,,,,,,1,,,86,3.90
Poona Ford,2561195,DL,SEA,DET,1,2,,,,,,,,,,,,,1,,,87,3.80
Marquis Haynes,2561009,DL,CAR,@NO,1,2,,,,,,,,,,,,,1,,,88,3.80
Brandon Williams,2541302,DL,BAL,LA,1,,,1,,,,,,,,,,,1,,,89,3.70
Justin Houston,2495493,DL,BAL,LA,1,1,,,,,1,,,,,,,,,,,90,3.50
Porter Gustin,2562276,DL,CLE,@PIT,2,,,,,,,,,,,,,,,,,91,3.40
Akiem Hicks,2533433,DL,CHI,NYG,2,,,,,,,,,,,,,,,,,92,3.40
Osa Odighizuwa,2566016,DL,DAL,ARI,2,,,,,,,,,,,,,,,,,93,3.40
DeMarcus Walker,2557894,DL,HOU,@SF,2,,,,,,,,,,,,,,,,,94,3.40
D.J. Wonnum,2564583,DL,MIN,@GB,2,,,,,,,,,,,,,,,,,95,3.40
Carl Granderson,2562273,DL,NO,CAR,1,2,,,,,,,,,,,,,,,,96,3.30
Rasheem Green,2560998,DL,SEA,DET,1,2,,,,,,,,,,,,,,,,97,3.30
Linval Joseph,496802,DL,LAC,DEN,1,2,,,,,,,,,,,,,,,,98,3.30
Isaiahh Loudermilk,2566457,DL,PIT,CLE,,1,,,,,,,,,,,,1,,,,99,3.30
Dean Lowry,2555274,DL,GB,MIN,,1,,,,,,,,,,,,1,,,,100,3.30
Ifeadi Odenigbo,2558278,DL,CLE,@PIT,1,2,,,,,,,,,,,,,,,,101,3.30
Tim Ward,2562939,DL,NYJ,TB,1,2,,,,,,,,,,,,,,,,102,3.30
Carlos Watkins,2557877,DL,DAL,ARI,1,2,,,,,,,,,,,,,,,,103,3.30
Chase Winovich,2562607,DL,NE,JAX,1,2,,,,,,,,,,,,,,,,104,3.30
Carlos Dunlap,496780,DL,SEA,DET,1,,,1,,,,,,,,,,,,,,105,3.20
Morgan Fox,2556529,DL,CAR,@NO,,4,,,,,,,,,,,,,,,,106,3.20
D.J. Jones,2558265,DL,SF,HOU,1,,,1,,,,,,,,,,,,,,107,3.20
Steve McLendon,2507590,DL,TB,@NYJ,1,,,1,,,,,,,,,,,,,,108,3.20
Tim Settle,2560871,DL,WAS,PHI,1,,,1,,,,,,,,,,,,,,109,3.20
Kerry Hyder,2550433,DL,SEA,DET,1,1,,,,,,,,,,,,,1,,,110,3.00
Quinton Jefferson,2555358,DL,LV,@IND,1,1,,,,,,,,,,,,,1,,,111,3.00
Elerson G. Smith,2566373,DL,NYG,@CHI,,3,,,,,,,,,,,,,1,,,112,2.90
Kemoko Turay,2560905,DL,IND,LV,,1,0.5,,,,,,,,,,,,2,,,113,2.80
Myles Garrett,2557965,DL,CLE,@PIT,1,,,,,,,,,,,,,,2,,,114,2.70
Melvin Ingram,2532870,DL,KC,@CIN,1,,,,,,,,,,,,,,2,,,115,2.70
Marcus Davenport,2561037,DL,NO,CAR,,2,,,,,1,,,,,,,,,,1,116,2.63
Derek Barnett,2557984,DL,PHI,@WAS,1,1,,,,,,,,,,,,,,,,117,2.50
Jonathan Greenard,2564070,DL,HOU,@SF,1,1,,,,,,,,,,,,,,,,118,2.50
Charles Harris,2558001,DL,DET,@SEA,1,1,,,,,,,,,,,,,,,,119,2.50
Albert Huggins,2562667,DL,NO,CAR,1,1,,,,,,,,,,,,,,,,120,2.50
Jaleel Johnson,2557845,DL,HOU,@SF,1,1,,,,,,,,,,,,,,,,121,2.50
Tyler Lancaster,2561227,DL,GB,MIN,1,1,,,,,,,,,,,,,,,,122,2.50
Derrick Nnadi,2560823,DL,KC,@CIN,1,1,,,,,,,,,,,,,,,,123,2.50
Aaron Patrick,2565630,DL,DEN,@LAC,1,1,,,,,,,,,,,,,,,,124,2.50
Dalvin Tomlinson,2557846,DL,MIN,@GB,1,,,,,,,,,,,,,,1,,,125,2.20
Vita Vea,2560909,DL,TB,@NYJ,1,,,,,,,,,,,,,,1,,,126,2.20
Taylor Stallworth,2560882,DL,IND,LV,,1,,,,,,,,,,,,,2,,,127,1.80
Abdullah Anderson,2561088,DL,GB,MIN,1,,,,,,,,,,,,,,,,,128,1.70
Malcom Brown,2552483,DL,JAX,@NE,1,,,,,,,,,,,,,,,,,129,1.70
Taven Bryan,2560983,DL,JAX,@NE,1,,,,,,,,,,,,,,,,,130,1.70
Kenny Clark,2555282,DL,GB,MIN,1,,,,,,,,,,,,,,,,,131,1.70
Doug Costin,2564172,DL,JAX,@NE,1,,,,,,,,,,,,,,,,,132,1.70
Jordan Elliott,2563779,DL,CLE,@PIT,1,,,,,,,,,,,,,,,,,133,1.70
John Franklin-Myers,2560731,DL,NYJ,TB,1,,,,,,,,,,,,,,,,,134,1.70
Joe Gaziano,2565036,DL,LAC,DEN,1,,,,,,,,,,,,,,,,,135,1.70
Jerry Hughes,496796,DL,BUF,ATL,1,,,,,,,,,,,,,,,,,136,1.70
Patrick Johnson,2566403,DL,PHI,@WAS,1,,,,,,,,,,,,,,,,,137,1.70
Justin Madubuike,2563563,DL,BAL,LA,1,,,,,,,,,,,,,,,,,138,1.70
Dayo Odeyingbo,2565609,DL,IND,LV,1,,,,,,,,,,,,,,,,,139,1.70
Charles Omenihu,2562324,DL,SF,HOU,1,,,,,,,,,,,,,,,,,140,1.70
Isaac Rochell,2557860,DL,IND,LV,1,,,,,,,,,,,,,,,,,141,1.70
Jeffery Simmons,2562733,DL,TEN,MIA,1,,,,,,,,,,,,,,,,,142,1.70
Damion Square,2540003,DL,LV,@IND,1,,,,,,,,,,,,,,,,,143,1.70
Grover Stewart,2558766,DL,IND,LV,1,,,,,,,,,,,,,,,,,144,1.70
Solomon Thomas,2558018,DL,LV,@IND,1,,,,,,,,,,,,,,,,,145,1.70
Al Woods,496881,DL,SEA,DET,1,,,,,,,,,,,,,,,,,146,1.70
Ross Blacklock,2564064,DL,HOU,@SF,,2,,,,,,,,,,,,,,,,147,1.60
Neville Gallimore,2563842,DL,DAL,ARI,,2,,,,,,,,,,,,,,,,148,1.60
Kevin Givens,2562655,DL,SF,HOU,,2,,,,,,,,,,,,,,,,149,1.60
Davon Godchaux,2558012,DL,NE,JAX,,2,,,,,,,,,,,,,,,,150,1.60
Woodrow Hamilton,2556546,DL,NYG,@CHI,,2,,,,,,,,,,,,,,,,151,1.60
Rakeem Nunez-Roches,2552674,DL,TB,@NYJ,,2,,,,,,,,,,,,,,,,152,1.60
Mike Pennel,2550242,DL,ATL,@BUF,,2,,,,,,,,,,,,,,,,153,1.60
Bravvion Roy,2563677,DL,CAR,@NO,,2,,,,,,,,,,,,,,,,154,1.60
Victor Dimukeje,2566424,DL,ARI,@DAL,,1,,,,,,,,,,,,,1,,,155,1.30
William Gholston,2540176,DL,TB,@NYJ,,1,,,,,,,,,,,,,1,,,156,1.30
Deatrich Wise,2558000,DL,NE,JAX,,1,,,,,,,,,,,,,1,,,157,1.30
Trey Hendrickson,2557943,DL,CIN,KC,,,,,,,,,,,,,,,2,,,158,1.00
Nick Bosa,2562629,DL,SF,HOU,,1,,,,,,,,,,,,,,,,159,0.80
Will Bradley-King,2566583,DL,WAS,PHI,,1,,,,,,,,,,,,,,,,160,0.80
Adam Butler,2558924,DL,MIA,@TEN,,1,,,,,,,,,,,,,,,,161,0.80
Marquise Copeland,2562877,DL,LA,@BAL,,1,,,,,,,,,,,,,,,,162,0.80
Leki Fotu,2564910,DL,ARI,@DAL,,1,,,,,,,,,,,,,,,,163,0.80
Chauncey Golston,2566007,DL,DAL,ARI,,1,,,,,,,,,,,,,,,,164,0.80
Demarcus Lawrence,2543490,DL,DAL,ARI,,1,,,,,,,,,,,,,,,,165,0.80
Rashard Lawrence,2564922,DL,ARI,@DAL,,1,,,,,,,,,,,,,,,,166,0.80
David Moa,2564571,DL,NYG,@CHI,,1,,,,,,,,,,,,,,,,167,0.80
D.J. Reader,2555388,DL,CIN,KC,,1,,,,,,,,,,,,,,,,168,0.80
Marquiss Spencer,2566037,DL,DEN,@LAC,,1,,,,,,,,,,,,,,,,169,0.80
Broderick Washington,2563593,DL,BAL,LA,,1,,,,,,,,,,,,,,,,170,0.80
Tershawn Wharton,2564310,DL,KC,@CIN,,1,,,,,,,,,,,,,,,,171,0.80
Chris Williams,2564154,DL,IND,LV,,1,,,,,,,,,,,,,,,,172,0.80
Michael Danna,2564262,DL,KC,@CIN,,,,,,,,,,,,,,,1,,,173,0.50
Bryce Huff,2565510,DL,NYJ,TB,,,,,,,,,,,,,,,1,,,174,0.50
DaQuan Jones,2543504,DL,CAR,@NO,,,,,,,,,,,,,,,1,,,175,0.50
Dre'Mont Jones,2562412,DL,DEN,@LAC,,,,,,,,,,,,,,,1,,,176,0.50
Efe Obada,2553310,DL,BUF,ATL,,,,,,,,,,,,,,,1,,,177,0.50
Alex Okafor,2539319,DL,KC,@CIN,,,,,,,,,,,,,,,1,,,178,0.50
Kentavius Street,2560885,DL,SF,HOU,,,,,,,,,,,,,,,1,,,179,0.50
Montravius Adams,2557876,DL,PIT,CLE,,,,,,,,,,,,,,,,,,180,0.00
Myles Adams,2563620,DL,SEA,DET,,,,,,,,,,,,,,,,,,181,0.00
McTelvin Agim,2563872,DL,DEN,@LAC,,,,,,,,,,,,,,,,,,182,0.00
Tyson Alualu,496760,DL,PIT,CLE,,,,,,,,,,,,,,,,,,183,0.00
Auzoyah Alufohai,2564061,DL,CHI,NYG,,,,,,,,,,,,,,,,,,184,0.00
Bradlee Anae,2563821,DL,DAL,ARI,,,,,,,,,,,,,,,,,,185,0.00
Henry Anderson,2552272,DL,NE,JAX,,,,,,,,,,,,,,,,,,186,0.00
David Bada,2565526,DL,WAS,PHI,,,,,,,,,,,,,,,,,,187,0.00
Allen Bailey,2495116,DL,FA,Bye,,,,,,,,,,,,,,,,,,188,0.00
Ben Banogu,2562229,DL,IND,LV,,,,,,,,,,,,,,,,,,189,0.00
Alex Barrett,2559140,DL,SF,HOU,,,,,,,,,,,,,,,,,,190,0.00
Boogie Basham,2565863,DL,BUF,ATL,,,,,,,,,,,,,,,,,,191,0.00
Vic Beasley,2552301,DL,FA,Bye,,,,,,,,,,,,,,,,,,192,0.00
Andrew Billings,2555267,DL,MIA,@TEN,,,,,,,,,,,,,,,,,,193,0.00
Amani Bledsoe,2562859,DL,TEN,MIA,,,,,,,,,,,,,,,,,,194,0.00
Michael Brockers,2533050,DL,DET,@SEA,,,,,,,,,,,,,,,,,,195,0.00
Cortez Broughton,2562823,DL,KC,@CIN,,,,,,,,,,,,,,,,,,196,0.00
Andrew Brown,2560979,DL,LAC,DEN,,,,,,,,,,,,,,,,,,197,0.00
Earnest Brown IV,2566202,DL,LA,@BAL,,,,,,,,,,,,,,,,,,198,0.00
Brandin Bryant,2556486,DL,BUF,ATL,,,,,,,,,,,,,,,,,,199,0.00
Isaiah Buggs,2562241,DL,LV,@IND,,,,,,,,,,,,,,,,,,200,0.00
Calvin Bundage,2565777,DL,FA,Bye,,,,,,,,,,,,,,,,,,201,0.00
Vernon Butler,2555243,DL,BUF,ATL,,,,,,,,,,,,,,,,,,202,0.00
Ron'Dell Carter,2563833,DL,HOU,@SF,,,,,,,,,,,,,,,,,,203,0.00
K'Lavon Chaisson,2564166,DL,JAX,@NE,,,,,,,,,,,,,,,,,,204,0.00
Demarcus Christmas,2562246,DL,PIT,CLE,,,,,,,,,,,,,,,,,,205,0.00
Tyler Clark,2563725,DL,WAS,PHI,,,,,,,,,,,,,,,,,,206,0.00
Adrian Clayborn,2495140,DL,FA,Bye,,,,,,,,,,,,,,,,,,207,0.00
Kameron Cline,2564109,DL,IND,LV,,,,,,,,,,,,,,,,,,208,0.00
Trevon Coley,2556504,DL,TEN,MIA,,,,,,,,,,,,,,,,,,209,0.00
L.J. Collier,2562248,DL,SEA,DET,,,,,,,,,,,,,,,,,,210,0.00
Maliek Collins,2555400,DL,HOU,@SF,,,,,,,,,,,,,,,,,,211,0.00
John Cominsky,2562249,DL,ATL,@BUF,,,,,,,,,,,,,,,,,,212,0.00
Jonathon Cooper,2566028,DL,DEN,@LAC,,,,,,,,,,,,,,,,,,213,0.00
Jashon Cornell,2563929,DL,DET,@SEA,,,,,,,,,,,,,,,,,,214,0.00
Byron Cowart,2562392,DL,NE,JAX,,,,,,,,,,,,,,,,,,215,0.00
Jack Crawford,2532992,DL,ARI,@DAL,,,,,,,,,,,,,,,,,,216,0.00
Tyrone Crawford,2532821,DL,FA,Bye,,,,,,,,,,,,,,,,,,217,0.00
Vinny Curry,2532825,DL,FA,Bye,,,,,,,,,,,,,,,,,,218,0.00
Jalen Dalton,2563120,DL,NO,CAR,,,,,,,,,,,,,,,,,,219,0.00
Darrion Daniels,2565096,DL,SF,HOU,,,,,,,,,,,,,,,,,,220,0.00
Marlon Davidson,2563479,DL,ATL,@BUF,,,,,,,,,,,,,,,,,,221,0.00
Carlos Davis,2564976,DL,PIT,CLE,,,,,,,,,,,,,,,,,,222,0.00
Khalil Davis,2565210,DL,PIT,CLE,,,,,,,,,,,,,,,,,,223,0.00
Tyeler Davison,2552329,DL,ATL,@BUF,,,,,,,,,,,,,,,,,,224,0.00
Matt Dickerson,2561044,DL,ARI,@DAL,,,,,,,,,,,,,,,,,,225,0.00
Mario Edwards,2553433,DL,CHI,NYG,,,,,,,,,,,,,,,,,,226,0.00
Daniel Ekuale,2561458,DL,NE,JAX,,,,,,,,,,,,,,,,,,227,0.00
Justin Ellis,2543812,DL,BAL,LA,,,,,,,,,,,,,,,,,,228,0.00
Clelin Ferrell,2562263,DL,LV,@IND,,,,,,,,,,,,,,,,,,229,0.00
Trey Flowers,2552278,DL,DET,@SEA,,,,,,,,,,,,,,,,,,230,0.00
Ryan Glasgow,2557851,DL,FA,Bye,,,,,,,,,,,,,,,,,,231,0.00
Brandon Graham,496788,DL,PHI,@WAS,,,,,,,,,,,,,,,,,,232,0.00
Everson Griffen,496790,DL,MIN,@GB,,,,,,,,,,,,,,,,,,233,0.00
Justin Hamilton,2553531,DL,DEN,@LAC,,,,,,,,,,,,,,,,,,234,0.00
Johnathan Hankins,2540147,DL,LV,@IND,,,,,,,,,,,,,,,,,,235,0.00
Damon Harrison,2535718,DL,FA,Bye,,,,,,,,,,,,,,,,,,236,0.00
Daelin Hayes,2565842,DL,BAL,LA,,,,,,,,,,,,,,,,,,237,0.00
Trysten Hill,2562663,DL,DAL,ARI,,,,,,,,,,,,,,,,,,238,0.00
Jalyn Holmes,2560744,DL,NO,CAR,,,,,,,,,,,,,,,,,,239,0.00
Braxton Hoyett,2563244,DL,NO,CAR,,,,,,,,,,,,,,,,,,240,0.00
Wyatt Hubert,2565950,DL,CIN,KC,,,,,,,,,,,,,,,,,,241,0.00
Danielle Hunter,2552603,DL,MIN,@GB,,,,,,,,,,,,,,,,,,242,0.00
Maurice Hurst,2560748,DL,SF,HOU,,,,,,,,,,,,,,,,,,243,0.00
David Irving,2553805,DL,FA,Bye,,,,,,,,,,,,,,,,,,244,0.00
Joe Jackson,2562432,DL,CLE,@PIT,,,,,,,,,,,,,,,,,,245,0.00
Malik Jackson,2532873,DL,CLE,@PIT,,,,,,,,,,,,,,,,,,246,0.00
Tarron Jackson,2566400,DL,PHI,@WAS,,,,,,,,,,,,,,,,,,247,0.00
John Jenkins,2539231,DL,MIA,@TEN,,,,,,,,,,,,,,,,,,248,0.00
Darryl Johnson,2562672,DL,CAR,@NO,,,,,,,,,,,,,,,,,,249,0.00
P.J. Johnson,2562923,DL,LV,@IND,,,,,,,,,,,,,,,,,,250,0.00
Benito Jones,2564466,DL,MIA,@TEN,,,,,,,,,,,,,,,,,,251,0.00
Patrick Jones II,2566307,DL,MIN,@GB,,,,,,,,,,,,,,,,,,252,0.00
Dion Jordan,2539288,DL,FA,Bye,,,,,,,,,,,,,,,,,,253,0.00
Sebastian Joseph-Day,2561079,DL,LA,@BAL,,,,,,,,,,,,,,,,,,254,0.00
Joshua Kaindoh,2566184,DL,KC,@CIN,,,,,,,,,,,,,,,,,,255,0.00
Khalid Kareem,2563734,DL,CIN,KC,,,,,,,,,,,,,,,,,,256,0.00
Kingsley Keke,2562300,DL,GB,MIN,,,,,,,,,,,,,,,,,,257,0.00
Zach Kerr,2550575,DL,ARI,@DAL,,,,,,,,,,,,,,,,,,258,0.00
Ryan Kerrigan,2495190,DL,PHI,@WAS,,,,,,,,,,,,,,,,,,259,0.00
Javon Kinlaw,2565117,DL,SF,HOU,,,,,,,,,,,,,,,,,,260,0.00
Malcolm Koonce,2566262,DL,LV,@IND,,,,,,,,,,,,,,,,,,261,0.00
Tanoh Kpassagnon,2558185,DL,NO,CAR,,,,,,,,,,,,,,,,,,262,0.00
Niko Lalos,2564745,DL,NYG,@CHI,,,,,,,,,,,,,,,,,,263,0.00
Austin Larkin,2561518,DL,CAR,@NO,,,,,,,,,,,,,,,,,,264,0.00
Devaroe Lawrence,2559079,DL,FA,Bye,,,,,,,,,,,,,,,,,,265,0.00
Dexter Lawrence,2562301,DL,NYG,@CHI,,,,,,,,,,,,,,,,,,266,0.00
Carl Lawson,2557901,DL,NYJ,TB,,,,,,,,,,,,,,,,,,267,0.00
Jeremiah Ledbetter,2558124,DL,JAX,@NE,,,,,,,,,,,,,,,,,,268,0.00
Tyquan Lewis,2560791,DL,IND,LV,,,,,,,,,,,,,,,,,,269,0.00
Star Lotulelei,2539329,DL,BUF,ATL,,,,,,,,,,,,,,,,,,270,0.00
Daylon Mack,2562308,DL,FA,Bye,,,,,,,,,,,,,,,,,,271,0.00
Isaiah Mack,2563245,DL,BAL,LA,,,,,,,,,,,,,,,,,,272,0.00
Hercules Mata'afa,2560799,DL,FA,Bye,,,,,,,,,,,,,,,,,,273,0.00
Benson Mayowa,2542009,DL,SEA,DET,,,,,,,,,,,,,,,,,,274,0.00
Dan McCullers,2550154,DL,FA,Bye,,,,,,,,,,,,,,,,,,275,0.00
T.Y. McGill,2553911,DL,MIN,@GB,,,,,,,,,,,,,,,,,,276,0.00
R.J. McIntosh,2560806,DL,GB,MIN,,,,,,,,,,,,,,,,,,277,0.00
Kahlil McKenzie,2560807,DL,BAL,LA,,,,,,,,,,,,,,,,,,278,0.00
Damontre Moore,2540138,DL,CAR,@NO,,,,,,,,,,,,,,,,,,279,0.00
Larrell Murchison,2564055,DL,TEN,MIA,,,,,,,,,,,,,,,,,,280,0.00
Trent Murphy,2543503,DL,FA,Bye,,,,,,,,,,,,,,,,,,281,0.00
Bill Murray,2564625,DL,NE,JAX,,,,,,,,,,,,,,,,,,282,0.00
Carl Nassib,2555270,DL,LV,@IND,,,,,,,,,,,,,,,,,,283,0.00
Robert Nkemdiche,2555336,DL,SEA,DET,,,,,,,,,,,,,,,,,,284,0.00
Pat O'Connor,2558863,DL,TB,@NYJ,,,,,,,,,,,,,,,,,,285,0.00
Adetokunbo Ogundeji,2565827,DL,ATL,@BUF,,,,,,,,,,,,,,,,,,286,0.00
Romeo Okwara,2556641,DL,DET,@SEA,,,,,,,,,,,,,,,,,,287,0.00
Walter Palmore,2563229,DL,FA,Bye,,,,,,,,,,,,,,,,,,288,0.00
David Parry,2552438,DL,FA,Bye,,,,,,,,,,,,,,,,,,289,0.00
Domata Peko Sr.,2506925,DL,FA,Bye,,,,,,,,,,,,,,,,,,290,0.00
Ronnie Perkins,2566340,DL,NE,JAX,,,,,,,,,,,,,,,,,,291,0.00
Jordan Phillips,2552492,DL,ARI,@DAL,,,,,,,,,,,,,,,,,,292,0.00
Michael Pierce,2556650,DL,MIN,@GB,,,,,,,,,,,,,,,,,,293,0.00
Jason Pierre-Paul,496843,DL,TB,@NYJ,,,,,,,,,,,,,,,,,,294,0.00
Willington Previlon,2564016,DL,TB,@NYJ,,,,,,,,,,,,,,,,,,295,0.00
Durval Queiroz,2562867,DL,MIA,@TEN,,,,,,,,,,,,,,,,,,296,0.00
Sheldon Rankins,2555242,DL,NYJ,TB,,,,,,,,,,,,,,,,,,297,0.00
Wyatt Ray,2562709,DL,CIN,KC,,,,,,,,,,,,,,,,,,298,0.00
Caraun Reid,2543748,DL,LAC,DEN,,,,,,,,,,,,,,,,,,299,0.00
Sam Renner,2564391,DL,FA,Bye,,,,,,,,,,,,,,,,,,300,0.00
Hassan Ridgeway,2555514,DL,PHI,@WAS,,,,,,,,,,,,,,,,,,301,0.00
Derek Rivers,2558040,DL,HOU,@SF,,,,,,,,,,,,,,,,,,302,0.00
Malcolm Roach,2564688,DL,NO,CAR,,,,,,,,,,,,,,,,,,303,0.00
Max Roberts,2566238,DL,FA,Bye,,,,,,,,,,,,,,,,,,304,0.00
Alton Robinson,2565186,DL,SEA,DET,,,,,,,,,,,,,,,,,,305,0.00
Janarius Robinson,2566316,DL,MIN,@GB,,,,,,,,,,,,,,,,,,306,0.00
Daniel Ross,2559240,DL,FA,Bye,,,,,,,,,,,,,,,,,,307,0.00
Cameron Sample,2565959,DL,CIN,KC,,,,,,,,,,,,,,,,,,308,0.00
Khalen Saunders,2562723,DL,KC,@CIN,,,,,,,,,,,,,,,,,,309,0.00
Deadrin Senat,2560869,DL,FA,Bye,,,,,,,,,,,,,,,,,,310,0.00
Jabaal Sheard,2495228,DL,FA,Bye,,,,,,,,,,,,,,,,,,311,0.00
Danny Shelton,2552325,DL,NYG,@CHI,,,,,,,,,,,,,,,,,,312,0.00
John Simon,2539280,DL,PIT,CLE,,,,,,,,,,,,,,,,,,313,0.00
Deyon Sizer,2563254,DL,FA,Bye,,,,,,,,,,,,,,,,,,314,0.00
Chris Slayton,2562735,DL,SF,HOU,,,,,,,,,,,,,,,,,,315,0.00
Tanzel Smart,2558199,DL,NYJ,TB,,,,,,,,,,,,,,,,,,316,0.00
Aldon Smith,2495487,DL,FA,Bye,,,,,,,,,,,,,,,,,,317,0.00
Chris Smith,2543692,DL,HOU,@SF,,,,,,,,,,,,,,,,,,318,0.00
James Smith-Williams,2565291,DL,WAS,PHI,,,,,,,,,,,,,,,,,,319,0.00
Dawuane Smoot,2557839,DL,JAX,@NE,,,,,,,,,,,,,,,,,,320,0.00
Akeem Spence,2540201,DL,DEN,@LAC,,,,,,,,,,,,,,,,,,321,0.00
Kevin Strong,2563197,DL,TEN,MIA,,,,,,,,,,,,,,,,,,322,0.00
Jason Strowbridge,2564496,DL,FA,Bye,,,,,,,,,,,,,,,,,,323,0.00
Montez Sweat,2562749,DL,WAS,PHI,,,,,,,,,,,,,,,,,,324,0.00
Jullian Taylor,2561078,DL,FA,Bye,,,,,,,,,,,,,,,,,,325,0.00
Vincent Taylor,2558017,DL,HOU,@SF,,,,,,,,,,,,,,,,,,326,0.00
Shaka Toney,2566607,DL,WAS,PHI,,,,,,,,,,,,,,,,,,327,0.00
Jacob Tuioti-Mariner,2561282,DL,CAR,@NO,,,,,,,,,,,,,,,,,,328,0.00
Stephon Tuitt,2543483,DL,PIT,CLE,,,,,,,,,,,,,,,,,,329,0.00
Josh Tupou,2559003,DL,CIN,KC,,,,,,,,,,,,,,,,,,330,0.00
Payton Turner,2566355,DL,NO,CAR,,,,,,,,,,,,,,,,,,331,0.00
Brent Urban,2543765,DL,DAL,ARI,,,,,,,,,,,,,,,,,,332,0.00
Kendal Vickers,2561416,DL,LV,@IND,,,,,,,,,,,,,,,,,,333,0.00
J.J. Watt,2495488,DL,ARI,@DAL,,,,,,,,,,,,,,,,,,334,0.00
Stephen Weatherly,2555529,DL,DEN,@LAC,,,,,,,,,,,,,,,,,,335,0.00
Rashad Weaver,2566124,DL,TEN,MIA,,,,,,,,,,,,,,,,,,336,0.00
DeShawn Williams,2553623,DL,DEN,@LAC,,,,,,,,,,,,,,,,,,337,0.00
Nick Williams,2541479,DL,DET,@SEA,,,,,,,,,,,,,,,,,,338,0.00
Quinnen Williams,2562599,DL,NYJ,TB,,,,,,,,,,,,,,,,,,339,0.00
Raequan Williams,2564883,DL,PHI,@WAS,,,,,,,,,,,,,,,,,,340,0.00
Sylvester Williams,2539270,DL,FA,Bye,,,,,,,,,,,,,,,,,,341,0.00
Xavier Williams,2553764,DL,FA,Bye,,,,,,,,,,,,,,,,,,342,0.00
Rob Windsor,2564157,DL,IND,LV,,,,,,,,,,,,,,,,,,343,0.00
Daniel Wise,2562608,DL,WAS,PHI,,,,,,,,,,,,,,,,,,344,0.00
Derek Wolfe,2533026,DL,BAL,LA,,,,,,,,,,,,,,,,,,345,0.00
Antwaun Woods,2556792,DL,IND,LV,,,,,,,,,,,,,,,,,,346,0.00
Chris Wormley,2557862,DL,PIT,CLE,,,,,,,,,,,,,,,,,,347,0.00
Renell Wren,2562612,DL,CIN,KC,,,,,,,,,,,,,,,,,,348,0.00
Chase Young,2565294,DL,WAS,PHI,,,,,,,,,,,,,,,,,,349,0.00
Justin Zimmer,2556716,DL,BUF,ATL,,,,,,,,,,,,,,,,,,350,0.00
