PlayerName,PlayerId,Pos,Team,PlayerOpponent,TacklesTot,TacklesAst,TacklesSck,TacklesTfl,TurnoverInt,TurnoverFrcFum,TurnoverFumRec,ScoreIntTd,ScoreFumTd,ScoreBlkTd,ScoreSaf,ScoreDef2ptRet,Blk,PDef,QBHit,ReturnIntYds,ReturnFumYds,Rank,TotalPoints
Mike Edwards,2562259,DB,TB,ATL,4,,,,2,,,2,,,,,,3,,46,,1,30.83
Tyrann Mathieu,2540180,DB,KC,@BAL,6,,,,2,,,1,,,,,,3,,50,,2,30.37
Trayvon Mullen,2562380,DB,LV,@PIT,7,1,,,1,,,,,,,,,2,,18,,3,21.80
Daniel Sorensen,2550257,DB,KC,@BAL,7,3,1,2,,,,,,,,,,,1,,,4,19.80
Kendall Fuller,2555349,DB,WAS,NYG,7,1,1,1,,,,,,,,,,1,1,,,5,19.20
Khari Willis,2562602,DB,IND,LA,7,1,,,1,,,,,,,,,1,,,,6,18.70
Taron Johnson,2560766,DB,BUF,@MIA,3,1,1,1,,1,,,,,,,,2,1,,,7,18.40
Asante Samuel Jr.,2566511,DB,LAC,DAL,3,1,,,1,,,,,,,,,3,,26,,8,17.77
James Bradberry,2555175,DB,NYG,@WAS,6,1,,,1,,,,,,,,,1,,5,,9,17.17
J.C. Jackson,2560754,DB,NE,@NYJ,3,,,,2,,,,,,,,,2,,1,,10,17.13
Justin Reid,2560851,DB,HOU,@CLE,4,,,,1,1,,,,,,,,1,,24,,11,17.10
Jaylon Johnson,2563701,DB,CHI,CIN,2,,,,1,,,,,,,,,4,,3,,12,17.00
Nasir Adderley,2562617,DB,LAC,DAL,8,1,,,,,,,,,,,,1,,,,13,16.90
Carlton Davis,2561039,DB,TB,ATL,8,1,,,,,,,,,,,,1,,,,14,16.90
Devin McCourty,494287,DB,NE,@NYJ,4,1,,,1,,,,,,,,,2,,22,,15,16.83
Marcus Maye,2557995,DB,NYJ,NE,4,2,1,2,,,,,,,,,,1,1,,,16,16.40
Trevon Diggs,2563836,DB,DAL,@LAC,6,,,,1,,,,,,,,,1,,,,17,16.20
Adrian Amos,2552385,DB,GB,DET,9,1,,,,,,,,,,,,,,,,18,16.10
Budda Baker,2558009,DB,ARI,MIN,7,1,,2,,,,,,,,,,,,,,19,15.70
Grant Delpit,2563773,DB,CLE,HOU,3,3,1,1,,1,,,,,,,,,1,,,20,15.00
Andrew Wingard,2562606,DB,JAX,DEN,5,3,1,1,,,,,,,,,,,1,,,21,14.90
Kareem Jackson,496735,DB,DEN,@JAX,4,2,,,1,,,,,,,,,1,,7,,22,14.63
Harrison Smith,2532948,DB,MIN,@ARI,8,1,,,,,,,,,,,,,,,,23,14.40
Darious Williams,2561469,DB,LA,@IND,7,,,,,,,,,,,,,1,,,,24,14.40
Taylor Rapp,2562707,DB,LA,@IND,7,1,0.5,,,,,,,,,,,,1,,,25,14.20
Juston Burris,2555313,DB,CAR,NO,4,1,,,1,,,,,,,,,1,,17,,26,14.17
Jayron Kearse,2555156,DB,DAL,@LAC,5,1,,1,,,,,,,,,,1,1,,,27,13.80
Xavien Howard,2555539,DB,MIA,BUF,1,1,,,1,,,,,,,,,3,,1,,28,13.53
Jordan Fuller,2564340,DB,LA,@IND,6,1,,,,,,,,,,,,1,,,,29,13.50
Johnathan Abram,2562616,DB,LV,@PIT,6,2,,1,,,,,,,,,,,,,,30,13.30
Vonn Bell,2555530,DB,CIN,@CHI,5,1,,1,,,,,,,,,,1,,,,31,13.30
Micah Hyde,2539240,DB,BUF,@MIA,4,3,1,1,,,,,,,,,,,1,,,32,13.20
Jalen Thompson,2563339,DB,ARI,MIN,7,1,,,,,,,,,,,,,1,,,33,13.20
Derwin James,2560760,DB,LAC,DAL,5,2,0.5,1,,,,,,,,,,,1,,,34,13.10
Xavier Woods,2558159,DB,MIN,@ARI,3,1,,,1,,,,,,,,,1,,27,,35,12.80
T.J. Carrie,2550164,DB,IND,LA,7,1,,,,,,,,,,,,,,,,36,12.70
Rayshawn Jenkins,2558182,DB,JAX,DEN,6,,,,,,,,,,,,,1,,,,37,12.70
Kenny Moore II,2558976,DB,IND,LA,7,1,,,,,,,,,,,,,,,,38,12.70
Adoree' Jackson,2558065,DB,NYG,@WAS,4,1,,,,,,,,,,,,2,,,,39,12.60
D.J. Reed,2560850,DB,SEA,TEN,6,3,,,,,,,,,,,,,,,,40,12.60
Quandre Diggs,2552262,DB,SEA,TEN,5,5,,,,,,,,,,,,,,,,41,12.50
Marcus Williams,2558847,DB,NO,@CAR,4,4,,,,,,,,,,,,1,,,,42,12.50
Levi Wallace,2560914,DB,BUF,@MIA,2,,,,1,,,,,,,,,2,,14,,43,12.37
Terrell Edmunds,2560712,DB,PIT,LV,5,1,,2,,,,,,,,,,,,,,44,12.30
Jaquiski Tartt,2552391,DB,SF,@PHI,3,4,,1,,,,,,,,,,1,,,,45,12.30
Tre'Davious White,2557867,DB,BUF,@MIA,6,2,,,,,,,,,,,,,,,,46,11.80
Deommodore Lenoir,2566535,DB,SF,@PHI,3,2,,,,,,,,,,,,2,,,,47,11.70
Ronnie Harrison,2561008,DB,CLE,HOU,5,2,,1,,,,,,,,,,,,,,48,11.60
Michael Carter II,2565717,DB,NYJ,NE,4,4,,1,,,,,,,,,,,,,,49,11.50
Adrian Phillips,2550842,DB,NE,@NYJ,3,,,,1,,,,,,,,,1,,1,,50,11.13
Paulson Adebo,2566346,DB,NO,@CAR,6,1,,,,,,,,,,,,,,,,51,11.00
Anthony Brown,2555531,DB,DAL,@LAC,5,,,,,,,,,,,,,1,,,,52,11.00
Landon Collins,2552454,DB,WAS,NYG,6,1,,,,,,,,,,,,,,,,53,11.00
Will Harris,2562395,DB,DET,@GB,6,1,,,,,,,,,,,,,,,,54,11.00
James Pierre,2565003,DB,PIT,LV,6,1,,,,,,,,,,,,,,,,55,11.00
Pat Surtain II,2566043,DB,DEN,@JAX,2,2,,,1,,,,,,,,,1,,,,56,11.00
Jamal Adams,2557979,DB,SEA,TEN,5,3,,,,,,,,,,,,,,,,57,10.90
Eddie Jackson,2558176,DB,CHI,CIN,3,1,,1,,1,,,,,,,,,,,,58,10.90
Janoris Jenkins,2532875,DB,TEN,@SEA,4,2,,,,,,,,,,,,1,,,,59,10.90
Jimmie Ward,2543741,DB,SF,@PHI,4,2,,,,,,,,,,,,1,,,,60,10.90
Bryce Hall,2564796,DB,NYJ,NE,5,1,,1,,,,,,,,,,,,,,61,10.80
Anthony Averett,2560963,DB,BAL,KC,4,1,,,,,,,,,,,,1,,,,62,10.10
William Jackson,2556367,DB,WAS,NYG,3,,,,,,,,,,,,,2,,,,63,10.10
Byron Jones,2552568,DB,MIA,BUF,3,,,,,,,,,,,,,2,,,,64,10.10
Logan Ryan,2540162,DB,NYG,@WAS,5,2,,,,,,,,,,,,,,,,65,10.10
Jabrill Peppers,2557980,DB,NYG,@WAS,3,3,,,,,,,,,,,,1,,,,66,10.00
Anthony Harris,2553655,DB,PHI,SF,2,8,,,,,,,,,,,,,,,,67,9.80
Joejuan Williams,2562787,DB,NE,@NYJ,4,,,,,,,,,,,,,1,1,,,68,9.80
Bashaud Breeland,2543571,DB,MIN,@ARI,3,1,,,,1,,,,,,,,,,,,69,9.40
Antonio Hamilton,2556804,DB,ARI,MIN,4,,,,,,,,,,,,,1,,,,70,9.30
Darnay Holmes,2564739,DB,NYG,@WAS,5,1,,,,,,,,,,,,,,,,71,9.30
Marlon Humphrey,2558067,DB,BAL,KC,4,,,,,,,,,,,,,1,,,,72,9.30
Chris Jackson,2564049,DB,TEN,@SEA,5,1,,,,,,,,,,,,,,,,73,9.30
Malcolm Jenkins,79848,DB,NO,@CAR,5,1,,,,,,,,,,,,,,,,74,9.30
Jonathan Jones,2556571,DB,NE,@NYJ,4,,,,,,,,,,,,,1,,,,75,9.30
Jordan Poyer,2539290,DB,BUF,@MIA,4,,,,,,,,,,,,,1,,,,76,9.30
Jalen Ramsey,2555280,DB,LA,@IND,1,2,,,1,,,,,,,,,1,,,,77,9.30
Duke Shelley,2562957,DB,CHI,CIN,5,1,,,,,,,,,,,,,,,,78,9.30
Bryce Callahan,2553500,DB,DEN,@JAX,2,1,,,,,,,,,,,,2,,,,79,9.20
Shaquill Griffin,2558259,DB,JAX,DEN,3,2,,,,,,,,,,,,1,,,,80,9.20
Erik Harris,2555568,DB,ATL,@TB,5,,,,,,,,,,,,,,,,,81,8.50
Damontae Kazee,2558184,DB,DAL,@LAC,1,1,,,1,,,,,,,,,1,,,,82,8.50
Minkah Fitzpatrick,2560725,DB,PIT,LV,4,2,,,,,,,,,,,,,,,,83,8.40
Nate Hobbs,2566259,DB,LV,@PIT,4,2,,,,,,,,,,,,,,,,84,8.40
Brandon Jones,2564469,DB,MIA,BUF,5,1,,,,,1,,,,,,,,,,3,85,8.40
Kindle Vildor,2563713,DB,CHI,CIN,3,1,,,,,,,,,,,,1,,,,86,8.40
Antoine Winfield Jr.,2565261,DB,TB,ATL,3,1,,,,,,,,,,,,1,,,,87,8.40
Jessie Bates,2560970,DB,CIN,@CHI,4,1,,,,,,,,,,,,,1,,,88,8.10
Kevin King,2557996,DB,GB,DET,2,2,,,,,,,,,,,,1,1,,,89,8.00
Robert Alford,2539653,DB,ARI,MIN,4,1,,,,,,,,,,,,,,,,90,7.60
Tre Flowers,2560728,DB,CIN,@CHI,4,1,,,,,,,,,,,,,,,,91,7.60
Vernon Hargreaves III,2555299,DB,CIN,@CHI,4,1,,,,,,,,,,,,,,,,92,7.60
Benjamin St-Juste,2566604,DB,WAS,NYG,3,,,,,,,,,,,,,1,,,,93,7.60
Jordan Whitehead,2560930,DB,TB,ATL,4,1,,,,,,,,,,,,,,,,94,7.60
Julian Blackmon,2564103,DB,IND,LA,2,2,,,,,,,,,,,,1,,,,95,7.50
Michael Davis,2559164,DB,LAC,DAL,3,3,,,,,,,,,,,,,,,,96,7.50
Alohi Gilman,2565042,DB,LAC,DAL,3,3,,,,,,,,,,,,,,,,97,7.50
Casey Hayward,2532861,DB,LV,@PIT,1,1,,,,,,,,,,,,2,,,,98,7.50
C.J. Henderson,2564199,DB,CAR,NO,3,1,,1,,,,,,,,,,,,,,99,7.40
Denzel Ward,2560916,DB,CLE,HOU,4,,,,,,,,,,,,,,,,,100,6.80
Mackensie Alexander,2555177,DB,MIN,@ARI,3,2,,,,,,,,,,,,,,,,101,6.70
Tyson Campbell,2566151,DB,JAX,DEN,2,1,,,,,,,,,,,,1,,,,102,6.70
Adrian Colbert,2558857,DB,FA,Bye,3,2,,,,,,,,,,,,,,,,103,6.70
Duron Harmon,2541243,DB,ATL,@TB,3,2,,,,,,,,,,,,,,,,104,6.70
Dane Jackson,2563614,DB,BUF,@MIA,3,2,,,,,,,,,,,,,,,,105,6.70
Isaiah Oliver,2560830,DB,ATL,@TB,2,1,,,,,,,,,,,,1,,,,106,6.70
Eric Stokes,2566097,DB,GB,DET,1,,,,,,,,,,,,,2,,,,107,6.70
Malik Hooker,2558060,DB,DAL,@LAC,3,,,1,,,,,,,,,,,,,,108,6.60
Donte Jackson,2560753,DB,CAR,NO,3,,,1,,,,,,,,,,,,,,109,6.60
Dallin Leavitt,2561585,DB,LV,@PIT,1,3,,,,,,,,,,,,1,,,,110,6.60
A.J. Terrell,2563527,DB,ATL,@TB,,2,,,,,,,,,,,,2,,,,111,6.60
Bradley Roby,2543505,DB,NO,@CAR,1,1,1,1,,,,,,,,,,,1,,,112,6.50
Jaycee Horn,2565893,DB,CAR,NO,,,,,1,,,,,,,,,1,,13,,113,6.43
Jevon Holland,2566283,DB,MIA,BUF,2,1,,,,,1,,,,,,,,2,,3,114,6.30
Mike Hughes,2560746,DB,KC,@BAL,1,1,,,,1,,,,,,,,,,,,115,6.00
Tavon Young,2555378,DB,BAL,KC,,,,,1,,,,,,,,,1,,,,116,6.00
Jaire Alexander,2560952,DB,GB,DET,3,1,,,,,,,,,,,,,,,,117,5.90
Chidobe Awuzie,2557840,DB,CIN,@CHI,2,,,,,,,,,,,,,1,,,,118,5.90
Jamel Dean,2562556,DB,TB,ATL,3,1,,,,,,,,,,,,,,,,119,5.90
Javelin Guidry,2565504,DB,NYJ,NE,3,1,,,,,,,,,,,,,,,,120,5.90
Ifeatu Melifonwu,2566064,DB,DET,@GB,2,,,,,,,,,,,,,1,,,,121,5.90
Steven Nelson,2552265,DB,PHI,SF,2,,,,,,,,,,,,,1,,,,122,5.90
Charvarius Ward,2561417,DB,KC,@BAL,3,1,,,,,,,,,,,,,,,,123,5.90
Greg Newsome II,2565980,DB,CLE,HOU,1,2,,,,,,,,,,,,1,,,,124,5.80
Tracy Walker III,2560913,DB,DET,@GB,2,3,,,,,,,,,,,,,,,,125,5.80
Kyle Dugger,2564601,DB,NE,@NYJ,2,1,,1,,,,,,,,,,,,,,126,5.70
Mike Hilton,2556559,DB,CIN,@CHI,2,1,,1,,,,,,,,,,,,,,127,5.70
Tashaun Gipson,2532848,DB,CHI,CIN,2,1,,,,,1,,,,,,,,,,13,128,5.63
Jeremy Chinn,2563632,DB,CAR,NO,3,,,,,,,,,,,,,,1,,,129,5.60
DeShon Elliott,2560715,DB,BAL,KC,3,,,,,,,,,,,,,,1,,,130,5.60
Ross Cockrell,2543799,DB,TB,ATL,3,,,,,,,,,,,,,,,,,131,5.10
Justin Coleman,2553637,DB,MIA,BUF,3,,,,,,,,,,,,,,,,,132,5.10
Rudy Ford,2558174,DB,JAX,DEN,3,,,,,,,,,,,,,,,,,133,5.10
Jason McCourty,89756,DB,MIA,BUF,3,,,,,,,,,,,,,,,,,134,5.10
Trevon Moehrig,2566268,DB,LV,@PIT,3,,,,,,,,,,,,,,,,,135,5.10
Fabian Moreau,2558136,DB,ATL,@TB,3,,,,,,,,,,,,,,,,,136,5.10
George Odum,2561131,DB,IND,LA,3,,,,,,,,,,,,,,,,,137,5.10
Bobby Price,2563953,DB,DET,@GB,3,,,,,,,,,,,,,,,,,138,5.10
Darius Slay,2540288,DB,PHI,SF,3,,,,,,,,,,,,,,,,,139,5.10
L'Jarius Sneed,2564304,DB,KC,@BAL,3,,,,,,,,,,,,,,,,,140,5.10
K'Von Wallace,2564871,DB,PHI,SF,3,,,,,,,,,,,,,,,,,141,5.10
Ugo Amadi,2562464,DB,SEA,TEN,1,1,,,,,,,,,,,,1,,,,142,5.00
Chris Claybrooks,2564169,DB,JAX,DEN,2,2,,,,,,,,,,,,,,,,143,5.00
John Johnson,2558183,DB,CLE,HOU,2,2,,,,,,,,,,,,,,,,144,5.00
Tremon Smith,2561103,DB,HOU,@CLE,2,2,,,,,,,,,,,,,,,,145,5.00
Desmond Trufant,2539334,DB,LV,@PIT,1,1,,,,,,,,,,,,1,,,,146,5.00
Kevin Byard,2555158,DB,TEN,@SEA,2,1,,,,,,,,,,,,,1,,,147,4.70
Sean Chandler,2561017,DB,CAR,NO,2,1,,,,,,,,,,,,,1,,,148,4.70
P.J. Williams,2552484,DB,NO,@CAR,2,1,,,,,,,,,,,,,1,,,149,4.70
Avonte Maddox,2560795,DB,PHI,SF,,1,,,,1,,,,,,,,,,,,150,4.30
Dane Cruikshank,2561033,DB,TEN,@SEA,2,1,,,,,,,,,,,,,,,,151,4.20
Kamren Curl,2565270,DB,WAS,NYG,2,1,,,,,,,,,,,,,,,,152,4.20
Cameron Dantzler,2564526,DB,MIN,@ARI,1,,,,,,,,,,,,,1,,,,153,4.20
Kristian Fulton,2564046,DB,TEN,@SEA,1,,,,,,,,,,,,,1,,,,154,4.20
DeAndre Houston-Carson,2555381,DB,CHI,CIN,2,1,,,,,,,,,,,,,,,,155,4.20
Bobby McCain,2552434,DB,WAS,NYG,2,1,,,,,,,,,,,,,,,,156,4.20
Jalen Mills,2555383,DB,NE,@NYJ,2,1,,,,,,,,,,,,,,,,157,4.20
Byron Murphy,2562318,DB,ARI,MIN,2,1,,,,,,,,,,,,,,,,158,4.20
Cameron Sutton,2558849,DB,PIT,LV,2,1,,,,,,,,,,,,,,,,159,4.20
Jaquan Johnson,2562676,DB,BUF,@MIA,1,3,,,,,,,,,,,,,,,,160,4.10
Chuck Clark,2558248,DB,BAL,KC,2,,,,,,,,,,,,,,,,,161,3.40
Rashad Fenton,2562649,DB,KC,@BAL,2,,,,,,,,,,,,,,,,,162,3.40
A.J. Green,2563782,DB,CLE,HOU,2,,,,,,,,,,,,,,,,,163,3.40
Lonnie Johnson,2562295,DB,HOU,@CLE,2,,,,,,,,,,,,,,,,,164,3.40
Jourdan Lewis,2557920,DB,DAL,@LAC,2,,,,,,,,,,,,,,,,,165,3.40
David Long,2562798,DB,LA,@IND,2,,,,,,,,,,,,,,,,,166,3.40
Bradley McDougald,2539243,DB,FA,Bye,2,,,,,,,,,,,,,,,,,167,3.40
Isaiah Rodgers,2564142,DB,IND,LA,2,,,,,,,,,,,,,,,,,168,3.40
Darnell Savage,2562724,DB,GB,DET,2,,,,,,,,,,,,,,,,,169,3.40
K'Waun Williams,2550654,DB,SF,@PHI,2,,,,,,,,,,,,,,,,,170,3.40
Marcus Epps,2562946,DB,PHI,SF,1,2,,,,,,,,,,,,,,,,171,3.30
Xavier McKinney,2564766,DB,NYG,@WAS,1,2,,,,,,,,,,,,,,,,172,3.30
Terrance Mitchell,2543637,DB,HOU,@CLE,1,2,,,,,,,,,,,,,,,,173,3.30
Brandon Stephens,2565851,DB,BAL,KC,1,2,,,,,,,,,,,,,,,,174,3.30
Troy Hill,2553536,DB,CLE,HOU,1,,,1,,,,,,,,,,,,,,175,3.20
Damon Arnette,2564409,DB,FA,Bye,,,,,,,,,,,,,,1,,,,176,2.50
Chris Banjo,2541192,DB,ARI,MIN,1,1,,,,,,,,,,,,,,,,177,2.50
Kyle Fuller,2543681,DB,DEN,@JAX,1,1,,,,,,,,,,,,,,,,178,2.50
Kemon Hall,2562975,DB,LAC,DAL,1,1,,,,,,,,,,,,,,,,179,2.50
Damar Hamlin,2565872,DB,BUF,@MIA,,,,,,,,,,,,,,1,,,,180,2.50
Jaylinn Hawkins,2563500,DB,ATL,@TB,1,1,,,,,,,,,,,,,,,,181,2.50
Justin Layne,2562479,DB,PIT,LV,1,1,,,,,,,,,,,,,,,,182,2.50
Rashaan Melvin,2541200,DB,CAR,NO,1,1,,,,,,,,,,,,,,,,183,2.50
Josh Norman,2532920,DB,SF,@PHI,1,1,,,,,,,,,,,,,,,,184,2.50
Patrick Peterson,2495504,DB,MIN,@ARI,1,1,,,,,,,,,,,,,,,,185,2.50
Robert Rochell,2566241,DB,LA,@IND,1,1,,,,,,,,,,,,,,,,186,2.50
Eric Rowe,2552255,DB,MIA,BUF,1,1,,,,,,,,,,,,,,,,187,2.50
Caden Sterns,2566040,DB,DEN,@JAX,,,,,,,,,,,,,,1,,,,188,2.50
Stantley Thomas-Oliver,2563689,DB,CAR,NO,1,1,,,,,,,,,,,,,,,,189,2.50
Rock Ya-Sin,2562614,DB,IND,LA,1,1,,,,,,,,,,,,,,,,190,2.50
Justin Bethel,2532792,DB,NE,@NYJ,1,,,,,,,,,,,,,,,,,191,1.70
Henry Black,2563974,DB,GB,DET,1,,,,,,,,,,,,,,,,,192,1.70
Terrence Brooks,2543712,DB,HOU,@CLE,1,,,,,,,,,,,,,,,,,193,1.70
Deon Bush,2555155,DB,CHI,CIN,1,,,,,,,,,,,,,,,,,194,1.70
Marqui Christian,2556277,DB,CHI,CIN,1,,,,,,,,,,,,,,,,,195,1.70
Andre Cisco,2566154,DB,JAX,DEN,1,,,,,,,,,,,,,,,,,196,1.70
Keion Crossen,2561157,DB,NYG,@WAS,1,,,,,,,,,,,,,,,,,197,1.70
Nate Ebner,2535132,DB,NYG,@WAS,1,,,,,,,,,,,,,,,,,198,1.70
Brandin Echols,2565726,DB,NYJ,NE,1,,,,,,,,,,,,,,,,,199,1.70
Deshazor Everett,2553710,DB,WAS,NYG,1,,,,,,,,,,,,,,,,,200,1.70
Marcell Harris,2561006,DB,SF,@PHI,1,,,,,,,,,,,,,,,,,201,1.70
Talanoa Hufanga,2566529,DB,SF,@PHI,1,,,,,,,,,,,,,,,,,202,1.70
Ryan Neal,2561381,DB,SEA,TEN,1,,,,,,,,,,,,,,,,,203,1.70
Tre Norwood,2566463,DB,PIT,LV,1,,,,,,,,,,,,,,,,,204,1.70
Sheldrick Redwine,2562711,DB,MIA,BUF,1,,,,,,,,,,,,,,,,,205,1.70
Nick Scott,2562905,DB,LA,@IND,1,,,,,,,,,,,,,,,,,206,1.70
Keith Taylor,2565911,DB,CAR,NO,1,,,,,,,,,,,,,,,,,207,1.70
Charles Washington,2556703,DB,ARI,MIN,1,,,,,,,,,,,,,,,,,208,1.70
Armani Watts,2560921,DB,KC,@BAL,1,,,,,,,,,,,,,,,,,209,1.70
Elijah Molden,2566115,DB,TEN,@SEA,,2,,,,,,,,,,,,,,,,210,1.60
Tevaughn Campbell,2562806,DB,LAC,DAL,,1,,,,,,,,,,,,,,,,211,0.80
Tyree Gillespie,2566256,DB,LV,@PIT,,1,,,,,,,,,,,,,,,,212,0.80
T.J. Green,2555537,DB,HOU,@CLE,,1,,,,,,,,,,,,,,,,213,0.80
Desmond King,2557927,DB,HOU,@CLE,,1,,,,,,,,,,,,,,,,214,0.80
Siran Neal,2560818,DB,BUF,@MIA,,1,,,,,,,,,,,,,,,,215,0.80
Amik Robertson,2564430,DB,LV,@PIT,,1,,,,,,,,,,,,,,,,216,0.80
Justin Simmons,2555550,DB,DEN,@JAX,,1,,,,,,,,,,,,,,,,217,0.80
Geno Stone,2563584,DB,BAL,KC,,1,,,,,,,,,,,,,,,,218,0.80
Chandon Sullivan,2560887,DB,GB,DET,,1,,,,,,,,,,,,,,,,219,0.80
Tavierre Thomas,2561278,DB,HOU,@CLE,,1,,,,,,,,,,,,,,,,220,0.80
Marco Wilson,2566439,DB,ARI,MIN,,1,,,,,,,,,,,,,,,,221,0.80
Delrick Abrams,2563464,DB,FA,Bye,,,,,,,,,,,,,,,,,,222,0.00
DeMarkus Acy,2565087,DB,PIT,LV,,,,,,,,,,,,,,,,,,223,0.00
Andrew Adams,2556456,DB,TB,ATL,,,,,,,,,,,,,,,,,,224,0.00
Jahleel Addae,2541958,DB,IND,LA,,,,,,,,,,,,,,,,,,225,0.00
Brian Allen,2558237,DB,FA,Bye,,,,,,,,,,,,,,,,,,226,0.00
Marcus Allen,2560956,DB,PIT,LV,,,,,,,,,,,,,,,,,,227,0.00
Ricardo Allen,2543850,DB,CIN,@CHI,,,,,,,,,,,,,,,,,,228,0.00
Johnathan Alston,2561520,DB,FA,Bye,,,,,,,,,,,,,,,,,,229,0.00
Troy Apke,2560958,DB,WAS,NYG,,,,,,,,,,,,,,,,,,230,0.00
Eli Apple,2555277,DB,CIN,@CHI,,,,,,,,,,,,,,,,,,231,0.00
Cornell Armstrong,2561147,DB,FA,Bye,,,,,,,,,,,,,,,,,,232,0.00
Grayland Arnold,2564814,DB,HOU,@CLE,,,,,,,,,,,,,,,,,,233,0.00
Jaytlin Askew,2566656,DB,FA,Bye,,,,,,,,,,,,,,,,,,234,0.00
Blessuan Austin,2562468,DB,SEA,TEN,,,,,,,,,,,,,,,,,,235,0.00
Deandre Baker,2562227,DB,KC,@BAL,,,,,,,,,,,,,,,,,,236,0.00
Corey Ballentine,2562228,DB,DET,@GB,,,,,,,,,,,,,,,,,,237,0.00
Luq Barcoo,2564160,DB,FA,Bye,,,,,,,,,,,,,,,,,,238,0.00
Essang Bassey,2563875,DB,DEN,@JAX,,,,,,,,,,,,,,,,,,239,0.00
DeVante Bausby,2553790,DB,NE,@NYJ,,,,,,,,,,,,,,,,,,240,0.00
Sam Beal,2561643,DB,FA,Bye,,,,,,,,,,,,,,,,,,241,0.00
Elijah Benton,2563758,DB,FA,Bye,,,,,,,,,,,,,,,,,,242,0.00
Marquise Blair,2562233,DB,SEA,TEN,,,,,,,,,,,,,,,,,,243,0.00
Joshuah Bledsoe,2566331,DB,NE,@NYJ,,,,,,,,,,,,,,,,,,244,0.00
Briean Boddy-Calhoun,2556475,DB,TEN,@SEA,,,,,,,,,,,,,,,,,,245,0.00
Terrell Bonds,2563136,DB,FA,Bye,,,,,,,,,,,,,,,,,,246,0.00
Breon Borders,2559015,DB,TEN,@SEA,,,,,,,,,,,,,,,,,,247,0.00
Tre Boston,2543830,DB,FA,Bye,,,,,,,,,,,,,,,,,,248,0.00
A.J. Bouye,2541162,DB,CAR,NO,,,,,,,,,,,,,,,,,,249,0.00
Kris Boyd,2562630,DB,MIN,@ARI,,,,,,,,,,,,,,,,,,250,0.00
John Brannon,2565018,DB,FA,Bye,,,,,,,,,,,,,,,,,,251,0.00
Brady Breeze,2566103,DB,TEN,@SEA,,,,,,,,,,,,,,,,,,252,0.00
Antoine Brooks Jr.,2564967,DB,LA,@IND,,,,,,,,,,,,,,,,,,253,0.00
Jordan Brown,2562396,DB,LV,@PIT,,,,,,,,,,,,,,,,,,254,0.00
Shakur Brown,2565774,DB,FA,Bye,,,,,,,,,,,,,,,,,,255,0.00
Tony Brown,2560982,DB,FA,Bye,,,,,,,,,,,,,,,,,,256,0.00
Tre Brown,2566550,DB,SEA,TEN,,,,,,,,,,,,,,,,,,257,0.00
Myles Bryant,2564592,DB,NE,@NYJ,,,,,,,,,,,,,,,,,,258,0.00
Terrell Burgess,2564331,DB,LA,@IND,,,,,,,,,,,,,,,,,,259,0.00
Artie Burns,2555344,DB,CHI,CIN,,,,,,,,,,,,,,,,,,260,0.00
Eric Burrell,2565696,DB,FA,Bye,,,,,,,,,,,,,,,,,,261,0.00
Deante Burton,2559109,DB,DAL,@LAC,,,,,,,,,,,,,,,,,,262,0.00
Malcolm Butler,2550613,DB,FA,Bye,,,,,,,,,,,,,,,,,,263,0.00
Camryn Bynum,2566295,DB,MIN,@ARI,,,,,,,,,,,,,,,,,,264,0.00
Elijah Campbell,2561455,DB,MIA,BUF,,,,,,,,,,,,,,,,,,265,0.00
Ibraheim Campbell,2552605,DB,IND,LA,,,,,,,,,,,,,,,,,,266,0.00
Maurice Canady,2555178,DB,DAL,@LAC,,,,,,,,,,,,,,,,,,267,0.00
Jamal Carter,2559321,DB,TEN,@SEA,,,,,,,,,,,,,,,,,,268,0.00
Andre Chachere,2561016,DB,PHI,SF,,,,,,,,,,,,,,,,,,269,0.00
Anthony Chesley,2563235,DB,IND,LA,,,,,,,,,,,,,,,,,,270,0.00
Patrick Chung,71251,DB,FA,Bye,,,,,,,,,,,,,,,,,,271,0.00
Chris Cooper,2561429,DB,TB,ATL,,,,,,,,,,,,,,,,,,272,0.00
Shaun Crawford,2565642,DB,FA,Bye,,,,,,,,,,,,,,,,,,273,0.00
Xavier Crawford,2562515,DB,CHI,CIN,,,,,,,,,,,,,,,,,,274,0.00
Ken Crawley,2556735,DB,NO,@CAR,,,,,,,,,,,,,,,,,,275,0.00
Jordan Dangerfield,2541696,DB,FA,Bye,,,,,,,,,,,,,,,,,,276,0.00
DJ Daniel,2566653,DB,FA,Bye,,,,,,,,,,,,,,,,,,277,0.00
Ronald Darby,2552689,DB,DEN,@JAX,,,,,,,,,,,,,,,,,,278,0.00
Ashtyn Davis,2564793,DB,NYJ,NE,,,,,,,,,,,,,,,,,,279,0.00
Cody Davis,2541135,DB,NE,@NYJ,,,,,,,,,,,,,,,,,,280,0.00
Jalen Davis,2561316,DB,CIN,@CHI,,,,,,,,,,,,,,,,,,281,0.00
Javaris Davis,2564265,DB,MIA,BUF,,,,,,,,,,,,,,,,,,282,0.00
Sean Davis,2555386,DB,NE,@NYJ,,,,,,,,,,,,,,,,,,283,0.00
Shawn Davis,2565597,DB,GB,DET,,,,,,,,,,,,,,,,,,284,0.00
Duke Dawson,2561040,DB,DEN,@JAX,,,,,,,,,,,,,,,,,,285,0.00
Divine Deablo,2566253,DB,LV,@PIT,,,,,,,,,,,,,,,,,,286,0.00
Donte' Deayon,2556512,DB,LA,@IND,,,,,,,,,,,,,,,,,,287,0.00
Stephen Denmark,2562874,DB,FA,Bye,,,,,,,,,,,,,,,,,,288,0.00
Darqueze Dennard,2543474,DB,IND,LA,,,,,,,,,,,,,,,,,,289,0.00
Pierre Desir,2543811,DB,TB,ATL,,,,,,,,,,,,,,,,,,290,0.00
Khalil Dorsey,2565336,DB,BAL,KC,,,,,,,,,,,,,,,,,,291,0.00
Rasul Douglas,2558168,DB,GB,DET,,,,,,,,,,,,,,,,,,292,0.00
Quinton Dunbar,2553796,DB,FA,Bye,,,,,,,,,,,,,,,,,,293,0.00
Isaiah Dunn,2565720,DB,NYJ,NE,,,,,,,,,,,,,,,,,,294,0.00
Corn Elder,2558171,DB,WAS,NYG,,,,,,,,,,,,,,,,,,295,0.00
Tino Ellis,2564670,DB,FA,Bye,,,,,,,,,,,,,,,,,,296,0.00
Brandon Facyson,2560719,DB,LV,@PIT,,,,,,,,,,,,,,,,,,297,0.00
Caleb Farley,2566106,DB,TEN,@SEA,,,,,,,,,,,,,,,,,,298,0.00
Matthias Farley,2556429,DB,TEN,@SEA,,,,,,,,,,,,,,,,,,299,0.00
Clayton Fejedelem,2555355,DB,MIA,BUF,,,,,,,,,,,,,,,,,,300,0.00
Mark Fields,2562442,DB,FA,Bye,,,,,,,,,,,,,,,,,,301,0.00
Mike Ford,2561527,DB,DEN,@JAX,,,,,,,,,,,,,,,,,,302,0.00
Paris Ford,2566205,DB,FA,Bye,,,,,,,,,,,,,,,,,,303,0.00
Darrick Forrest,2566598,DB,WAS,NYG,,,,,,,,,,,,,,,,,,304,0.00
Sam Franklin,2563638,DB,CAR,NO,,,,,,,,,,,,,,,,,,305,0.00
Kavon Frazier,2555536,DB,FA,Bye,,,,,,,,,,,,,,,,,,306,0.00
Innis Gaines,2565591,DB,GB,DET,,,,,,,,,,,,,,,,,,307,0.00
Phillip Gaines,2543851,DB,FA,Bye,,,,,,,,,,,,,,,,,,308,0.00
Chauncey Gardner-Johnson,2562588,DB,NO,@CAR,,,,,,,,,,,,,,,,,,309,0.00
Rashaan Gaulden,2560775,DB,FA,Bye,,,,,,,,,,,,,,,,,,310,0.00
Jake Gervase,2563306,DB,LA,@IND,,,,,,,,,,,,,,,,,,311,0.00
Mark Gilbert,2565783,DB,DET,@GB,,,,,,,,,,,,,,,,,,312,0.00
Stephon Gilmore,2533062,DB,CAR,NO,,,,,,,,,,,,,,,,,,313,0.00
Jeff Gladney,2564541,DB,FA,Bye,,,,,,,,,,,,,,,,,,314,0.00
C.J. Goodwin,2550767,DB,DAL,@LAC,,,,,,,,,,,,,,,,,,315,0.00
Tay Gowan,2566427,DB,PHI,SF,,,,,,,,,,,,,,,,,,316,0.00
Thomas Graham Jr.,2565923,DB,CHI,CIN,,,,,,,,,,,,,,,,,,317,0.00
Richie Grant,2565818,DB,ATL,@TB,,,,,,,,,,,,,,,,,,318,0.00
J.T. Gray,2561206,DB,NO,@CAR,,,,,,,,,,,,,,,,,,319,0.00
Raven Greene,2561207,DB,FA,Bye,,,,,,,,,,,,,,,,,,320,0.00
Olaijah Griffin,2566635,DB,BUF,@MIA,,,,,,,,,,,,,,,,,,321,0.00
Joe Haden,496733,DB,PIT,LV,,,,,,,,,,,,,,,,,,322,0.00
Javon Hagan,2565219,DB,ARI,MIN,,,,,,,,,,,,,,,,,,323,0.00
Nate Hairston,2558108,DB,DEN,@JAX,,,,,,,,,,,,,,,,,,324,0.00
Darren Hall,2565821,DB,ATL,@TB,,,,,,,,,,,,,,,,,,325,0.00
Tyler Hall,2563497,DB,LA,@IND,,,,,,,,,,,,,,,,,,326,0.00
Saquan Hampton,2562658,DB,FA,Bye,,,,,,,,,,,,,,,,,,327,0.00
Harrison Hand,2564547,DB,MIN,@ARI,,,,,,,,,,,,,,,,,,328,0.00
Justin Hardee,2559181,DB,NYJ,NE,,,,,,,,,,,,,,,,,,329,0.00
Madre Harper,2564421,DB,CAR,NO,,,,,,,,,,,,,,,,,,330,0.00
Brontae Harris,2566217,DB,FA,Bye,,,,,,,,,,,,,,,,,,331,0.00
Chris Harris,2530510,DB,LAC,DAL,,,,,,,,,,,,,,,,,,332,0.00
Tim Harris,2562949,DB,FA,Bye,,,,,,,,,,,,,,,,,,333,0.00
Myles Hartsfield,2563644,DB,CAR,NO,,,,,,,,,,,,,,,,,,334,0.00
J.T. Hassell,2563045,DB,FA,Bye,,,,,,,,,,,,,,,,,,335,0.00
Jeff Heath,2541832,DB,NO,@CAR,,,,,,,,,,,,,,,,,,336,0.00
Trayvon Henderson,2561339,DB,CIN,@CHI,,,,,,,,,,,,,,,,,,337,0.00
Tre Herndon,2561340,DB,JAX,DEN,,,,,,,,,,,,,,,,,,338,0.00
Gavin Heslop,2565156,DB,SEA,TEN,,,,,,,,,,,,,,,,,,339,0.00
Alijah Holder,2562572,DB,FA,Bye,,,,,,,,,,,,,,,,,,340,0.00
Nate Holley,2561627,DB,FA,Bye,,,,,,,,,,,,,,,,,,341,0.00
Ka'dar Hollman,2562940,DB,NYG,@WAS,,,,,,,,,,,,,,,,,,342,0.00
Amani Hooker,2562666,DB,TEN,@SEA,,,,,,,,,,,,,,,,,,343,0.00
Jameson Houston,2563791,DB,FA,Bye,,,,,,,,,,,,,,,,,,344,0.00
JuJu Hughes,2564352,DB,LA,@IND,,,,,,,,,,,,,,,,,,345,0.00
J.T. Ibe,2565570,DB,FA,Bye,,,,,,,,,,,,,,,,,,346,0.00
Noah Igbinoghene,2564457,DB,MIA,BUF,,,,,,,,,,,,,,,,,,347,0.00
Bennett Jackson,2543834,DB,FA,Bye,,,,,,,,,,,,,,,,,,348,0.00
Josh Jackson,2560755,DB,KC,@BAL,,,,,,,,,,,,,,,,,,349,0.00
Lamar Jackson,2565513,DB,NYJ,NE,,,,,,,,,,,,,,,,,,350,0.00
Mike Jackson,2562434,DB,SEA,TEN,,,,,,,,,,,,,,,,,,351,0.00
Robert Jackson,2561434,DB,FA,Bye,,,,,,,,,,,,,,,,,,352,0.00
Michael Jacquet,2564835,DB,FA,Bye,,,,,,,,,,,,,,,,,,353,0.00
Natrell Jamerson,2560759,DB,NYJ,NE,,,,,,,,,,,,,,,,,,354,0.00
Craig James,2561486,DB,PHI,SF,,,,,,,,,,,,,,,,,,355,0.00
Shemar Jean-Charles,2566079,DB,GB,DET,,,,,,,,,,,,,,,,,,356,0.00
Danny Johnson,2560764,DB,WAS,NYG,,,,,,,,,,,,,,,,,,357,0.00
Dontae Johnson,2543739,DB,SF,@PHI,,,,,,,,,,,,,,,,,,358,0.00
Isaiah Johnson,2562675,DB,FA,Bye,,,,,,,,,,,,,,,,,,359,0.00
Jamar Johnson,2566031,DB,DEN,@JAX,,,,,,,,,,,,,,,,,,360,0.00
Kevin Johnson,2552261,DB,FA,Bye,,,,,,,,,,,,,,,,,,361,0.00
Chris Jones,2560767,DB,TEN,@SEA,,,,,,,,,,,,,,,,,,362,0.00
Josh Jones,2558119,DB,IND,LA,,,,,,,,,,,,,,,,,,363,0.00
Karl Joseph,2555342,DB,PIT,LV,,,,,,,,,,,,,,,,,,364,0.00
Kelvin Joseph,2566010,DB,DAL,@LAC,,,,,,,,,,,,,,,,,,365,0.00
Lamarcus Joyner,2543492,DB,NYJ,NE,,,,,,,,,,,,,,,,,,366,0.00
Jalen Julius,2564289,DB,FA,Bye,,,,,,,,,,,,,,,,,,367,0.00
Joshua Kalu,2560776,DB,NYG,@WAS,,,,,,,,,,,,,,,,,,368,0.00
Bopete Keyes,2564292,DB,FA,Bye,,,,,,,,,,,,,,,,,,369,0.00
Miles Killebrew,2555315,DB,PIT,LV,,,,,,,,,,,,,,,,,,370,0.00
Luther Kirk,2565304,DB,ATL,@TB,,,,,,,,,,,,,,,,,,371,0.00
Dre Kirkpatrick,2533060,DB,SF,@PHI,,,,,,,,,,,,,,,,,,372,0.00
Chris Lammons,2561226,DB,KC,@BAL,,,,,,,,,,,,,,,,,,373,0.00
Marshon Lattimore,2558061,DB,NO,@CAR,,,,,,,,,,,,,,,,,,374,0.00
Nevin Lawson,2543872,DB,JAX,DEN,,,,,,,,,,,,,,,,,,375,0.00
Richard LeCounte III,2565977,DB,CLE,HOU,,,,,,,,,,,,,,,,,,376,0.00
Anthony Levine,2508004,DB,BAL,KC,,,,,,,,,,,,,,,,,,377,0.00
Cam Lewis,2563205,DB,BUF,@MIA,,,,,,,,,,,,,,,,,,378,0.00
Donnie Lewis,2562910,DB,FA,Bye,,,,,,,,,,,,,,,,,,379,0.00
Zane Lewis,2564928,DB,NYJ,NE,,,,,,,,,,,,,,,,,,380,0.00
P.J. Locke,2563012,DB,DEN,@JAX,,,,,,,,,,,,,,,,,,381,0.00
Julian Love,2562414,DB,NYG,@WAS,,,,,,,,,,,,,,,,,,382,0.00
Jordan Lucas,2555542,DB,IND,LA,,,,,,,,,,,,,,,,,,383,0.00
Cole Luke,2558968,DB,FA,Bye,,,,,,,,,,,,,,,,,,384,0.00
Dylan Mabin,2563029,DB,NO,@CAR,,,,,,,,,,,,,,,,,,385,0.00
Greg Mabin,2558971,DB,TEN,@SEA,,,,,,,,,,,,,,,,,,386,0.00
Dean Marlowe,2553562,DB,DET,@GB,,,,,,,,,,,,,,,,,,387,0.00
Iman Marshall,2562961,DB,BAL,KC,,,,,,,,,,,,,,,,,,388,0.00
Trey Marshall,2561370,DB,LAC,DAL,,,,,,,,,,,,,,,,,,389,0.00
Arthur Maulet,2559087,DB,PIT,LV,,,,,,,,,,,,,,,,,,390,0.00
Nick McCloud,2566638,DB,BUF,@MIA,,,,,,,,,,,,,,,,,,391,0.00
Rodney McLeod,2534832,DB,PHI,SF,,,,,,,,,,,,,,,,,,392,0.00
Sherrick McManis,494289,DB,FA,Bye,,,,,,,,,,,,,,,,,,393,0.00
Zech McPhearson,2566406,DB,PHI,SF,,,,,,,,,,,,,,,,,,394,0.00
Torry McTyer,2559053,DB,WAS,NYG,,,,,,,,,,,,,,,,,,395,0.00
Quenton Meeks,2560808,DB,FA,Bye,,,,,,,,,,,,,,,,,,396,0.00
Josh Metellus,2564568,DB,MIN,@ARI,,,,,,,,,,,,,,,,,,397,0.00
Doug Middleton,2556617,DB,FA,Bye,,,,,,,,,,,,,,,,,,398,0.00
Herb Miller,2563153,DB,CLE,HOU,,,,,,,,,,,,,,,,,,399,0.00
Jordan Miller,2562497,DB,NO,@CAR,,,,,,,,,,,,,,,,,,400,0.00
Chris Milton,2556394,DB,FA,Bye,,,,,,,,,,,,,,,,,,401,0.00
Jovante Moffatt,2563797,DB,CLE,HOU,,,,,,,,,,,,,,,,,,402,0.00
Joshua Moon,2563265,DB,FA,Bye,,,,,,,,,,,,,,,,,,403,0.00
A.J. Moore,2561538,DB,HOU,@CLE,,,,,,,,,,,,,,,,,,404,0.00
C.J. Moore,2563193,DB,DET,@GB,,,,,,,,,,,,,,,,,,405,0.00
Tarvarius Moore,2561117,DB,SF,@PHI,,,,,,,,,,,,,,,,,,406,0.00
Jimmy Moreland,2562858,DB,HOU,@CLE,,,,,,,,,,,,,,,,,,407,0.00
TJ Morrison,2565651,DB,FA,Bye,,,,,,,,,,,,,,,,,,408,0.00
Emmanuel Moseley,2561072,DB,SF,@PHI,,,,,,,,,,,,,,,,,,409,0.00
Parnell Motley,2565237,DB,DET,@GB,,,,,,,,,,,,,,,,,,410,0.00
Israel Mukuamu,2566013,DB,DAL,@LAC,,,,,,,,,,,,,,,,,,411,0.00
Sean Murphy-Bunting,2562635,DB,TB,ATL,,,,,,,,,,,,,,,,,,412,0.00
Eric Murray,2555173,DB,HOU,@CLE,,,,,,,,,,,,,,,,,,413,0.00
Kai Nacua,2559220,DB,SF,@PHI,,,,,,,,,,,,,,,,,,414,0.00
Sharrod Neasman,2556443,DB,NYJ,NE,,,,,,,,,,,,,,,,,,415,0.00
Nik Needham,2563220,DB,MIA,BUF,,,,,,,,,,,,,,,,,,416,0.00
Nick Nelson,2560819,DB,IND,LA,,,,,,,,,,,,,,,,,,417,0.00
Picasso Nelson,2563002,DB,FA,Bye,,,,,,,,,,,,,,,,,,418,0.00
Keisean Nixon,2562938,DB,LV,@PIT,,,,,,,,,,,,,,,,,,419,0.00
Michael Ojemudia,2563908,DB,DEN,@JAX,,,,,,,,,,,,,,,,,,420,0.00
Jeff Okudah,2563944,DB,DET,@GB,,,,,,,,,,,,,,,,,,421,0.00
Kareem Orr,2563274,DB,LA,@IND,,,,,,,,,,,,,,,,,,422,0.00
Amani Oruwariye,2562390,DB,DET,@GB,,,,,,,,,,,,,,,,,,423,0.00
Jonathan Owens,2561255,DB,HOU,@CLE,,,,,,,,,,,,,,,,,,424,0.00
Steven Parker,2561256,DB,NYG,@WAS,,,,,,,,,,,,,,,,,,425,0.00
Will Parks,2556278,DB,SF,@PHI,,,,,,,,,,,,,,,,,,426,0.00
Jomal Wiltz,2559283,DB,MIA,BUF,,,,,,,,,,,,,,,,,,427,0.00
Jordyn Peters,2565750,DB,FA,Bye,,,,,,,,,,,,,,,,,,428,0.00
Marcus Peters,2552488,DB,BAL,KC,,,,,,,,,,,,,,,,,,429,0.00
Kevin Peterson,2556764,DB,ARI,MIN,,,,,,,,,,,,,,,,,,430,0.00
Darius Phillips,2560839,DB,CIN,@CHI,,,,,,,,,,,,,,,,,,431,0.00
Jason Pinnock,2565753,DB,NYJ,NE,,,,,,,,,,,,,,,,,,432,0.00
Brian Poole,2556445,DB,FA,Bye,,,,,,,,,,,,,,,,,,433,0.00
Troy Pride,2563662,DB,CAR,NO,,,,,,,,,,,,,,,,,,434,0.00
Glover Quin,71441,DB,FA,Bye,,,,,,,,,,,,,,,,,,435,0.00
Damarious Randall,2552389,DB,FA,Bye,,,,,,,,,,,,,,,,,,436,0.00
Jeremy Reaves,2561394,DB,WAS,NYG,,,,,,,,,,,,,,,,,,437,0.00
Will Redmond,2555545,DB,GB,DET,,,,,,,,,,,,,,,,,,438,0.00
J.R. Reed,2564220,DB,NYG,@WAS,,,,,,,,,,,,,,,,,,439,0.00
John Reid,2564088,DB,SEA,TEN,,,,,,,,,,,,,,,,,,440,0.00
Xavier Rhodes,2540155,DB,IND,LA,,,,,,,,,,,,,,,,,,441,0.00
Jordan Richards,2552392,DB,BAL,KC,,,,,,,,,,,,,,,,,,442,0.00
Elijah Riley,2564853,DB,NYJ,NE,,,,,,,,,,,,,,,,,,443,0.00
Darryl Roberts,2553353,DB,WAS,NYG,,,,,,,,,,,,,,,,,,444,0.00
Nickell Robey-Coleman,2540197,DB,DET,@GB,,,,,,,,,,,,,,,,,,445,0.00
Aaron Robinson,2566370,DB,NYG,@WAS,,,,,,,,,,,,,,,,,,446,0.00
Kenny Robinson,2563674,DB,CAR,NO,,,,,,,,,,,,,,,,,,447,0.00
Patrick Robinson,2508084,DB,FA,Bye,,,,,,,,,,,,,,,,,,448,0.00
Rashard Robinson,2555546,DB,TB,ATL,,,,,,,,,,,,,,,,,,449,0.00
Reggie Robinson II,2563863,DB,DAL,@LAC,,,,,,,,,,,,,,,,,,450,0.00
Tyree Robinson,2561519,DB,FA,Bye,,,,,,,,,,,,,,,,,,451,0.00
Winston Rose,2556670,DB,FA,Bye,,,,,,,,,,,,,,,,,,452,0.00
D'Angelo Ross,2563057,DB,NE,@NYJ,,,,,,,,,,,,,,,,,,453,0.00
Brandon Rusnak,2562912,DB,JAX,DEN,,,,,,,,,,,,,,,,,,454,0.00
KeiVarae Russell,2555547,DB,NO,@CAR,,,,,,,,,,,,,,,,,,455,0.00
Stanford Samuels III,2564022,DB,FA,Bye,,,,,,,,,,,,,,,,,,456,0.00
Josiah Scott,2564229,DB,PHI,SF,,,,,,,,,,,,,,,,,,457,0.00
Vernon Scott,2564028,DB,GB,DET,,,,,,,,,,,,,,,,,,458,0.00
Andrew Sendejo,2525323,DB,IND,LA,,,,,,,,,,,,,,,,,,459,0.00
Kevon Seymour,2555549,DB,BAL,KC,,,,,,,,,,,,,,,,,,460,0.00
Kendall Sheffield,2562730,DB,ATL,@TB,,,,,,,,,,,,,,,,,,461,0.00
Richard Sherman,2495507,DB,TB,ATL,,,,,,,,,,,,,,,,,,462,0.00
Jamien Sherwood,2565762,DB,NYJ,NE,,,,,,,,,,,,,,,,,,463,0.00
LeShaun Sims,2555551,DB,FA,Bye,,,,,,,,,,,,,,,,,,464,0.00
Kemah Siverand,2565189,DB,FA,Bye,,,,,,,,,,,,,,,,,,465,0.00
Buster Skrine,2495343,DB,FA,Bye,,,,,,,,,,,,,,,,,,466,0.00
Jimmy Smith,2508107,DB,BAL,KC,,,,,,,,,,,,,,,,,,467,0.00
Maurice Smith,2559058,DB,FA,Bye,,,,,,,,,,,,,,,,,,468,0.00
Ryan Smith,2555552,DB,LAC,DAL,,,,,,,,,,,,,,,,,,469,0.00
Saivion Smith,2562741,DB,SF,@PHI,,,,,,,,,,,,,,,,,,470,0.00
Tye Smith,2552449,DB,MIN,@ARI,,,,,,,,,,,,,,,,,,471,0.00
Linden Stephens,2561277,DB,PIT,LV,,,,,,,,,,,,,,,,,,472,0.00
JaCoby Stevens,2566412,DB,PHI,SF,,,,,,,,,,,,,,,,,,473,0.00
M.J. Stewart,2560884,DB,CLE,HOU,,,,,,,,,,,,,,,,,,474,0.00
Donovan Stiner,2565795,DB,PIT,LV,,,,,,,,,,,,,,,,,,475,0.00
Corey Straughter,2565636,DB,FA,Bye,,,,,,,,,,,,,,,,,,476,0.00
Greg Stroman,2560886,DB,FA,Bye,,,,,,,,,,,,,,,,,,477,0.00
D.J. Swearinger,2539943,DB,FA,Bye,,,,,,,,,,,,,,,,,,478,0.00
Teez Tabor,2557955,DB,CHI,CIN,,,,,,,,,,,,,,,,,,479,0.00
Cordrea Tankersley,2557931,DB,FA,Bye,,,,,,,,,,,,,,,,,,480,0.00
Shakial Taylor,2563129,DB,FA,Bye,,,,,,,,,,,,,,,,,,481,0.00
Roderic Teamer,2562981,DB,LV,@PIT,,,,,,,,,,,,,,,,,,482,0.00
Marvell Tell,2562757,DB,IND,LA,,,,,,,,,,,,,,,,,,483,0.00
Ambry Thomas,2566547,DB,SF,@PHI,,,,,,,,,,,,,,,,,,484,0.00
Josh Thomas,2565387,DB,BUF,@MIA,,,,,,,,,,,,,,,,,,485,0.00
Darian Thompson,2555154,DB,DAL,@LAC,,,,,,,,,,,,,,,,,,486,0.00
Deionte Thompson,2562760,DB,ARI,MIN,,,,,,,,,,,,,,,,,,487,0.00
Tariq Thompson,2566644,DB,FA,Bye,,,,,,,,,,,,,,,,,,488,0.00
Juan Thornhill,2562761,DB,KC,@BAL,,,,,,,,,,,,,,,,,,489,0.00
Kenny Vaccaro,2539320,DB,FA,Bye,,,,,,,,,,,,,,,,,,490,0.00
Donte Vaughn,2565084,DB,FA,Bye,,,,,,,,,,,,,,,,,,491,0.00
Jason Verrett,2543493,DB,SF,@PHI,,,,,,,,,,,,,,,,,,492,0.00
Kary Vincent Jr.,2566046,DB,PHI,SF,,,,,,,,,,,,,,,,,,493,0.00
Dee Virgin,2559274,DB,FA,Bye,,,,,,,,,,,,,,,,,,494,0.00
Lamont Wade,2565798,DB,FA,Bye,,,,,,,,,,,,,,,,,,495,0.00
Shaun Wade,2565854,DB,NE,@NYJ,,,,,,,,,,,,,,,,,,496,0.00
Nigel Warrior,2563590,DB,SEA,TEN,,,,,,,,,,,,,,,,,,497,0.00
Ar'Darius Washington,2566632,DB,BAL,KC,,,,,,,,,,,,,,,,,,498,0.00
Keith Washington,2564706,DB,FA,Bye,,,,,,,,,,,,,,,,,,499,0.00
Jaylen Watkins,2543707,DB,FA,Bye,,,,,,,,,,,,,,,,,,500,0.00
Trae Waynes,2552448,DB,CIN,@CHI,,,,,,,,,,,,,,,,,,501,0.00
Mark Webb,2566523,DB,LAC,DAL,,,,,,,,,,,,,,,,,,502,0.00
Chris Westry,2562902,DB,BAL,KC,,,,,,,,,,,,,,,,,,503,0.00
Brendon White,2565765,DB,FA,Bye,,,,,,,,,,,,,,,,,,504,0.00
Jace Whittaker,2564955,DB,ARI,MIN,,,,,,,,,,,,,,,,,,505,0.00
Chris Wilcox,2566577,DB,IND,LA,,,,,,,,,,,,,,,,,,506,0.00
Rachad Wildgoose,2565881,DB,BUF,@MIA,,,,,,,,,,,,,,,,,,507,0.00
LaDarius Wiley,2563280,DB,FA,Bye,,,,,,,,,,,,,,,,,,508,0.00
Avery Williams,2565833,DB,ATL,@TB,,,,,,,,,,,,,,,,,,509,0.00
Greedy Williams,2562785,DB,CLE,HOU,,,,,,,,,,,,,,,,,,510,0.00
Jarren Williams,2564958,DB,NYG,@WAS,,,,,,,,,,,,,,,,,,511,0.00
Rodarius Williams,2566379,DB,NYG,@WAS,,,,,,,,,,,,,,,,,,512,0.00
Shawn Williams,2539233,DB,ATL,@TB,,,,,,,,,,,,,,,,,,513,0.00
Trill Williams,2565714,DB,MIA,BUF,,,,,,,,,,,,,,,,,,514,0.00
Chris Williamson,2564784,DB,ATL,@TB,,,,,,,,,,,,,,,,,,515,0.00
Brandon Wilson,2558786,DB,CIN,@CHI,,,,,,,,,,,,,,,,,,516,0.00
Donovan Wilson,2562604,DB,DAL,@LAC,,,,,,,,,,,,,,,,,,517,0.00
Jarrod Wilson,2556711,DB,NYJ,NE,,,,,,,,,,,,,,,,,,518,0.00
Quincy Wilson,2557961,DB,NYG,@WAS,,,,,,,,,,,,,,,,,,519,0.00
Tavon Wilson,2534830,DB,SF,@PHI,,,,,,,,,,,,,,,,,,520,0.00
Ahkello Witherspoon,2558157,DB,PIT,LV,,,,,,,,,,,,,,,,,,521,0.00
Daryl Worley,2555394,DB,FA,Bye,,,,,,,,,,,,,,,,,,522,0.00
Blidi Wreh-Wilson,2539219,DB,TB,ATL,,,,,,,,,,,,,,,,,,523,0.00
Nahshon Wright,2566022,DB,DAL,@LAC,,,,,,,,,,,,,,,,,,524,0.00
Isaac Yiadom,2560946,DB,GB,DET,,,,,,,,,,,,,,,,,,525,0.00
