PlayerName,PlayerId,Pos,Team,PlayerOpponent,TacklesTot,TacklesAst,TacklesSck,TacklesTfl,TurnoverInt,TurnoverFrcFum,TurnoverFumRec,ScoreIntTd,ScoreFumTd,ScoreBlkTd,ScoreSaf,ScoreDef2ptRet,Blk,PDef,QBHit,ReturnIntYds,ReturnFumYds,PlayerWeekProjectedPts,Rank,TotalPoints,ProjectionDiff
Johnathan Abram,2562616,DB,LV,KC,,,,,,,,,,,,,,,,,,10.48,1,0.00,-10.48
Delrick Abrams,2563464,DB,FA,Bye,,,,,,,,,,,,,,,,,,,2,0.00,
DeMarkus Acy,2565087,DB,PIT,DET,,,,,,,,,,,,,,,,,,,3,0.00,
Andrew Adams,2556456,DB,TB,@WAS,,,,,,,,,,,,,,,,,,0.56,4,0.00,-0.56
Jamal Adams,2557979,DB,SEA,@GB,,,,,,,,,,,,,,,,,,10.25,5,0.00,-10.25
Jahleel Addae,2541958,DB,IND,JAX,,,,,,,,,,,,,,,,,,0.00,6,0.00,0.0
Nasir Adderley,2562617,DB,LAC,MIN,,,,,,,,,,,,,,,,,,9.89,7,0.00,-9.89
Paulson Adebo,2566346,DB,NO,@TEN,,,,,,,,,,,,,,,,,,8.01,8,0.00,-8.01
Jaire Alexander,2560952,DB,GB,SEA,,,,,,,,,,,,,,,,,,,9,0.00,
Mackensie Alexander,2555177,DB,MIN,@LAC,,,,,,,,,,,,,,,,,,6.35,10,0.00,-6.35
Robert Alford,2539653,DB,ARI,CAR,,,,,,,,,,,,,,,,,,4.26,11,0.00,-4.26
Brian Allen,2558237,DB,FA,Bye,,,,,,,,,,,,,,,,,,,12,0.00,
Marcus Allen,2560956,DB,PIT,DET,,,,,,,,,,,,,,,,,,0.00,13,0.00,0.0
Ricardo Allen,2543850,DB,CIN,Bye,,,,,,,,,,,,,,,,,,,14,0.00,
Johnathan Alston,2561520,DB,FA,Bye,,,,,,,,,,,,,,,,,,,15,0.00,
Ugo Amadi,2562464,DB,SEA,@GB,,,,,,,,,,,,,,,,,,3.94,16,0.00,-3.94
Adrian Amos,2552385,DB,GB,SEA,,,,,,,,,,,,,,,,,,11.26,17,0.00,-11.26
Troy Apke,2560958,DB,WAS,TB,,,,,,,,,,,,,,,,,,0.49,18,0.00,-0.49
Eli Apple,2555277,DB,CIN,Bye,,,,,,,,,,,,,,,,,,,19,0.00,
Cornell Armstrong,2561147,DB,FA,Bye,,,,,,,,,,,,,,,,,,,20,0.00,
Damon Arnette,2564409,DB,FA,Bye,,,,,,,,,,,,,,,,,,,21,0.00,
Grayland Arnold,2564814,DB,HOU,Bye,,,,,,,,,,,,,,,,,,,22,0.00,
Jaytlin Askew,2566656,DB,FA,Bye,,,,,,,,,,,,,,,,,,,23,0.00,
Blessuan Austin,2562468,DB,SEA,@GB,,,,,,,,,,,,,,,,,,0.00,24,0.00,0.0
Anthony Averett,2560963,DB,BAL,@MIA,,,,,,,,,,,,,,,,,,10.08,25,0.00,-10.08
Chidobe Awuzie,2557840,DB,CIN,Bye,,,,,,,,,,,,,,,,,,,26,0.00,
Budda Baker,2558009,DB,ARI,CAR,,,,,,,,,,,,,,,,,,10.12,27,0.00,-10.12
Deandre Baker,2562227,DB,KC,@LV,,,,,,,,,,,,,,,,,,0.00,28,0.00,0.0
Corey Ballentine,2562228,DB,DET,@PIT,,,,,,,,,,,,,,,,,,,29,0.00,
Chris Banjo,2541192,DB,ARI,CAR,,,,,,,,,,,,,,,,,,0.79,30,0.00,-0.79
Luq Barcoo,2564160,DB,FA,Bye,,,,,,,,,,,,,,,,,,,31,0.00,
Essang Bassey,2563875,DB,DEN,PHI,,,,,,,,,,,,,,,,,,,32,0.00,
Jessie Bates,2560970,DB,CIN,Bye,,,,,,,,,,,,,,,,,,,33,0.00,
DeVante Bausby,2553790,DB,NE,CLE,,,,,,,,,,,,,,,,,,0.00,34,0.00,0.0
Sam Beal,2561643,DB,FA,Bye,,,,,,,,,,,,,,,,,,,35,0.00,
Vonn Bell,2555530,DB,CIN,Bye,,,,,,,,,,,,,,,,,,,36,0.00,
Elijah Benton,2563758,DB,FA,Bye,,,,,,,,,,,,,,,,,,,37,0.00,
Justin Bethel,2532792,DB,NE,CLE,,,,,,,,,,,,,,,,,,0.79,38,0.00,-0.79
Henry Black,2563974,DB,GB,SEA,,,,,,,,,,,,,,,,,,2.42,39,0.00,-2.42
Julian Blackmon,2564103,DB,IND,JAX,,,,,,,,,,,,,,,,,,,40,0.00,
Marquise Blair,2562233,DB,SEA,@GB,,,,,,,,,,,,,,,,,,,41,0.00,
Joshuah Bledsoe,2566331,DB,NE,CLE,,,,,,,,,,,,,,,,,,0.00,42,0.00,0.0
Briean Boddy-Calhoun,2556475,DB,TEN,NO,,,,,,,,,,,,,,,,,,0.00,43,0.00,0.0
Terrell Bonds,2563136,DB,FA,Bye,,,,,,,,,,,,,,,,,,,44,0.00,
Breon Borders,2559015,DB,FA,Bye,,,,,,,,,,,,,,,,,,,45,0.00,
Tre Boston,2543830,DB,FA,Bye,,,,,,,,,,,,,,,,,,,46,0.00,
A.J. Bouye,2541162,DB,CAR,@ARI,,,,,,,,,,,,,,,,,,3.65,47,0.00,-3.65
Kris Boyd,2562630,DB,MIN,@LAC,,,,,,,,,,,,,,,,,,3.53,48,0.00,-3.53
James Bradberry,2555175,DB,NYG,Bye,,,,,,,,,,,,,,,,,,,49,0.00,
John Brannon,2565018,DB,FA,Bye,,,,,,,,,,,,,,,,,,,50,0.00,
Bashaud Breeland,2543571,DB,MIN,@LAC,,,,,,,,,,,,,,,,,,0.00,51,0.00,0.0
Brady Breeze,2566103,DB,TEN,NO,,,,,,,,,,,,,,,,,,8.02,52,0.00,-8.02
Antoine Brooks Jr.,2564967,DB,LA,@SF,,,,,,,,,,,,,,,,,,0.00,53,0.00,0.0
Terrence Brooks,2543712,DB,HOU,Bye,,,,,,,,,,,,,,,,,,,54,0.00,
Anthony Brown,2555531,DB,DAL,ATL,,,,,,,,,,,,,,,,,,10.38,55,0.00,-10.38
Jordan Brown,2562396,DB,LV,KC,,,,,,,,,,,,,,,,,,0.00,56,0.00,0.0
Shakur Brown,2565774,DB,FA,Bye,,,,,,,,,,,,,,,,,,,57,0.00,
Tony Brown,2560982,DB,FA,Bye,,,,,,,,,,,,,,,,,,,58,0.00,
Tre Brown,2566550,DB,SEA,@GB,,,,,,,,,,,,,,,,,,7.34,59,0.00,-7.34
Myles Bryant,2564592,DB,NE,CLE,,,,,,,,,,,,,,,,,,4.18,60,0.00,-4.18
Terrell Burgess,2564331,DB,LA,@SF,,,,,,,,,,,,,,,,,,0.82,61,0.00,-0.82
Artie Burns,2555344,DB,CHI,Bye,,,,,,,,,,,,,,,,,,,62,0.00,
Eric Burrell,2565696,DB,FA,Bye,,,,,,,,,,,,,,,,,,,63,0.00,
Juston Burris,2555313,DB,CAR,@ARI,,,,,,,,,,,,,,,,,,,64,0.00,
Deante Burton,2559109,DB,DAL,ATL,,,,,,,,,,,,,,,,,,0.00,65,0.00,0.0
Deon Bush,2555155,DB,CHI,Bye,,,,,,,,,,,,,,,,,,,66,0.00,
Malcolm Butler,2550613,DB,FA,Bye,,,,,,,,,,,,,,,,,,,67,0.00,
Kevin Byard,2555158,DB,TEN,NO,,,,,,,,,,,,,,,,,,10.34,68,0.00,-10.34
Camryn Bynum,2566295,DB,MIN,@LAC,,,,,,,,,,,,,,,,,,10.02,69,0.00,-10.02
Bryce Callahan,2553500,DB,DEN,PHI,,,,,,,,,,,,,,,,,,,70,0.00,
Elijah Campbell,2561455,DB,MIA,BAL,,,,,,,,,,,,,,,,,,0.00,71,0.00,0.0
Ibraheim Campbell,2552605,DB,IND,JAX,,,,,,,,,,,,,,,,,,,72,0.00,
Tevaughn Campbell,2562806,DB,LAC,MIN,,,,,,,,,,,,,,,,,,0.00,73,0.00,0.0
Tyson Campbell,2566151,DB,JAX,@IND,,,,,,,,,,,,,,,,,,9.71,74,0.00,-9.71
Maurice Canady,2555178,DB,DAL,ATL,,,,,,,,,,,,,,,,,,,75,0.00,
T.J. Carrie,2550164,DB,IND,JAX,,,,,,,,,,,,,,,,,,,76,0.00,
Jamal Carter,2559321,DB,TEN,NO,,,,,,,,,,,,,,,,,,0.00,77,0.00,0.0
Michael Carter II,2565717,DB,NYJ,BUF,,,,,,,,,,,,,,,,,,8.86,78,0.00,-8.86
Andre Chachere,2561016,DB,PHI,@DEN,,,,,,,,,,,,,,,,,,1.78,79,0.00,-1.78
Sean Chandler,2561017,DB,CAR,@ARI,,,,,,,,,,,,,,,,,,8.39,80,0.00,-8.39
Anthony Chesley,2563235,DB,IND,JAX,,,,,,,,,,,,,,,,,,1.18,81,0.00,-1.18
Jeremy Chinn,2563632,DB,CAR,@ARI,,,,,,,,,,,,,,,,,,10.44,82,0.00,-10.44
Marqui Christian,2556277,DB,CHI,Bye,,,,,,,,,,,,,,,,,,,83,0.00,
Patrick Chung,71251,DB,FA,Bye,,,,,,,,,,,,,,,,,,,84,0.00,
Andre Cisco,2566154,DB,JAX,@IND,,,,,,,,,,,,,,,,,,7.88,85,0.00,-7.88
Chuck Clark,2558248,DB,BAL,@MIA,,,,,,,,,,,,,,,,,,8.98,86,0.00,-8.98
Chris Claybrooks,2564169,DB,JAX,@IND,,,,,,,,,,,,,,,,,,1.63,87,0.00,-1.63
Ross Cockrell,2543799,DB,TB,@WAS,,,,,,,,,,,,,,,,,,4.49,88,0.00,-4.49
Adrian Colbert,2558857,DB,FA,Bye,,,,,,,,,,,,,,,,,,,89,0.00,
Justin Coleman,2553637,DB,MIA,BAL,,,,,,,,,,,,,,,,,,2.60,90,0.00,-2.6
Landon Collins,2552454,DB,WAS,TB,,,,,,,,,,,,,,,,,,9.52,91,0.00,-9.52
Chris Cooper,2561429,DB,TB,@WAS,,,,,,,,,,,,,,,,,,0.00,92,0.00,0.0
Shaun Crawford,2565642,DB,FA,Bye,,,,,,,,,,,,,,,,,,,93,0.00,
Xavier Crawford,2562515,DB,CHI,Bye,,,,,,,,,,,,,,,,,,,94,0.00,
Ken Crawley,2556735,DB,NO,@TEN,,,,,,,,,,,,,,,,,,0.00,95,0.00,0.0
Keion Crossen,2561157,DB,NYG,Bye,,,,,,,,,,,,,,,,,,,96,0.00,
Dane Cruikshank,2561033,DB,TEN,NO,,,,,,,,,,,,,,,,,,2.54,97,0.00,-2.54
Kamren Curl,2565270,DB,WAS,TB,,,,,,,,,,,,,,,,,,11.07,98,0.00,-11.07
Jordan Dangerfield,2541696,DB,FA,Bye,,,,,,,,,,,,,,,,,,,99,0.00,
DJ Daniel,2566653,DB,FA,Bye,,,,,,,,,,,,,,,,,,,100,0.00,
Cameron Dantzler,2564526,DB,MIN,@LAC,,,,,,,,,,,,,,,,,,9.35,101,0.00,-9.35
Ronald Darby,2552689,DB,DEN,PHI,,,,,,,,,,,,,,,,,,9.60,102,0.00,-9.6
Ashtyn Davis,2564793,DB,NYJ,BUF,,,,,,,,,,,,,,,,,,10.05,103,0.00,-10.05
Carlton Davis,2561039,DB,TB,@WAS,,,,,,,,,,,,,,,,,,,104,0.00,
Cody Davis,2541135,DB,NE,CLE,,,,,,,,,,,,,,,,,,0.00,105,0.00,0.0
Jalen Davis,2561316,DB,CIN,Bye,,,,,,,,,,,,,,,,,,,106,0.00,
Javaris Davis,2564265,DB,MIA,BAL,,,,,,,,,,,,,,,,,,0.00,107,0.00,0.0
Michael Davis,2559164,DB,LAC,MIN,,,,,,,,,,,,,,,,,,8.34,108,0.00,-8.34
Sean Davis,2555386,DB,NE,CLE,,,,,,,,,,,,,,,,,,0.00,109,0.00,0.0
Shawn Davis,2565597,DB,GB,SEA,,,,,,,,,,,,,,,,,,0.00,110,0.00,0.0
Duke Dawson,2561040,DB,FA,Bye,,,,,,,,,,,,,,,,,,,111,0.00,
Divine Deablo,2566253,DB,LV,KC,,,,,,,,,,,,,,,,,,0.88,112,0.00,-0.88
Jamel Dean,2562556,DB,TB,@WAS,,,,,,,,,,,,,,,,,,9.64,113,0.00,-9.64
Donte' Deayon,2556512,DB,LA,@SF,,,,,,,,,,,,,,,,,,5.44,114,0.00,-5.44
Grant Delpit,2563773,DB,CLE,@NE,,,,,,,,,,,,,,,,,,3.23,115,0.00,-3.23
Stephen Denmark,2562874,DB,FA,Bye,,,,,,,,,,,,,,,,,,,116,0.00,
Darqueze Dennard,2543474,DB,IND,JAX,,,,,,,,,,,,,,,,,,0.00,117,0.00,0.0
Pierre Desir,2543811,DB,TB,@WAS,,,,,,,,,,,,,,,,,,0.00,118,0.00,0.0
Quandre Diggs,2552262,DB,SEA,@GB,,,,,,,,,,,,,,,,,,9.04,119,0.00,-9.04
Trevon Diggs,2563836,DB,DAL,ATL,,,,,,,,,,,,,,,,,,10.34,120,0.00,-10.34
Khalil Dorsey,2565336,DB,BAL,@MIA,,,,,,,,,,,,,,,,,,,121,0.00,
Rasul Douglas,2558168,DB,GB,SEA,,,,,,,,,,,,,,,,,,6.72,122,0.00,-6.72
Kyle Dugger,2564601,DB,NE,CLE,,,,,,,,,,,,,,,,,,6.83,123,0.00,-6.83
Quinton Dunbar,2553796,DB,FA,Bye,,,,,,,,,,,,,,,,,,,124,0.00,
Isaiah Dunn,2565720,DB,NYJ,BUF,,,,,,,,,,,,,,,,,,0.76,125,0.00,-0.76
Nate Ebner,2535132,DB,NYG,Bye,,,,,,,,,,,,,,,,,,,126,0.00,
Brandin Echols,2565726,DB,NYJ,BUF,,,,,,,,,,,,,,,,,,10.28,127,0.00,-10.28
Terrell Edmunds,2560712,DB,PIT,DET,,,,,,,,,,,,,,,,,,9.21,128,0.00,-9.21
Mike Edwards,2562259,DB,TB,@WAS,,,,,,,,,,,,,,,,,,2.61,129,0.00,-2.61
Corn Elder,2558171,DB,WAS,TB,,,,,,,,,,,,,,,,,,1.09,130,0.00,-1.09
DeShon Elliott,2560715,DB,BAL,@MIA,,,,,,,,,,,,,,,,,,,131,0.00,
Tino Ellis,2564670,DB,FA,Bye,,,,,,,,,,,,,,,,,,,132,0.00,
Marcus Epps,2562946,DB,PHI,@DEN,,,,,,,,,,,,,,,,,,4.37,133,0.00,-4.37
Deshazor Everett,2553710,DB,WAS,TB,,,,,,,,,,,,,,,,,,0.80,134,0.00,-0.8
Brandon Facyson,2560719,DB,LV,KC,,,,,,,,,,,,,,,,,,4.74,135,0.00,-4.74
Caleb Farley,2566106,DB,TEN,NO,,,,,,,,,,,,,,,,,,,136,0.00,
Matthias Farley,2556429,DB,TEN,NO,,,,,,,,,,,,,,,,,,0.82,137,0.00,-0.82
Clayton Fejedelem,2555355,DB,MIA,BAL,,,,,,,,,,,,,,,,,,0.94,138,0.00,-0.94
Rashad Fenton,2562649,DB,KC,@LV,,,,,,,,,,,,,,,,,,4.65,139,0.00,-4.65
Mark Fields,2562442,DB,FA,Bye,,,,,,,,,,,,,,,,,,,140,0.00,
Minkah Fitzpatrick,2560725,DB,PIT,DET,,,,,,,,,,,,,,,,,,11.04,141,0.00,-11.04
Tre Flowers,2560728,DB,CIN,Bye,,,,,,,,,,,,,,,,,,,142,0.00,
Mike Ford,2561527,DB,DEN,PHI,,,,,,,,,,,,,,,,,,0.74,143,0.00,-0.74
Paris Ford,2566205,DB,FA,Bye,,,,,,,,,,,,,,,,,,,144,0.00,
Rudy Ford,2558174,DB,JAX,@IND,,,,,,,,,,,,,,,,,,4.46,145,0.00,-4.46
Darrick Forrest,2566598,DB,WAS,TB,,,,,,,,,,,,,,,,,,0.00,146,0.00,0.0
Sam Franklin,2563638,DB,CAR,@ARI,,,,,,,,,,,,,,,,,,1.36,147,0.00,-1.36
Kavon Frazier,2555536,DB,FA,Bye,,,,,,,,,,,,,,,,,,,148,0.00,
Jordan Fuller,2564340,DB,LA,@SF,,,,,,,,,,,,,,,,,,9.90,149,0.00,-9.9
Kendall Fuller,2555349,DB,WAS,TB,,,,,,,,,,,,,,,,,,9.39,150,0.00,-9.39
Kyle Fuller,2543681,DB,DEN,PHI,,,,,,,,,,,,,,,,,,1.30,151,0.00,-1.3
Kristian Fulton,2564046,DB,TEN,NO,,,,,,,,,,,,,,,,,,,152,0.00,
Innis Gaines,2565591,DB,GB,SEA,,,,,,,,,,,,,,,,,,0.00,153,0.00,0.0
Phillip Gaines,2543851,DB,FA,Bye,,,,,,,,,,,,,,,,,,,154,0.00,
Chauncey Gardner-Johnson,2562588,DB,NO,@TEN,,,,,,,,,,,,,,,,,,6.45,155,0.00,-6.45
Rashaan Gaulden,2560775,DB,FA,Bye,,,,,,,,,,,,,,,,,,,156,0.00,
Jake Gervase,2563306,DB,LA,@SF,,,,,,,,,,,,,,,,,,0.00,157,0.00,0.0
Mark Gilbert,2565783,DB,DET,@PIT,,,,,,,,,,,,,,,,,,2.28,158,0.00,-2.28
Tyree Gillespie,2566256,DB,LV,KC,,,,,,,,,,,,,,,,,,0.72,159,0.00,-0.72
Alohi Gilman,2565042,DB,LAC,MIN,,,,,,,,,,,,,,,,,,2.11,160,0.00,-2.11
Stephon Gilmore,2533062,DB,CAR,@ARI,,,,,,,,,,,,,,,,,,2.28,161,0.00,-2.28
Tashaun Gipson,2532848,DB,CHI,Bye,,,,,,,,,,,,,,,,,,,162,0.00,
Jeff Gladney,2564541,DB,FA,Bye,,,,,,,,,,,,,,,,,,,163,0.00,
C.J. Goodwin,2550767,DB,DAL,ATL,,,,,,,,,,,,,,,,,,0.25,164,0.00,-0.25
Tay Gowan,2566427,DB,PHI,@DEN,,,,,,,,,,,,,,,,,,2.52,165,0.00,-2.52
Thomas Graham Jr.,2565923,DB,CHI,Bye,,,,,,,,,,,,,,,,,,,166,0.00,
Richie Grant,2565818,DB,ATL,@DAL,,,,,,,,,,,,,,,,,,2.11,167,0.00,-2.11
J.T. Gray,2561206,DB,NO,@TEN,,,,,,,,,,,,,,,,,,0.00,168,0.00,0.0
A.J. Green,2563782,DB,CLE,@NE,,,,,,,,,,,,,,,,,,2.15,169,0.00,-2.15
T.J. Green,2555537,DB,HOU,Bye,,,,,,,,,,,,,,,,,,,170,0.00,
Raven Greene,2561207,DB,FA,Bye,,,,,,,,,,,,,,,,,,,171,0.00,
Olaijah Griffin,2566635,DB,BUF,@NYJ,,,,,,,,,,,,,,,,,,0.00,172,0.00,0.0
Shaquill Griffin,2558259,DB,JAX,@IND,,,,,,,,,,,,,,,,,,8.91,173,0.00,-8.91
Javelin Guidry,2565504,DB,NYJ,BUF,,,,,,,,,,,,,,,,,,2.58,174,0.00,-2.58
Joe Haden,496733,DB,PIT,DET,,,,,,,,,,,,,,,,,,8.03,175,0.00,-8.03
Javon Hagan,2565219,DB,ARI,CAR,,,,,,,,,,,,,,,,,,0.00,176,0.00,0.0
Nate Hairston,2558108,DB,DEN,PHI,,,,,,,,,,,,,,,,,,3.13,177,0.00,-3.13
Bryce Hall,2564796,DB,NYJ,BUF,,,,,,,,,,,,,,,,,,9.25,178,0.00,-9.25
Darren Hall,2565821,DB,ATL,@DAL,,,,,,,,,,,,,,,,,,1.31,179,0.00,-1.31
Kemon Hall,2562975,DB,LAC,MIN,,,,,,,,,,,,,,,,,,0.52,180,0.00,-0.52
Tyler Hall,2563497,DB,LA,@SF,,,,,,,,,,,,,,,,,,0.00,181,0.00,0.0
Antonio Hamilton,2556804,DB,ARI,CAR,,,,,,,,,,,,,,,,,,0.99,182,0.00,-0.99
Damar Hamlin,2565872,DB,BUF,@NYJ,,,,,,,,,,,,,,,,,,0.31,183,0.00,-0.31
Saquan Hampton,2562658,DB,FA,Bye,,,,,,,,,,,,,,,,,,,184,0.00,
Harrison Hand,2564547,DB,MIN,@LAC,,,,,,,,,,,,,,,,,,0.73,185,0.00,-0.73
Justin Hardee,2559181,DB,NYJ,BUF,,,,,,,,,,,,,,,,,,0.00,186,0.00,0.0
Vernon Hargreaves III,2555299,DB,CIN,Bye,,,,,,,,,,,,,,,,,,,187,0.00,
Duron Harmon,2541243,DB,ATL,@DAL,,,,,,,,,,,,,,,,,,7.54,188,0.00,-7.54
Madre Harper,2564421,DB,CAR,@ARI,,,,,,,,,,,,,,,,,,0.00,189,0.00,0.0
Anthony Harris,2553655,DB,PHI,@DEN,,,,,,,,,,,,,,,,,,8.78,190,0.00,-8.78
Brontae Harris,2566217,DB,FA,Bye,,,,,,,,,,,,,,,,,,,191,0.00,
Chris Harris,2530510,DB,LAC,MIN,,,,,,,,,,,,,,,,,,7.33,192,0.00,-7.33
Erik Harris,2555568,DB,ATL,@DAL,,,,,,,,,,,,,,,,,,9.93,193,0.00,-9.93
Marcell Harris,2561006,DB,SF,LA,,,,,,,,,,,,,,,,,,1.82,194,0.00,-1.82
Tim Harris,2562949,DB,FA,Bye,,,,,,,,,,,,,,,,,,,195,0.00,
Will Harris,2562395,DB,DET,@PIT,,,,,,,,,,,,,,,,,,7.17,196,0.00,-7.17
Ronnie Harrison,2561008,DB,CLE,@NE,,,,,,,,,,,,,,,,,,8.57,197,0.00,-8.57
Myles Hartsfield,2563644,DB,CAR,@ARI,,,,,,,,,,,,,,,,,,3.63,198,0.00,-3.63
J.T. Hassell,2563045,DB,FA,Bye,,,,,,,,,,,,,,,,,,,199,0.00,
Jaylinn Hawkins,2563500,DB,ATL,@DAL,,,,,,,,,,,,,,,,,,3.74,200,0.00,-3.74
Casey Hayward,2532861,DB,LV,KC,,,,,,,,,,,,,,,,,,6.10,201,0.00,-6.1
Jeff Heath,2541832,DB,NO,@TEN,,,,,,,,,,,,,,,,,,0.65,202,0.00,-0.65
C.J. Henderson,2564199,DB,CAR,@ARI,,,,,,,,,,,,,,,,,,2.58,203,0.00,-2.58
Trayvon Henderson,2561339,DB,CIN,Bye,,,,,,,,,,,,,,,,,,,204,0.00,
Tre Herndon,2561340,DB,JAX,@IND,,,,,,,,,,,,,,,,,,3.37,205,0.00,-3.37
Gavin Heslop,2565156,DB,SEA,@GB,,,,,,,,,,,,,,,,,,0.00,206,0.00,0.0
Troy Hill,2553536,DB,CLE,@NE,,,,,,,,,,,,,,,,,,5.46,207,0.00,-5.46
Mike Hilton,2556559,DB,CIN,Bye,,,,,,,,,,,,,,,,,,,208,0.00,
Nate Hobbs,2566259,DB,LV,KC,,,,,,,,,,,,,,,,,,7.47,209,0.00,-7.47
Alijah Holder,2562572,DB,FA,Bye,,,,,,,,,,,,,,,,,,,210,0.00,
Jevon Holland,2566283,DB,MIA,BAL,,,,,,,,,,,,,,,,,,8.82,211,0.00,-8.82
Nate Holley,2561627,DB,FA,Bye,,,,,,,,,,,,,,,,,,,212,0.00,
Ka'dar Hollman,2562940,DB,NYG,Bye,,,,,,,,,,,,,,,,,,,213,0.00,
Darnay Holmes,2564739,DB,NYG,Bye,,,,,,,,,,,,,,,,,,,214,0.00,
Amani Hooker,2562666,DB,TEN,NO,,,,,,,,,,,,,,,,,,3.73,215,0.00,-3.73
Malik Hooker,2558060,DB,DAL,ATL,,,,,,,,,,,,,,,,,,3.85,216,0.00,-3.85
Jaycee Horn,2565893,DB,CAR,@ARI,,,,,,,,,,,,,,,,,,,217,0.00,
Jameson Houston,2563791,DB,FA,Bye,,,,,,,,,,,,,,,,,,,218,0.00,
DeAndre Houston-Carson,2555381,DB,CHI,Bye,,,,,,,,,,,,,,,,,,,219,0.00,
Xavien Howard,2555539,DB,MIA,BAL,,,,,,,,,,,,,,,,,,8.41,220,0.00,-8.41
Talanoa Hufanga,2566529,DB,SF,LA,,,,,,,,,,,,,,,,,,8.94,221,0.00,-8.94
JuJu Hughes,2564352,DB,LA,@SF,,,,,,,,,,,,,,,,,,1.21,222,0.00,-1.21
Mike Hughes,2560746,DB,KC,@LV,,,,,,,,,,,,,,,,,,2.95,223,0.00,-2.95
Marlon Humphrey,2558067,DB,BAL,@MIA,,,,,,,,,,,,,,,,,,10.15,224,0.00,-10.15
Micah Hyde,2539240,DB,BUF,@NYJ,,,,,,,,,,,,,,,,,,9.10,225,0.00,-9.1
J.T. Ibe,2565570,DB,FA,Bye,,,,,,,,,,,,,,,,,,,226,0.00,
Noah Igbinoghene,2564457,DB,MIA,BAL,,,,,,,,,,,,,,,,,,0.96,227,0.00,-0.96
Adoree' Jackson,2558065,DB,NYG,Bye,,,,,,,,,,,,,,,,,,,228,0.00,
Bennett Jackson,2543834,DB,FA,Bye,,,,,,,,,,,,,,,,,,,229,0.00,
Chris Jackson,2564049,DB,TEN,NO,,,,,,,,,,,,,,,,,,3.56,230,0.00,-3.56
Dane Jackson,2563614,DB,BUF,@NYJ,,,,,,,,,,,,,,,,,,1.14,231,0.00,-1.14
Donte Jackson,2560753,DB,CAR,@ARI,,,,,,,,,,,,,,,,,,9.04,232,0.00,-9.04
Eddie Jackson,2558176,DB,CHI,Bye,,,,,,,,,,,,,,,,,,,233,0.00,
J.C. Jackson,2560754,DB,NE,CLE,,,,,,,,,,,,,,,,,,8.79,234,0.00,-8.79
Josh Jackson,2560755,DB,KC,@LV,,,,,,,,,,,,,,,,,,0.00,235,0.00,0.0
Kareem Jackson,496735,DB,DEN,PHI,,,,,,,,,,,,,,,,,,10.48,236,0.00,-10.48
Lamar Jackson,2565513,DB,NYJ,BUF,,,,,,,,,,,,,,,,,,0.00,237,0.00,0.0
Mike Jackson,2562434,DB,SEA,@GB,,,,,,,,,,,,,,,,,,0.00,238,0.00,0.0
Robert Jackson,2561434,DB,FA,Bye,,,,,,,,,,,,,,,,,,,239,0.00,
William Jackson,2556367,DB,WAS,TB,,,,,,,,,,,,,,,,,,7.48,240,0.00,-7.48
Michael Jacquet,2564835,DB,FA,Bye,,,,,,,,,,,,,,,,,,,241,0.00,
Natrell Jamerson,2560759,DB,NYJ,BUF,,,,,,,,,,,,,,,,,,0.00,242,0.00,0.0
Craig James,2561486,DB,PHI,@DEN,,,,,,,,,,,,,,,,,,0.00,243,0.00,0.0
Derwin James,2560760,DB,LAC,MIN,,,,,,,,,,,,,,,,,,11.25,244,0.00,-11.25
Shemar Jean-Charles,2566079,DB,GB,SEA,,,,,,,,,,,,,,,,,,0.93,245,0.00,-0.93
Janoris Jenkins,2532875,DB,TEN,NO,,,,,,,,,,,,,,,,,,8.50,246,0.00,-8.5
Malcolm Jenkins,79848,DB,NO,@TEN,,,,,,,,,,,,,,,,,,11.50,247,0.00,-11.5
Rayshawn Jenkins,2558182,DB,JAX,@IND,,,,,,,,,,,,,,,,,,10.05,248,0.00,-10.05
Danny Johnson,2560764,DB,WAS,TB,,,,,,,,,,,,,,,,,,2.24,249,0.00,-2.24
Dontae Johnson,2543739,DB,SF,LA,,,,,,,,,,,,,,,,,,1.63,250,0.00,-1.63
Isaiah Johnson,2562675,DB,FA,Bye,,,,,,,,,,,,,,,,,,,251,0.00,
Jamar Johnson,2566031,DB,DEN,PHI,,,,,,,,,,,,,,,,,,0.00,252,0.00,0.0
Jaquan Johnson,2562676,DB,BUF,@NYJ,,,,,,,,,,,,,,,,,,0.86,253,0.00,-0.86
Jaylon Johnson,2563701,DB,CHI,Bye,,,,,,,,,,,,,,,,,,,254,0.00,
John Johnson,2558183,DB,CLE,@NE,,,,,,,,,,,,,,,,,,8.65,255,0.00,-8.65
Kevin Johnson,2552261,DB,FA,Bye,,,,,,,,,,,,,,,,,,,256,0.00,
Lonnie Johnson,2562295,DB,HOU,Bye,,,,,,,,,,,,,,,,,,,257,0.00,
Taron Johnson,2560766,DB,BUF,@NYJ,,,,,,,,,,,,,,,,,,9.05,258,0.00,-9.05
Brandon Jones,2564469,DB,MIA,BAL,,,,,,,,,,,,,,,,,,9.53,259,0.00,-9.53
Byron Jones,2552568,DB,MIA,BAL,,,,,,,,,,,,,,,,,,8.15,260,0.00,-8.15
Chris Jones,2560767,DB,TEN,NO,,,,,,,,,,,,,,,,,,0.00,261,0.00,0.0
Jonathan Jones,2556571,DB,NE,CLE,,,,,,,,,,,,,,,,,,,262,0.00,
Josh Jones,2558119,DB,IND,JAX,,,,,,,,,,,,,,,,,,0.81,263,0.00,-0.81
Karl Joseph,2555342,DB,PIT,DET,,,,,,,,,,,,,,,,,,0.00,264,0.00,0.0
Kelvin Joseph,2566010,DB,DAL,ATL,,,,,,,,,,,,,,,,,,2.03,265,0.00,-2.03
Lamarcus Joyner,2543492,DB,NYJ,BUF,,,,,,,,,,,,,,,,,,,266,0.00,
Jalen Julius,2564289,DB,FA,Bye,,,,,,,,,,,,,,,,,,,267,0.00,
Joshua Kalu,2560776,DB,NYG,Bye,,,,,,,,,,,,,,,,,,,268,0.00,
Damontae Kazee,2558184,DB,DAL,ATL,,,,,,,,,,,,,,,,,,6.72,269,0.00,-6.72
Jayron Kearse,2555156,DB,DAL,ATL,,,,,,,,,,,,,,,,,,10.62,270,0.00,-10.62
Bopete Keyes,2564292,DB,IND,JAX,,,,,,,,,,,,,,,,,,0.00,271,0.00,0.0
Miles Killebrew,2555315,DB,PIT,DET,,,,,,,,,,,,,,,,,,0.45,272,0.00,-0.45
Desmond King,2557927,DB,HOU,Bye,,,,,,,,,,,,,,,,,,,273,0.00,
Kevin King,2557996,DB,GB,SEA,,,,,,,,,,,,,,,,,,4.33,274,0.00,-4.33
Luther Kirk,2565304,DB,ATL,@DAL,,,,,,,,,,,,,,,,,,0.00,275,0.00,0.0
Dre Kirkpatrick,2533060,DB,SF,LA,,,,,,,,,,,,,,,,,,2.89,276,0.00,-2.89
Chris Lammons,2561226,DB,KC,@LV,,,,,,,,,,,,,,,,,,0.53,277,0.00,-0.53
Marshon Lattimore,2558061,DB,NO,@TEN,,,,,,,,,,,,,,,,,,8.77,278,0.00,-8.77
Nevin Lawson,2543872,DB,JAX,@IND,,,,,,,,,,,,,,,,,,0.00,279,0.00,0.0
Justin Layne,2562479,DB,PIT,DET,,,,,,,,,,,,,,,,,,0.83,280,0.00,-0.83
Dallin Leavitt,2561585,DB,LV,KC,,,,,,,,,,,,,,,,,,1.72,281,0.00,-1.72
Richard LeCounte III,2565977,DB,CLE,@NE,,,,,,,,,,,,,,,,,,0.00,282,0.00,0.0
Deommodore Lenoir,2566535,DB,SF,LA,,,,,,,,,,,,,,,,,,1.37,283,0.00,-1.37
Anthony Levine,2508004,DB,BAL,@MIA,,,,,,,,,,,,,,,,,,0.00,284,0.00,0.0
Cam Lewis,2563205,DB,BUF,@NYJ,,,,,,,,,,,,,,,,,,0.00,285,0.00,0.0
Donnie Lewis,2562910,DB,FA,Bye,,,,,,,,,,,,,,,,,,,286,0.00,
Jourdan Lewis,2557920,DB,DAL,ATL,,,,,,,,,,,,,,,,,,5.22,287,0.00,-5.22
Zane Lewis,2564928,DB,NYJ,BUF,,,,,,,,,,,,,,,,,,,288,0.00,
P.J. Locke,2563012,DB,DEN,PHI,,,,,,,,,,,,,,,,,,0.65,289,0.00,-0.65
David Long,2562798,DB,LA,@SF,,,,,,,,,,,,,,,,,,2.01,290,0.00,-2.01
Julian Love,2562414,DB,NYG,Bye,,,,,,,,,,,,,,,,,,,291,0.00,
Jordan Lucas,2555542,DB,IND,JAX,,,,,,,,,,,,,,,,,,,292,0.00,
Cole Luke,2558968,DB,FA,Bye,,,,,,,,,,,,,,,,,,,293,0.00,
Dylan Mabin,2563029,DB,NO,@TEN,,,,,,,,,,,,,,,,,,0.00,294,0.00,0.0
Greg Mabin,2558971,DB,TEN,NO,,,,,,,,,,,,,,,,,,0.00,295,0.00,0.0
Avonte Maddox,2560795,DB,PHI,@DEN,,,,,,,,,,,,,,,,,,4.43,296,0.00,-4.43
Dean Marlowe,2553562,DB,DET,@PIT,,,,,,,,,,,,,,,,,,3.46,297,0.00,-3.46
Iman Marshall,2562961,DB,BAL,@MIA,,,,,,,,,,,,,,,,,,0.00,298,0.00,0.0
Trey Marshall,2561370,DB,LAC,MIN,,,,,,,,,,,,,,,,,,0.75,299,0.00,-0.75
Tyrann Mathieu,2540180,DB,KC,@LV,,,,,,,,,,,,,,,,,,9.53,300,0.00,-9.53
Arthur Maulet,2559087,DB,PIT,DET,,,,,,,,,,,,,,,,,,3.18,301,0.00,-3.18
Marcus Maye,2557995,DB,NYJ,BUF,,,,,,,,,,,,,,,,,,,302,0.00,
Bobby McCain,2552434,DB,WAS,TB,,,,,,,,,,,,,,,,,,7.67,303,0.00,-7.67
Nick McCloud,2566638,DB,BUF,@NYJ,,,,,,,,,,,,,,,,,,0.00,304,0.00,0.0
Devin McCourty,494287,DB,NE,CLE,,,,,,,,,,,,,,,,,,7.51,305,0.00,-7.51
Jason McCourty,89756,DB,MIA,BAL,,,,,,,,,,,,,,,,,,,306,0.00,
Bradley McDougald,2539243,DB,FA,Bye,,,,,,,,,,,,,,,,,,,307,0.00,
Xavier McKinney,2564766,DB,NYG,Bye,,,,,,,,,,,,,,,,,,,308,0.00,
Rodney McLeod,2534832,DB,PHI,@DEN,,,,,,,,,,,,,,,,,,9.07,309,0.00,-9.07
Sherrick McManis,494289,DB,FA,Bye,,,,,,,,,,,,,,,,,,,310,0.00,
Zech McPhearson,2566406,DB,PHI,@DEN,,,,,,,,,,,,,,,,,,1.80,311,0.00,-1.8
Torry McTyer,2559053,DB,WAS,TB,,,,,,,,,,,,,,,,,,,312,0.00,
Quenton Meeks,2560808,DB,FA,Bye,,,,,,,,,,,,,,,,,,,313,0.00,
Ifeatu Melifonwu,2566064,DB,DET,@PIT,,,,,,,,,,,,,,,,,,,314,0.00,
Rashaan Melvin,2541200,DB,CAR,@ARI,,,,,,,,,,,,,,,,,,2.56,315,0.00,-2.56
Josh Metellus,2564568,DB,MIN,@LAC,,,,,,,,,,,,,,,,,,0.59,316,0.00,-0.59
Doug Middleton,2556617,DB,FA,Bye,,,,,,,,,,,,,,,,,,,317,0.00,
Herb Miller,2563153,DB,FA,Bye,,,,,,,,,,,,,,,,,,,318,0.00,
Jordan Miller,2562497,DB,NO,@TEN,,,,,,,,,,,,,,,,,,0.00,319,0.00,0.0
Jalen Mills,2555383,DB,NE,CLE,,,,,,,,,,,,,,,,,,8.30,320,0.00,-8.3
Chris Milton,2556394,DB,FA,Bye,,,,,,,,,,,,,,,,,,,321,0.00,
Terrance Mitchell,2543637,DB,HOU,Bye,,,,,,,,,,,,,,,,,,,322,0.00,
Trevon Moehrig,2566268,DB,LV,KC,,,,,,,,,,,,,,,,,,7.03,323,0.00,-7.03
Jovante Moffatt,2563797,DB,CLE,@NE,,,,,,,,,,,,,,,,,,0.00,324,0.00,0.0
Elijah Molden,2566115,DB,TEN,NO,,,,,,,,,,,,,,,,,,9.04,325,0.00,-9.04
Joshua Moon,2563265,DB,FA,Bye,,,,,,,,,,,,,,,,,,,326,0.00,
A.J. Moore,2561538,DB,HOU,Bye,,,,,,,,,,,,,,,,,,,327,0.00,
C.J. Moore,2563193,DB,DET,@PIT,,,,,,,,,,,,,,,,,,0.65,328,0.00,-0.65
Kenny Moore II,2558976,DB,IND,JAX,,,,,,,,,,,,,,,,,,11.91,329,0.00,-11.91
Tarvarius Moore,2561117,DB,SF,LA,,,,,,,,,,,,,,,,,,,330,0.00,
Fabian Moreau,2558136,DB,ATL,@DAL,,,,,,,,,,,,,,,,,,7.49,331,0.00,-7.49
Jimmy Moreland,2562858,DB,HOU,Bye,,,,,,,,,,,,,,,,,,,332,0.00,
TJ Morrison,2565651,DB,FA,Bye,,,,,,,,,,,,,,,,,,,333,0.00,
Emmanuel Moseley,2561072,DB,SF,LA,,,,,,,,,,,,,,,,,,10.13,334,0.00,-10.13
Parnell Motley,2565237,DB,DET,@PIT,,,,,,,,,,,,,,,,,,0.00,335,0.00,0.0
Israel Mukuamu,2566013,DB,DAL,ATL,,,,,,,,,,,,,,,,,,0.00,336,0.00,0.0
Trayvon Mullen,2562380,DB,LV,KC,,,,,,,,,,,,,,,,,,,337,0.00,
Byron Murphy,2562318,DB,ARI,CAR,,,,,,,,,,,,,,,,,,9.30,338,0.00,-9.3
Sean Murphy-Bunting,2562635,DB,TB,@WAS,,,,,,,,,,,,,,,,,,,339,0.00,
Eric Murray,2555173,DB,HOU,Bye,,,,,,,,,,,,,,,,,,,340,0.00,
Kai Nacua,2559220,DB,SF,LA,,,,,,,,,,,,,,,,,,,341,0.00,
Ryan Neal,2561381,DB,SEA,@GB,,,,,,,,,,,,,,,,,,2.63,342,0.00,-2.63
Siran Neal,2560818,DB,BUF,@NYJ,,,,,,,,,,,,,,,,,,3.69,343,0.00,-3.69
Sharrod Neasman,2556443,DB,NYJ,BUF,,,,,,,,,,,,,,,,,,2.37,344,0.00,-2.37
Nik Needham,2563220,DB,MIA,BAL,,,,,,,,,,,,,,,,,,5.63,345,0.00,-5.63
Nick Nelson,2560819,DB,IND,JAX,,,,,,,,,,,,,,,,,,,346,0.00,
Picasso Nelson,2563002,DB,FA,Bye,,,,,,,,,,,,,,,,,,,347,0.00,
Steven Nelson,2552265,DB,PHI,@DEN,,,,,,,,,,,,,,,,,,7.81,348,0.00,-7.81
Greg Newsome II,2565980,DB,CLE,@NE,,,,,,,,,,,,,,,,,,8.59,349,0.00,-8.59
Keisean Nixon,2562938,DB,LV,KC,,,,,,,,,,,,,,,,,,1.13,350,0.00,-1.13
Josh Norman,2532920,DB,SF,LA,,,,,,,,,,,,,,,,,,8.50,351,0.00,-8.5
Tre Norwood,2566463,DB,PIT,DET,,,,,,,,,,,,,,,,,,2.70,352,0.00,-2.7
George Odum,2561131,DB,IND,JAX,,,,,,,,,,,,,,,,,,9.12,353,0.00,-9.12
Michael Ojemudia,2563908,DB,DEN,PHI,,,,,,,,,,,,,,,,,,3.16,354,0.00,-3.16
Jeff Okudah,2563944,DB,DET,@PIT,,,,,,,,,,,,,,,,,,,355,0.00,
Isaiah Oliver,2560830,DB,ATL,@DAL,,,,,,,,,,,,,,,,,,,356,0.00,
Kareem Orr,2563274,DB,LA,@SF,,,,,,,,,,,,,,,,,,0.00,357,0.00,0.0
Amani Oruwariye,2562390,DB,DET,@PIT,,,,,,,,,,,,,,,,,,7.82,358,0.00,-7.82
Jonathan Owens,2561255,DB,HOU,Bye,,,,,,,,,,,,,,,,,,,359,0.00,
Steven Parker,2561256,DB,NYG,Bye,,,,,,,,,,,,,,,,,,,360,0.00,
Will Parks,2556278,DB,SF,LA,,,,,,,,,,,,,,,,,,0.00,361,0.00,0.0
Jabrill Peppers,2557980,DB,NYG,Bye,,,,,,,,,,,,,,,,,,,362,0.00,
Jomal Wiltz,2559283,DB,MIA,BAL,,,,,,,,,,,,,,,,,,0.00,363,0.00,0.0
Jordyn Peters,2565750,DB,FA,Bye,,,,,,,,,,,,,,,,,,,364,0.00,
Marcus Peters,2552488,DB,BAL,@MIA,,,,,,,,,,,,,,,,,,,365,0.00,
Kevin Peterson,2556764,DB,ARI,CAR,,,,,,,,,,,,,,,,,,0.00,366,0.00,0.0
Patrick Peterson,2495504,DB,MIN,@LAC,,,,,,,,,,,,,,,,,,,367,0.00,
Adrian Phillips,2550842,DB,NE,CLE,,,,,,,,,,,,,,,,,,8.73,368,0.00,-8.73
Darius Phillips,2560839,DB,CIN,Bye,,,,,,,,,,,,,,,,,,,369,0.00,
James Pierre,2565003,DB,PIT,DET,,,,,,,,,,,,,,,,,,3.04,370,0.00,-3.04
Jason Pinnock,2565753,DB,NYJ,BUF,,,,,,,,,,,,,,,,,,1.18,371,0.00,-1.18
Brian Poole,2556445,DB,FA,Bye,,,,,,,,,,,,,,,,,,,372,0.00,
Jordan Poyer,2539290,DB,BUF,@NYJ,,,,,,,,,,,,,,,,,,10.66,373,0.00,-10.66
Bobby Price,2563953,DB,DET,@PIT,,,,,,,,,,,,,,,,,,1.46,374,0.00,-1.46
Troy Pride,2563662,DB,CAR,@ARI,,,,,,,,,,,,,,,,,,,375,0.00,
Glover Quin,71441,DB,FA,Bye,,,,,,,,,,,,,,,,,,,376,0.00,
Jalen Ramsey,2555280,DB,LA,@SF,,,,,,,,,,,,,,,,,,9.27,377,0.00,-9.27
Damarious Randall,2552389,DB,FA,Bye,,,,,,,,,,,,,,,,,,,378,0.00,
Taylor Rapp,2562707,DB,LA,@SF,,,,,,,,,,,,,,,,,,9.66,379,0.00,-9.66
Jeremy Reaves,2561394,DB,WAS,TB,,,,,,,,,,,,,,,,,,0.00,380,0.00,0.0
Will Redmond,2555545,DB,GB,SEA,,,,,,,,,,,,,,,,,,,381,0.00,
Sheldrick Redwine,2562711,DB,MIA,BAL,,,,,,,,,,,,,,,,,,1.53,382,0.00,-1.53
D.J. Reed,2560850,DB,SEA,@GB,,,,,,,,,,,,,,,,,,8.91,383,0.00,-8.91
J.R. Reed,2564220,DB,NYG,Bye,,,,,,,,,,,,,,,,,,,384,0.00,
John Reid,2564088,DB,SEA,@GB,,,,,,,,,,,,,,,,,,0.00,385,0.00,0.0
Justin Reid,2560851,DB,HOU,Bye,,,,,,,,,,,,,,,,,,,386,0.00,
Xavier Rhodes,2540155,DB,IND,JAX,,,,,,,,,,,,,,,,,,7.54,387,0.00,-7.54
Jordan Richards,2552392,DB,BAL,@MIA,,,,,,,,,,,,,,,,,,0.00,388,0.00,0.0
Elijah Riley,2564853,DB,NYJ,BUF,,,,,,,,,,,,,,,,,,0.00,389,0.00,0.0
Darryl Roberts,2553353,DB,WAS,TB,,,,,,,,,,,,,,,,,,,390,0.00,
Amik Robertson,2564430,DB,LV,KC,,,,,,,,,,,,,,,,,,3.59,391,0.00,-3.59
Nickell Robey-Coleman,2540197,DB,DET,@PIT,,,,,,,,,,,,,,,,,,0.00,392,0.00,0.0
Aaron Robinson,2566370,DB,NYG,Bye,,,,,,,,,,,,,,,,,,,393,0.00,
Kenny Robinson,2563674,DB,CAR,@ARI,,,,,,,,,,,,,,,,,,0.00,394,0.00,0.0
Patrick Robinson,2508084,DB,FA,Bye,,,,,,,,,,,,,,,,,,,395,0.00,
Rashard Robinson,2555546,DB,TB,@WAS,,,,,,,,,,,,,,,,,,0.00,396,0.00,0.0
Reggie Robinson II,2563863,DB,DAL,ATL,,,,,,,,,,,,,,,,,,,397,0.00,
Tyree Robinson,2561519,DB,FA,Bye,,,,,,,,,,,,,,,,,,,398,0.00,
Bradley Roby,2543505,DB,NO,@TEN,,,,,,,,,,,,,,,,,,3.42,399,0.00,-3.42
Robert Rochell,2566241,DB,LA,@SF,,,,,,,,,,,,,,,,,,2.04,400,0.00,-2.04
Isaiah Rodgers,2564142,DB,IND,JAX,,,,,,,,,,,,,,,,,,4.15,401,0.00,-4.15
Winston Rose,2556670,DB,FA,Bye,,,,,,,,,,,,,,,,,,,402,0.00,
D'Angelo Ross,2563057,DB,NE,CLE,,,,,,,,,,,,,,,,,,0.00,403,0.00,0.0
Eric Rowe,2552255,DB,MIA,BAL,,,,,,,,,,,,,,,,,,4.87,404,0.00,-4.87
Brandon Rusnak,2562912,DB,JAX,@IND,,,,,,,,,,,,,,,,,,0.00,405,0.00,0.0
KeiVarae Russell,2555547,DB,NO,@TEN,,,,,,,,,,,,,,,,,,0.00,406,0.00,0.0
Logan Ryan,2540162,DB,NYG,Bye,,,,,,,,,,,,,,,,,,,407,0.00,
Asante Samuel Jr.,2566511,DB,LAC,MIN,,,,,,,,,,,,,,,,,,2.83,408,0.00,-2.83
Stanford Samuels III,2564022,DB,FA,Bye,,,,,,,,,,,,,,,,,,,409,0.00,
Darnell Savage,2562724,DB,GB,SEA,,,,,,,,,,,,,,,,,,8.61,410,0.00,-8.61
Josiah Scott,2564229,DB,PHI,@DEN,,,,,,,,,,,,,,,,,,1.76,411,0.00,-1.76
Nick Scott,2562905,DB,LA,@SF,,,,,,,,,,,,,,,,,,2.43,412,0.00,-2.43
Vernon Scott,2564028,DB,GB,SEA,,,,,,,,,,,,,,,,,,0.00,413,0.00,0.0
Andrew Sendejo,2525323,DB,IND,JAX,,,,,,,,,,,,,,,,,,7.70,414,0.00,-7.7
Kevon Seymour,2555549,DB,BAL,@MIA,,,,,,,,,,,,,,,,,,0.00,415,0.00,0.0
Kendall Sheffield,2562730,DB,ATL,@DAL,,,,,,,,,,,,,,,,,,0.96,416,0.00,-0.96
Duke Shelley,2562957,DB,CHI,Bye,,,,,,,,,,,,,,,,,,,417,0.00,
Richard Sherman,2495507,DB,TB,@WAS,,,,,,,,,,,,,,,,,,7.72,418,0.00,-7.72
Jamien Sherwood,2565762,DB,NYJ,BUF,,,,,,,,,,,,,,,,,,,419,0.00,
Justin Simmons,2555550,DB,DEN,PHI,,,,,,,,,,,,,,,,,,10.01,420,0.00,-10.01
LeShaun Sims,2555551,DB,FA,Bye,,,,,,,,,,,,,,,,,,,421,0.00,
Kemah Siverand,2565189,DB,FA,Bye,,,,,,,,,,,,,,,,,,,422,0.00,
Buster Skrine,2495343,DB,FA,Bye,,,,,,,,,,,,,,,,,,,423,0.00,
Darius Slay,2540288,DB,PHI,@DEN,,,,,,,,,,,,,,,,,,6.85,424,0.00,-6.85
Harrison Smith,2532948,DB,MIN,@LAC,,,,,,,,,,,,,,,,,,0.00,425,0.00,0.0
Jimmy Smith,2508107,DB,BAL,@MIA,,,,,,,,,,,,,,,,,,2.23,426,0.00,-2.23
Maurice Smith,2559058,DB,FA,Bye,,,,,,,,,,,,,,,,,,,427,0.00,
Ryan Smith,2555552,DB,LAC,MIN,,,,,,,,,,,,,,,,,,,428,0.00,
Saivion Smith,2562741,DB,FA,Bye,,,,,,,,,,,,,,,,,,,429,0.00,
Tremon Smith,2561103,DB,HOU,Bye,,,,,,,,,,,,,,,,,,,430,0.00,
Tye Smith,2552449,DB,MIN,@LAC,,,,,,,,,,,,,,,,,,0.00,431,0.00,0.0
L'Jarius Sneed,2564304,DB,KC,@LV,,,,,,,,,,,,,,,,,,9.71,432,0.00,-9.71
Daniel Sorensen,2550257,DB,KC,@LV,,,,,,,,,,,,,,,,,,3.28,433,0.00,-3.28
Benjamin St-Juste,2566604,DB,WAS,TB,,,,,,,,,,,,,,,,,,4.08,434,0.00,-4.08
Brandon Stephens,2565851,DB,BAL,@MIA,,,,,,,,,,,,,,,,,,10.03,435,0.00,-10.03
Linden Stephens,2561277,DB,PIT,DET,,,,,,,,,,,,,,,,,,0.00,436,0.00,0.0
Caden Sterns,2566040,DB,DEN,PHI,,,,,,,,,,,,,,,,,,3.02,437,0.00,-3.02
JaCoby Stevens,2566412,DB,PHI,@DEN,,,,,,,,,,,,,,,,,,0.00,438,0.00,0.0
M.J. Stewart,2560884,DB,CLE,@NE,,,,,,,,,,,,,,,,,,,439,0.00,
Donovan Stiner,2565795,DB,PIT,DET,,,,,,,,,,,,,,,,,,0.00,440,0.00,0.0
Eric Stokes,2566097,DB,GB,SEA,,,,,,,,,,,,,,,,,,9.56,441,0.00,-9.56
Geno Stone,2563584,DB,BAL,@MIA,,,,,,,,,,,,,,,,,,0.63,442,0.00,-0.63
Corey Straughter,2565636,DB,FA,Bye,,,,,,,,,,,,,,,,,,,443,0.00,
Greg Stroman,2560886,DB,FA,Bye,,,,,,,,,,,,,,,,,,,444,0.00,
Chandon Sullivan,2560887,DB,GB,SEA,,,,,,,,,,,,,,,,,,6.15,445,0.00,-6.15
Pat Surtain II,2566043,DB,DEN,PHI,,,,,,,,,,,,,,,,,,8.20,446,0.00,-8.2
Cameron Sutton,2558849,DB,PIT,DET,,,,,,,,,,,,,,,,,,7.31,447,0.00,-7.31
D.J. Swearinger,2539943,DB,FA,Bye,,,,,,,,,,,,,,,,,,,448,0.00,
Teez Tabor,2557955,DB,CHI,Bye,,,,,,,,,,,,,,,,,,,449,0.00,
Cordrea Tankersley,2557931,DB,FA,Bye,,,,,,,,,,,,,,,,,,,450,0.00,
Jaquiski Tartt,2552391,DB,SF,LA,,,,,,,,,,,,,,,,,,,451,0.00,
Keith Taylor,2565911,DB,CAR,@ARI,,,,,,,,,,,,,,,,,,7.13,452,0.00,-7.13
Shakial Taylor,2563129,DB,FA,Bye,,,,,,,,,,,,,,,,,,,453,0.00,
Roderic Teamer,2562981,DB,LV,KC,,,,,,,,,,,,,,,,,,,454,0.00,
Marvell Tell,2562757,DB,IND,JAX,,,,,,,,,,,,,,,,,,,455,0.00,
A.J. Terrell,2563527,DB,ATL,@DAL,,,,,,,,,,,,,,,,,,9.79,456,0.00,-9.79
Ambry Thomas,2566547,DB,SF,LA,,,,,,,,,,,,,,,,,,0.00,457,0.00,0.0
Josh Thomas,2565387,DB,BUF,@NYJ,,,,,,,,,,,,,,,,,,0.00,458,0.00,0.0
Tavierre Thomas,2561278,DB,HOU,Bye,,,,,,,,,,,,,,,,,,,459,0.00,
Stantley Thomas-Oliver,2563689,DB,CAR,@ARI,,,,,,,,,,,,,,,,,,0.00,460,0.00,0.0
Darian Thompson,2555154,DB,DAL,ATL,,,,,,,,,,,,,,,,,,,461,0.00,
Deionte Thompson,2562760,DB,ARI,CAR,,,,,,,,,,,,,,,,,,1.06,462,0.00,-1.06
Jalen Thompson,2563339,DB,ARI,CAR,,,,,,,,,,,,,,,,,,9.98,463,0.00,-9.98
Tariq Thompson,2566644,DB,FA,Bye,,,,,,,,,,,,,,,,,,,464,0.00,
Juan Thornhill,2562761,DB,KC,@LV,,,,,,,,,,,,,,,,,,8.73,465,0.00,-8.73
Desmond Trufant,2539334,DB,LV,KC,,,,,,,,,,,,,,,,,,0.00,466,0.00,0.0
Kenny Vaccaro,2539320,DB,FA,Bye,,,,,,,,,,,,,,,,,,,467,0.00,
Donte Vaughn,2565084,DB,FA,Bye,,,,,,,,,,,,,,,,,,,468,0.00,
Jason Verrett,2543493,DB,SF,LA,,,,,,,,,,,,,,,,,,,469,0.00,
Kindle Vildor,2563713,DB,CHI,Bye,,,,,,,,,,,,,,,,,,,470,0.00,
Kary Vincent Jr.,2566046,DB,PHI,@DEN,,,,,,,,,,,,,,,,,,0.00,471,0.00,0.0
Dee Virgin,2559274,DB,FA,Bye,,,,,,,,,,,,,,,,,,,472,0.00,
Lamont Wade,2565798,DB,FA,Bye,,,,,,,,,,,,,,,,,,,473,0.00,
Shaun Wade,2565854,DB,NE,CLE,,,,,,,,,,,,,,,,,,0.00,474,0.00,0.0
Tracy Walker III,2560913,DB,DET,@PIT,,,,,,,,,,,,,,,,,,9.64,475,0.00,-9.64
K'Von Wallace,2564871,DB,PHI,@DEN,,,,,,,,,,,,,,,,,,1.42,476,0.00,-1.42
Levi Wallace,2560914,DB,BUF,@NYJ,,,,,,,,,,,,,,,,,,10.27,477,0.00,-10.27
Charvarius Ward,2561417,DB,KC,@LV,,,,,,,,,,,,,,,,,,8.66,478,0.00,-8.66
Denzel Ward,2560916,DB,CLE,@NE,,,,,,,,,,,,,,,,,,8.57,479,0.00,-8.57
Jimmie Ward,2543741,DB,SF,LA,,,,,,,,,,,,,,,,,,9.08,480,0.00,-9.08
Nigel Warrior,2563590,DB,SEA,@GB,,,,,,,,,,,,,,,,,,,481,0.00,
Ar'Darius Washington,2566632,DB,BAL,@MIA,,,,,,,,,,,,,,,,,,0.00,482,0.00,0.0
Charles Washington,2556703,DB,ARI,CAR,,,,,,,,,,,,,,,,,,,483,0.00,
Keith Washington,2564706,DB,FA,Bye,,,,,,,,,,,,,,,,,,,484,0.00,
Jaylen Watkins,2543707,DB,FA,Bye,,,,,,,,,,,,,,,,,,,485,0.00,
Armani Watts,2560921,DB,KC,@LV,,,,,,,,,,,,,,,,,,0.43,486,0.00,-0.43
Trae Waynes,2552448,DB,CIN,Bye,,,,,,,,,,,,,,,,,,,487,0.00,
Mark Webb,2566523,DB,LAC,MIN,,,,,,,,,,,,,,,,,,0.00,488,0.00,0.0
Chris Westry,2562902,DB,BAL,@MIA,,,,,,,,,,,,,,,,,,,489,0.00,
Brendon White,2565765,DB,FA,Bye,,,,,,,,,,,,,,,,,,,490,0.00,
Tre'Davious White,2557867,DB,BUF,@NYJ,,,,,,,,,,,,,,,,,,8.94,491,0.00,-8.94
Jordan Whitehead,2560930,DB,TB,@WAS,,,,,,,,,,,,,,,,,,7.77,492,0.00,-7.77
Jace Whittaker,2564955,DB,ARI,CAR,,,,,,,,,,,,,,,,,,0.00,493,0.00,0.0
Chris Wilcox,2566577,DB,IND,JAX,,,,,,,,,,,,,,,,,,0.00,494,0.00,0.0
Rachad Wildgoose,2565881,DB,BUF,@NYJ,,,,,,,,,,,,,,,,,,0.00,495,0.00,0.0
LaDarius Wiley,2563280,DB,FA,Bye,,,,,,,,,,,,,,,,,,,496,0.00,
Avery Williams,2565833,DB,ATL,@DAL,,,,,,,,,,,,,,,,,,2.81,497,0.00,-2.81
Darious Williams,2561469,DB,LA,@SF,,,,,,,,,,,,,,,,,,8.83,498,0.00,-8.83
Greedy Williams,2562785,DB,CLE,@NE,,,,,,,,,,,,,,,,,,10.13,499,0.00,-10.13
Jarren Williams,2564958,DB,NYG,Bye,,,,,,,,,,,,,,,,,,,500,0.00,
Joejuan Williams,2562787,DB,NE,CLE,,,,,,,,,,,,,,,,,,4.09,501,0.00,-4.09
K'Waun Williams,2550654,DB,SF,LA,,,,,,,,,,,,,,,,,,5.29,502,0.00,-5.29
Marcus Williams,2558847,DB,NO,@TEN,,,,,,,,,,,,,,,,,,8.54,503,0.00,-8.54
P.J. Williams,2552484,DB,NO,@TEN,,,,,,,,,,,,,,,,,,4.10,504,0.00,-4.1
Rodarius Williams,2566379,DB,NYG,Bye,,,,,,,,,,,,,,,,,,,505,0.00,
Shawn Williams,2539233,DB,ATL,@DAL,,,,,,,,,,,,,,,,,,0.00,506,0.00,0.0
Trill Williams,2565714,DB,MIA,BAL,,,,,,,,,,,,,,,,,,0.00,507,0.00,0.0
Chris Williamson,2564784,DB,ATL,@DAL,,,,,,,,,,,,,,,,,,0.00,508,0.00,0.0
Khari Willis,2562602,DB,IND,JAX,,,,,,,,,,,,,,,,,,,509,0.00,
Brandon Wilson,2558786,DB,CIN,Bye,,,,,,,,,,,,,,,,,,,510,0.00,
Donovan Wilson,2562604,DB,DAL,ATL,,,,,,,,,,,,,,,,,,3.90,511,0.00,-3.9
Jarrod Wilson,2556711,DB,NYJ,BUF,,,,,,,,,,,,,,,,,,2.15,512,0.00,-2.15
Marco Wilson,2566439,DB,ARI,CAR,,,,,,,,,,,,,,,,,,9.84,513,0.00,-9.84
Quincy Wilson,2557961,DB,NYG,Bye,,,,,,,,,,,,,,,,,,,514,0.00,
Tavon Wilson,2534830,DB,SF,LA,,,,,,,,,,,,,,,,,,0.00,515,0.00,0.0
Antoine Winfield Jr.,2565261,DB,TB,@WAS,,,,,,,,,,,,,,,,,,9.72,516,0.00,-9.72
Andrew Wingard,2562606,DB,JAX,@IND,,,,,,,,,,,,,,,,,,4.05,517,0.00,-4.05
Ahkello Witherspoon,2558157,DB,PIT,DET,,,,,,,,,,,,,,,,,,0.00,518,0.00,0.0
Xavier Woods,2558159,DB,MIN,@LAC,,,,,,,,,,,,,,,,,,9.49,519,0.00,-9.49
Daryl Worley,2555394,DB,FA,Bye,,,,,,,,,,,,,,,,,,,520,0.00,
Blidi Wreh-Wilson,2539219,DB,TB,@WAS,,,,,,,,,,,,,,,,,,0.00,521,0.00,0.0
Nahshon Wright,2566022,DB,DAL,ATL,,,,,,,,,,,,,,,,,,0.68,522,0.00,-0.68
Rock Ya-Sin,2562614,DB,IND,JAX,,,,,,,,,,,,,,,,,,5.74,523,0.00,-5.74
Isaac Yiadom,2560946,DB,GB,SEA,,,,,,,,,,,,,,,,,,0.00,524,0.00,0.0
Tavon Young,2555378,DB,BAL,@MIA,,,,,,,,,,,,,,,,,,4.89,525,0.00,-4.89
