[{"PlayerName":"Roberto Aguayo","PlayerId":"2555408","Pos":"K","Team":"FA","PlayerOpponent":"Bye","PatMade":"","PatMissed":"","FgMade_0-19":"","FgMade_20-29":"","FgMade_30-39":"","FgMade_40-49":"","FgMade_50":"","FgMiss_0-19":"","FgMiss_20-29":"","FgMiss_30-39":"","PlayerWeekProjectedPts":"","Rank":1,"TotalPoints":"0.00","ProjectionDiff":null},{"PlayerName":"Matt Ammendola","PlayerId":"2565555","Pos":"K","Team":"NYJ","PlayerOpponent":"BUF","PatMade":"","PatMissed":"","FgMade_0-19":"","FgMade_20-29":"","FgMade_30-39":"","FgMade_40-49":"","FgMade_50":"","FgMiss_0-19":"","FgMiss_20-29":"","FgMiss_30-39":"","PlayerWeekProjectedPts":"0.00","Rank":2,"TotalPoints":"0.00","ProjectionDiff":0.0},{"PlayerName":"Mike Badgley","PlayerId":"2560965","Pos":"K","Team":"IND","PlayerOpponent":"JAX","PatMade":"","PatMissed":"","FgMade_0-19":"","FgMade_20-29":"","FgMade_30-39":"","FgMade_40-49":"","FgMade_50":"","FgMiss_0-19":"","FgMiss_20-29":"","FgMiss_30-39":"","PlayerWeekProjectedPts":"7.31","Rank":3,"TotalPoints":"0.00","ProjectionDiff":-7.31},{"PlayerName":"Dan Bailey","PlayerId":"2495259","Pos":"K","Team":"FA","PlayerOpponent":"Bye","PatMade":"","PatMissed":"","FgMade_0-19":"","FgMade_20-29":"","FgMade_30-39":"","FgMade_40-49":"","FgMade_50":"","FgMiss_0-19":"","FgMiss_20-29":"","FgMiss_30-39":"","PlayerWeekProjectedPts":"","Rank":4,"TotalPoints":"0.00","ProjectionDiff":null},{"PlayerName":"Tyler Bass","PlayerId":"2563596","Pos":"K","Team":"BUF","PlayerOpponent":"@NYJ","PatMade":"","PatMissed":"","FgMade_0-19":"","FgMade_20-29":"","FgMade_30-39":"","FgMade_40-49":"","FgMade_50":"","FgMiss_0-19":"","FgMiss_20-29":"","FgMiss_30-39":"","PlayerWeekProjectedPts":"6.62","Rank":5,"TotalPoints":"0.00","ProjectionDiff":-6.62},{"PlayerName":"Rodrigo Blankenship","PlayerId":"2564106","Pos":"K","Team":"IND","PlayerOpponent":"JAX","PatMade":"","PatMissed":"","FgMade_0-19":"","FgMade_20-29":"","FgMade_30-39":"","FgMade_40-49":"","FgMade_50":"","FgMiss_0-19":"","FgMiss_20-29":"","FgMiss_30-39":"","PlayerWeekProjectedPts":null,"Rank":6,"TotalPoints":"0.00","ProjectionDiff":null},{"PlayerName":"Chris Blewitt","PlayerId":"2562800","Pos":"K","Team":"WAS","PlayerOpponent":"TB","PatMade":"","PatMissed":"","FgMade_0-19":"","FgMade_20-29":"","FgMade_30-39":"","FgMade_40-49":"","FgMade_50":"","FgMiss_0-19":"","FgMiss_20-29":"","FgMiss_30-39":"","PlayerWeekProjectedPts":"0.00","Rank":7,"TotalPoints":"0.00","ProjectionDiff":0.0},{"PlayerName":"Chris Boswell","PlayerId":"2550545","Pos":"K","Team":"PIT","PlayerOpponent":"DET","PatMade":"","PatMissed":"","FgMade_0-19":"","FgMade_20-29":"","FgMade_30-39":"","FgMade_40-49":"","FgMade_50":"","FgMiss_0-19":"","FgMiss_20-29":"","FgMiss_30-39":"","PlayerWeekProjectedPts":"7.70","Rank":8,"TotalPoints":"0.00","ProjectionDiff":-7.7},{"PlayerName":"Randy Bullock","PlayerId":"2533444","Pos":"K","Team":"TEN","PlayerOpponent":"NO","PatMade":"","PatMissed":"","FgMade_0-19":"","FgMade_20-29":"","FgMade_30-39":"","FgMade_40-49":"","FgMade_50":"","FgMiss_0-19":"","FgMiss_20-29":"","FgMiss_30-39":"","PlayerWeekProjectedPts":"7.65","Rank":9,"TotalPoints":"0.00","ProjectionDiff":-7.65},{"PlayerName":"Harrison Butker","PlayerId":"2558245","Pos":"K","Team":"KC","PlayerOpponent":"@LV","PatMade":"","PatMissed":"","FgMade_0-19":"","FgMade_20-29":"","FgMade_30-39":"","FgMade_40-49":"","FgMade_50":"","FgMiss_0-19":"","FgMiss_20-29":"","FgMiss_30-39":"","PlayerWeekProjectedPts":"7.10","Rank":10,"TotalPoints":"0.00","ProjectionDiff":-7.1},{"PlayerName":"Daniel Carlson","PlayerId":"2560993","Pos":"K","Team":"LV","PlayerOpponent":"KC","PatMade":"","PatMissed":"","FgMade_0-19":"","FgMade_20-29":"","FgMade_30-39":"","FgMade_40-49":"","FgMade_50":"","FgMiss_0-19":"","FgMiss_20-29":"","FgMiss_30-39":"","PlayerWeekProjectedPts":"7.88","Rank":11,"TotalPoints":"0.00","ProjectionDiff":-7.88},{"PlayerName":"Chandler Catanzaro","PlayerId":"2550325","Pos":"K","Team":"FA","PlayerOpponent":"Bye","PatMade":"","PatMissed":"","FgMade_0-19":"","FgMade_20-29":"","FgMade_30-39":"","FgMade_40-49":"","FgMade_50":"","FgMiss_0-19":"","FgMiss_20-29":"","FgMiss_30-39":"","PlayerWeekProjectedPts":"","Rank":12,"TotalPoints":"0.00","ProjectionDiff":null},{"PlayerName":"Mason Crosby","PlayerId":"2507232","Pos":"K","Team":"GB","PlayerOpponent":"SEA","PatMade":"","PatMissed":"","FgMade_0-19":"","FgMade_20-29":"","FgMade_30-39":"","FgMade_40-49":"","FgMade_50":"","FgMiss_0-19":"","FgMiss_20-29":"","FgMiss_30-39":"","PlayerWeekProjectedPts":"7.14","Rank":13,"TotalPoints":"0.00","ProjectionDiff":-7.14},{"PlayerName":"Dominik Eberle","PlayerId":"2565360","Pos":"K","Team":"FA","PlayerOpponent":"Bye","PatMade":"","PatMissed":"","FgMade_0-19":"","FgMade_20-29":"","FgMade_30-39":"","FgMade_40-49":"","FgMade_50":"","FgMiss_0-19":"","FgMiss_20-29":"","FgMiss_30-39":"","PlayerWeekProjectedPts":"","Rank":14,"TotalPoints":"0.00","ProjectionDiff":null},{"PlayerName":"Jake Elliott","PlayerId":"2558172","Pos":"K","Team":"PHI","PlayerOpponent":"@DEN","PatMade":"","PatMissed":"","FgMade_0-19":"","FgMade_20-29":"","FgMade_30-39":"","FgMade_40-49":"","FgMade_50":"","FgMiss_0-19":"","FgMiss_20-29":"","FgMiss_30-39":"","PlayerWeekProjectedPts":"6.01","Rank":15,"TotalPoints":"0.00","ProjectionDiff":-6.01},{"PlayerName":"Ka'imi Fairbairn","PlayerId":"2556521","Pos":"K","Team":"HOU","PlayerOpponent":"Bye","PatMade":"","PatMissed":"","FgMade_0-19":"","FgMade_20-29":"","FgMade_30-39":"","FgMade_40-49":"","FgMade_50":"","FgMiss_0-19":"","FgMiss_20-29":"","FgMiss_30-39":"","PlayerWeekProjectedPts":"","Rank":16,"TotalPoints":"0.00","ProjectionDiff":null},{"PlayerName":"Sam Ficken","PlayerId":"2557430","Pos":"K","Team":"TEN","PlayerOpponent":"NO","PatMade":"","PatMissed":"","FgMade_0-19":"","FgMade_20-29":"","FgMade_30-39":"","FgMade_40-49":"","FgMade_50":"","FgMiss_0-19":"","FgMiss_20-29":"","FgMiss_30-39":"","PlayerWeekProjectedPts":null,"Rank":17,"TotalPoints":"0.00","ProjectionDiff":null},{"PlayerName":"Nick Folk","PlayerId":"2507225","Pos":"K","Team":"NE","PlayerOpponent":"CLE","PatMade":"","PatMissed":"","FgMade_0-19":"","FgMade_20-29":"","FgMade_30-39":"","FgMade_40-49":"","FgMade_50":"","FgMiss_0-19":"","FgMiss_20-29":"","FgMiss_30-39":"","PlayerWeekProjectedPts":"7.12","Rank":18,"TotalPoints":"0.00","ProjectionDiff":-7.12},{"PlayerName":"Kai Forbath","PlayerId":"2495150","Pos":"K","Team":"FA","PlayerOpponent":"Bye","PatMade":"","PatMissed":"","FgMade_0-19":"","FgMade_20-29":"","FgMade_30-39":"","FgMade_40-49":"","FgMade_50":"","FgMiss_0-19":"","FgMiss_20-29":"","FgMiss_30-39":"","PlayerWeekProjectedPts":"","Rank":19,"TotalPoints":"0.00","ProjectionDiff":null},{"PlayerName":"Graham Gano","PlayerId":"71309","Pos":"K","Team":"NYG","PlayerOpponent":"Bye","PatMade":"","PatMissed":"","FgMade_0-19":"","FgMade_20-29":"","FgMade_30-39":"","FgMade_40-49":"","FgMade_50":"","FgMiss_0-19":"","FgMiss_20-29":"","FgMiss_30-39":"","PlayerWeekProjectedPts":"","Rank":20,"TotalPoints":"0.00","ProjectionDiff":null},{"PlayerName":"Matt Gay","PlayerId":"2562271","Pos":"K","Team":"LA","PlayerOpponent":"@SF","PatMade":"","PatMissed":"","FgMade_0-19":"","FgMade_20-29":"","FgMade_30-39":"","FgMade_40-49":"","FgMade_50":"","FgMiss_0-19":"","FgMiss_20-29":"","FgMiss_30-39":"","PlayerWeekProjectedPts":"6.57","Rank":21,"TotalPoints":"0.00","ProjectionDiff":-6.57},{"PlayerName":"Zane Gonzalez","PlayerId":"2558178","Pos":"K","Team":"CAR","PlayerOpponent":"@ARI","PatMade":"","PatMissed":"","FgMade_0-19":"","FgMade_20-29":"","FgMade_30-39":"","FgMade_40-49":"","FgMade_50":"","FgMiss_0-19":"","FgMiss_20-29":"","FgMiss_30-39":"","PlayerWeekProjectedPts":"7.12","Rank":22,"TotalPoints":"0.00","ProjectionDiff":-7.12},{"PlayerName":"Stephen Gostkowski","PlayerId":"2506922","Pos":"K","Team":"FA","PlayerOpponent":"Bye","PatMade":"","PatMissed":"","FgMade_0-19":"","FgMade_20-29":"","FgMade_30-39":"","FgMade_40-49":"","FgMade_50":"","FgMiss_0-19":"","FgMiss_20-29":"","FgMiss_30-39":"","PlayerWeekProjectedPts":"","Rank":23,"TotalPoints":"0.00","ProjectionDiff":null},{"PlayerName":"Robbie Gould","PlayerId":"2506264","Pos":"K","Team":"SF","PlayerOpponent":"LA","PatMade":"","PatMissed":"","FgMade_0-19":"","FgMade_20-29":"","FgMade_30-39":"","FgMade_40-49":"","FgMade_50":"","FgMiss_0-19":"","FgMiss_20-29":"","FgMiss_30-39":"","PlayerWeekProjectedPts":"7.56","Rank":24,"TotalPoints":"0.00","ProjectionDiff":-7.56},{"PlayerName":"Stephen Hauschka","PlayerId":"2507374","Pos":"K","Team":"FA","PlayerOpponent":"Bye","PatMade":"","PatMissed":"","FgMade_0-19":"","FgMade_20-29":"","FgMade_30-39":"","FgMade_40-49":"","FgMade_50":"","FgMiss_0-19":"","FgMiss_20-29":"","FgMiss_30-39":"","PlayerWeekProjectedPts":"","Rank":25,"TotalPoints":"0.00","ProjectionDiff":null},{"PlayerName":"Dustin Hopkins","PlayerId":"2539227","Pos":"K","Team":"LAC","PlayerOpponent":"MIN","PatMade":"","PatMissed":"","FgMade_0-19":"","FgMade_20-29":"","FgMade_30-39":"","FgMade_40-49":"","FgMade_50":"","FgMiss_0-19":"","FgMiss_20-29":"","FgMiss_30-39":"","PlayerWeekProjectedPts":"7.13","Rank":26,"TotalPoints":"0.00","ProjectionDiff":-7.13},{"PlayerName":"Brian Johnson","PlayerId":"2566740","Pos":"K","Team":"NO","PlayerOpponent":"@TEN","PatMade":"","PatMissed":"","FgMade_0-19":"","FgMade_20-29":"","FgMade_30-39":"","FgMade_40-49":"","FgMade_50":"","FgMiss_0-19":"","FgMiss_20-29":"","FgMiss_30-39":"","PlayerWeekProjectedPts":"6.65","Rank":27,"TotalPoints":"0.00","ProjectionDiff":-6.65},{"PlayerName":"Greg Joseph","PlayerId":"2561534","Pos":"K","Team":"MIN","PlayerOpponent":"@LAC","PatMade":"","PatMissed":"","FgMade_0-19":"","FgMade_20-29":"","FgMade_30-39":"","FgMade_40-49":"","FgMade_50":"","FgMiss_0-19":"","FgMiss_20-29":"","FgMiss_30-39":"","PlayerWeekProjectedPts":"7.31","Rank":28,"TotalPoints":"0.00","ProjectionDiff":-7.31},{"PlayerName":"Alex Kessman","PlayerId":"2566484","Pos":"K","Team":"FA","PlayerOpponent":"Bye","PatMade":"","PatMissed":"","FgMade_0-19":"","FgMade_20-29":"","FgMade_30-39":"","FgMade_40-49":"","FgMade_50":"","FgMiss_0-19":"","FgMiss_20-29":"","FgMiss_30-39":"","PlayerWeekProjectedPts":"","Rank":29,"TotalPoints":"0.00","ProjectionDiff":null},{"PlayerName":"Younghoe Koo","PlayerId":"2559205","Pos":"K","Team":"ATL","PlayerOpponent":"@DAL","PatMade":"","PatMissed":"","FgMade_0-19":"","FgMade_20-29":"","FgMade_30-39":"","FgMade_40-49":"","FgMade_50":"","FgMiss_0-19":"","FgMiss_20-29":"","FgMiss_30-39":"","PlayerWeekProjectedPts":"7.83","Rank":30,"TotalPoints":"0.00","ProjectionDiff":-7.83},{"PlayerName":"Josh Lambo","PlayerId":"2553833","Pos":"K","Team":"PIT","PlayerOpponent":"DET","PatMade":"","PatMissed":"","FgMade_0-19":"","FgMade_20-29":"","FgMade_30-39":"","FgMade_40-49":"","FgMade_50":"","FgMiss_0-19":"","FgMiss_20-29":"","FgMiss_30-39":"","PlayerWeekProjectedPts":"0.00","Rank":31,"TotalPoints":"0.00","ProjectionDiff":0.0},{"PlayerName":"Ty Long","PlayerId":"2553555","Pos":"K","Team":"LAC","PlayerOpponent":"MIN","PatMade":"","PatMissed":"","FgMade_0-19":"","FgMade_20-29":"","FgMade_30-39":"","FgMade_40-49":"","FgMade_50":"","FgMiss_0-19":"","FgMiss_20-29":"","FgMiss_30-39":"","PlayerWeekProjectedPts":"0.00","Rank":32,"TotalPoints":"0.00","ProjectionDiff":0.0},{"PlayerName":"Wil Lutz","PlayerId":"2556601","Pos":"K","Team":"NO","PlayerOpponent":"@TEN","PatMade":"","PatMissed":"","FgMade_0-19":"","FgMade_20-29":"","FgMade_30-39":"","FgMade_40-49":"","FgMade_50":"","FgMiss_0-19":"","FgMiss_20-29":"","FgMiss_30-39":"","PlayerWeekProjectedPts":null,"Rank":33,"TotalPoints":"0.00","ProjectionDiff":null},{"PlayerName":"Austin MacGinnis","PlayerId":"2563452","Pos":"K","Team":"FA","PlayerOpponent":"Bye","PatMade":"","PatMissed":"","FgMade_0-19":"","FgMade_20-29":"","FgMade_30-39":"","FgMade_40-49":"","FgMade_50":"","FgMiss_0-19":"","FgMiss_20-29":"","FgMiss_30-39":"","PlayerWeekProjectedPts":"","Rank":34,"TotalPoints":"0.00","ProjectionDiff":null},{"PlayerName":"Brett Maher","PlayerId":"2540243","Pos":"K","Team":"FA","PlayerOpponent":"Bye","PatMade":"","PatMissed":"","FgMade_0-19":"","FgMade_20-29":"","FgMade_30-39":"","FgMade_40-49":"","FgMade_50":"","FgMiss_0-19":"","FgMiss_20-29":"","FgMiss_30-39":"","PlayerWeekProjectedPts":"","Rank":35,"TotalPoints":"0.00","ProjectionDiff":null},{"PlayerName":"Tucker McCann","PlayerId":"2565462","Pos":"K","Team":"FA","PlayerOpponent":"Bye","PatMade":"","PatMissed":"","FgMade_0-19":"","FgMade_20-29":"","FgMade_30-39":"","FgMade_40-49":"","FgMade_50":"","FgMiss_0-19":"","FgMiss_20-29":"","FgMiss_30-39":"","PlayerWeekProjectedPts":"","Rank":36,"TotalPoints":"0.00","ProjectionDiff":null},{"PlayerName":"Chase McLaughlin","PlayerId":"2563203","Pos":"K","Team":"CLE","PlayerOpponent":"@NE","PatMade":"","PatMissed":"","FgMade_0-19":"","FgMade_20-29":"","FgMade_30-39":"","FgMade_40-49":"","FgMade_50":"","FgMiss_0-19":"","FgMiss_20-29":"","FgMiss_30-39":"","PlayerWeekProjectedPts":"6.98","Rank":37,"TotalPoints":"0.00","ProjectionDiff":-6.98},{"PlayerName":"Brandon McManus","PlayerId":"2541556","Pos":"K","Team":"DEN","PlayerOpponent":"PHI","PatMade":"","PatMissed":"","FgMade_0-19":"","FgMade_20-29":"","FgMade_30-39":"","FgMade_40-49":"","FgMade_50":"","FgMiss_0-19":"","FgMiss_20-29":"","FgMiss_30-39":"","PlayerWeekProjectedPts":"7.18","Rank":38,"TotalPoints":"0.00","ProjectionDiff":-7.18},{"PlayerName":"Evan McPherson","PlayerId":"2565953","Pos":"K","Team":"CIN","PlayerOpponent":"Bye","PatMade":"","PatMissed":"","FgMade_0-19":"","FgMade_20-29":"","FgMade_30-39":"","FgMade_40-49":"","FgMade_50":"","FgMiss_0-19":"","FgMiss_20-29":"","FgMiss_30-39":"","PlayerWeekProjectedPts":"","Rank":39,"TotalPoints":"0.00","ProjectionDiff":null},{"PlayerName":"JJ Molson","PlayerId":"2565550","Pos":"K","Team":"GB","PlayerOpponent":"SEA","PatMade":"","PatMissed":"","FgMade_0-19":"","FgMade_20-29":"","FgMade_30-39":"","FgMade_40-49":"","FgMade_50":"","FgMiss_0-19":"","FgMiss_20-29":"","FgMiss_30-39":"","PlayerWeekProjectedPts":"0.00","Rank":40,"TotalPoints":"0.00","ProjectionDiff":0.0},{"PlayerName":"Jason Myers","PlayerId":"2553112","Pos":"K","Team":"SEA","PlayerOpponent":"@GB","PatMade":"","PatMissed":"","FgMade_0-19":"","FgMade_20-29":"","FgMade_30-39":"","FgMade_40-49":"","FgMade_50":"","FgMiss_0-19":"","FgMiss_20-29":"","FgMiss_30-39":"","PlayerWeekProjectedPts":"7.72","Rank":41,"TotalPoints":"0.00","ProjectionDiff":-7.72},{"PlayerName":"Chris Naggar","PlayerId":"2565744","Pos":"K","Team":"CLE","PlayerOpponent":"@NE","PatMade":"","PatMissed":"","FgMade_0-19":"","FgMade_20-29":"","FgMade_30-39":"","FgMade_40-49":"","FgMade_50":"","FgMiss_0-19":"","FgMiss_20-29":"","FgMiss_30-39":"","PlayerWeekProjectedPts":"0.00","Rank":42,"TotalPoints":"0.00","ProjectionDiff":0.0},{"PlayerName":"Quinn Nordin","PlayerId":"2565684","Pos":"K","Team":"NE","PlayerOpponent":"CLE","PatMade":"","PatMissed":"","FgMade_0-19":"","FgMade_20-29":"","FgMade_30-39":"","FgMade_40-49":"","FgMade_50":"","FgMiss_0-19":"","FgMiss_20-29":"","FgMiss_30-39":"","PlayerWeekProjectedPts":null,"Rank":43,"TotalPoints":"0.00","ProjectionDiff":null},{"PlayerName":"Mike Nugent","PlayerId":"2506386","Pos":"K","Team":"FA","PlayerOpponent":"Bye","PatMade":"","PatMissed":"","FgMade_0-19":"","FgMade_20-29":"","FgMade_30-39":"","FgMade_40-49":"","FgMade_50":"","FgMiss_0-19":"","FgMiss_20-29":"","FgMiss_30-39":"","PlayerWeekProjectedPts":"","Rank":44,"TotalPoints":"0.00","ProjectionDiff":null},{"PlayerName":"Cody Parkey","PlayerId":"2550380","Pos":"K","Team":"FA","PlayerOpponent":"Bye","PatMade":"","PatMissed":"","FgMade_0-19":"","FgMade_20-29":"","FgMade_30-39":"","FgMade_40-49":"","FgMade_50":"","FgMiss_0-19":"","FgMiss_20-29":"","FgMiss_30-39":"","PlayerWeekProjectedPts":"","Rank":45,"TotalPoints":"0.00","ProjectionDiff":null},{"PlayerName":"Matt Prater","PlayerId":"2506677","Pos":"K","Team":"ARI","PlayerOpponent":"CAR","PatMade":"","PatMissed":"","FgMade_0-19":"","FgMade_20-29":"","FgMade_30-39":"","FgMade_40-49":"","FgMade_50":"","FgMiss_0-19":"","FgMiss_20-29":"","FgMiss_30-39":"","PlayerWeekProjectedPts":"7.50","Rank":46,"TotalPoints":"0.00","ProjectionDiff":-7.5},{"PlayerName":"Aldrick Rosas","PlayerId":"2556771","Pos":"K","Team":"FA","PlayerOpponent":"Bye","PatMade":"","PatMissed":"","FgMade_0-19":"","FgMade_20-29":"","FgMade_30-39":"","FgMade_40-49":"","FgMade_50":"","FgMiss_0-19":"","FgMiss_20-29":"","FgMiss_30-39":"","PlayerWeekProjectedPts":"","Rank":47,"TotalPoints":"0.00","ProjectionDiff":null},{"PlayerName":"Jason Sanders","PlayerId":"2561153","Pos":"K","Team":"MIA","PlayerOpponent":"BAL","PatMade":"","PatMissed":"","FgMade_0-19":"","FgMade_20-29":"","FgMade_30-39":"","FgMade_40-49":"","FgMade_50":"","FgMiss_0-19":"","FgMiss_20-29":"","FgMiss_30-39":"","PlayerWeekProjectedPts":"6.45","Rank":48,"TotalPoints":"0.00","ProjectionDiff":-6.45},{"PlayerName":"Cairo Santos","PlayerId":"2550636","Pos":"K","Team":"CHI","PlayerOpponent":"Bye","PatMade":"","PatMissed":"","FgMade_0-19":"","FgMade_20-29":"","FgMade_30-39":"","FgMade_40-49":"","FgMade_50":"","FgMiss_0-19":"","FgMiss_20-29":"","FgMiss_30-39":"","PlayerWeekProjectedPts":"","Rank":49,"TotalPoints":"0.00","ProjectionDiff":null},{"PlayerName":"Ryan Santoso","PlayerId":"2561269","Pos":"K","Team":"DET","PlayerOpponent":"@PIT","PatMade":"","PatMissed":"","FgMade_0-19":"","FgMade_20-29":"","FgMade_30-39":"","FgMade_40-49":"","FgMade_50":"","FgMiss_0-19":"","FgMiss_20-29":"","FgMiss_30-39":"","PlayerWeekProjectedPts":"0.00","Rank":50,"TotalPoints":"0.00","ProjectionDiff":0.0},{"PlayerName":"Austin Seibert","PlayerId":"2562729","Pos":"K","Team":"DET","PlayerOpponent":"@PIT","PatMade":"","PatMissed":"","FgMade_0-19":"","FgMade_20-29":"","FgMade_30-39":"","FgMade_40-49":"","FgMade_50":"","FgMiss_0-19":"","FgMiss_20-29":"","FgMiss_30-39":"","PlayerWeekProjectedPts":"7.96","Rank":51,"TotalPoints":"0.00","ProjectionDiff":-7.96},{"PlayerName":"Joey Slye","PlayerId":"2563132","Pos":"K","Team":"FA","PlayerOpponent":"Bye","PatMade":"","PatMissed":"","FgMade_0-19":"","FgMade_20-29":"","FgMade_30-39":"","FgMade_40-49":"","FgMade_50":"","FgMiss_0-19":"","FgMiss_20-29":"","FgMiss_30-39":"","PlayerWeekProjectedPts":"","Rank":52,"TotalPoints":"0.00","ProjectionDiff":null},{"PlayerName":"Ryan Succop","PlayerId":"89802","Pos":"K","Team":"TB","PlayerOpponent":"@WAS","PatMade":"","PatMissed":"","FgMade_0-19":"","FgMade_20-29":"","FgMade_30-39":"","FgMade_40-49":"","FgMade_50":"","FgMiss_0-19":"","FgMiss_20-29":"","FgMiss_30-39":"","PlayerWeekProjectedPts":"8.01","Rank":53,"TotalPoints":"0.00","ProjectionDiff":-8.01},{"PlayerName":"Giorgio Tavecchio","PlayerId":"2535686","Pos":"K","Team":"FA","PlayerOpponent":"Bye","PatMade":"","PatMissed":"","FgMade_0-19":"","FgMade_20-29":"","FgMade_30-39":"","FgMade_40-49":"","FgMade_50":"","FgMiss_0-19":"","FgMiss_20-29":"","FgMiss_30-39":"","PlayerWeekProjectedPts":"","Rank":54,"TotalPoints":"0.00","ProjectionDiff":null},{"PlayerName":"Justin Tucker","PlayerId":"2536340","Pos":"K","Team":"BAL","PlayerOpponent":"@MIA","PatMade":"","PatMissed":"","FgMade_0-19":"","FgMade_20-29":"","FgMade_30-39":"","FgMade_40-49":"","FgMade_50":"","FgMiss_0-19":"","FgMiss_20-29":"","FgMiss_30-39":"","PlayerWeekProjectedPts":"7.32","Rank":55,"TotalPoints":"0.00","ProjectionDiff":-7.32},{"PlayerName":"Jake Verity","PlayerId":"2566731","Pos":"K","Team":"BAL","PlayerOpponent":"@MIA","PatMade":"","PatMissed":"","FgMade_0-19":"","FgMade_20-29":"","FgMade_30-39":"","FgMade_40-49":"","FgMade_50":"","FgMiss_0-19":"","FgMiss_20-29":"","FgMiss_30-39":"","PlayerWeekProjectedPts":null,"Rank":56,"TotalPoints":"0.00","ProjectionDiff":null},{"PlayerName":"Tristan Vizcaino","PlayerId":"2562807","Pos":"K","Team":"LAC","PlayerOpponent":"MIN","PatMade":"","PatMissed":"","FgMade_0-19":"","FgMade_20-29":"","FgMade_30-39":"","FgMade_40-49":"","FgMade_50":"","FgMiss_0-19":"","FgMiss_20-29":"","FgMiss_30-39":"","PlayerWeekProjectedPts":"0.00","Rank":57,"TotalPoints":"0.00","ProjectionDiff":0.0},{"PlayerName":"Brandon Wright","PlayerId":"2564247","Pos":"K","Team":"FA","PlayerOpponent":"Bye","PatMade":"","PatMissed":"","FgMade_0-19":"","FgMade_20-29":"","FgMade_30-39":"","FgMade_40-49":"","FgMade_50":"","FgMiss_0-19":"","FgMiss_20-29":"","FgMiss_30-39":"","PlayerWeekProjectedPts":"","Rank":58,"TotalPoints":"0.00","ProjectionDiff":null},{"PlayerName":"Matthew Wright","PlayerId":"2562968","Pos":"K","Team":"JAX","PlayerOpponent":"@IND","PatMade":"","PatMissed":"","FgMade_0-19":"","FgMade_20-29":"","FgMade_30-39":"","FgMade_40-49":"","FgMade_50":"","FgMiss_0-19":"","FgMiss_20-29":"","FgMiss_30-39":"","PlayerWeekProjectedPts":"5.62","Rank":59,"TotalPoints":"0.00","ProjectionDiff":-5.62},{"PlayerName":"Greg Zuerlein","PlayerId":"2534797","Pos":"K","Team":"DAL","PlayerOpponent":"ATL","PatMade":"","PatMissed":"","FgMade_0-19":"","FgMade_20-29":"","FgMade_30-39":"","FgMade_40-49":"","FgMade_50":"","FgMiss_0-19":"","FgMiss_20-29":"","FgMiss_30-39":"","PlayerWeekProjectedPts":"0.00","Rank":60,"TotalPoints":"0.00","ProjectionDiff":0.0}]