PlayerName,PlayerId,Pos,Team,PlayerOpponent,TacklesTot,TacklesAst,TacklesSck,TacklesTfl,TurnoverInt,TurnoverFrcFum,TurnoverFumRec,ScoreIntTd,ScoreFumTd,ScoreBlkTd,ScoreSaf,ScoreDef2ptRet,Blk,PDef,QBHit,ReturnIntYds,ReturnFumYds,PlayerWeekProjectedPts,Rank,TotalPoints,ProjectionDiff
Matthew Adams,2561149,LB,IND,JAX,,,,,,,,,,,,,,,,,,0.00,1,0.00,0.0
Tyrell Adams,2553898,LB,SF,LA,,,,,,,,,,,,,,,,,,0.00,2,0.00,0.0
Ola Adeniyi,2560950,LB,TEN,NO,,,,,,,,,,,,,,,,,,1.72,3,0.00,-1.72
Azeez Al-Shaair,2562462,LB,SF,LA,,,,,,,,,,,,,,,,,,10.61,4,0.00,-10.61
Otaro Alaka,2562217,LB,BAL,@MIA,,,,,,,,,,,,,,,,,,,5,0.00,
Kwon Alexander,2552592,LB,NO,@TEN,,,,,,,,,,,,,,,,,,3.39,6,0.00,-3.39
Dakota Allen,2562618,LB,JAX,@IND,,,,,,,,,,,,,,,,,,0.80,7,0.00,-0.8
Josh Allen,2562619,LB,JAX,@IND,,,,,,,,,,,,,,,,,,6.94,8,0.00,-6.94
Alex Anzalone,2558163,LB,DET,@PIT,,,,,,,,,,,,,,,,,,9.30,9,0.00,-9.3
Jeremiah Attaochu,2543717,LB,CHI,Bye,,,,,,,,,,,,,,,,,,,10,0.00,
Joe Bachie,2564661,LB,CIN,Bye,,,,,,,,,,,,,,,,,,,11,0.00,
Markus Bailey,2563719,LB,CIN,Bye,,,,,,,,,,,,,,,,,,,12,0.00,
Jerome Baker,2560966,LB,MIA,BAL,,,,,,,,,,,,,,,,,,11.56,13,0.00,-11.56
Derrick Barnes,2566055,LB,DET,@PIT,,,,,,,,,,,,,,,,,,7.18,14,0.00,-7.18
Krys Barnes,2563971,LB,GB,SEA,,,,,,,,,,,,,,,,,,8.61,15,0.00,-8.61
Anthony Barr,2543459,LB,MIN,@LAC,,,,,,,,,,,,,,,,,,9.52,16,0.00,-9.52
Shaquil Barrett,2550541,LB,TB,@WAS,,,,,,,,,,,,,,,,,,7.89,17,0.00,-7.89
Cody Barton,2562472,LB,SEA,@GB,,,,,,,,,,,,,,,,,,1.01,18,0.00,-1.01
Tarell Basham,2558165,LB,DAL,ATL,,,,,,,,,,,,,,,,,,3.86,19,0.00,-3.86
Daren Bates,2541539,LB,ATL,@DAL,,,,,,,,,,,,,,,,,,0.00,20,0.00,0.0
Zack Baun,2564664,LB,NO,@TEN,,,,,,,,,,,,,,,,,,0.78,21,0.00,-0.78
Davin Bellamy,2560973,LB,FA,Bye,,,,,,,,,,,,,,,,,,,22,0.00,
B.J. Bello,2559141,LB,TEN,NO,,,,,,,,,,,,,,,,,,,23,0.00,
Ja'Whaun Bentley,2561143,LB,NE,CLE,,,,,,,,,,,,,,,,,,8.24,24,0.00,-8.24
Francis Bernard,2563827,LB,DAL,ATL,,,,,,,,,,,,,,,,,,0.00,25,0.00,0.0
Rashod Berry,2564589,LB,DET,@PIT,,,,,,,,,,,,,,,,,,0.00,26,0.00,0.0
Chris Board,2561301,LB,BAL,@MIA,,,,,,,,,,,,,,,,,,2.74,27,0.00,-2.74
Nick Bolton,2566175,LB,KC,@LV,,,,,,,,,,,,,,,,,,8.88,28,0.00,-8.88
Jon Bostic,2539978,LB,WAS,TB,,,,,,,,,,,,,,,,,,,29,0.00,
Tyus Bowser,2558166,LB,BAL,@MIA,,,,,,,,,,,,,,,,,,6.42,30,0.00,-6.42
Jordan Brailford,2562441,LB,FA,Bye,,,,,,,,,,,,,,,,,,,31,0.00,
K.J. Britt,2566559,LB,TB,@WAS,,,,,,,,,,,,,,,,,,0.00,32,0.00,0.0
Jordyn Brooks,2565135,LB,SEA,@GB,,,,,,,,,,,,,,,,,,10.10,33,0.00,-10.1
Cameron Brown,2564715,LB,NYG,Bye,,,,,,,,,,,,,,,,,,,34,0.00,
Jayon Brown,2558005,LB,TEN,NO,,,,,,,,,,,,,,,,,,0.00,35,0.00,0.0
Baron Browning,2566025,LB,DEN,PHI,,,,,,,,,,,,,,,,,,0.92,36,0.00,-0.92
T.J. Brunson,2564718,LB,NYG,Bye,,,,,,,,,,,,,,,,,,,37,0.00,
Deone Bucannon,2543769,LB,FA,Bye,,,,,,,,,,,,,,,,,,,38,0.00,
Oren Burks,2560984,LB,GB,SEA,,,,,,,,,,,,,,,,,,1.89,39,0.00,-1.89
Ben Burr-Kirven,2562490,LB,SEA,@GB,,,,,,,,,,,,,,,,,,,40,0.00,
Devin Bush,2562243,LB,PIT,DET,,,,,,,,,,,,,,,,,,8.66,41,0.00,-8.66
Josh Bynes,2530491,LB,BAL,@MIA,,,,,,,,,,,,,,,,,,10.68,42,0.00,-10.68
Shilique Calhoun,2555294,LB,KC,@LV,,,,,,,,,,,,,,,,,,0.00,43,0.00,0.0
Austin Calitro,2558925,LB,FA,Bye,,,,,,,,,,,,,,,,,,,44,0.00,
De'Vondre Campbell,2555255,LB,GB,SEA,,,,,,,,,,,,,,,,,,13.34,45,0.00,-13.34
Jermaine Carter,2561093,LB,CAR,@ARI,,,,,,,,,,,,,,,,,,9.25,46,0.00,-9.25
Lorenzo Carter,2561015,LB,NYG,Bye,,,,,,,,,,,,,,,,,,,47,0.00,
Blake Cashman,2562496,LB,NYJ,BUF,,,,,,,,,,,,,,,,,,,48,0.00,
Anthony Chickillo,2552266,LB,FA,Bye,,,,,,,,,,,,,,,,,,,49,0.00,
Cole Christiansen,2565021,LB,LAC,MIN,,,,,,,,,,,,,,,,,,0.00,50,0.00,0.0
Bradley Chubb,2561020,LB,DEN,PHI,,,,,,,,,,,,,,,,,,,51,0.00,
Nick Coe,2564598,LB,FA,Bye,,,,,,,,,,,,,,,,,,,52,0.00,
Jamie Collins,2539311,LB,NE,CLE,,,,,,,,,,,,,,,,,,2.54,53,0.00,-2.54
Zaven Collins,2566421,LB,ARI,CAR,,,,,,,,,,,,,,,,,,2.01,54,0.00,-2.01
Will Compton,2540013,LB,FA,Bye,,,,,,,,,,,,,,,,,,,55,0.00,
Ryan Connelly,2562638,LB,MIN,@LAC,,,,,,,,,,,,,,,,,,0.00,56,0.00,0.0
Brandon Copeland,2541695,LB,ATL,@DAL,,,,,,,,,,,,,,,,,,3.09,57,0.00,-3.09
Kamalei Correa,2555339,LB,FA,Bye,,,,,,,,,,,,,,,,,,,58,0.00,
Carter Coughlin,2564724,LB,NYG,Bye,,,,,,,,,,,,,,,,,,,59,0.00,
Jabril Cox,2565998,LB,DAL,ATL,,,,,,,,,,,,,,,,,,,60,0.00,
Tae Crowder,2564727,LB,NYG,Bye,,,,,,,,,,,,,,,,,,,61,0.00,
Zach Cunningham,2558094,LB,HOU,Bye,,,,,,,,,,,,,,,,,,,62,0.00,
Lavonte David,2532828,LB,TB,@WAS,,,,,,,,,,,,,,,,,,11.30,63,0.00,-11.3
Demario Davis,2533008,LB,NO,@TEN,,,,,,,,,,,,,,,,,,12.29,64,0.00,-12.29
Jamin Davis,2566595,LB,WAS,TB,,,,,,,,,,,,,,,,,,7.86,65,0.00,-7.86
Jarrad Davis,2557855,LB,NYJ,BUF,,,,,,,,,,,,,,,,,,7.62,66,0.00,-7.62
Tae Davis,2561318,LB,HOU,Bye,,,,,,,,,,,,,,,,,,,67,0.00,
Thomas Davis,2506352,LB,FA,Bye,,,,,,,,,,,,,,,,,,,68,0.00,
Todd Davis,2550930,LB,FA,Bye,,,,,,,,,,,,,,,,,,,69,0.00,
Akeem Davis-Gaither,2563728,LB,CIN,Bye,,,,,,,,,,,,,,,,,,,70,0.00,
Tyrel Dodson,2562560,LB,BUF,@NYJ,,,,,,,,,,,,,,,,,,0.81,71,0.00,-0.81
Devante Downs,2561151,LB,FA,Bye,,,,,,,,,,,,,,,,,,,72,0.00,
Bud Dupree,2552289,LB,TEN,NO,,,,,,,,,,,,,,,,,,4.86,73,0.00,-4.86
Troy Dye,2564535,LB,MIN,@LAC,,,,,,,,,,,,,,,,,,0.24,74,0.00,-0.24
Nick Dzubnar,2553877,LB,TEN,NO,,,,,,,,,,,,,,,,,,0.33,75,0.00,-0.33
Samson Ebukam,2558830,LB,SF,LA,,,,,,,,,,,,,,,,,,5.79,76,0.00,-5.79
Tremaine Edmunds,2560713,LB,BUF,@NYJ,,,,,,,,,,,,,,,,,,12.31,77,0.00,-12.31
T.J. Edwards,2562648,LB,PHI,@DEN,,,,,,,,,,,,,,,,,,14.00,78,0.00,-14.0
Emeke Egbule,2562578,LB,LAC,MIN,,,,,,,,,,,,,,,,,,0.00,79,0.00,0.0
Sam Eguavoen,2562038,LB,MIA,BAL,,,,,,,,,,,,,,,,,,1.48,80,0.00,-1.48
Milo Eifler,2565729,LB,MIA,BAL,,,,,,,,,,,,,,,,,,0.00,81,0.00,0.0
Duke Ejiofor,2560714,LB,FA,Bye,,,,,,,,,,,,,,,,,,,82,0.00,
Jay Elliott,2550196,LB,FA,Bye,,,,,,,,,,,,,,,,,,,83,0.00,
Kaden Elliss,2562901,LB,NO,@TEN,,,,,,,,,,,,,,,,,,6.51,84,0.00,-6.51
Kyle Emanuel,2552296,LB,FA,Bye,,,,,,,,,,,,,,,,,,,85,0.00,
Jordan Evans,2558801,LB,CIN,Bye,,,,,,,,,,,,,,,,,,,86,0.00,
Rashaan Evans,2560718,LB,TEN,NO,,,,,,,,,,,,,,,,,,8.75,87,0.00,-8.75
Kyler Fackrell,2555340,LB,LAC,MIN,,,,,,,,,,,,,,,,,,4.61,88,0.00,-4.61
Jaylon Ferguson,2562650,LB,BAL,@MIA,,,,,,,,,,,,,,,,,,1.85,89,0.00,-1.85
Tony Fields II,2565971,LB,CLE,@NE,,,,,,,,,,,,,,,,,,0.77,90,0.00,-0.77
Sharif Finch,2561328,LB,FA,Bye,,,,,,,,,,,,,,,,,,,91,0.00,
Paddy Fisher,2565567,LB,FA,Bye,,,,,,,,,,,,,,,,,,,92,0.00,
Kylie Fitts,2560724,LB,ARI,CAR,,,,,,,,,,,,,,,,,,,93,0.00,
Demetrius Flannigan-Fowles,2563090,LB,SF,LA,,,,,,,,,,,,,,,,,,0.23,94,0.00,-0.23
Leonard Floyd,2555285,LB,LA,@SF,,,,,,,,,,,,,,,,,,8.17,95,0.00,-8.17
Dee Ford,2543494,LB,SF,LA,,,,,,,,,,,,,,,,,,,96,0.00,
L.J. Fort,2535613,LB,BAL,@MIA,,,,,,,,,,,,,,,,,,,97,0.00,
Zaire Franklin,2561155,LB,IND,JAX,,,,,,,,,,,,,,,,,,7.22,98,0.00,-7.22
Dennis Gardeck,2561200,LB,ARI,CAR,,,,,,,,,,,,,,,,,,1.75,99,0.00,-1.75
Cale Garrett,2565447,LB,FA,Bye,,,,,,,,,,,,,,,,,,,100,0.00,
Chris Garrett,2566211,LB,LA,@SF,,,,,,,,,,,,,,,,,,0.00,101,0.00,0.0
Jonathan Garvin,2563992,LB,GB,SEA,,,,,,,,,,,,,,,,,,3.19,102,0.00,-3.19
Rashan Gary,2562376,LB,GB,SEA,,,,,,,,,,,,,,,,,,5.75,103,0.00,-5.75
Willie Gay Jr.,2564280,LB,KC,@LV,,,,,,,,,,,,,,,,,,7.10,104,0.00,-7.1
Luke Gifford,2562942,LB,DAL,ATL,,,,,,,,,,,,,,,,,,0.56,105,0.00,-0.56
Ulysees Gilbert,2562811,LB,PIT,DET,,,,,,,,,,,,,,,,,,0.00,106,0.00,0.0
Joe Giles-Harris,2562591,LB,BUF,@NYJ,,,,,,,,,,,,,,,,,,0.00,107,0.00,0.0
Cam Gill,2565216,LB,TB,@WAS,,,,,,,,,,,,,,,,,,0.00,108,0.00,0.0
Trevis Gipson,2563695,LB,CHI,Bye,,,,,,,,,,,,,,,,,,,109,0.00,
Jordan Glasgow,2564118,LB,IND,JAX,,,,,,,,,,,,,,,,,,0.00,110,0.00,0.0
Markus Golden,2552273,LB,ARI,CAR,,,,,,,,,,,,,,,,,,5.86,111,0.00,-5.86
B.J. Goodson,2555522,LB,FA,Bye,,,,,,,,,,,,,,,,,,,112,0.00,
Jonathan Greenard,2564070,LB,HOU,Bye,,,,,,,,,,,,,,,,,,,113,0.00,
Dre Greenlaw,2562428,LB,SF,LA,,,,,,,,,,,,,,,,,,,114,0.00,
Shaquem Griffin,2560999,LB,FA,Bye,,,,,,,,,,,,,,,,,,,115,0.00,
Kamu Grugier-Hill,2556363,LB,HOU,Bye,,,,,,,,,,,,,,,,,,,116,0.00,
Bryce Hager,2552307,LB,FA,Bye,,,,,,,,,,,,,,,,,,,117,0.00,
Nate Hall,2562657,LB,FA,Bye,,,,,,,,,,,,,,,,,,,118,0.00,
Terez Hall,2562277,LB,NE,CLE,,,,,,,,,,,,,,,,,,,119,0.00,
Shaun Dion Hamilton,2561003,LB,DET,@PIT,,,,,,,,,,,,,,,,,,,120,0.00,
Chase Hansen,2562280,LB,NO,@TEN,,,,,,,,,,,,,,,,,,,121,0.00,
Darius Harris,2563108,LB,KC,@LV,,,,,,,,,,,,,,,,,,0.00,122,0.00,0.0
Malik Harrison,2563554,LB,BAL,@MIA,,,,,,,,,,,,,,,,,,0.00,123,0.00,0.0
Josh Harvey-Clemons,2557880,LB,FA,Bye,,,,,,,,,,,,,,,,,,,124,0.00,
Neville Hewitt,2553657,LB,HOU,Bye,,,,,,,,,,,,,,,,,,,125,0.00,
Jordan Hicks,2552315,LB,ARI,CAR,,,,,,,,,,,,,,,,,,11.81,126,0.00,-11.81
Alex Highsmith,2564982,LB,PIT,DET,,,,,,,,,,,,,,,,,,7.45,127,0.00,-7.45
Dont'a Hightower,2533057,LB,NE,CLE,,,,,,,,,,,,,,,,,,6.18,128,0.00,-6.18
Anthony Hitchens,2543592,LB,KC,@LV,,,,,,,,,,,,,,,,,,6.93,129,0.00,-6.93
Cole Holcomb,2562872,LB,WAS,TB,,,,,,,,,,,,,,,,,,12.46,130,0.00,-12.46
Justin Hollins,2562285,LB,LA,@SF,,,,,,,,,,,,,,,,,,,131,0.00,
Travin Howard,2561154,LB,LA,@SF,,,,,,,,,,,,,,,,,,,132,0.00,
Khaleke Hudson,2565279,LB,WAS,TB,,,,,,,,,,,,,,,,,,0.83,133,0.00,-0.83
Joel Iyiegbuniwe,2560750,LB,CHI,Bye,,,,,,,,,,,,,,,,,,,134,0.00,
Myles Jack,2555329,LB,JAX,@IND,,,,,,,,,,,,,,,,,,11.67,135,0.00,-11.67
Leon Jacobs,2560758,LB,FA,Bye,,,,,,,,,,,,,,,,,,,136,0.00,
Jordan Jenkins,2555256,LB,HOU,Bye,,,,,,,,,,,,,,,,,,,137,0.00,
Anfernee Jennings,2564613,LB,NE,CLE,,,,,,,,,,,,,,,,,,,138,0.00,
Josey Jewell,2560763,LB,DEN,PHI,,,,,,,,,,,,,,,,,,,139,0.00,
A.J. Johnson,2561704,LB,DEN,PHI,,,,,,,,,,,,,,,,,,,140,0.00,
Buddy Johnson,2566454,LB,PIT,DET,,,,,,,,,,,,,,,,,,0.00,141,0.00,0.0
Chandler Jones,2533538,LB,ARI,CAR,,,,,,,,,,,,,,,,,,6.63,142,0.00,-6.63
Christian Jones,2550572,LB,CHI,Bye,,,,,,,,,,,,,,,,,,,143,0.00,
Deion Jones,2555162,LB,ATL,@DAL,,,,,,,,,,,,,,,,,,13.63,144,0.00,-13.63
Ernest Jones,2566229,LB,LA,@SF,,,,,,,,,,,,,,,,,,1.49,145,0.00,-1.49
Joe Jones,2559200,LB,TEN,NO,,,,,,,,,,,,,,,,,,0.00,146,0.00,0.0
Matt Judon,2555505,LB,NE,CLE,,,,,,,,,,,,,,,,,,8.54,147,0.00,-8.54
Peter Kalambayi,2560774,LB,FA,Bye,,,,,,,,,,,,,,,,,,,148,0.00,
Isaiah Kaufusi,2565606,LB,FA,Bye,,,,,,,,,,,,,,,,,,,149,0.00,
Eric Kendricks,2552312,LB,MIN,@LAC,,,,,,,,,,,,,,,,,,12.39,150,0.00,-12.39
Mychal Kendricks,2532890,LB,FA,Bye,,,,,,,,,,,,,,,,,,,151,0.00,
Devon Kennard,2543869,LB,ARI,CAR,,,,,,,,,,,,,,,,,,2.90,152,0.00,-2.9
Christian Kirksey,2543720,LB,HOU,Bye,,,,,,,,,,,,,,,,,,,153,0.00,
Micah Kiser,2560782,LB,DEN,PHI,,,,,,,,,,,,,,,,,,,154,0.00,
A.J. Klein,2539982,LB,BUF,@NYJ,,,,,,,,,,,,,,,,,,6.95,155,0.00,-6.95
Jordan Kunaszyk,2563127,LB,WAS,TB,,,,,,,,,,,,,,,,,,0.00,156,0.00,0.0
Christian Kuntz,2559484,LB,PIT,DET,,,,,,,,,,,,,,,,,,0.00,157,0.00,0.0
Nick Kwiatkoski,2555288,LB,LV,KC,,,,,,,,,,,,,,,,,,1.28,158,0.00,-1.28
Harold Landry,2560784,LB,TEN,NO,,,,,,,,,,,,,,,,,,8.94,159,0.00,-8.94
Harvey Langi,2558963,LB,NE,CLE,,,,,,,,,,,,,,,,,,,160,0.00,
Shaq Lawson,2555252,LB,NYJ,BUF,,,,,,,,,,,,,,,,,,4.40,161,0.00,-4.4
Elijah Lee,2558121,LB,CLE,@NE,,,,,,,,,,,,,,,,,,0.87,162,0.00,-0.87
Marquel Lee,2557972,LB,LV,KC,,,,,,,,,,,,,,,,,,0.00,163,0.00,0.0
Sean Lee,496937,LB,FA,Bye,,,,,,,,,,,,,,,,,,,164,0.00,
Darius Leonard,2560789,LB,IND,JAX,,,,,,,,,,,,,,,,,,13.41,165,0.00,-13.41
Terrell Lewis,2564370,LB,LA,@SF,,,,,,,,,,,,,,,,,,5.32,166,0.00,-5.32
Cory Littleton,2556593,LB,LV,KC,,,,,,,,,,,,,,,,,,10.73,167,0.00,-10.73
David Long,2562799,LB,TEN,NO,,,,,,,,,,,,,,,,,,12.37,168,0.00,-12.37
Frankie Luvu,2561366,LB,CAR,@ARI,,,,,,,,,,,,,,,,,,2.49,169,0.00,-2.49
Aaron Lynch,2543650,LB,FA,Bye,,,,,,,,,,,,,,,,,,,170,0.00,
Blake Lynch,2564562,LB,MIN,@LAC,,,,,,,,,,,,,,,,,,0.63,171,0.00,-0.63
Khalil Mack,2543463,LB,CHI,Bye,,,,,,,,,,,,,,,,,,,172,0.00,
Cassh Maluia,2564622,LB,FA,Bye,,,,,,,,,,,,,,,,,,,173,0.00,
Justin March,2553815,LB,FA,Bye,,,,,,,,,,,,,,,,,,,174,0.00,
Cassius Marsh,2543868,LB,CHI,Bye,,,,,,,,,,,,,,,,,,,175,0.00,
Jake Martin,2561092,LB,HOU,Bye,,,,,,,,,,,,,,,,,,,176,0.00,
Kamal Martin,2564010,LB,CAR,@ARI,,,,,,,,,,,,,,,,,,0.00,177,0.00,0.0
Blake Martinez,2555161,LB,NYG,Bye,,,,,,,,,,,,,,,,,,,178,0.00,
Tyler Matakevich,2555171,LB,BUF,@NYJ,,,,,,,,,,,,,,,,,,0.36,179,0.00,-0.36
David Mayo,2553441,LB,WAS,TB,,,,,,,,,,,,,,,,,,1.24,180,0.00,-1.24
Isaiah McDuffie,2566082,LB,GB,SEA,,,,,,,,,,,,,,,,,,0.00,181,0.00,0.0
Cameron McGrone,2566337,LB,NE,CLE,,,,,,,,,,,,,,,,,,0.00,182,0.00,0.0
Benardrick McKinney,2552490,LB,NYG,Bye,,,,,,,,,,,,,,,,,,,183,0.00,
Wynton McManis,2556842,LB,FA,Bye,,,,,,,,,,,,,,,,,,,184,0.00,
Raekwon McMillan,2558070,LB,NE,CLE,,,,,,,,,,,,,,,,,,,185,0.00,
Pernell McPhee,2495201,LB,BAL,@MIA,,,,,,,,,,,,,,,,,,2.52,186,0.00,-2.52
Montrel Meander,2561376,LB,CLE,@NE,,,,,,,,,,,,,,,,,,,187,0.00,
Whitney Mercilus,2533049,LB,GB,SEA,,,,,,,,,,,,,,,,,,2.87,188,0.00,-2.87
Matt Milano,2557969,LB,BUF,@NYJ,,,,,,,,,,,,,,,,,,10.45,189,0.00,-10.45
Christian Miller,2562313,LB,FA,Bye,,,,,,,,,,,,,,,,,,,190,0.00,
Jarvis Miller,2565789,LB,FA,Bye,,,,,,,,,,,,,,,,,,,191,0.00,
Von Miller,2495202,LB,LA,@SF,,,,,,,,,,,,,,,,,,5.61,192,0.00,-5.61
Barkevious Mingo,2540140,LB,FA,Bye,,,,,,,,,,,,,,,,,,,193,0.00,
Kevin Minter,2540159,LB,TB,@WAS,,,,,,,,,,,,,,,,,,1.42,194,0.00,-1.42
Nicholas Morrow,2559054,LB,LV,KC,,,,,,,,,,,,,,,,,,,195,0.00,
Dylan Moses,2565627,LB,JAX,@IND,,,,,,,,,,,,,,,,,,0.00,196,0.00,0.0
C.J. Mosley,2543464,LB,NYJ,BUF,,,,,,,,,,,,,,,,,,12.29,197,0.00,-12.29
Calvin Munson,2559217,LB,NE,CLE,,,,,,,,,,,,,,,,,,0.63,198,0.00,-0.63
Kenneth Murray,2565063,LB,LAC,MIN,,,,,,,,,,,,,,,,,,,199,0.00,
Tanner Muse,2564427,LB,SEA,@GB,,,,,,,,,,,,,,,,,,0.00,200,0.00,0.0
Hamsah Nasirildeen,2565747,LB,NYJ,BUF,,,,,,,,,,,,,,,,,,1.52,201,0.00,-1.52
Keanu Neal,2555543,LB,DAL,ATL,,,,,,,,,,,,,,,,,,6.33,202,0.00,-6.33
Anthony Nelson,2562507,LB,TB,@WAS,,,,,,,,,,,,,,,,,,2.13,203,0.00,-2.13
Hardy Nickerson,2558982,LB,HOU,Bye,,,,,,,,,,,,,,,,,,,204,0.00,
Ben Niemann,2561383,LB,KC,@LV,,,,,,,,,,,,,,,,,,3.15,205,0.00,-3.15
Nick Niemann,2566496,LB,LAC,MIN,,,,,,,,,,,,,,,,,,0.77,206,0.00,-0.77
Jared Norris,2556862,LB,WAS,TB,,,,,,,,,,,,,,,,,,,207,0.00,
Uchenna Nwosu,2560826,LB,LAC,MIN,,,,,,,,,,,,,,,,,,4.58,208,0.00,-4.58
Mark Nzeocha,2552684,LB,FA,Bye,,,,,,,,,,,,,,,,,,,209,0.00,
Dorian O'Daniel,2560827,LB,KC,@LV,,,,,,,,,,,,,,,,,,0.05,210,0.00,-0.05
Amen Ogbongbemiga,2566499,LB,LAC,MIN,,,,,,,,,,,,,,,,,,0.92,211,0.00,-0.92
Alec Ogletree,2540143,LB,CHI,Bye,,,,,,,,,,,,,,,,,,,212,0.00,
Azeez Ojulari,2566367,LB,NYG,Bye,,,,,,,,,,,,,,,,,,,213,0.00,
Bobby Okereke,2562416,LB,IND,JAX,,,,,,,,,,,,,,,,,,12.20,214,0.00,-12.2
Obo Okoronkwo,2560829,LB,LA,@SF,,,,,,,,,,,,,,,,,,3.43,215,0.00,-3.43
Foye Oluokun,2561132,LB,ATL,@DAL,,,,,,,,,,,,,,,,,,13.98,216,0.00,-13.98
James Onwualu,2559225,LB,FA,Bye,,,,,,,,,,,,,,,,,,,217,0.00,
Joseph Ossai,2565956,LB,CIN,Bye,,,,,,,,,,,,,,,,,,,218,0.00,
Odafe Oweh,2565848,LB,BAL,@MIA,,,,,,,,,,,,,,,,,,4.09,219,0.00,-4.09
Jeremiah Owusu-Koramoah,2565983,LB,CLE,@NE,,,,,,,,,,,,,,,,,,,220,0.00,
Micah Parsons,2566019,LB,DAL,ATL,,,,,,,,,,,,,,,,,,11.43,221,0.00,-11.43
Natrez Patrick,2562325,LB,DEN,PHI,,,,,,,,,,,,,,,,,,,222,0.00,
Denzel Perryman,2552310,LB,LV,KC,,,,,,,,,,,,,,,,,,13.92,223,0.00,-13.92
Del'Shawn Phillips,2563179,LB,NYJ,BUF,,,,,,,,,,,,,,,,,,1.46,224,0.00,-1.46
Jacob Phillips,2563806,LB,CLE,@NE,,,,,,,,,,,,,,,,,,,225,0.00,
Jaelan Phillips,2566289,LB,MIA,BAL,,,,,,,,,,,,,,,,,,5.78,226,0.00,-5.78
Kevin Pierre-Louis,2543563,LB,HOU,Bye,,,,,,,,,,,,,,,,,,,227,0.00,
Germaine Pratt,2562702,LB,CIN,Bye,,,,,,,,,,,,,,,,,,,228,0.00,
Shaquille Quarterman,2564217,LB,JAX,@IND,,,,,,,,,,,,,,,,,,7.58,229,0.00,-7.58
Patrick Queen,2563575,LB,BAL,@MIA,,,,,,,,,,,,,,,,,,7.33,230,0.00,-7.33
Robert Quinn,2495485,LB,CHI,Bye,,,,,,,,,,,,,,,,,,,231,0.00,
Reggie Ragland,2555169,LB,NYG,Bye,,,,,,,,,,,,,,,,,,,232,0.00,
Randy Ramsey,2562920,LB,GB,SEA,,,,,,,,,,,,,,,,,,,233,0.00,
Hamilcar Rashed Jr.,2565756,LB,NYJ,BUF,,,,,,,,,,,,,,,,,,0.00,234,0.00,0.0
Haason Reddick,2557887,LB,CAR,@ARI,,,,,,,,,,,,,,,,,,9.37,235,0.00,-9.37
Malik Reed,2562825,LB,DEN,PHI,,,,,,,,,,,,,,,,,,6.77,236,0.00,-6.77
Troy Reeder,2563313,LB,LA,@SF,,,,,,,,,,,,,,,,,,9.66,237,0.00,-9.66
Jalen Reeves-Maybin,2557924,LB,DET,@PIT,,,,,,,,,,,,,,,,,,6.79,238,0.00,-6.79
LaRoy Reynolds,2541741,LB,NYJ,BUF,,,,,,,,,,,,,,,,,,,239,0.00,
Monty Rice,2566121,LB,TEN,NO,,,,,,,,,,,,,,,,,,0.88,240,0.00,-0.88
Max Richardson,2565657,LB,FA,Bye,,,,,,,,,,,,,,,,,,,241,0.00,
Duke Riley,2557967,LB,MIA,BAL,,,,,,,,,,,,,,,,,,1.17,242,0.00,-1.17
Derick Roberson,2562870,LB,TEN,NO,,,,,,,,,,,,,,,,,,,243,0.00,
Elandon Roberts,2556119,LB,MIA,BAL,,,,,,,,,,,,,,,,,,7.51,244,0.00,-7.51
Craig Robertson,2532431,LB,FA,Bye,,,,,,,,,,,,,,,,,,,245,0.00,
Edmond Robinson,2552441,LB,FA,Bye,,,,,,,,,,,,,,,,,,,246,0.00,
Chris Rumph II,2566508,LB,LAC,MIN,,,,,,,,,,,,,,,,,,1.37,247,0.00,-1.37
Tegray Scales,2560864,LB,FA,Bye,,,,,,,,,,,,,,,,,,,248,0.00,
Brennan Scarlett,2556673,LB,MIA,BAL,,,,,,,,,,,,,,,,,,1.59,249,0.00,-1.59
Joe Schobert,2555166,LB,PIT,DET,,,,,,,,,,,,,,,,,,12.08,250,0.00,-12.08
Isaiah Simmons,2564940,LB,ARI,CAR,,,,,,,,,,,,,,,,,,11.49,251,0.00,-11.49
Alex Singleton,2553739,LB,PHI,@DEN,,,,,,,,,,,,,,,,,,3.91,252,0.00,-3.91
Andre Smith,2560875,LB,BUF,@NYJ,,,,,,,,,,,,,,,,,,0.81,253,0.00,-0.81
Cameron Smith,2562737,LB,FA,Bye,,,,,,,,,,,,,,,,,,,254,0.00,
Emmanuel Smith,2561275,LB,FA,Bye,,,,,,,,,,,,,,,,,,,255,0.00,
Jaylon Smith,2555310,LB,FA,Bye,,,,,,,,,,,,,,,,,,,256,0.00,
Jordan Smith,2566169,LB,JAX,@IND,,,,,,,,,,,,,,,,,,0.00,257,0.00,0.0
Malcolm Smith,2499278,LB,CLE,@NE,,,,,,,,,,,,,,,,,,7.58,258,0.00,-7.58
Preston Smith,2552276,LB,GB,SEA,,,,,,,,,,,,,,,,,,4.82,259,0.00,-4.82
Rashad Smith,2565420,LB,CHI,Bye,,,,,,,,,,,,,,,,,,,260,0.00,
Roquan Smith,2560877,LB,CHI,Bye,,,,,,,,,,,,,,,,,,,261,0.00,
Shaq Smith,2565708,LB,FA,Bye,,,,,,,,,,,,,,,,,,,262,0.00,
Terrance Smith,2556775,LB,FA,Bye,,,,,,,,,,,,,,,,,,,263,0.00,
Za'Darius Smith,2552279,LB,GB,SEA,,,,,,,,,,,,,,,,,,,264,0.00,
E.J. Speed,2562955,LB,IND,JAX,,,,,,,,,,,,,,,,,,0.70,265,0.00,-0.7
Robert Spillane,2561596,LB,PIT,DET,,,,,,,,,,,,,,,,,,2.38,266,0.00,-2.38
Julian Stanford,2535867,LB,CAR,@ARI,,,,,,,,,,,,,,,,,,0.74,267,0.00,-0.74
Justin Strnad,2563914,LB,DEN,PHI,,,,,,,,,,,,,,,,,,0.00,268,0.00,0.0
Grant Stuard,2566568,LB,TB,@WAS,,,,,,,,,,,,,,,,,,0.00,269,0.00,0.0
Ty Summers,2562748,LB,GB,SEA,,,,,,,,,,,,,,,,,,0.00,270,0.00,0.0
Chazz Surratt,2566322,LB,MIN,@LAC,,,,,,,,,,,,,,,,,,0.00,271,0.00,0.0
Sione Takitaki,2562753,LB,CLE,@NE,,,,,,,,,,,,,,,,,,2.90,272,0.00,-2.9
Jahlani Tavai,2562755,LB,NE,CLE,,,,,,,,,,,,,,,,,,1.21,273,0.00,-1.21
Adarius Taylor,2550565,LB,FA,Bye,,,,,,,,,,,,,,,,,,,274,0.00,
Joe Thomas,2550262,LB,BAL,@MIA,,,,,,,,,,,,,,,,,,0.00,275,0.00,0.0
Shaq Thompson,2552447,LB,CAR,@ARI,,,,,,,,,,,,,,,,,,11.35,276,0.00,-11.35
Drue Tranquill,2562765,LB,LAC,MIN,,,,,,,,,,,,,,,,,,10.37,277,0.00,-10.37
Danny Trevathan,2532961,LB,CHI,Bye,,,,,,,,,,,,,,,,,,,278,0.00,
Joe Tryon-Shoyinka,2566574,LB,TB,@WAS,,,,,,,,,,,,,,,,,,2.06,279,0.00,-2.06
Zeke Turner,2561283,LB,ARI,CAR,,,,,,,,,,,,,,,,,,,280,0.00,
Derrek Tuszka,2563917,LB,PIT,DET,,,,,,,,,,,,,,,,,,0.88,281,0.00,-0.88
Josh Uche,2564649,LB,NE,CLE,,,,,,,,,,,,,,,,,,2.89,282,0.00,-2.89
Tanner Vallejo,2558289,LB,ARI,CAR,,,,,,,,,,,,,,,,,,2.40,283,0.00,-2.4
Andrew Van Ginkel,2562768,LB,MIA,BAL,,,,,,,,,,,,,,,,,,7.32,284,0.00,-7.32
Kyle Van Noy,2543699,LB,NE,CLE,,,,,,,,,,,,,,,,,,6.72,285,0.00,-6.72
Leighton Vander Esch,2560908,LB,DAL,ATL,,,,,,,,,,,,,,,,,,8.42,286,0.00,-8.42
James Vaughters,2553781,LB,ATL,@DAL,,,,,,,,,,,,,,,,,,2.70,287,0.00,-2.7
Nick Vigil,2555528,LB,MIN,@LAC,,,,,,,,,,,,,,,,,,7.79,288,0.00,-7.79
Barrington Wade,2566629,LB,DEN,PHI,,,,,,,,,,,,,,,,,,0.00,289,0.00,0.0
Bobby Wagner,2532966,LB,SEA,@GB,,,,,,,,,,,,,,,,,,13.26,290,0.00,-13.26
Anthony Walker,2558851,LB,CLE,@NE,,,,,,,,,,,,,,,,,,12.46,291,0.00,-12.46
D'Andre Walker,2562769,LB,FA,Bye,,,,,,,,,,,,,,,,,,,292,0.00,
Joe Walker,2556192,LB,ARI,CAR,,,,,,,,,,,,,,,,,,0.00,293,0.00,0.0
Mykal Walker,2563530,LB,ATL,@DAL,,,,,,,,,,,,,,,,,,1.00,294,0.00,-1.0
Garret Wallow,2566139,LB,HOU,Bye,,,,,,,,,,,,,,,,,,,295,0.00,
Fred Warner,2560917,LB,SF,LA,,,,,,,,,,,,,,,,,,12.96,296,0.00,-12.96
Jamar Watson,2565801,LB,FA,Bye,,,,,,,,,,,,,,,,,,,297,0.00,
Josh Watson,2563104,LB,FA,Bye,,,,,,,,,,,,,,,,,,,298,0.00,
T.J. Watt,2558064,LB,PIT,DET,,,,,,,,,,,,,,,,,,9.84,299,0.00,-9.84
Kristian Welch,2565348,LB,BAL,@MIA,,,,,,,,,,,,,,,,,,0.00,300,0.00,0.0
Pete Werner,2566358,LB,NO,@TEN,,,,,,,,,,,,,,,,,,8.17,301,0.00,-8.17
Devin White,2562781,LB,TB,@WAS,,,,,,,,,,,,,,,,,,13.24,302,0.00,-13.24
Kyzir White,2560928,LB,LAC,MIN,,,,,,,,,,,,,,,,,,10.55,303,0.00,-10.55
Tahir Whitehead,2532986,LB,ARI,CAR,,,,,,,,,,,,,,,,,,0.00,304,0.00,0.0
Kyle Wilber,2532974,LB,FA,Bye,,,,,,,,,,,,,,,,,,,305,0.00,
Quincy Williams,2562954,LB,NYJ,BUF,,,,,,,,,,,,,,,,,,8.77,306,0.00,-8.77
Vince Williams,2540221,LB,FA,Bye,,,,,,,,,,,,,,,,,,,307,0.00,
Avery Williamson,2543597,LB,DEN,PHI,,,,,,,,,,,,,,,,,,0.00,308,0.00,0.0
Damien Wilson,2552686,LB,JAX,@IND,,,,,,,,,,,,,,,,,,9.74,309,0.00,-9.74
Eric Wilson,2559012,LB,HOU,Bye,,,,,,,,,,,,,,,,,,,310,0.00,
Logan Wilson,2563752,LB,CIN,Bye,,,,,,,,,,,,,,,,,,,311,0.00,
Mack Wilson,2562605,LB,CLE,@NE,,,,,,,,,,,,,,,,,,2.97,312,0.00,-2.97
Josh Woods,2561626,LB,DET,@PIT,,,,,,,,,,,,,,,,,,0.00,313,0.00,0.0
K.J. Wright,2495252,LB,LV,KC,,,,,,,,,,,,,,,,,,5.58,314,0.00,-5.58
Oshane Ximines,2562613,LB,NYG,Bye,,,,,,,,,,,,,,,,,,,315,0.00,
Kenny Young,2560947,LB,DEN,PHI,,,,,,,,,,,,,,,,,,7.49,316,0.00,-7.49
