[{"PlayerName":"Brandon Allen","PlayerId":"2555365","Pos":"QB","Team":"CIN","PlayerOpponent":"Bye","PassingYDS":"","PassingInt":"","PassingTD":"","RushingPassingYDS":"","ReceivingRec":"","ReceivingYDS":"","ReceivingTD":"","RetTD":"","FumTD":"","2PT":"","Fum":"","PlayerWeekProjectedPts":"","Rank":1,"TotalPoints":"0.00","ProjectionDiff":null},{"PlayerName":"Josh Allen","PlayerId":"2560955","Pos":"QB","Team":"BUF","PlayerOpponent":"@NYJ","PassingYDS":"","PassingInt":"","PassingTD":"","RushingPassingYDS":"","ReceivingRec":"","ReceivingYDS":"","ReceivingTD":"","RetTD":"","FumTD":"","2PT":"","Fum":"","PlayerWeekProjectedPts":"24.38","Rank":2,"TotalPoints":"0.00","ProjectionDiff":-24.38},{"PlayerName":"Kyle Allen","PlayerId":"2561177","Pos":"QB","Team":"WAS","PlayerOpponent":"TB","PassingYDS":"","PassingInt":"","PassingTD":"","RushingPassingYDS":"","ReceivingRec":"","ReceivingYDS":"","ReceivingTD":"","RetTD":"","FumTD":"","2PT":"","Fum":"","PlayerWeekProjectedPts":"0.48","Rank":3,"TotalPoints":"0.00","ProjectionDiff":-0.48},{"PlayerName":"Kenji Bahar","PlayerId":"2566608","Pos":"QB","Team":"FA","PlayerOpponent":"Bye","PassingYDS":"","PassingInt":"","PassingTD":"","RushingPassingYDS":"","ReceivingRec":"","ReceivingYDS":"","ReceivingTD":"","RetTD":"","FumTD":"","2PT":"","Fum":"","PlayerWeekProjectedPts":"","Rank":4,"TotalPoints":"0.00","ProjectionDiff":null},{"PlayerName":"Matt Barkley","PlayerId":"2539308","Pos":"QB","Team":"TEN","PlayerOpponent":"NO","PassingYDS":"","PassingInt":"","PassingTD":"","RushingPassingYDS":"","ReceivingRec":"","ReceivingYDS":"","ReceivingTD":"","RetTD":"","FumTD":"","2PT":"","Fum":"","PlayerWeekProjectedPts":"0.00","Rank":5,"TotalPoints":"0.00","ProjectionDiff":0.0},{"PlayerName":"C.J. Beathard","PlayerId":"2557922","Pos":"QB","Team":"JAX","PlayerOpponent":"@IND","PassingYDS":"","PassingInt":"","PassingTD":"","RushingPassingYDS":"","ReceivingRec":"","ReceivingYDS":"","ReceivingTD":"","RetTD":"","FumTD":"","2PT":"","Fum":"","PlayerWeekProjectedPts":"0.63","Rank":6,"TotalPoints":"0.00","ProjectionDiff":-0.63},{"PlayerName":"David Blough","PlayerId":"2563043","Pos":"QB","Team":"DET","PlayerOpponent":"@PIT","PassingYDS":"","PassingInt":"","PassingTD":"","RushingPassingYDS":"","ReceivingRec":"","ReceivingYDS":"","ReceivingTD":"","RetTD":"","FumTD":"","2PT":"","Fum":"","PlayerWeekProjectedPts":"0.00","Rank":7,"TotalPoints":"0.00","ProjectionDiff":0.0},{"PlayerName":"Ian Book","PlayerId":"2566352","Pos":"QB","Team":"NO","PlayerOpponent":"@TEN","PassingYDS":"","PassingInt":"","PassingTD":"","RushingPassingYDS":"","ReceivingRec":"","ReceivingYDS":"","ReceivingTD":"","RetTD":"","FumTD":"","2PT":"","Fum":"","PlayerWeekProjectedPts":"0.00","Rank":8,"TotalPoints":"0.00","ProjectionDiff":0.0},{"PlayerName":"Blake Bortles","PlayerId":"2543477","Pos":"QB","Team":"GB","PlayerOpponent":"SEA","PassingYDS":"","PassingInt":"","PassingTD":"","RushingPassingYDS":"","ReceivingRec":"","ReceivingYDS":"","ReceivingTD":"","RetTD":"","FumTD":"","2PT":"","Fum":"","PlayerWeekProjectedPts":"0.00","Rank":9,"TotalPoints":"0.00","ProjectionDiff":0.0},{"PlayerName":"Tim Boyle","PlayerId":"2561187","Pos":"QB","Team":"DET","PlayerOpponent":"@PIT","PassingYDS":"","PassingInt":"","PassingTD":"","RushingPassingYDS":"","ReceivingRec":"","ReceivingYDS":"","ReceivingTD":"","RetTD":"","FumTD":"","2PT":"","Fum":"","PlayerWeekProjectedPts":null,"Rank":10,"TotalPoints":"0.00","ProjectionDiff":null},{"PlayerName":"Tom Brady","PlayerId":"2504211","Pos":"QB","Team":"TB","PlayerOpponent":"@WAS","PassingYDS":"","PassingInt":"","PassingTD":"","RushingPassingYDS":"","ReceivingRec":"","ReceivingYDS":"","ReceivingTD":"","RetTD":"","FumTD":"","2PT":"","Fum":"","PlayerWeekProjectedPts":"21.32","Rank":11,"TotalPoints":"0.00","ProjectionDiff":-21.32},{"PlayerName":"Drew Brees","PlayerId":"2504775","Pos":"QB","Team":"FA","PlayerOpponent":"Bye","PassingYDS":"","PassingInt":"","PassingTD":"","RushingPassingYDS":"","ReceivingRec":"","ReceivingYDS":"","ReceivingTD":"","RetTD":"","FumTD":"","2PT":"","Fum":"","PlayerWeekProjectedPts":"","Rank":12,"TotalPoints":"0.00","ProjectionDiff":null},{"PlayerName":"Teddy Bridgewater","PlayerId":"2543465","Pos":"QB","Team":"DEN","PlayerOpponent":"PHI","PassingYDS":"","PassingInt":"","PassingTD":"","RushingPassingYDS":"","ReceivingRec":"","ReceivingYDS":"","ReceivingTD":"","RetTD":"","FumTD":"","2PT":"","Fum":"","PlayerWeekProjectedPts":"16.89","Rank":13,"TotalPoints":"0.00","ProjectionDiff":-16.89},{"PlayerName":"Jacoby Brissett","PlayerId":"2555261","Pos":"QB","Team":"MIA","PlayerOpponent":"BAL","PassingYDS":"","PassingInt":"","PassingTD":"","RushingPassingYDS":"","ReceivingRec":"","ReceivingYDS":"","ReceivingTD":"","RetTD":"","FumTD":"","2PT":"","Fum":"","PlayerWeekProjectedPts":"0.74","Rank":14,"TotalPoints":"0.00","ProjectionDiff":-0.74},{"PlayerName":"Jake Browning","PlayerId":"2562634","Pos":"QB","Team":"CIN","PlayerOpponent":"Bye","PassingYDS":"","PassingInt":"","PassingTD":"","RushingPassingYDS":"","ReceivingRec":"","ReceivingYDS":"","ReceivingTD":"","RetTD":"","FumTD":"","2PT":"","Fum":"","PlayerWeekProjectedPts":"","Rank":15,"TotalPoints":"0.00","ProjectionDiff":null},{"PlayerName":"Shane Buechele","PlayerId":"2566983","Pos":"QB","Team":"KC","PlayerOpponent":"@LV","PassingYDS":"","PassingInt":"","PassingTD":"","RushingPassingYDS":"","ReceivingRec":"","ReceivingYDS":"","ReceivingTD":"","RetTD":"","FumTD":"","2PT":"","Fum":"","PlayerWeekProjectedPts":"0.00","Rank":16,"TotalPoints":"0.00","ProjectionDiff":0.0},{"PlayerName":"Joe Burrow","PlayerId":"2563722","Pos":"QB","Team":"CIN","PlayerOpponent":"Bye","PassingYDS":"","PassingInt":"","PassingTD":"","RushingPassingYDS":"","ReceivingRec":"","ReceivingYDS":"","ReceivingTD":"","RetTD":"","FumTD":"","2PT":"","Fum":"","PlayerWeekProjectedPts":"","Rank":17,"TotalPoints":"0.00","ProjectionDiff":null},{"PlayerName":"Derek Carr","PlayerId":"2543499","Pos":"QB","Team":"LV","PlayerOpponent":"KC","PassingYDS":"","PassingInt":"","PassingTD":"","RushingPassingYDS":"","ReceivingRec":"","ReceivingYDS":"","ReceivingTD":"","RetTD":"","FumTD":"","2PT":"","Fum":"","PlayerWeekProjectedPts":"19.73","Rank":18,"TotalPoints":"0.00","ProjectionDiff":-19.73},{"PlayerName":"Kirk Cousins","PlayerId":"2532820","Pos":"QB","Team":"MIN","PlayerOpponent":"@LAC","PassingYDS":"","PassingInt":"","PassingTD":"","RushingPassingYDS":"","ReceivingRec":"","ReceivingYDS":"","ReceivingTD":"","RetTD":"","FumTD":"","2PT":"","Fum":"","PlayerWeekProjectedPts":"18.15","Rank":19,"TotalPoints":"0.00","ProjectionDiff":-18.15},{"PlayerName":"Andy Dalton","PlayerId":"2495143","Pos":"QB","Team":"CHI","PlayerOpponent":"Bye","PassingYDS":"","PassingInt":"","PassingTD":"","RushingPassingYDS":"","ReceivingRec":"","ReceivingYDS":"","ReceivingTD":"","RetTD":"","FumTD":"","2PT":"","Fum":"","PlayerWeekProjectedPts":"","Rank":20,"TotalPoints":"0.00","ProjectionDiff":null},{"PlayerName":"Chase Daniel","PlayerId":"81284","Pos":"QB","Team":"LAC","PlayerOpponent":"MIN","PassingYDS":"","PassingInt":"","PassingTD":"","RushingPassingYDS":"","ReceivingRec":"","ReceivingYDS":"","ReceivingTD":"","RetTD":"","FumTD":"","2PT":"","Fum":"","PlayerWeekProjectedPts":"0.51","Rank":21,"TotalPoints":"0.00","ProjectionDiff":-0.51},{"PlayerName":"Sam Darnold","PlayerId":"2561036","Pos":"QB","Team":"CAR","PlayerOpponent":"@ARI","PassingYDS":"","PassingInt":"","PassingTD":"","RushingPassingYDS":"","ReceivingRec":"","ReceivingYDS":"","ReceivingTD":"","RetTD":"","FumTD":"","2PT":"","Fum":"","PlayerWeekProjectedPts":"15.45","Rank":22,"TotalPoints":"0.00","ProjectionDiff":-15.45},{"PlayerName":"Ben DiNucci","PlayerId":"2563839","Pos":"QB","Team":"DAL","PlayerOpponent":"ATL","PassingYDS":"","PassingInt":"","PassingTD":"","RushingPassingYDS":"","ReceivingRec":"","ReceivingYDS":"","ReceivingTD":"","RetTD":"","FumTD":"","2PT":"","Fum":"","PlayerWeekProjectedPts":"0.00","Rank":23,"TotalPoints":"0.00","ProjectionDiff":0.0},{"PlayerName":"Joshua Dobbs","PlayerId":"2558167","Pos":"QB","Team":"PIT","PlayerOpponent":"DET","PassingYDS":"","PassingInt":"","PassingTD":"","RushingPassingYDS":"","ReceivingRec":"","ReceivingYDS":"","ReceivingTD":"","RetTD":"","FumTD":"","2PT":"","Fum":"","PlayerWeekProjectedPts":null,"Rank":24,"TotalPoints":"0.00","ProjectionDiff":null},{"PlayerName":"Jeff Driskel","PlayerId":"2555262","Pos":"QB","Team":"HOU","PlayerOpponent":"Bye","PassingYDS":"","PassingInt":"","PassingTD":"","RushingPassingYDS":"","ReceivingRec":"","ReceivingYDS":"","ReceivingTD":"","RetTD":"","FumTD":"","2PT":"","Fum":"","PlayerWeekProjectedPts":"","Rank":25,"TotalPoints":"0.00","ProjectionDiff":null},{"PlayerName":"Jacob Eason","PlayerId":"2564115","Pos":"QB","Team":"SEA","PlayerOpponent":"@GB","PassingYDS":"","PassingInt":"","PassingTD":"","RushingPassingYDS":"","ReceivingRec":"","ReceivingYDS":"","ReceivingTD":"","RetTD":"","FumTD":"","2PT":"","Fum":"","PlayerWeekProjectedPts":"0.00","Rank":26,"TotalPoints":"0.00","ProjectionDiff":0.0},{"PlayerName":"Sam Ehlinger","PlayerId":"2566142","Pos":"QB","Team":"IND","PlayerOpponent":"JAX","PassingYDS":"","PassingInt":"","PassingTD":"","RushingPassingYDS":"","ReceivingRec":"","ReceivingYDS":"","ReceivingTD":"","RetTD":"","FumTD":"","2PT":"","Fum":"","PlayerWeekProjectedPts":"1.80","Rank":27,"TotalPoints":"0.00","ProjectionDiff":-1.8},{"PlayerName":"Danny Etling","PlayerId":"2560717","Pos":"QB","Team":"FA","PlayerOpponent":"Bye","PassingYDS":"","PassingInt":"","PassingTD":"","RushingPassingYDS":"","ReceivingRec":"","ReceivingYDS":"","ReceivingTD":"","RetTD":"","FumTD":"","2PT":"","Fum":"","PlayerWeekProjectedPts":"","Rank":28,"TotalPoints":"0.00","ProjectionDiff":null},{"PlayerName":"Justin Fields","PlayerId":"2565920","Pos":"QB","Team":"CHI","PlayerOpponent":"Bye","PassingYDS":"","PassingInt":"","PassingTD":"","RushingPassingYDS":"","ReceivingRec":"","ReceivingYDS":"","ReceivingTD":"","RetTD":"","FumTD":"","2PT":"","Fum":"","PlayerWeekProjectedPts":"","Rank":29,"TotalPoints":"0.00","ProjectionDiff":null},{"PlayerName":"Ryan Finley","PlayerId":"2562651","Pos":"QB","Team":"FA","PlayerOpponent":"Bye","PassingYDS":"","PassingInt":"","PassingTD":"","RushingPassingYDS":"","ReceivingRec":"","ReceivingYDS":"","ReceivingTD":"","RetTD":"","FumTD":"","2PT":"","Fum":"","PlayerWeekProjectedPts":"","Rank":30,"TotalPoints":"0.00","ProjectionDiff":null},{"PlayerName":"Ryan Fitzpatrick","PlayerId":"2506581","Pos":"QB","Team":"WAS","PlayerOpponent":"TB","PassingYDS":"","PassingInt":"","PassingTD":"","RushingPassingYDS":"","ReceivingRec":"","ReceivingYDS":"","ReceivingTD":"","RetTD":"","FumTD":"","2PT":"","Fum":"","PlayerWeekProjectedPts":null,"Rank":31,"TotalPoints":"0.00","ProjectionDiff":null},{"PlayerName":"Joe Flacco","PlayerId":"382","Pos":"QB","Team":"NYJ","PlayerOpponent":"BUF","PassingYDS":"","PassingInt":"","PassingTD":"","RushingPassingYDS":"","ReceivingRec":"","ReceivingYDS":"","ReceivingTD":"","RetTD":"","FumTD":"","2PT":"","Fum":"","PlayerWeekProjectedPts":"0.91","Rank":32,"TotalPoints":"0.00","ProjectionDiff":-0.91},{"PlayerName":"Nick Foles","PlayerId":"2532842","Pos":"QB","Team":"CHI","PlayerOpponent":"Bye","PassingYDS":"","PassingInt":"","PassingTD":"","RushingPassingYDS":"","ReceivingRec":"","ReceivingYDS":"","ReceivingTD":"","RetTD":"","FumTD":"","2PT":"","Fum":"","PlayerWeekProjectedPts":"","Rank":33,"TotalPoints":"0.00","ProjectionDiff":null},{"PlayerName":"Feleipe Franks","PlayerId":"2566683","Pos":"QB","Team":"ATL","PlayerOpponent":"@DAL","PassingYDS":"","PassingInt":"","PassingTD":"","RushingPassingYDS":"","ReceivingRec":"","ReceivingYDS":"","ReceivingTD":"","RetTD":"","FumTD":"","2PT":"","Fum":"","PlayerWeekProjectedPts":"0.00","Rank":34,"TotalPoints":"0.00","ProjectionDiff":0.0},{"PlayerName":"Jake Fromm","PlayerId":"2563608","Pos":"QB","Team":"BUF","PlayerOpponent":"@NYJ","PassingYDS":"","PassingInt":"","PassingTD":"","RushingPassingYDS":"","ReceivingRec":"","ReceivingYDS":"","ReceivingTD":"","RetTD":"","FumTD":"","2PT":"","Fum":"","PlayerWeekProjectedPts":null,"Rank":35,"TotalPoints":"0.00","ProjectionDiff":null},{"PlayerName":"Blaine Gabbert","PlayerId":"2495441","Pos":"QB","Team":"TB","PlayerOpponent":"@WAS","PassingYDS":"","PassingInt":"","PassingTD":"","RushingPassingYDS":"","ReceivingRec":"","ReceivingYDS":"","ReceivingTD":"","RetTD":"","FumTD":"","2PT":"","Fum":"","PlayerWeekProjectedPts":"0.98","Rank":36,"TotalPoints":"0.00","ProjectionDiff":-0.98},{"PlayerName":"Jimmy Garoppolo","PlayerId":"2543801","Pos":"QB","Team":"SF","PlayerOpponent":"LA","PassingYDS":"","PassingInt":"","PassingTD":"","RushingPassingYDS":"","ReceivingRec":"","ReceivingYDS":"","ReceivingTD":"","RetTD":"","FumTD":"","2PT":"","Fum":"","PlayerWeekProjectedPts":"15.04","Rank":37,"TotalPoints":"0.00","ProjectionDiff":-15.04},{"PlayerName":"Garrett Gilbert","PlayerId":"2549982","Pos":"QB","Team":"NE","PlayerOpponent":"CLE","PassingYDS":"","PassingInt":"","PassingTD":"","RushingPassingYDS":"","ReceivingRec":"","ReceivingYDS":"","ReceivingTD":"","RetTD":"","FumTD":"","2PT":"","Fum":"","PlayerWeekProjectedPts":"0.00","Rank":38,"TotalPoints":"0.00","ProjectionDiff":0.0},{"PlayerName":"Mike Glennon","PlayerId":"2539275","Pos":"QB","Team":"NYG","PlayerOpponent":"Bye","PassingYDS":"","PassingInt":"","PassingTD":"","RushingPassingYDS":"","ReceivingRec":"","ReceivingYDS":"","ReceivingTD":"","RetTD":"","FumTD":"","2PT":"","Fum":"","PlayerWeekProjectedPts":"","Rank":39,"TotalPoints":"0.00","ProjectionDiff":null},{"PlayerName":"Jared Goff","PlayerId":"2555334","Pos":"QB","Team":"DET","PlayerOpponent":"@PIT","PassingYDS":"","PassingInt":"","PassingTD":"","RushingPassingYDS":"","ReceivingRec":"","ReceivingYDS":"","ReceivingTD":"","RetTD":"","FumTD":"","2PT":"","Fum":"","PlayerWeekProjectedPts":"13.94","Rank":40,"TotalPoints":"0.00","ProjectionDiff":-13.94},{"PlayerName":"Anthony Gordon","PlayerId":"2565153","Pos":"QB","Team":"FA","PlayerOpponent":"Bye","PassingYDS":"","PassingInt":"","PassingTD":"","RushingPassingYDS":"","ReceivingRec":"","ReceivingYDS":"","ReceivingTD":"","RetTD":"","FumTD":"","2PT":"","Fum":"","PlayerWeekProjectedPts":"","Rank":41,"TotalPoints":"0.00","ProjectionDiff":null},{"PlayerName":"Will Grier","PlayerId":"2562404","Pos":"QB","Team":"DAL","PlayerOpponent":"ATL","PassingYDS":"","PassingInt":"","PassingTD":"","RushingPassingYDS":"","ReceivingRec":"","ReceivingYDS":"","ReceivingTD":"","RetTD":"","FumTD":"","2PT":"","Fum":"","PlayerWeekProjectedPts":"0.65","Rank":42,"TotalPoints":"0.00","ProjectionDiff":-0.65},{"PlayerName":"Ryan Griffin","PlayerId":"2541185","Pos":"QB","Team":"TB","PlayerOpponent":"@WAS","PassingYDS":"","PassingInt":"","PassingTD":"","RushingPassingYDS":"","ReceivingRec":"","ReceivingYDS":"","ReceivingTD":"","RetTD":"","FumTD":"","2PT":"","Fum":"","PlayerWeekProjectedPts":"0.00","Rank":43,"TotalPoints":"0.00","ProjectionDiff":0.0},{"PlayerName":"Dwayne Haskins","PlayerId":"2562660","Pos":"QB","Team":"PIT","PlayerOpponent":"DET","PassingYDS":"","PassingInt":"","PassingTD":"","RushingPassingYDS":"","ReceivingRec":"","ReceivingYDS":"","ReceivingTD":"","RetTD":"","FumTD":"","2PT":"","Fum":"","PlayerWeekProjectedPts":"0.00","Rank":44,"TotalPoints":"0.00","ProjectionDiff":0.0},{"PlayerName":"Taylor Heinicke","PlayerId":"2553656","Pos":"QB","Team":"WAS","PlayerOpponent":"TB","PassingYDS":"","PassingInt":"","PassingTD":"","RushingPassingYDS":"","ReceivingRec":"","ReceivingYDS":"","ReceivingTD":"","RetTD":"","FumTD":"","2PT":"","Fum":"","PlayerWeekProjectedPts":"16.66","Rank":45,"TotalPoints":"0.00","ProjectionDiff":-16.66},{"PlayerName":"Chad Henne","PlayerId":"252","Pos":"QB","Team":"KC","PlayerOpponent":"@LV","PassingYDS":"","PassingInt":"","PassingTD":"","RushingPassingYDS":"","ReceivingRec":"","ReceivingYDS":"","ReceivingTD":"","RetTD":"","FumTD":"","2PT":"","Fum":"","PlayerWeekProjectedPts":"0.67","Rank":46,"TotalPoints":"0.00","ProjectionDiff":-0.67},{"PlayerName":"Justin Herbert","PlayerId":"2565045","Pos":"QB","Team":"LAC","PlayerOpponent":"MIN","PassingYDS":"","PassingInt":"","PassingTD":"","RushingPassingYDS":"","ReceivingRec":"","ReceivingYDS":"","ReceivingTD":"","RetTD":"","FumTD":"","2PT":"","Fum":"","PlayerWeekProjectedPts":"19.79","Rank":47,"TotalPoints":"0.00","ProjectionDiff":-19.79},{"PlayerName":"Taysom Hill","PlayerId":"2558954","Pos":"QB","Team":"NO","PlayerOpponent":"@TEN","PassingYDS":"","PassingInt":"","PassingTD":"","RushingPassingYDS":"","ReceivingRec":"","ReceivingYDS":"","ReceivingTD":"","RetTD":"","FumTD":"","2PT":"","Fum":"","PlayerWeekProjectedPts":"4.08","Rank":48,"TotalPoints":"0.00","ProjectionDiff":-4.08},{"PlayerName":"Devlin Hodges","PlayerId":"2563258","Pos":"QB","Team":"FA","PlayerOpponent":"Bye","PassingYDS":"","PassingInt":"","PassingTD":"","RushingPassingYDS":"","ReceivingRec":"","ReceivingYDS":"","ReceivingTD":"","RetTD":"","FumTD":"","2PT":"","Fum":"","PlayerWeekProjectedPts":"","Rank":49,"TotalPoints":"0.00","ProjectionDiff":null},{"PlayerName":"Brian Hoyer","PlayerId":"81294","Pos":"QB","Team":"NE","PlayerOpponent":"CLE","PassingYDS":"","PassingInt":"","PassingTD":"","RushingPassingYDS":"","ReceivingRec":"","ReceivingYDS":"","ReceivingTD":"","RetTD":"","FumTD":"","2PT":"","Fum":"","PlayerWeekProjectedPts":"0.42","Rank":50,"TotalPoints":"0.00","ProjectionDiff":-0.42},{"PlayerName":"Brett Hundley","PlayerId":"2552588","Pos":"QB","Team":"IND","PlayerOpponent":"JAX","PassingYDS":"","PassingInt":"","PassingTD":"","RushingPassingYDS":"","ReceivingRec":"","ReceivingYDS":"","ReceivingTD":"","RetTD":"","FumTD":"","2PT":"","Fum":"","PlayerWeekProjectedPts":"0.00","Rank":51,"TotalPoints":"0.00","ProjectionDiff":0.0},{"PlayerName":"Tyler Huntley","PlayerId":"2563560","Pos":"QB","Team":"BAL","PlayerOpponent":"@MIA","PassingYDS":"","PassingInt":"","PassingTD":"","RushingPassingYDS":"","ReceivingRec":"","ReceivingYDS":"","ReceivingTD":"","RetTD":"","FumTD":"","2PT":"","Fum":"","PlayerWeekProjectedPts":"0.85","Rank":52,"TotalPoints":"0.00","ProjectionDiff":-0.85},{"PlayerName":"Jalen Hurts","PlayerId":"2564832","Pos":"QB","Team":"PHI","PlayerOpponent":"@DEN","PassingYDS":"","PassingInt":"","PassingTD":"","RushingPassingYDS":"","ReceivingRec":"","ReceivingYDS":"","ReceivingTD":"","RetTD":"","FumTD":"","2PT":"","Fum":"","PlayerWeekProjectedPts":"19.00","Rank":53,"TotalPoints":"0.00","ProjectionDiff":-19.0},{"PlayerName":"Lamar Jackson","PlayerId":"2560757","Pos":"QB","Team":"BAL","PlayerOpponent":"@MIA","PassingYDS":"","PassingInt":"","PassingTD":"","RushingPassingYDS":"","ReceivingRec":"","ReceivingYDS":"","ReceivingTD":"","RetTD":"","FumTD":"","2PT":"","Fum":"","PlayerWeekProjectedPts":"22.92","Rank":54,"TotalPoints":"0.00","ProjectionDiff":-22.92},{"PlayerName":"Josh Johnson","PlayerId":"264","Pos":"QB","Team":"NYJ","PlayerOpponent":"BUF","PassingYDS":"","PassingInt":"","PassingTD":"","RushingPassingYDS":"","ReceivingRec":"","ReceivingYDS":"","ReceivingTD":"","RetTD":"","FumTD":"","2PT":"","Fum":"","PlayerWeekProjectedPts":"0.00","Rank":55,"TotalPoints":"0.00","ProjectionDiff":0.0},{"PlayerName":"Daniel Jones","PlayerId":"2562299","Pos":"QB","Team":"NYG","PlayerOpponent":"Bye","PassingYDS":"","PassingInt":"","PassingTD":"","RushingPassingYDS":"","ReceivingRec":"","ReceivingYDS":"","ReceivingTD":"","RetTD":"","FumTD":"","2PT":"","Fum":"","PlayerWeekProjectedPts":"","Rank":56,"TotalPoints":"0.00","ProjectionDiff":null},{"PlayerName":"Mac Jones","PlayerId":"2566334","Pos":"QB","Team":"NE","PlayerOpponent":"CLE","PassingYDS":"","PassingInt":"","PassingTD":"","RushingPassingYDS":"","ReceivingRec":"","ReceivingYDS":"","ReceivingTD":"","RetTD":"","FumTD":"","2PT":"","Fum":"","PlayerWeekProjectedPts":"15.47","Rank":57,"TotalPoints":"0.00","ProjectionDiff":-15.47},{"PlayerName":"Colin Kaepernick","PlayerId":"2495186","Pos":"QB","Team":"FA","PlayerOpponent":"Bye","PassingYDS":"","PassingInt":"","PassingTD":"","RushingPassingYDS":"","ReceivingRec":"","ReceivingYDS":"","ReceivingTD":"","RetTD":"","FumTD":"","2PT":"","Fum":"","PlayerWeekProjectedPts":"","Rank":58,"TotalPoints":"0.00","ProjectionDiff":null},{"PlayerName":"Case Keenum","PlayerId":"2532888","Pos":"QB","Team":"CLE","PlayerOpponent":"@NE","PassingYDS":"","PassingInt":"","PassingTD":"","RushingPassingYDS":"","ReceivingRec":"","ReceivingYDS":"","ReceivingTD":"","RetTD":"","FumTD":"","2PT":"","Fum":"","PlayerWeekProjectedPts":"0.53","Rank":59,"TotalPoints":"0.00","ProjectionDiff":-0.53},{"PlayerName":"DeShone Kizer","PlayerId":"2557983","Pos":"QB","Team":"FA","PlayerOpponent":"Bye","PassingYDS":"","PassingInt":"","PassingTD":"","RushingPassingYDS":"","ReceivingRec":"","ReceivingYDS":"","ReceivingTD":"","RetTD":"","FumTD":"","2PT":"","Fum":"","PlayerWeekProjectedPts":"","Rank":60,"TotalPoints":"0.00","ProjectionDiff":null},{"PlayerName":"Trey Lance","PlayerId":"2566532","Pos":"QB","Team":"SF","PlayerOpponent":"LA","PassingYDS":"","PassingInt":"","PassingTD":"","RushingPassingYDS":"","ReceivingRec":"","ReceivingYDS":"","ReceivingTD":"","RetTD":"","FumTD":"","2PT":"","Fum":"","PlayerWeekProjectedPts":"2.07","Rank":61,"TotalPoints":"0.00","ProjectionDiff":-2.07},{"PlayerName":"Kyle Lauletta","PlayerId":"2560786","Pos":"QB","Team":"JAX","PlayerOpponent":"@IND","PassingYDS":"","PassingInt":"","PassingTD":"","RushingPassingYDS":"","ReceivingRec":"","ReceivingYDS":"","ReceivingTD":"","RetTD":"","FumTD":"","2PT":"","Fum":"","PlayerWeekProjectedPts":"0.00","Rank":62,"TotalPoints":"0.00","ProjectionDiff":0.0},{"PlayerName":"Trevor Lawrence","PlayerId":"2566163","Pos":"QB","Team":"JAX","PlayerOpponent":"@IND","PassingYDS":"","PassingInt":"","PassingTD":"","RushingPassingYDS":"","ReceivingRec":"","ReceivingYDS":"","ReceivingTD":"","RetTD":"","FumTD":"","2PT":"","Fum":"","PlayerWeekProjectedPts":"15.04","Rank":63,"TotalPoints":"0.00","ProjectionDiff":-15.04},{"PlayerName":"Drew Lock","PlayerId":"2562305","Pos":"QB","Team":"DEN","PlayerOpponent":"PHI","PassingYDS":"","PassingInt":"","PassingTD":"","RushingPassingYDS":"","ReceivingRec":"","ReceivingYDS":"","ReceivingTD":"","RetTD":"","FumTD":"","2PT":"","Fum":"","PlayerWeekProjectedPts":"0.00","Rank":64,"TotalPoints":"0.00","ProjectionDiff":0.0},{"PlayerName":"Jordan Love","PlayerId":"2564007","Pos":"QB","Team":"GB","PlayerOpponent":"SEA","PassingYDS":"","PassingInt":"","PassingTD":"","RushingPassingYDS":"","ReceivingRec":"","ReceivingYDS":"","ReceivingTD":"","RetTD":"","FumTD":"","2PT":"","Fum":"","PlayerWeekProjectedPts":"0.82","Rank":65,"TotalPoints":"0.00","ProjectionDiff":-0.82},{"PlayerName":"Jake Luton","PlayerId":"2564205","Pos":"QB","Team":"SEA","PlayerOpponent":"@GB","PassingYDS":"","PassingInt":"","PassingTD":"","RushingPassingYDS":"","ReceivingRec":"","ReceivingYDS":"","ReceivingTD":"","RetTD":"","FumTD":"","2PT":"","Fum":"","PlayerWeekProjectedPts":"0.00","Rank":66,"TotalPoints":"0.00","ProjectionDiff":0.0},{"PlayerName":"Patrick Mahomes","PlayerId":"2558125","Pos":"QB","Team":"KC","PlayerOpponent":"@LV","PassingYDS":"","PassingInt":"","PassingTD":"","RushingPassingYDS":"","ReceivingRec":"","ReceivingYDS":"","ReceivingTD":"","RetTD":"","FumTD":"","2PT":"","Fum":"","PlayerWeekProjectedPts":"21.15","Rank":67,"TotalPoints":"0.00","ProjectionDiff":-21.15},{"PlayerName":"Sean Mannion","PlayerId":"2552576","Pos":"QB","Team":"MIN","PlayerOpponent":"@LAC","PassingYDS":"","PassingInt":"","PassingTD":"","RushingPassingYDS":"","ReceivingRec":"","ReceivingYDS":"","ReceivingTD":"","RetTD":"","FumTD":"","2PT":"","Fum":"","PlayerWeekProjectedPts":"0.51","Rank":68,"TotalPoints":"0.00","ProjectionDiff":-0.51},{"PlayerName":"Marcus Mariota","PlayerId":"2552466","Pos":"QB","Team":"LV","PlayerOpponent":"KC","PassingYDS":"","PassingInt":"","PassingTD":"","RushingPassingYDS":"","ReceivingRec":"","ReceivingYDS":"","ReceivingTD":"","RetTD":"","FumTD":"","2PT":"","Fum":"","PlayerWeekProjectedPts":"1.03","Rank":69,"TotalPoints":"0.00","ProjectionDiff":-1.03},{"PlayerName":"Baker Mayfield","PlayerId":"2560800","Pos":"QB","Team":"CLE","PlayerOpponent":"@NE","PassingYDS":"","PassingInt":"","PassingTD":"","RushingPassingYDS":"","ReceivingRec":"","ReceivingYDS":"","ReceivingTD":"","RetTD":"","FumTD":"","2PT":"","Fum":"","PlayerWeekProjectedPts":"16.63","Rank":70,"TotalPoints":"0.00","ProjectionDiff":-16.63},{"PlayerName":"AJ McCarron","PlayerId":"2543497","Pos":"QB","Team":"ATL","PlayerOpponent":"@DAL","PassingYDS":"","PassingInt":"","PassingTD":"","RushingPassingYDS":"","ReceivingRec":"","ReceivingYDS":"","ReceivingTD":"","RetTD":"","FumTD":"","2PT":"","Fum":"","PlayerWeekProjectedPts":null,"Rank":71,"TotalPoints":"0.00","ProjectionDiff":null},{"PlayerName":"Josh McCown","PlayerId":"2505076","Pos":"QB","Team":"FA","PlayerOpponent":"Bye","PassingYDS":"","PassingInt":"","PassingTD":"","RushingPassingYDS":"","ReceivingRec":"","ReceivingYDS":"","ReceivingTD":"","RetTD":"","FumTD":"","2PT":"","Fum":"","PlayerWeekProjectedPts":"","Rank":72,"TotalPoints":"0.00","ProjectionDiff":null},{"PlayerName":"Colt McCoy","PlayerId":"497123","Pos":"QB","Team":"ARI","PlayerOpponent":"CAR","PassingYDS":"","PassingInt":"","PassingTD":"","RushingPassingYDS":"","ReceivingRec":"","ReceivingYDS":"","ReceivingTD":"","RetTD":"","FumTD":"","2PT":"","Fum":"","PlayerWeekProjectedPts":"0.73","Rank":73,"TotalPoints":"0.00","ProjectionDiff":-0.73},{"PlayerName":"Cole McDonald","PlayerId":"2564052","Pos":"QB","Team":"FA","PlayerOpponent":"Bye","PassingYDS":"","PassingInt":"","PassingTD":"","RushingPassingYDS":"","ReceivingRec":"","ReceivingYDS":"","ReceivingTD":"","RetTD":"","FumTD":"","2PT":"","Fum":"","PlayerWeekProjectedPts":"","Rank":74,"TotalPoints":"0.00","ProjectionDiff":null},{"PlayerName":"Alex McGough","PlayerId":"2561148","Pos":"QB","Team":"FA","PlayerOpponent":"Bye","PassingYDS":"","PassingInt":"","PassingTD":"","RushingPassingYDS":"","ReceivingRec":"","ReceivingYDS":"","ReceivingTD":"","RetTD":"","FumTD":"","2PT":"","Fum":"","PlayerWeekProjectedPts":"","Rank":75,"TotalPoints":"0.00","ProjectionDiff":null},{"PlayerName":"Trace McSorley","PlayerId":"2562403","Pos":"QB","Team":"BAL","PlayerOpponent":"@MIA","PassingYDS":"","PassingInt":"","PassingTD":"","RushingPassingYDS":"","ReceivingRec":"","ReceivingYDS":"","ReceivingTD":"","RetTD":"","FumTD":"","2PT":"","Fum":"","PlayerWeekProjectedPts":"0.00","Rank":76,"TotalPoints":"0.00","ProjectionDiff":0.0},{"PlayerName":"Davis Mills","PlayerId":"2566136","Pos":"QB","Team":"HOU","PlayerOpponent":"Bye","PassingYDS":"","PassingInt":"","PassingTD":"","RushingPassingYDS":"","ReceivingRec":"","ReceivingYDS":"","ReceivingTD":"","RetTD":"","FumTD":"","2PT":"","Fum":"","PlayerWeekProjectedPts":"","Rank":77,"TotalPoints":"0.00","ProjectionDiff":null},{"PlayerName":"Gardner Minshew","PlayerId":"2562796","Pos":"QB","Team":"PHI","PlayerOpponent":"@DEN","PassingYDS":"","PassingInt":"","PassingTD":"","RushingPassingYDS":"","ReceivingRec":"","ReceivingYDS":"","ReceivingTD":"","RetTD":"","FumTD":"","2PT":"","Fum":"","PlayerWeekProjectedPts":"1.35","Rank":78,"TotalPoints":"0.00","ProjectionDiff":-1.35},{"PlayerName":"Kellen Mond","PlayerId":"2566310","Pos":"QB","Team":"MIN","PlayerOpponent":"@LAC","PassingYDS":"","PassingInt":"","PassingTD":"","RushingPassingYDS":"","ReceivingRec":"","ReceivingYDS":"","ReceivingTD":"","RetTD":"","FumTD":"","2PT":"","Fum":"","PlayerWeekProjectedPts":"0.00","Rank":79,"TotalPoints":"0.00","ProjectionDiff":0.0},{"PlayerName":"Steven Montez","PlayerId":"2565285","Pos":"QB","Team":"DET","PlayerOpponent":"@PIT","PassingYDS":"","PassingInt":"","PassingTD":"","RushingPassingYDS":"","ReceivingRec":"","ReceivingYDS":"","ReceivingTD":"","RetTD":"","FumTD":"","2PT":"","Fum":"","PlayerWeekProjectedPts":"0.00","Rank":80,"TotalPoints":"0.00","ProjectionDiff":0.0},{"PlayerName":"Matt Moore","PlayerId":"2507282","Pos":"QB","Team":"FA","PlayerOpponent":"Bye","PassingYDS":"","PassingInt":"","PassingTD":"","RushingPassingYDS":"","ReceivingRec":"","ReceivingYDS":"","ReceivingTD":"","RetTD":"","FumTD":"","2PT":"","Fum":"","PlayerWeekProjectedPts":"","Rank":81,"TotalPoints":"0.00","ProjectionDiff":null},{"PlayerName":"James Morgan","PlayerId":"2564805","Pos":"QB","Team":"CAR","PlayerOpponent":"@ARI","PassingYDS":"","PassingInt":"","PassingTD":"","RushingPassingYDS":"","ReceivingRec":"","ReceivingYDS":"","ReceivingTD":"","RetTD":"","FumTD":"","2PT":"","Fum":"","PlayerWeekProjectedPts":"0.00","Rank":82,"TotalPoints":"0.00","ProjectionDiff":0.0},{"PlayerName":"Jalen Morton","PlayerId":"2564013","Pos":"QB","Team":"FA","PlayerOpponent":"Bye","PassingYDS":"","PassingInt":"","PassingTD":"","RushingPassingYDS":"","ReceivingRec":"","ReceivingYDS":"","ReceivingTD":"","RetTD":"","FumTD":"","2PT":"","Fum":"","PlayerWeekProjectedPts":"","Rank":83,"TotalPoints":"0.00","ProjectionDiff":null},{"PlayerName":"Kyler Murray","PlayerId":"2562382","Pos":"QB","Team":"ARI","PlayerOpponent":"CAR","PassingYDS":"","PassingInt":"","PassingTD":"","RushingPassingYDS":"","ReceivingRec":"","ReceivingYDS":"","ReceivingTD":"","RetTD":"","FumTD":"","2PT":"","Fum":"","PlayerWeekProjectedPts":"19.35","Rank":84,"TotalPoints":"0.00","ProjectionDiff":-19.35},{"PlayerName":"Jamie Newman","PlayerId":"2567058","Pos":"QB","Team":"FA","PlayerOpponent":"Bye","PassingYDS":"","PassingInt":"","PassingTD":"","RushingPassingYDS":"","ReceivingRec":"","ReceivingYDS":"","ReceivingTD":"","RetTD":"","FumTD":"","2PT":"","Fum":"","PlayerWeekProjectedPts":"","Rank":85,"TotalPoints":"0.00","ProjectionDiff":null},{"PlayerName":"Cam Newton","PlayerId":"2495455","Pos":"QB","Team":"FA","PlayerOpponent":"Bye","PassingYDS":"","PassingInt":"","PassingTD":"","RushingPassingYDS":"","ReceivingRec":"","ReceivingYDS":"","ReceivingTD":"","RetTD":"","FumTD":"","2PT":"","Fum":"","PlayerWeekProjectedPts":"","Rank":86,"TotalPoints":"0.00","ProjectionDiff":null},{"PlayerName":"Bryce Perkins","PlayerId":"2564382","Pos":"QB","Team":"LA","PlayerOpponent":"@SF","PassingYDS":"","PassingInt":"","PassingTD":"","RushingPassingYDS":"","ReceivingRec":"","ReceivingYDS":"","ReceivingTD":"","RetTD":"","FumTD":"","2PT":"","Fum":"","PlayerWeekProjectedPts":"0.00","Rank":87,"TotalPoints":"0.00","ProjectionDiff":0.0},{"PlayerName":"Nathan Peterman","PlayerId":"2558191","Pos":"QB","Team":"LV","PlayerOpponent":"KC","PassingYDS":"","PassingInt":"","PassingTD":"","RushingPassingYDS":"","ReceivingRec":"","ReceivingYDS":"","ReceivingTD":"","RetTD":"","FumTD":"","2PT":"","Fum":"","PlayerWeekProjectedPts":"0.00","Rank":88,"TotalPoints":"0.00","ProjectionDiff":0.0},{"PlayerName":"Dak Prescott","PlayerId":"2555260","Pos":"QB","Team":"DAL","PlayerOpponent":"ATL","PassingYDS":"","PassingInt":"","PassingTD":"","RushingPassingYDS":"","ReceivingRec":"","ReceivingYDS":"","ReceivingTD":"","RetTD":"","FumTD":"","2PT":"","Fum":"","PlayerWeekProjectedPts":"21.53","Rank":89,"TotalPoints":"0.00","ProjectionDiff":-21.53},{"PlayerName":"Philip Rivers","PlayerId":"2506121","Pos":"QB","Team":"FA","PlayerOpponent":"Bye","PassingYDS":"","PassingInt":"","PassingTD":"","RushingPassingYDS":"","ReceivingRec":"","ReceivingYDS":"","ReceivingTD":"","RetTD":"","FumTD":"","2PT":"","Fum":"","PlayerWeekProjectedPts":"","Rank":90,"TotalPoints":"0.00","ProjectionDiff":null},{"PlayerName":"Aaron Rodgers","PlayerId":"2506363","Pos":"QB","Team":"GB","PlayerOpponent":"SEA","PassingYDS":"","PassingInt":"","PassingTD":"","RushingPassingYDS":"","ReceivingRec":"","ReceivingYDS":"","ReceivingTD":"","RetTD":"","FumTD":"","2PT":"","Fum":"","PlayerWeekProjectedPts":"20.07","Rank":91,"TotalPoints":"0.00","ProjectionDiff":-20.07},{"PlayerName":"Ben Roethlisberger","PlayerId":"2506109","Pos":"QB","Team":"PIT","PlayerOpponent":"DET","PassingYDS":"","PassingInt":"","PassingTD":"","RushingPassingYDS":"","ReceivingRec":"","ReceivingYDS":"","ReceivingTD":"","RetTD":"","FumTD":"","2PT":"","Fum":"","PlayerWeekProjectedPts":"18.68","Rank":92,"TotalPoints":"0.00","ProjectionDiff":-18.68},{"PlayerName":"Josh Rosen","PlayerId":"2560858","Pos":"QB","Team":"ATL","PlayerOpponent":"@DAL","PassingYDS":"","PassingInt":"","PassingTD":"","RushingPassingYDS":"","ReceivingRec":"","ReceivingYDS":"","ReceivingTD":"","RetTD":"","FumTD":"","2PT":"","Fum":"","PlayerWeekProjectedPts":"0.00","Rank":93,"TotalPoints":"0.00","ProjectionDiff":0.0},{"PlayerName":"Jake Rudock","PlayerId":"2556232","Pos":"QB","Team":"FA","PlayerOpponent":"Bye","PassingYDS":"","PassingInt":"","PassingTD":"","RushingPassingYDS":"","ReceivingRec":"","ReceivingYDS":"","ReceivingTD":"","RetTD":"","FumTD":"","2PT":"","Fum":"","PlayerWeekProjectedPts":"","Rank":94,"TotalPoints":"0.00","ProjectionDiff":null},{"PlayerName":"Mason Rudolph","PlayerId":"2560860","Pos":"QB","Team":"PIT","PlayerOpponent":"DET","PassingYDS":"","PassingInt":"","PassingTD":"","RushingPassingYDS":"","ReceivingRec":"","ReceivingYDS":"","ReceivingTD":"","RetTD":"","FumTD":"","2PT":"","Fum":"","PlayerWeekProjectedPts":"0.52","Rank":95,"TotalPoints":"0.00","ProjectionDiff":-0.52},{"PlayerName":"Cooper Rush","PlayerId":"2559242","Pos":"QB","Team":"DAL","PlayerOpponent":"ATL","PassingYDS":"","PassingInt":"","PassingTD":"","RushingPassingYDS":"","ReceivingRec":"","ReceivingYDS":"","ReceivingTD":"","RetTD":"","FumTD":"","2PT":"","Fum":"","PlayerWeekProjectedPts":"0.86","Rank":96,"TotalPoints":"0.00","ProjectionDiff":-0.86},{"PlayerName":"Matt Ryan","PlayerId":"310","Pos":"QB","Team":"ATL","PlayerOpponent":"@DAL","PassingYDS":"","PassingInt":"","PassingTD":"","RushingPassingYDS":"","ReceivingRec":"","ReceivingYDS":"","ReceivingTD":"","RetTD":"","FumTD":"","2PT":"","Fum":"","PlayerWeekProjectedPts":"18.31","Rank":97,"TotalPoints":"0.00","ProjectionDiff":-18.31},{"PlayerName":"Brett Rypien","PlayerId":"2562718","Pos":"QB","Team":"DEN","PlayerOpponent":"PHI","PassingYDS":"","PassingInt":"","PassingTD":"","RushingPassingYDS":"","ReceivingRec":"","ReceivingYDS":"","ReceivingTD":"","RetTD":"","FumTD":"","2PT":"","Fum":"","PlayerWeekProjectedPts":"0.00","Rank":98,"TotalPoints":"0.00","ProjectionDiff":0.0},{"PlayerName":"Matt Schaub","PlayerId":"2505982","Pos":"QB","Team":"FA","PlayerOpponent":"Bye","PassingYDS":"","PassingInt":"","PassingTD":"","RushingPassingYDS":"","ReceivingRec":"","ReceivingYDS":"","ReceivingTD":"","RetTD":"","FumTD":"","2PT":"","Fum":"","PlayerWeekProjectedPts":"","Rank":99,"TotalPoints":"0.00","ProjectionDiff":null},{"PlayerName":"Kyle Shurmur","PlayerId":"2562731","Pos":"QB","Team":"WAS","PlayerOpponent":"TB","PassingYDS":"","PassingInt":"","PassingTD":"","RushingPassingYDS":"","ReceivingRec":"","ReceivingYDS":"","ReceivingTD":"","RetTD":"","FumTD":"","2PT":"","Fum":"","PlayerWeekProjectedPts":"0.00","Rank":100,"TotalPoints":"0.00","ProjectionDiff":0.0},{"PlayerName":"Trevor Siemian","PlayerId":"2553457","Pos":"QB","Team":"NO","PlayerOpponent":"@TEN","PassingYDS":"","PassingInt":"","PassingTD":"","RushingPassingYDS":"","ReceivingRec":"","ReceivingYDS":"","ReceivingTD":"","RetTD":"","FumTD":"","2PT":"","Fum":"","PlayerWeekProjectedPts":"13.46","Rank":101,"TotalPoints":"0.00","ProjectionDiff":-13.46},{"PlayerName":"Reid Sinnett","PlayerId":"2565255","Pos":"QB","Team":"PHI","PlayerOpponent":"@DEN","PassingYDS":"","PassingInt":"","PassingTD":"","RushingPassingYDS":"","ReceivingRec":"","ReceivingYDS":"","ReceivingTD":"","RetTD":"","FumTD":"","2PT":"","Fum":"","PlayerWeekProjectedPts":"0.00","Rank":102,"TotalPoints":"0.00","ProjectionDiff":0.0},{"PlayerName":"Alex Smith","PlayerId":"2506340","Pos":"QB","Team":"FA","PlayerOpponent":"Bye","PassingYDS":"","PassingInt":"","PassingTD":"","RushingPassingYDS":"","ReceivingRec":"","ReceivingYDS":"","ReceivingTD":"","RetTD":"","FumTD":"","2PT":"","Fum":"","PlayerWeekProjectedPts":"","Rank":103,"TotalPoints":"0.00","ProjectionDiff":null},{"PlayerName":"Geno Smith","PlayerId":"2539335","Pos":"QB","Team":"SEA","PlayerOpponent":"@GB","PassingYDS":"","PassingInt":"","PassingTD":"","RushingPassingYDS":"","ReceivingRec":"","ReceivingYDS":"","ReceivingTD":"","RetTD":"","FumTD":"","2PT":"","Fum":"","PlayerWeekProjectedPts":"0.93","Rank":104,"TotalPoints":"0.00","ProjectionDiff":-0.93},{"PlayerName":"Matthew Stafford","PlayerId":"79860","Pos":"QB","Team":"LA","PlayerOpponent":"@SF","PassingYDS":"","PassingInt":"","PassingTD":"","RushingPassingYDS":"","ReceivingRec":"","ReceivingYDS":"","ReceivingTD":"","RetTD":"","FumTD":"","2PT":"","Fum":"","PlayerWeekProjectedPts":"19.05","Rank":105,"TotalPoints":"0.00","ProjectionDiff":-19.05},{"PlayerName":"Nate Stanley","PlayerId":"2564577","Pos":"QB","Team":"MIN","PlayerOpponent":"@LAC","PassingYDS":"","PassingInt":"","PassingTD":"","RushingPassingYDS":"","ReceivingRec":"","ReceivingYDS":"","ReceivingTD":"","RetTD":"","FumTD":"","2PT":"","Fum":"","PlayerWeekProjectedPts":null,"Rank":106,"TotalPoints":"0.00","ProjectionDiff":null},{"PlayerName":"Drew Stanton","PlayerId":"2495748","Pos":"QB","Team":"FA","PlayerOpponent":"Bye","PassingYDS":"","PassingInt":"","PassingTD":"","RushingPassingYDS":"","ReceivingRec":"","ReceivingYDS":"","ReceivingTD":"","RetTD":"","FumTD":"","2PT":"","Fum":"","PlayerWeekProjectedPts":"","Rank":107,"TotalPoints":"0.00","ProjectionDiff":null},{"PlayerName":"Tommy Stevens","PlayerId":"2564697","Pos":"QB","Team":"FA","PlayerOpponent":"Bye","PassingYDS":"","PassingInt":"","PassingTD":"","RushingPassingYDS":"","ReceivingRec":"","ReceivingYDS":"","ReceivingTD":"","RetTD":"","FumTD":"","2PT":"","Fum":"","PlayerWeekProjectedPts":"","Rank":108,"TotalPoints":"0.00","ProjectionDiff":null},{"PlayerName":"Easton Stick","PlayerId":"2562745","Pos":"QB","Team":"LAC","PlayerOpponent":"MIN","PassingYDS":"","PassingInt":"","PassingTD":"","RushingPassingYDS":"","ReceivingRec":"","ReceivingYDS":"","ReceivingTD":"","RetTD":"","FumTD":"","2PT":"","Fum":"","PlayerWeekProjectedPts":"0.00","Rank":109,"TotalPoints":"0.00","ProjectionDiff":0.0},{"PlayerName":"Jarrett Stidham","PlayerId":"2562746","Pos":"QB","Team":"NE","PlayerOpponent":"CLE","PassingYDS":"","PassingInt":"","PassingTD":"","RushingPassingYDS":"","ReceivingRec":"","ReceivingYDS":"","ReceivingTD":"","RetTD":"","FumTD":"","2PT":"","Fum":"","PlayerWeekProjectedPts":"0.00","Rank":110,"TotalPoints":"0.00","ProjectionDiff":0.0},{"PlayerName":"Chris Streveler","PlayerId":"2563458","Pos":"QB","Team":"ARI","PlayerOpponent":"CAR","PassingYDS":"","PassingInt":"","PassingTD":"","RushingPassingYDS":"","ReceivingRec":"","ReceivingYDS":"","ReceivingTD":"","RetTD":"","FumTD":"","2PT":"","Fum":"","PlayerWeekProjectedPts":"0.00","Rank":111,"TotalPoints":"0.00","ProjectionDiff":0.0},{"PlayerName":"Nate Sudfeld","PlayerId":"2555427","Pos":"QB","Team":"SF","PlayerOpponent":"LA","PassingYDS":"","PassingInt":"","PassingTD":"","RushingPassingYDS":"","ReceivingRec":"","ReceivingYDS":"","ReceivingTD":"","RetTD":"","FumTD":"","2PT":"","Fum":"","PlayerWeekProjectedPts":"0.00","Rank":112,"TotalPoints":"0.00","ProjectionDiff":0.0},{"PlayerName":"Tua Tagovailoa","PlayerId":"2564499","Pos":"QB","Team":"MIA","PlayerOpponent":"BAL","PassingYDS":"","PassingInt":"","PassingTD":"","RushingPassingYDS":"","ReceivingRec":"","ReceivingYDS":"","ReceivingTD":"","RetTD":"","FumTD":"","2PT":"","Fum":"","PlayerWeekProjectedPts":"17.66","Rank":113,"TotalPoints":"0.00","ProjectionDiff":-17.66},{"PlayerName":"Ryan Tannehill","PlayerId":"2532956","Pos":"QB","Team":"TEN","PlayerOpponent":"NO","PassingYDS":"","PassingInt":"","PassingTD":"","RushingPassingYDS":"","ReceivingRec":"","ReceivingYDS":"","ReceivingTD":"","RetTD":"","FumTD":"","2PT":"","Fum":"","PlayerWeekProjectedPts":"18.17","Rank":114,"TotalPoints":"0.00","ProjectionDiff":-18.17},{"PlayerName":"Tyrod Taylor","PlayerId":"2495240","Pos":"QB","Team":"HOU","PlayerOpponent":"Bye","PassingYDS":"","PassingInt":"","PassingTD":"","RushingPassingYDS":"","ReceivingRec":"","ReceivingYDS":"","ReceivingTD":"","RetTD":"","FumTD":"","2PT":"","Fum":"","PlayerWeekProjectedPts":"","Rank":115,"TotalPoints":"0.00","ProjectionDiff":null},{"PlayerName":"Clayton Thorson","PlayerId":"2562762","Pos":"QB","Team":"FA","PlayerOpponent":"Bye","PassingYDS":"","PassingInt":"","PassingTD":"","RushingPassingYDS":"","ReceivingRec":"","ReceivingYDS":"","ReceivingTD":"","RetTD":"","FumTD":"","2PT":"","Fum":"","PlayerWeekProjectedPts":"","Rank":116,"TotalPoints":"0.00","ProjectionDiff":null},{"PlayerName":"Kyle Trask","PlayerId":"2566571","Pos":"QB","Team":"TB","PlayerOpponent":"@WAS","PassingYDS":"","PassingInt":"","PassingTD":"","RushingPassingYDS":"","ReceivingRec":"","ReceivingYDS":"","ReceivingTD":"","RetTD":"","FumTD":"","2PT":"","Fum":"","PlayerWeekProjectedPts":"0.00","Rank":117,"TotalPoints":"0.00","ProjectionDiff":0.0},{"PlayerName":"Mitchell Trubisky","PlayerId":"2558008","Pos":"QB","Team":"BUF","PlayerOpponent":"@NYJ","PassingYDS":"","PassingInt":"","PassingTD":"","RushingPassingYDS":"","ReceivingRec":"","ReceivingYDS":"","ReceivingTD":"","RetTD":"","FumTD":"","2PT":"","Fum":"","PlayerWeekProjectedPts":"0.00","Rank":118,"TotalPoints":"0.00","ProjectionDiff":0.0},{"PlayerName":"P.J. Walker","PlayerId":"2558904","Pos":"QB","Team":"CAR","PlayerOpponent":"@ARI","PassingYDS":"","PassingInt":"","PassingTD":"","RushingPassingYDS":"","ReceivingRec":"","ReceivingYDS":"","ReceivingTD":"","RetTD":"","FumTD":"","2PT":"","Fum":"","PlayerWeekProjectedPts":"0.68","Rank":119,"TotalPoints":"0.00","ProjectionDiff":-0.68},{"PlayerName":"Deshaun Watson","PlayerId":"2558063","Pos":"QB","Team":"HOU","PlayerOpponent":"Bye","PassingYDS":"","PassingInt":"","PassingTD":"","RushingPassingYDS":"","ReceivingRec":"","ReceivingYDS":"","ReceivingTD":"","RetTD":"","FumTD":"","2PT":"","Fum":"","PlayerWeekProjectedPts":"","Rank":120,"TotalPoints":"0.00","ProjectionDiff":null},{"PlayerName":"Davis Webb","PlayerId":"2557897","Pos":"QB","Team":"BUF","PlayerOpponent":"@NYJ","PassingYDS":"","PassingInt":"","PassingTD":"","RushingPassingYDS":"","ReceivingRec":"","ReceivingYDS":"","ReceivingTD":"","RetTD":"","FumTD":"","2PT":"","Fum":"","PlayerWeekProjectedPts":"0.00","Rank":121,"TotalPoints":"0.00","ProjectionDiff":0.0},{"PlayerName":"Carson Wentz","PlayerId":"2555259","Pos":"QB","Team":"IND","PlayerOpponent":"JAX","PassingYDS":"","PassingInt":"","PassingTD":"","RushingPassingYDS":"","ReceivingRec":"","ReceivingYDS":"","ReceivingTD":"","RetTD":"","FumTD":"","2PT":"","Fum":"","PlayerWeekProjectedPts":"17.76","Rank":122,"TotalPoints":"0.00","ProjectionDiff":-17.76},{"PlayerName":"Mike White","PlayerId":"2560929","Pos":"QB","Team":"NYJ","PlayerOpponent":"BUF","PassingYDS":"","PassingInt":"","PassingTD":"","RushingPassingYDS":"","ReceivingRec":"","ReceivingYDS":"","ReceivingTD":"","RetTD":"","FumTD":"","2PT":"","Fum":"","PlayerWeekProjectedPts":"14.22","Rank":123,"TotalPoints":"0.00","ProjectionDiff":-14.22},{"PlayerName":"Russell Wilson","PlayerId":"2532975","Pos":"QB","Team":"SEA","PlayerOpponent":"@GB","PassingYDS":"","PassingInt":"","PassingTD":"","RushingPassingYDS":"","ReceivingRec":"","ReceivingYDS":"","ReceivingTD":"","RetTD":"","FumTD":"","2PT":"","Fum":"","PlayerWeekProjectedPts":null,"Rank":124,"TotalPoints":"0.00","ProjectionDiff":null},{"PlayerName":"Zach Wilson","PlayerId":"2566391","Pos":"QB","Team":"NYJ","PlayerOpponent":"BUF","PassingYDS":"","PassingInt":"","PassingTD":"","RushingPassingYDS":"","ReceivingRec":"","ReceivingYDS":"","ReceivingTD":"","RetTD":"","FumTD":"","2PT":"","Fum":"","PlayerWeekProjectedPts":"0.00","Rank":125,"TotalPoints":"0.00","ProjectionDiff":0.0},{"PlayerName":"Jameis Winston","PlayerId":"2552033","Pos":"QB","Team":"NO","PlayerOpponent":"@TEN","PassingYDS":"","PassingInt":"","PassingTD":"","RushingPassingYDS":"","ReceivingRec":"","ReceivingYDS":"","ReceivingTD":"","RetTD":"","FumTD":"","2PT":"","Fum":"","PlayerWeekProjectedPts":null,"Rank":126,"TotalPoints":"0.00","ProjectionDiff":null},{"PlayerName":"John Wolford","PlayerId":"2561718","Pos":"QB","Team":"LA","PlayerOpponent":"@SF","PassingYDS":"","PassingInt":"","PassingTD":"","RushingPassingYDS":"","ReceivingRec":"","ReceivingYDS":"","ReceivingTD":"","RetTD":"","FumTD":"","2PT":"","Fum":"","PlayerWeekProjectedPts":"0.69","Rank":127,"TotalPoints":"0.00","ProjectionDiff":-0.69},{"PlayerName":"Logan Woodside","PlayerId":"2560942","Pos":"QB","Team":"TEN","PlayerOpponent":"NO","PassingYDS":"","PassingInt":"","PassingTD":"","RushingPassingYDS":"","ReceivingRec":"","ReceivingYDS":"","ReceivingTD":"","RetTD":"","FumTD":"","2PT":"","Fum":"","PlayerWeekProjectedPts":"0.55","Rank":128,"TotalPoints":"0.00","ProjectionDiff":-0.55}]