[{"PlayerName":"Ameer Abdullah","PlayerId":"2552374","Pos":"RB","Team":"CAR","PlayerOpponent":"@ARI","PassingYDS":"","PassingInt":"","PassingTD":"","RushingPassingYDS":"","ReceivingRec":"","ReceivingYDS":"","ReceivingTD":"","RetTD":"","FumTD":"","2PT":"","Fum":"","PlayerWeekProjectedPts":"2.89","Rank":1,"TotalPoints":"0.00","ProjectionDiff":-2.89},{"PlayerName":"Josh Adams","PlayerId":"2560949","Pos":"RB","Team":"FA","PlayerOpponent":"Bye","PassingYDS":"","PassingInt":"","PassingTD":"","RushingPassingYDS":"","ReceivingRec":"","ReceivingYDS":"","ReceivingTD":"","RetTD":"","FumTD":"","2PT":"","Fum":"","PlayerWeekProjectedPts":"","Rank":2,"TotalPoints":"0.00","ProjectionDiff":null},{"PlayerName":"Salvon Ahmed","PlayerId":"2565090","Pos":"RB","Team":"MIA","PlayerOpponent":"BAL","PassingYDS":"","PassingInt":"","PassingTD":"","RushingPassingYDS":"","ReceivingRec":"","ReceivingYDS":"","ReceivingTD":"","RetTD":"","FumTD":"","2PT":"","Fum":"","PlayerWeekProjectedPts":"5.31","Rank":3,"TotalPoints":"0.00","ProjectionDiff":-5.31},{"PlayerName":"Cam Akers","PlayerId":"2564319","Pos":"RB","Team":"LA","PlayerOpponent":"@SF","PassingYDS":"","PassingInt":"","PassingTD":"","RushingPassingYDS":"","ReceivingRec":"","ReceivingYDS":"","ReceivingTD":"","RetTD":"","FumTD":"","2PT":"","Fum":"","PlayerWeekProjectedPts":"0.00","Rank":4,"TotalPoints":"0.00","ProjectionDiff":0.0},{"PlayerName":"Darius Anderson","PlayerId":"2563824","Pos":"RB","Team":"FA","PlayerOpponent":"Bye","PassingYDS":"","PassingInt":"","PassingTD":"","RushingPassingYDS":"","ReceivingRec":"","ReceivingYDS":"","ReceivingTD":"","RetTD":"","FumTD":"","2PT":"","Fum":"","PlayerWeekProjectedPts":"","Rank":5,"TotalPoints":"0.00","ProjectionDiff":null},{"PlayerName":"Alex Armah","PlayerId":"2558833","Pos":"RB","Team":"NO","PlayerOpponent":"@TEN","PassingYDS":"","PassingInt":"","PassingTD":"","RushingPassingYDS":"","ReceivingRec":"","ReceivingYDS":"","ReceivingTD":"","RetTD":"","FumTD":"","2PT":"","Fum":"","PlayerWeekProjectedPts":"0.49","Rank":6,"TotalPoints":"0.00","ProjectionDiff":-0.49},{"PlayerName":"Ryquell Armstead","PlayerId":"2562622","Pos":"RB","Team":"GB","PlayerOpponent":"SEA","PassingYDS":"","PassingInt":"","PassingTD":"","RushingPassingYDS":"","ReceivingRec":"","ReceivingYDS":"","ReceivingTD":"","RetTD":"","FumTD":"","2PT":"","Fum":"","PlayerWeekProjectedPts":"0.00","Rank":7,"TotalPoints":"0.00","ProjectionDiff":0.0},{"PlayerName":"Kalen Ballage","PlayerId":"2560967","Pos":"RB","Team":"PIT","PlayerOpponent":"DET","PassingYDS":"","PassingInt":"","PassingTD":"","RushingPassingYDS":"","ReceivingRec":"","ReceivingYDS":"","ReceivingTD":"","RetTD":"","FumTD":"","2PT":"","Fum":"","PlayerWeekProjectedPts":"1.75","Rank":8,"TotalPoints":"0.00","ProjectionDiff":-1.75},{"PlayerName":"Peyton Barber","PlayerId":"2556466","Pos":"RB","Team":"LV","PlayerOpponent":"KC","PassingYDS":"","PassingInt":"","PassingTD":"","RushingPassingYDS":"","ReceivingRec":"","ReceivingYDS":"","ReceivingTD":"","RetTD":"","FumTD":"","2PT":"","Fum":"","PlayerWeekProjectedPts":"0.00","Rank":9,"TotalPoints":"0.00","ProjectionDiff":0.0},{"PlayerName":"Jake Bargas","PlayerId":"2564508","Pos":"RB","Team":"MIN","PlayerOpponent":"@LAC","PassingYDS":"","PassingInt":"","PassingTD":"","RushingPassingYDS":"","ReceivingRec":"","ReceivingYDS":"","ReceivingTD":"","RetTD":"","FumTD":"","2PT":"","Fum":"","PlayerWeekProjectedPts":"0.00","Rank":10,"TotalPoints":"0.00","ProjectionDiff":0.0},{"PlayerName":"Saquon Barkley","PlayerId":"2560968","Pos":"RB","Team":"NYG","PlayerOpponent":"Bye","PassingYDS":"","PassingInt":"","PassingTD":"","RushingPassingYDS":"","ReceivingRec":"","ReceivingYDS":"","ReceivingTD":"","RetTD":"","FumTD":"","2PT":"","Fum":"","PlayerWeekProjectedPts":"","Rank":11,"TotalPoints":"0.00","ProjectionDiff":null},{"PlayerName":"Nick Bawden","PlayerId":"2560972","Pos":"RB","Team":"NYJ","PlayerOpponent":"BUF","PassingYDS":"","PassingInt":"","PassingTD":"","RushingPassingYDS":"","ReceivingRec":"","ReceivingYDS":"","ReceivingTD":"","RetTD":"","FumTD":"","2PT":"","Fum":"","PlayerWeekProjectedPts":"0.00","Rank":12,"TotalPoints":"0.00","ProjectionDiff":0.0},{"PlayerName":"Le'Veon Bell","PlayerId":"2540175","Pos":"RB","Team":"BAL","PlayerOpponent":"@MIA","PassingYDS":"","PassingInt":"","PassingTD":"","RushingPassingYDS":"","ReceivingRec":"","ReceivingYDS":"","ReceivingTD":"","RetTD":"","FumTD":"","2PT":"","Fum":"","PlayerWeekProjectedPts":"3.82","Rank":13,"TotalPoints":"0.00","ProjectionDiff":-3.82},{"PlayerName":"Levante Bellamy","PlayerId":"2563878","Pos":"RB","Team":"DEN","PlayerOpponent":"PHI","PassingYDS":"","PassingInt":"","PassingTD":"","RushingPassingYDS":"","ReceivingRec":"","ReceivingYDS":"","ReceivingTD":"","RetTD":"","FumTD":"","2PT":"","Fum":"","PlayerWeekProjectedPts":null,"Rank":14,"TotalPoints":"0.00","ProjectionDiff":null},{"PlayerName":"Nick Bellore","PlayerId":"2495262","Pos":"RB","Team":"SEA","PlayerOpponent":"@GB","PassingYDS":"","PassingInt":"","PassingTD":"","RushingPassingYDS":"","ReceivingRec":"","ReceivingYDS":"","ReceivingTD":"","RetTD":"","FumTD":"","2PT":"","Fum":"","PlayerWeekProjectedPts":"0.00","Rank":15,"TotalPoints":"0.00","ProjectionDiff":0.0},{"PlayerName":"Eno Benjamin","PlayerId":"2564889","Pos":"RB","Team":"ARI","PlayerOpponent":"CAR","PassingYDS":"","PassingInt":"","PassingTD":"","RushingPassingYDS":"","ReceivingRec":"","ReceivingYDS":"","ReceivingTD":"","RetTD":"","FumTD":"","2PT":"","Fum":"","PlayerWeekProjectedPts":"3.57","Rank":16,"TotalPoints":"0.00","ProjectionDiff":-3.57},{"PlayerName":"Giovani Bernard","PlayerId":"2540156","Pos":"RB","Team":"TB","PlayerOpponent":"@WAS","PassingYDS":"","PassingInt":"","PassingTD":"","RushingPassingYDS":"","ReceivingRec":"","ReceivingYDS":"","ReceivingTD":"","RetTD":"","FumTD":"","2PT":"","Fum":"","PlayerWeekProjectedPts":"4.02","Rank":17,"TotalPoints":"0.00","ProjectionDiff":-4.02},{"PlayerName":"Khari Blasingame","PlayerId":"2562869","Pos":"RB","Team":"TEN","PlayerOpponent":"NO","PassingYDS":"","PassingInt":"","PassingTD":"","RushingPassingYDS":"","ReceivingRec":"","ReceivingYDS":"","ReceivingTD":"","RetTD":"","FumTD":"","2PT":"","Fum":"","PlayerWeekProjectedPts":null,"Rank":18,"TotalPoints":"0.00","ProjectionDiff":null},{"PlayerName":"Brandon Bolden","PlayerId":"2532797","Pos":"RB","Team":"NE","PlayerOpponent":"CLE","PassingYDS":"","PassingInt":"","PassingTD":"","RushingPassingYDS":"","ReceivingRec":"","ReceivingYDS":"","ReceivingTD":"","RetTD":"","FumTD":"","2PT":"","Fum":"","PlayerWeekProjectedPts":"3.95","Rank":19,"TotalPoints":"0.00","ProjectionDiff":-3.95},{"PlayerName":"Reggie Bonnafon","PlayerId":"2561184","Pos":"RB","Team":"CAR","PlayerOpponent":"@ARI","PassingYDS":"","PassingInt":"","PassingTD":"","RushingPassingYDS":"","ReceivingRec":"","ReceivingYDS":"","ReceivingTD":"","RetTD":"","FumTD":"","2PT":"","Fum":"","PlayerWeekProjectedPts":"0.00","Rank":20,"TotalPoints":"0.00","ProjectionDiff":0.0},{"PlayerName":"Devontae Booker","PlayerId":"2555223","Pos":"RB","Team":"NYG","PlayerOpponent":"Bye","PassingYDS":"","PassingInt":"","PassingTD":"","RushingPassingYDS":"","ReceivingRec":"","ReceivingYDS":"","ReceivingTD":"","RetTD":"","FumTD":"","2PT":"","Fum":"","PlayerWeekProjectedPts":"","Rank":21,"TotalPoints":"0.00","ProjectionDiff":null},{"PlayerName":"Mike Boone","PlayerId":"2561099","Pos":"RB","Team":"DEN","PlayerOpponent":"PHI","PassingYDS":"","PassingInt":"","PassingTD":"","RushingPassingYDS":"","ReceivingRec":"","ReceivingYDS":"","ReceivingTD":"","RetTD":"","FumTD":"","2PT":"","Fum":"","PlayerWeekProjectedPts":"1.36","Rank":22,"TotalPoints":"0.00","ProjectionDiff":-1.36},{"PlayerName":"Darius Bradwell","PlayerId":"2565015","Pos":"RB","Team":"LAC","PlayerOpponent":"MIN","PassingYDS":"","PassingInt":"","PassingTD":"","RushingPassingYDS":"","ReceivingRec":"","ReceivingYDS":"","ReceivingTD":"","RetTD":"","FumTD":"","2PT":"","Fum":"","PlayerWeekProjectedPts":"0.00","Rank":23,"TotalPoints":"0.00","ProjectionDiff":0.0},{"PlayerName":"Matt Breida","PlayerId":"2558918","Pos":"RB","Team":"BUF","PlayerOpponent":"@NYJ","PassingYDS":"","PassingInt":"","PassingTD":"","RushingPassingYDS":"","ReceivingRec":"","ReceivingYDS":"","ReceivingTD":"","RetTD":"","FumTD":"","2PT":"","Fum":"","PlayerWeekProjectedPts":"0.00","Rank":24,"TotalPoints":"0.00","ProjectionDiff":0.0},{"PlayerName":"Gary Brightwell","PlayerId":"2566364","Pos":"RB","Team":"NYG","PlayerOpponent":"Bye","PassingYDS":"","PassingInt":"","PassingTD":"","RushingPassingYDS":"","ReceivingRec":"","ReceivingYDS":"","ReceivingTD":"","RetTD":"","FumTD":"","2PT":"","Fum":"","PlayerWeekProjectedPts":"","Rank":25,"TotalPoints":"0.00","ProjectionDiff":null},{"PlayerName":"Tony Brooks-James","PlayerId":"2563300","Pos":"RB","Team":"FA","PlayerOpponent":"Bye","PassingYDS":"","PassingInt":"","PassingTD":"","RushingPassingYDS":"","ReceivingRec":"","ReceivingYDS":"","ReceivingTD":"","RetTD":"","FumTD":"","2PT":"","Fum":"","PlayerWeekProjectedPts":"","Rank":26,"TotalPoints":"0.00","ProjectionDiff":null},{"PlayerName":"Malcolm Brown","PlayerId":"2552382","Pos":"RB","Team":"MIA","PlayerOpponent":"BAL","PassingYDS":"","PassingInt":"","PassingTD":"","RushingPassingYDS":"","ReceivingRec":"","ReceivingYDS":"","ReceivingTD":"","RetTD":"","FumTD":"","2PT":"","Fum":"","PlayerWeekProjectedPts":null,"Rank":27,"TotalPoints":"0.00","ProjectionDiff":null},{"PlayerName":"Spencer Brown","PlayerId":"2565558","Pos":"RB","Team":"CAR","PlayerOpponent":"@ARI","PassingYDS":"","PassingInt":"","PassingTD":"","RushingPassingYDS":"","ReceivingRec":"","ReceivingYDS":"","ReceivingTD":"","RetTD":"","FumTD":"","2PT":"","Fum":"","PlayerWeekProjectedPts":"0.00","Rank":28,"TotalPoints":"0.00","ProjectionDiff":0.0},{"PlayerName":"Rex Burkhead","PlayerId":"2539265","Pos":"RB","Team":"HOU","PlayerOpponent":"Bye","PassingYDS":"","PassingInt":"","PassingTD":"","RushingPassingYDS":"","ReceivingRec":"","ReceivingYDS":"","ReceivingTD":"","RetTD":"","FumTD":"","2PT":"","Fum":"","PlayerWeekProjectedPts":"","Rank":29,"TotalPoints":"0.00","ProjectionDiff":null},{"PlayerName":"Michael Burton","PlayerId":"2552636","Pos":"RB","Team":"KC","PlayerOpponent":"@LV","PassingYDS":"","PassingInt":"","PassingTD":"","RushingPassingYDS":"","ReceivingRec":"","ReceivingYDS":"","ReceivingTD":"","RetTD":"","FumTD":"","2PT":"","Fum":"","PlayerWeekProjectedPts":"0.44","Rank":30,"TotalPoints":"0.00","ProjectionDiff":-0.44},{"PlayerName":"Jason Cabinda","PlayerId":"2560986","Pos":"RB","Team":"DET","PlayerOpponent":"@PIT","PassingYDS":"","PassingInt":"","PassingTD":"","RushingPassingYDS":"","ReceivingRec":"","ReceivingYDS":"","ReceivingTD":"","RetTD":"","FumTD":"","2PT":"","Fum":"","PlayerWeekProjectedPts":"0.27","Rank":31,"TotalPoints":"0.00","ProjectionDiff":-0.27},{"PlayerName":"Raymond Calais","PlayerId":"2565207","Pos":"RB","Team":"LA","PlayerOpponent":"@SF","PassingYDS":"","PassingInt":"","PassingTD":"","RushingPassingYDS":"","ReceivingRec":"","ReceivingYDS":"","ReceivingTD":"","RetTD":"","FumTD":"","2PT":"","Fum":"","PlayerWeekProjectedPts":null,"Rank":32,"TotalPoints":"0.00","ProjectionDiff":null},{"PlayerName":"Trenton Cannon","PlayerId":"2561137","Pos":"RB","Team":"SF","PlayerOpponent":"LA","PassingYDS":"","PassingInt":"","PassingTD":"","RushingPassingYDS":"","ReceivingRec":"","ReceivingYDS":"","ReceivingTD":"","RetTD":"","FumTD":"","2PT":"","Fum":"","PlayerWeekProjectedPts":"0.52","Rank":33,"TotalPoints":"0.00","ProjectionDiff":-0.52},{"PlayerName":"Patrick Carr","PlayerId":"2565138","Pos":"RB","Team":"FA","PlayerOpponent":"Bye","PassingYDS":"","PassingInt":"","PassingTD":"","RushingPassingYDS":"","ReceivingRec":"","ReceivingYDS":"","ReceivingTD":"","RetTD":"","FumTD":"","2PT":"","Fum":"","PlayerWeekProjectedPts":"","Rank":34,"TotalPoints":"0.00","ProjectionDiff":null},{"PlayerName":"Chris Carson","PlayerId":"2558865","Pos":"RB","Team":"SEA","PlayerOpponent":"@GB","PassingYDS":"","PassingInt":"","PassingTD":"","RushingPassingYDS":"","ReceivingRec":"","ReceivingYDS":"","ReceivingTD":"","RetTD":"","FumTD":"","2PT":"","Fum":"","PlayerWeekProjectedPts":null,"Rank":35,"TotalPoints":"0.00","ProjectionDiff":null},{"PlayerName":"Michael Carter","PlayerId":"2566382","Pos":"RB","Team":"NYJ","PlayerOpponent":"BUF","PassingYDS":"","PassingInt":"","PassingTD":"","RushingPassingYDS":"","ReceivingRec":"","ReceivingYDS":"","ReceivingTD":"","RetTD":"","FumTD":"","2PT":"","Fum":"","PlayerWeekProjectedPts":"13.01","Rank":36,"TotalPoints":"0.00","ProjectionDiff":-13.01},{"PlayerName":"Nick Chubb","PlayerId":"2561021","Pos":"RB","Team":"CLE","PlayerOpponent":"@NE","PassingYDS":"","PassingInt":"","PassingTD":"","RushingPassingYDS":"","ReceivingRec":"","ReceivingYDS":"","ReceivingTD":"","RetTD":"","FumTD":"","2PT":"","Fum":"","PlayerWeekProjectedPts":"6.49","Rank":37,"TotalPoints":"0.00","ProjectionDiff":-6.49},{"PlayerName":"Jordan Chunn","PlayerId":"2561308","Pos":"RB","Team":"FA","PlayerOpponent":"Bye","PassingYDS":"","PassingInt":"","PassingTD":"","RushingPassingYDS":"","ReceivingRec":"","ReceivingYDS":"","ReceivingTD":"","RetTD":"","FumTD":"","2PT":"","Fum":"","PlayerWeekProjectedPts":"","Rank":38,"TotalPoints":"0.00","ProjectionDiff":null},{"PlayerName":"Darius Clark","PlayerId":"2565561","Pos":"RB","Team":"FA","PlayerOpponent":"Bye","PassingYDS":"","PassingInt":"","PassingTD":"","RushingPassingYDS":"","ReceivingRec":"","ReceivingYDS":"","ReceivingTD":"","RetTD":"","FumTD":"","2PT":"","Fum":"","PlayerWeekProjectedPts":"","Rank":39,"TotalPoints":"0.00","ProjectionDiff":null},{"PlayerName":"Corey Clement","PlayerId":"2559150","Pos":"RB","Team":"DAL","PlayerOpponent":"ATL","PassingYDS":"","PassingInt":"","PassingTD":"","RushingPassingYDS":"","ReceivingRec":"","ReceivingYDS":"","ReceivingTD":"","RetTD":"","FumTD":"","2PT":"","Fum":"","PlayerWeekProjectedPts":"1.29","Rank":40,"TotalPoints":"0.00","ProjectionDiff":-1.29},{"PlayerName":"Tarik Cohen","PlayerId":"2558250","Pos":"RB","Team":"CHI","PlayerOpponent":"Bye","PassingYDS":"","PassingInt":"","PassingTD":"","RushingPassingYDS":"","ReceivingRec":"","ReceivingYDS":"","ReceivingTD":"","RetTD":"","FumTD":"","2PT":"","Fum":"","PlayerWeekProjectedPts":null,"Rank":41,"TotalPoints":"0.00","ProjectionDiff":null},{"PlayerName":"Tevin Coleman","PlayerId":"2552453","Pos":"RB","Team":"NYJ","PlayerOpponent":"BUF","PassingYDS":"","PassingInt":"","PassingTD":"","RushingPassingYDS":"","ReceivingRec":"","ReceivingYDS":"","ReceivingTD":"","RetTD":"","FumTD":"","2PT":"","Fum":"","PlayerWeekProjectedPts":"2.04","Rank":42,"TotalPoints":"0.00","ProjectionDiff":-2.04},{"PlayerName":"Alex Collins","PlayerId":"2555430","Pos":"RB","Team":"SEA","PlayerOpponent":"@GB","PassingYDS":"","PassingInt":"","PassingTD":"","RushingPassingYDS":"","ReceivingRec":"","ReceivingYDS":"","ReceivingTD":"","RetTD":"","FumTD":"","2PT":"","Fum":"","PlayerWeekProjectedPts":"3.43","Rank":43,"TotalPoints":"0.00","ProjectionDiff":-3.43},{"PlayerName":"James Conner","PlayerId":"2557978","Pos":"RB","Team":"ARI","PlayerOpponent":"CAR","PassingYDS":"","PassingInt":"","PassingTD":"","RushingPassingYDS":"","ReceivingRec":"","ReceivingYDS":"","ReceivingTD":"","RetTD":"","FumTD":"","2PT":"","Fum":"","PlayerWeekProjectedPts":"14.14","Rank":44,"TotalPoints":"0.00","ProjectionDiff":-14.14},{"PlayerName":"Dalvin Cook","PlayerId":"2557991","Pos":"RB","Team":"MIN","PlayerOpponent":"@LAC","PassingYDS":"","PassingInt":"","PassingTD":"","RushingPassingYDS":"","ReceivingRec":"","ReceivingYDS":"","ReceivingTD":"","RetTD":"","FumTD":"","2PT":"","Fum":"","PlayerWeekProjectedPts":"15.92","Rank":45,"TotalPoints":"0.00","ProjectionDiff":-15.92},{"PlayerName":"Nathan Cottrell","PlayerId":"2564175","Pos":"RB","Team":"JAX","PlayerOpponent":"@IND","PassingYDS":"","PassingInt":"","PassingTD":"","RushingPassingYDS":"","ReceivingRec":"","ReceivingYDS":"","ReceivingTD":"","RetTD":"","FumTD":"","2PT":"","Fum":"","PlayerWeekProjectedPts":"0.00","Rank":46,"TotalPoints":"0.00","ProjectionDiff":0.0},{"PlayerName":"Damarea Crockett","PlayerId":"2563223","Pos":"RB","Team":"DEN","PlayerOpponent":"PHI","PassingYDS":"","PassingInt":"","PassingTD":"","RushingPassingYDS":"","ReceivingRec":"","ReceivingYDS":"","ReceivingTD":"","RetTD":"","FumTD":"","2PT":"","Fum":"","PlayerWeekProjectedPts":"0.00","Rank":47,"TotalPoints":"0.00","ProjectionDiff":0.0},{"PlayerName":"DeeJay Dallas","PlayerId":"2565144","Pos":"RB","Team":"SEA","PlayerOpponent":"@GB","PassingYDS":"","PassingInt":"","PassingTD":"","RushingPassingYDS":"","ReceivingRec":"","ReceivingYDS":"","ReceivingTD":"","RetTD":"","FumTD":"","2PT":"","Fum":"","PlayerWeekProjectedPts":"0.00","Rank":48,"TotalPoints":"0.00","ProjectionDiff":0.0},{"PlayerName":"Mikey Daniel","PlayerId":"2563476","Pos":"RB","Team":"FA","PlayerOpponent":"Bye","PassingYDS":"","PassingInt":"","PassingTD":"","RushingPassingYDS":"","ReceivingRec":"","ReceivingYDS":"","ReceivingTD":"","RetTD":"","FumTD":"","2PT":"","Fum":"","PlayerWeekProjectedPts":"","Rank":49,"TotalPoints":"0.00","ProjectionDiff":null},{"PlayerName":"Mike Davis","PlayerId":"2553439","Pos":"RB","Team":"ATL","PlayerOpponent":"@DAL","PassingYDS":"","PassingInt":"","PassingTD":"","RushingPassingYDS":"","ReceivingRec":"","ReceivingYDS":"","ReceivingTD":"","RetTD":"","FumTD":"","2PT":"","Fum":"","PlayerWeekProjectedPts":"6.35","Rank":50,"TotalPoints":"0.00","ProjectionDiff":-6.35},{"PlayerName":"Matt Dayes","PlayerId":"2557987","Pos":"RB","Team":"FA","PlayerOpponent":"Bye","PassingYDS":"","PassingInt":"","PassingTD":"","RushingPassingYDS":"","ReceivingRec":"","ReceivingYDS":"","ReceivingTD":"","RetTD":"","FumTD":"","2PT":"","Fum":"","PlayerWeekProjectedPts":"","Rank":51,"TotalPoints":"0.00","ProjectionDiff":null},{"PlayerName":"A.J. Dillon","PlayerId":"2563986","Pos":"RB","Team":"GB","PlayerOpponent":"SEA","PassingYDS":"","PassingInt":"","PassingTD":"","RushingPassingYDS":"","ReceivingRec":"","ReceivingYDS":"","ReceivingTD":"","RetTD":"","FumTD":"","2PT":"","Fum":"","PlayerWeekProjectedPts":"7.34","Rank":52,"TotalPoints":"0.00","ProjectionDiff":-7.34},{"PlayerName":"Gerrid Doaks","PlayerId":"2566277","Pos":"RB","Team":"MIA","PlayerOpponent":"BAL","PassingYDS":"","PassingInt":"","PassingTD":"","RushingPassingYDS":"","ReceivingRec":"","ReceivingYDS":"","ReceivingTD":"","RetTD":"","FumTD":"","2PT":"","Fum":"","PlayerWeekProjectedPts":"0.00","Rank":53,"TotalPoints":"0.00","ProjectionDiff":0.0},{"PlayerName":"J.K. Dobbins","PlayerId":"2563548","Pos":"RB","Team":"BAL","PlayerOpponent":"@MIA","PassingYDS":"","PassingInt":"","PassingTD":"","RushingPassingYDS":"","ReceivingRec":"","ReceivingYDS":"","ReceivingTD":"","RetTD":"","FumTD":"","2PT":"","Fum":"","PlayerWeekProjectedPts":null,"Rank":54,"TotalPoints":"0.00","ProjectionDiff":null},{"PlayerName":"Rico Dowdle","PlayerId":"2565295","Pos":"RB","Team":"DAL","PlayerOpponent":"ATL","PassingYDS":"","PassingInt":"","PassingTD":"","RushingPassingYDS":"","ReceivingRec":"","ReceivingYDS":"","ReceivingTD":"","RetTD":"","FumTD":"","2PT":"","Fum":"","PlayerWeekProjectedPts":null,"Rank":55,"TotalPoints":"0.00","ProjectionDiff":null},{"PlayerName":"Kenyan Drake","PlayerId":"2555230","Pos":"RB","Team":"LV","PlayerOpponent":"KC","PassingYDS":"","PassingInt":"","PassingTD":"","RushingPassingYDS":"","ReceivingRec":"","ReceivingYDS":"","ReceivingTD":"","RetTD":"","FumTD":"","2PT":"","Fum":"","PlayerWeekProjectedPts":"10.35","Rank":56,"TotalPoints":"0.00","ProjectionDiff":-10.35},{"PlayerName":"Chase Edmonds","PlayerId":"2560711","Pos":"RB","Team":"ARI","PlayerOpponent":"CAR","PassingYDS":"","PassingInt":"","PassingTD":"","RushingPassingYDS":"","ReceivingRec":"","ReceivingYDS":"","ReceivingTD":"","RetTD":"","FumTD":"","2PT":"","Fum":"","PlayerWeekProjectedPts":"0.00","Rank":57,"TotalPoints":"0.00","ProjectionDiff":0.0},{"PlayerName":"Trey Edmunds","PlayerId":"2559325","Pos":"RB","Team":"PIT","PlayerOpponent":"DET","PassingYDS":"","PassingInt":"","PassingTD":"","RushingPassingYDS":"","ReceivingRec":"","ReceivingYDS":"","ReceivingTD":"","RetTD":"","FumTD":"","2PT":"","Fum":"","PlayerWeekProjectedPts":"0.00","Rank":58,"TotalPoints":"0.00","ProjectionDiff":0.0},{"PlayerName":"Gus Edwards","PlayerId":"2561324","Pos":"RB","Team":"BAL","PlayerOpponent":"@MIA","PassingYDS":"","PassingInt":"","PassingTD":"","RushingPassingYDS":"","ReceivingRec":"","ReceivingYDS":"","ReceivingTD":"","RetTD":"","FumTD":"","2PT":"","Fum":"","PlayerWeekProjectedPts":null,"Rank":59,"TotalPoints":"0.00","ProjectionDiff":null},{"PlayerName":"Clyde Edwards-Helaire","PlayerId":"2564271","Pos":"RB","Team":"KC","PlayerOpponent":"@LV","PassingYDS":"","PassingInt":"","PassingTD":"","RushingPassingYDS":"","ReceivingRec":"","ReceivingYDS":"","ReceivingTD":"","RetTD":"","FumTD":"","2PT":"","Fum":"","PlayerWeekProjectedPts":null,"Rank":60,"TotalPoints":"0.00","ProjectionDiff":null},{"PlayerName":"Austin Ekeler","PlayerId":"2559169","Pos":"RB","Team":"LAC","PlayerOpponent":"MIN","PassingYDS":"","PassingInt":"","PassingTD":"","RushingPassingYDS":"","ReceivingRec":"","ReceivingYDS":"","ReceivingTD":"","RetTD":"","FumTD":"","2PT":"","Fum":"","PlayerWeekProjectedPts":"17.05","Rank":61,"TotalPoints":"0.00","ProjectionDiff":-17.05},{"PlayerName":"Ezekiel Elliott","PlayerId":"2555224","Pos":"RB","Team":"DAL","PlayerOpponent":"ATL","PassingYDS":"","PassingInt":"","PassingTD":"","RushingPassingYDS":"","ReceivingRec":"","ReceivingYDS":"","ReceivingTD":"","RetTD":"","FumTD":"","2PT":"","Fum":"","PlayerWeekProjectedPts":"13.85","Rank":62,"TotalPoints":"0.00","ProjectionDiff":-13.85},{"PlayerName":"Travis Etienne","PlayerId":"2566157","Pos":"RB","Team":"JAX","PlayerOpponent":"@IND","PassingYDS":"","PassingInt":"","PassingTD":"","RushingPassingYDS":"","ReceivingRec":"","ReceivingYDS":"","ReceivingTD":"","RetTD":"","FumTD":"","2PT":"","Fum":"","PlayerWeekProjectedPts":null,"Rank":63,"TotalPoints":"0.00","ProjectionDiff":null},{"PlayerName":"Chris Evans","PlayerId":"2565944","Pos":"RB","Team":"CIN","PlayerOpponent":"Bye","PassingYDS":"","PassingInt":"","PassingTD":"","RushingPassingYDS":"","ReceivingRec":"","ReceivingYDS":"","ReceivingTD":"","RetTD":"","FumTD":"","2PT":"","Fum":"","PlayerWeekProjectedPts":"","Rank":64,"TotalPoints":"0.00","ProjectionDiff":null},{"PlayerName":"Darrynton Evans","PlayerId":"2564043","Pos":"RB","Team":"TEN","PlayerOpponent":"NO","PassingYDS":"","PassingInt":"","PassingTD":"","RushingPassingYDS":"","ReceivingRec":"","ReceivingYDS":"","ReceivingTD":"","RetTD":"","FumTD":"","2PT":"","Fum":"","PlayerWeekProjectedPts":null,"Rank":65,"TotalPoints":"0.00","ProjectionDiff":null},{"PlayerName":"Tavien Feaster","PlayerId":"2564187","Pos":"RB","Team":"ARI","PlayerOpponent":"CAR","PassingYDS":"","PassingInt":"","PassingTD":"","RushingPassingYDS":"","ReceivingRec":"","ReceivingYDS":"","ReceivingTD":"","RetTD":"","FumTD":"","2PT":"","Fum":"","PlayerWeekProjectedPts":"0.00","Rank":66,"TotalPoints":"0.00","ProjectionDiff":0.0},{"PlayerName":"Demetric Felton","PlayerId":"2565968","Pos":"RB","Team":"CLE","PlayerOpponent":"@NE","PassingYDS":"","PassingInt":"","PassingTD":"","RushingPassingYDS":"","ReceivingRec":"","ReceivingYDS":"","ReceivingTD":"","RetTD":"","FumTD":"","2PT":"","Fum":"","PlayerWeekProjectedPts":"0.00","Rank":67,"TotalPoints":"0.00","ProjectionDiff":0.0},{"PlayerName":"D'Onta Foreman","PlayerId":"2557994","Pos":"RB","Team":"TEN","PlayerOpponent":"NO","PassingYDS":"","PassingInt":"","PassingTD":"","RushingPassingYDS":"","ReceivingRec":"","ReceivingYDS":"","ReceivingTD":"","RetTD":"","FumTD":"","2PT":"","Fum":"","PlayerWeekProjectedPts":"2.99","Rank":68,"TotalPoints":"0.00","ProjectionDiff":-2.99},{"PlayerName":"D.J. Foster","PlayerId":"2556528","Pos":"RB","Team":"FA","PlayerOpponent":"Bye","PassingYDS":"","PassingInt":"","PassingTD":"","RushingPassingYDS":"","ReceivingRec":"","ReceivingYDS":"","ReceivingTD":"","RetTD":"","FumTD":"","2PT":"","Fum":"","PlayerWeekProjectedPts":"","Rank":69,"TotalPoints":"0.00","ProjectionDiff":null},{"PlayerName":"Leonard Fournette","PlayerId":"2557973","Pos":"RB","Team":"TB","PlayerOpponent":"@WAS","PassingYDS":"","PassingInt":"","PassingTD":"","RushingPassingYDS":"","ReceivingRec":"","ReceivingYDS":"","ReceivingTD":"","RetTD":"","FumTD":"","2PT":"","Fum":"","PlayerWeekProjectedPts":"14.83","Rank":70,"TotalPoints":"0.00","ProjectionDiff":-14.83},{"PlayerName":"Devonta Freeman","PlayerId":"2543583","Pos":"RB","Team":"BAL","PlayerOpponent":"@MIA","PassingYDS":"","PassingInt":"","PassingTD":"","RushingPassingYDS":"","ReceivingRec":"","ReceivingYDS":"","ReceivingTD":"","RetTD":"","FumTD":"","2PT":"","Fum":"","PlayerWeekProjectedPts":"9.61","Rank":71,"TotalPoints":"0.00","ProjectionDiff":-9.61},{"PlayerName":"Royce Freeman","PlayerId":"2560733","Pos":"RB","Team":"FA","PlayerOpponent":"Bye","PassingYDS":"","PassingInt":"","PassingTD":"","RushingPassingYDS":"","ReceivingRec":"","ReceivingYDS":"","ReceivingTD":"","RetTD":"","FumTD":"","2PT":"","Fum":"","PlayerWeekProjectedPts":"","Rank":72,"TotalPoints":"0.00","ProjectionDiff":null},{"PlayerName":"Jake Funk","PlayerId":"2566208","Pos":"RB","Team":"LA","PlayerOpponent":"@SF","PassingYDS":"","PassingInt":"","PassingTD":"","RushingPassingYDS":"","ReceivingRec":"","ReceivingYDS":"","ReceivingTD":"","RetTD":"","FumTD":"","2PT":"","Fum":"","PlayerWeekProjectedPts":null,"Rank":73,"TotalPoints":"0.00","ProjectionDiff":null},{"PlayerName":"Tyler Gaffney","PlayerId":"2543655","Pos":"RB","Team":"FA","PlayerOpponent":"Bye","PassingYDS":"","PassingInt":"","PassingTD":"","RushingPassingYDS":"","ReceivingRec":"","ReceivingYDS":"","ReceivingTD":"","RetTD":"","FumTD":"","2PT":"","Fum":"","PlayerWeekProjectedPts":"","Rank":74,"TotalPoints":"0.00","ProjectionDiff":null},{"PlayerName":"Kenneth Gainwell","PlayerId":"2566397","Pos":"RB","Team":"PHI","PlayerOpponent":"@DEN","PassingYDS":"","PassingInt":"","PassingTD":"","RushingPassingYDS":"","ReceivingRec":"","ReceivingYDS":"","ReceivingTD":"","RetTD":"","FumTD":"","2PT":"","Fum":"","PlayerWeekProjectedPts":"6.81","Rank":75,"TotalPoints":"0.00","ProjectionDiff":-6.81},{"PlayerName":"Wayne Gallman","PlayerId":"2557952","Pos":"RB","Team":"ATL","PlayerOpponent":"@DAL","PassingYDS":"","PassingInt":"","PassingTD":"","RushingPassingYDS":"","ReceivingRec":"","ReceivingYDS":"","ReceivingTD":"","RetTD":"","FumTD":"","2PT":"","Fum":"","PlayerWeekProjectedPts":"3.33","Rank":76,"TotalPoints":"0.00","ProjectionDiff":-3.33},{"PlayerName":"Myles Gaskin","PlayerId":"2562270","Pos":"RB","Team":"MIA","PlayerOpponent":"BAL","PassingYDS":"","PassingInt":"","PassingTD":"","RushingPassingYDS":"","ReceivingRec":"","ReceivingYDS":"","ReceivingTD":"","RetTD":"","FumTD":"","2PT":"","Fum":"","PlayerWeekProjectedPts":"12.85","Rank":77,"TotalPoints":"0.00","ProjectionDiff":-12.85},{"PlayerName":"Antonio Gibson","PlayerId":"2565276","Pos":"RB","Team":"WAS","PlayerOpponent":"TB","PassingYDS":"","PassingInt":"","PassingTD":"","RushingPassingYDS":"","ReceivingRec":"","ReceivingYDS":"","ReceivingTD":"","RetTD":"","FumTD":"","2PT":"","Fum":"","PlayerWeekProjectedPts":"10.88","Rank":78,"TotalPoints":"0.00","ProjectionDiff":-10.88},{"PlayerName":"Cullen Gillaspia","PlayerId":"2562906","Pos":"RB","Team":"NYG","PlayerOpponent":"Bye","PassingYDS":"","PassingInt":"","PassingTD":"","RushingPassingYDS":"","ReceivingRec":"","ReceivingYDS":"","ReceivingTD":"","RetTD":"","FumTD":"","2PT":"","Fum":"","PlayerWeekProjectedPts":"","Rank":79,"TotalPoints":"0.00","ProjectionDiff":null},{"PlayerName":"Melvin Gordon","PlayerId":"2552469","Pos":"RB","Team":"DEN","PlayerOpponent":"PHI","PassingYDS":"","PassingInt":"","PassingTD":"","RushingPassingYDS":"","ReceivingRec":"","ReceivingYDS":"","ReceivingTD":"","RetTD":"","FumTD":"","2PT":"","Fum":"","PlayerWeekProjectedPts":"12.34","Rank":80,"TotalPoints":"0.00","ProjectionDiff":-12.34},{"PlayerName":"Derrick Gore","PlayerId":"2563347","Pos":"RB","Team":"KC","PlayerOpponent":"@LV","PassingYDS":"","PassingInt":"","PassingTD":"","RushingPassingYDS":"","ReceivingRec":"","ReceivingYDS":"","ReceivingTD":"","RetTD":"","FumTD":"","2PT":"","Fum":"","PlayerWeekProjectedPts":"2.12","Rank":81,"TotalPoints":"0.00","ProjectionDiff":-2.12},{"PlayerName":"Garrett Groshek","PlayerId":"2565645","Pos":"RB","Team":"FA","PlayerOpponent":"Bye","PassingYDS":"","PassingInt":"","PassingTD":"","RushingPassingYDS":"","ReceivingRec":"","ReceivingYDS":"","ReceivingTD":"","RetTD":"","FumTD":"","2PT":"","Fum":"","PlayerWeekProjectedPts":"","Rank":82,"TotalPoints":"0.00","ProjectionDiff":null},{"PlayerName":"Pete Guerrerio","PlayerId":"2565539","Pos":"RB","Team":"FA","PlayerOpponent":"Bye","PassingYDS":"","PassingInt":"","PassingTD":"","RushingPassingYDS":"","ReceivingRec":"","ReceivingYDS":"","ReceivingTD":"","RetTD":"","FumTD":"","2PT":"","Fum":"","PlayerWeekProjectedPts":"","Rank":83,"TotalPoints":"0.00","ProjectionDiff":null},{"PlayerName":"Todd Gurley","PlayerId":"2552475","Pos":"RB","Team":"FA","PlayerOpponent":"Bye","PassingYDS":"","PassingInt":"","PassingTD":"","RushingPassingYDS":"","ReceivingRec":"","ReceivingYDS":"","ReceivingTD":"","RetTD":"","FumTD":"","2PT":"","Fum":"","PlayerWeekProjectedPts":"","Rank":84,"TotalPoints":"0.00","ProjectionDiff":null},{"PlayerName":"C.J. Ham","PlayerId":"2556803","Pos":"RB","Team":"MIN","PlayerOpponent":"@LAC","PassingYDS":"","PassingInt":"","PassingTD":"","RushingPassingYDS":"","ReceivingRec":"","ReceivingYDS":"","ReceivingTD":"","RetTD":"","FumTD":"","2PT":"","Fum":"","PlayerWeekProjectedPts":"1.40","Rank":85,"TotalPoints":"0.00","ProjectionDiff":-1.4},{"PlayerName":"Damien Harris","PlayerId":"2562281","Pos":"RB","Team":"NE","PlayerOpponent":"CLE","PassingYDS":"","PassingInt":"","PassingTD":"","RushingPassingYDS":"","ReceivingRec":"","ReceivingYDS":"","ReceivingTD":"","RetTD":"","FumTD":"","2PT":"","Fum":"","PlayerWeekProjectedPts":"11.56","Rank":86,"TotalPoints":"0.00","ProjectionDiff":-11.56},{"PlayerName":"Najee Harris","PlayerId":"2566448","Pos":"RB","Team":"PIT","PlayerOpponent":"DET","PassingYDS":"","PassingInt":"","PassingTD":"","RushingPassingYDS":"","ReceivingRec":"","ReceivingYDS":"","ReceivingTD":"","RetTD":"","FumTD":"","2PT":"","Fum":"","PlayerWeekProjectedPts":"17.09","Rank":87,"TotalPoints":"0.00","ProjectionDiff":-17.09},{"PlayerName":"JaMycal Hasty","PlayerId":"2565108","Pos":"RB","Team":"SF","PlayerOpponent":"LA","PassingYDS":"","PassingInt":"","PassingTD":"","RushingPassingYDS":"","ReceivingRec":"","ReceivingYDS":"","ReceivingTD":"","RetTD":"","FumTD":"","2PT":"","Fum":"","PlayerWeekProjectedPts":"3.37","Rank":88,"TotalPoints":"0.00","ProjectionDiff":-3.37},{"PlayerName":"Javian Hawkins","PlayerId":"2566689","Pos":"RB","Team":"LA","PlayerOpponent":"@SF","PassingYDS":"","PassingInt":"","PassingTD":"","RushingPassingYDS":"","ReceivingRec":"","ReceivingYDS":"","ReceivingTD":"","RetTD":"","FumTD":"","2PT":"","Fum":"","PlayerWeekProjectedPts":"0.00","Rank":89,"TotalPoints":"0.00","ProjectionDiff":0.0},{"PlayerName":"Darrell Henderson","PlayerId":"2562574","Pos":"RB","Team":"LA","PlayerOpponent":"@SF","PassingYDS":"","PassingInt":"","PassingTD":"","RushingPassingYDS":"","ReceivingRec":"","ReceivingYDS":"","ReceivingTD":"","RetTD":"","FumTD":"","2PT":"","Fum":"","PlayerWeekProjectedPts":"12.85","Rank":90,"TotalPoints":"0.00","ProjectionDiff":-12.85},{"PlayerName":"Derrick Henry","PlayerId":"2556075","Pos":"RB","Team":"TEN","PlayerOpponent":"NO","PassingYDS":"","PassingInt":"","PassingTD":"","RushingPassingYDS":"","ReceivingRec":"","ReceivingYDS":"","ReceivingTD":"","RetTD":"","FumTD":"","2PT":"","Fum":"","PlayerWeekProjectedPts":null,"Rank":91,"TotalPoints":"0.00","ProjectionDiff":null},{"PlayerName":"Khalil Herbert","PlayerId":"2565926","Pos":"RB","Team":"CHI","PlayerOpponent":"Bye","PassingYDS":"","PassingInt":"","PassingTD":"","RushingPassingYDS":"","ReceivingRec":"","ReceivingYDS":"","ReceivingTD":"","RetTD":"","FumTD":"","2PT":"","Fum":"","PlayerWeekProjectedPts":"","Rank":92,"TotalPoints":"0.00","ProjectionDiff":null},{"PlayerName":"Brian Hill","PlayerId":"2558112","Pos":"RB","Team":"FA","PlayerOpponent":"Bye","PassingYDS":"","PassingInt":"","PassingTD":"","RushingPassingYDS":"","ReceivingRec":"","ReceivingYDS":"","ReceivingTD":"","RetTD":"","FumTD":"","2PT":"","Fum":"","PlayerWeekProjectedPts":"","Rank":93,"TotalPoints":"0.00","ProjectionDiff":null},{"PlayerName":"Justice Hill","PlayerId":"2562407","Pos":"RB","Team":"BAL","PlayerOpponent":"@MIA","PassingYDS":"","PassingInt":"","PassingTD":"","RushingPassingYDS":"","ReceivingRec":"","ReceivingYDS":"","ReceivingTD":"","RetTD":"","FumTD":"","2PT":"","Fum":"","PlayerWeekProjectedPts":null,"Rank":94,"TotalPoints":"0.00","ProjectionDiff":null},{"PlayerName":"Kylin Hill","PlayerId":"2566076","Pos":"RB","Team":"GB","PlayerOpponent":"SEA","PassingYDS":"","PassingInt":"","PassingTD":"","RushingPassingYDS":"","ReceivingRec":"","ReceivingYDS":"","ReceivingTD":"","RetTD":"","FumTD":"","2PT":"","Fum":"","PlayerWeekProjectedPts":null,"Rank":95,"TotalPoints":"0.00","ProjectionDiff":null},{"PlayerName":"Dontrell Hilliard","PlayerId":"2561461","Pos":"RB","Team":"TEN","PlayerOpponent":"NO","PassingYDS":"","PassingInt":"","PassingTD":"","RushingPassingYDS":"","ReceivingRec":"","ReceivingYDS":"","ReceivingTD":"","RetTD":"","FumTD":"","2PT":"","Fum":"","PlayerWeekProjectedPts":"0.00","Rank":96,"TotalPoints":"0.00","ProjectionDiff":0.0},{"PlayerName":"Nyheim Hines","PlayerId":"2560742","Pos":"RB","Team":"IND","PlayerOpponent":"JAX","PassingYDS":"","PassingInt":"","PassingTD":"","RushingPassingYDS":"","ReceivingRec":"","ReceivingYDS":"","ReceivingTD":"","RetTD":"","FumTD":"","2PT":"","Fum":"","PlayerWeekProjectedPts":"7.10","Rank":97,"TotalPoints":"0.00","ProjectionDiff":-7.1},{"PlayerName":"Josh Hokit","PlayerId":"2565111","Pos":"RB","Team":"SF","PlayerOpponent":"LA","PassingYDS":"","PassingInt":"","PassingTD":"","RushingPassingYDS":"","ReceivingRec":"","ReceivingYDS":"","ReceivingTD":"","RetTD":"","FumTD":"","2PT":"","Fum":"","PlayerWeekProjectedPts":"0.00","Rank":98,"TotalPoints":"0.00","ProjectionDiff":0.0},{"PlayerName":"Elijah Holyfield","PlayerId":"2562664","Pos":"RB","Team":"CIN","PlayerOpponent":"Bye","PassingYDS":"","PassingInt":"","PassingTD":"","RushingPassingYDS":"","ReceivingRec":"","ReceivingYDS":"","ReceivingTD":"","RetTD":"","FumTD":"","2PT":"","Fum":"","PlayerWeekProjectedPts":"","Rank":99,"TotalPoints":"0.00","ProjectionDiff":null},{"PlayerName":"Travis Homer","PlayerId":"2562665","Pos":"RB","Team":"SEA","PlayerOpponent":"@GB","PassingYDS":"","PassingInt":"","PassingTD":"","RushingPassingYDS":"","ReceivingRec":"","ReceivingYDS":"","ReceivingTD":"","RetTD":"","FumTD":"","2PT":"","Fum":"","PlayerWeekProjectedPts":"1.85","Rank":100,"TotalPoints":"0.00","ProjectionDiff":-1.85},{"PlayerName":"Jordan Howard","PlayerId":"2555418","Pos":"RB","Team":"PHI","PlayerOpponent":"@DEN","PassingYDS":"","PassingInt":"","PassingTD":"","RushingPassingYDS":"","ReceivingRec":"","ReceivingYDS":"","ReceivingTD":"","RetTD":"","FumTD":"","2PT":"","Fum":"","PlayerWeekProjectedPts":"8.82","Rank":101,"TotalPoints":"0.00","ProjectionDiff":-8.82},{"PlayerName":"Buddy Howell","PlayerId":"2561344","Pos":"RB","Team":"LA","PlayerOpponent":"@SF","PassingYDS":"","PassingInt":"","PassingTD":"","RushingPassingYDS":"","ReceivingRec":"","ReceivingYDS":"","ReceivingTD":"","RetTD":"","FumTD":"","2PT":"","Fum":"","PlayerWeekProjectedPts":"1.82","Rank":102,"TotalPoints":"0.00","ProjectionDiff":-1.82},{"PlayerName":"Chuba Hubbard","PlayerId":"2565899","Pos":"RB","Team":"CAR","PlayerOpponent":"@ARI","PassingYDS":"","PassingInt":"","PassingTD":"","RushingPassingYDS":"","ReceivingRec":"","ReceivingYDS":"","ReceivingTD":"","RetTD":"","FumTD":"","2PT":"","Fum":"","PlayerWeekProjectedPts":"5.48","Rank":103,"TotalPoints":"0.00","ProjectionDiff":-5.48},{"PlayerName":"Kareem Hunt","PlayerId":"2557917","Pos":"RB","Team":"CLE","PlayerOpponent":"@NE","PassingYDS":"","PassingInt":"","PassingTD":"","RushingPassingYDS":"","ReceivingRec":"","ReceivingYDS":"","ReceivingTD":"","RetTD":"","FumTD":"","2PT":"","Fum":"","PlayerWeekProjectedPts":null,"Rank":104,"TotalPoints":"0.00","ProjectionDiff":null},{"PlayerName":"Caleb Huntley","PlayerId":"2566692","Pos":"RB","Team":"ATL","PlayerOpponent":"@DAL","PassingYDS":"","PassingInt":"","PassingTD":"","RushingPassingYDS":"","ReceivingRec":"","ReceivingYDS":"","ReceivingTD":"","RetTD":"","FumTD":"","2PT":"","Fum":"","PlayerWeekProjectedPts":"0.00","Rank":105,"TotalPoints":"0.00","ProjectionDiff":0.0},{"PlayerName":"Jason Huntley","PlayerId":"2563938","Pos":"RB","Team":"PHI","PlayerOpponent":"@DEN","PassingYDS":"","PassingInt":"","PassingTD":"","RushingPassingYDS":"","ReceivingRec":"","ReceivingYDS":"","ReceivingTD":"","RetTD":"","FumTD":"","2PT":"","Fum":"","PlayerWeekProjectedPts":"0.00","Rank":106,"TotalPoints":"0.00","ProjectionDiff":0.0},{"PlayerName":"Carlos Hyde","PlayerId":"2543743","Pos":"RB","Team":"JAX","PlayerOpponent":"@IND","PassingYDS":"","PassingInt":"","PassingTD":"","RushingPassingYDS":"","ReceivingRec":"","ReceivingYDS":"","ReceivingTD":"","RetTD":"","FumTD":"","2PT":"","Fum":"","PlayerWeekProjectedPts":"4.37","Rank":107,"TotalPoints":"0.00","ProjectionDiff":-4.37},{"PlayerName":"Godwin Igwebuike","PlayerId":"2560749","Pos":"RB","Team":"DET","PlayerOpponent":"@PIT","PassingYDS":"","PassingInt":"","PassingTD":"","RushingPassingYDS":"","ReceivingRec":"","ReceivingYDS":"","ReceivingTD":"","RetTD":"","FumTD":"","2PT":"","Fum":"","PlayerWeekProjectedPts":"0.09","Rank":108,"TotalPoints":"0.00","ProjectionDiff":-0.09},{"PlayerName":"Alec Ingold","PlayerId":"2562288","Pos":"RB","Team":"LV","PlayerOpponent":"KC","PassingYDS":"","PassingInt":"","PassingTD":"","RushingPassingYDS":"","ReceivingRec":"","ReceivingYDS":"","ReceivingTD":"","RetTD":"","FumTD":"","2PT":"","Fum":"","PlayerWeekProjectedPts":"1.65","Rank":109,"TotalPoints":"0.00","ProjectionDiff":-1.65},{"PlayerName":"Mark Ingram","PlayerId":"2495466","Pos":"RB","Team":"NO","PlayerOpponent":"@TEN","PassingYDS":"","PassingInt":"","PassingTD":"","RushingPassingYDS":"","ReceivingRec":"","ReceivingYDS":"","ReceivingTD":"","RetTD":"","FumTD":"","2PT":"","Fum":"","PlayerWeekProjectedPts":"4.00","Rank":110,"TotalPoints":"0.00","ProjectionDiff":-4.0},{"PlayerName":"Deon Jackson","PlayerId":"2565603","Pos":"RB","Team":"IND","PlayerOpponent":"JAX","PassingYDS":"","PassingInt":"","PassingTD":"","RushingPassingYDS":"","ReceivingRec":"","ReceivingYDS":"","ReceivingTD":"","RetTD":"","FumTD":"","2PT":"","Fum":"","PlayerWeekProjectedPts":"0.00","Rank":111,"TotalPoints":"0.00","ProjectionDiff":0.0},{"PlayerName":"Justin Jackson","PlayerId":"2560756","Pos":"RB","Team":"LAC","PlayerOpponent":"MIN","PassingYDS":"","PassingInt":"","PassingTD":"","RushingPassingYDS":"","ReceivingRec":"","ReceivingYDS":"","ReceivingTD":"","RetTD":"","FumTD":"","2PT":"","Fum":"","PlayerWeekProjectedPts":"3.12","Rank":112,"TotalPoints":"0.00","ProjectionDiff":-3.12},{"PlayerName":"Josh Jacobs","PlayerId":"2562377","Pos":"RB","Team":"LV","PlayerOpponent":"KC","PassingYDS":"","PassingInt":"","PassingTD":"","RushingPassingYDS":"","ReceivingRec":"","ReceivingYDS":"","ReceivingTD":"","RetTD":"","FumTD":"","2PT":"","Fum":"","PlayerWeekProjectedPts":"11.47","Rank":113,"TotalPoints":"0.00","ProjectionDiff":-11.47},{"PlayerName":"Andy Janovich","PlayerId":"2555432","Pos":"RB","Team":"CLE","PlayerOpponent":"@NE","PassingYDS":"","PassingInt":"","PassingTD":"","RushingPassingYDS":"","ReceivingRec":"","ReceivingYDS":"","ReceivingTD":"","RetTD":"","FumTD":"","2PT":"","Fum":"","PlayerWeekProjectedPts":"0.00","Rank":114,"TotalPoints":"0.00","ProjectionDiff":0.0},{"PlayerName":"Jermar Jefferson","PlayerId":"2566058","Pos":"RB","Team":"DET","PlayerOpponent":"@PIT","PassingYDS":"","PassingInt":"","PassingTD":"","RushingPassingYDS":"","ReceivingRec":"","ReceivingYDS":"","ReceivingTD":"","RetTD":"","FumTD":"","2PT":"","Fum":"","PlayerWeekProjectedPts":"2.16","Rank":115,"TotalPoints":"0.00","ProjectionDiff":-2.16},{"PlayerName":"D'Ernest Johnson","PlayerId":"2563327","Pos":"RB","Team":"CLE","PlayerOpponent":"@NE","PassingYDS":"","PassingInt":"","PassingTD":"","RushingPassingYDS":"","ReceivingRec":"","ReceivingYDS":"","ReceivingTD":"","RetTD":"","FumTD":"","2PT":"","Fum":"","PlayerWeekProjectedPts":"2.98","Rank":116,"TotalPoints":"0.00","ProjectionDiff":-2.98},{"PlayerName":"David Johnson","PlayerId":"2553435","Pos":"RB","Team":"HOU","PlayerOpponent":"Bye","PassingYDS":"","PassingInt":"","PassingTD":"","RushingPassingYDS":"","ReceivingRec":"","ReceivingYDS":"","ReceivingTD":"","RetTD":"","FumTD":"","2PT":"","Fum":"","PlayerWeekProjectedPts":"","Rank":117,"TotalPoints":"0.00","ProjectionDiff":null},{"PlayerName":"Duke Johnson","PlayerId":"2552461","Pos":"RB","Team":"MIA","PlayerOpponent":"BAL","PassingYDS":"","PassingInt":"","PassingTD":"","RushingPassingYDS":"","ReceivingRec":"","ReceivingYDS":"","ReceivingTD":"","RetTD":"","FumTD":"","2PT":"","Fum":"","PlayerWeekProjectedPts":"0.00","Rank":118,"TotalPoints":"0.00","ProjectionDiff":0.0},{"PlayerName":"Jakob Johnson","PlayerId":"2562890","Pos":"RB","Team":"NE","PlayerOpponent":"CLE","PassingYDS":"","PassingInt":"","PassingTD":"","RushingPassingYDS":"","ReceivingRec":"","ReceivingYDS":"","ReceivingTD":"","RetTD":"","FumTD":"","2PT":"","Fum":"","PlayerWeekProjectedPts":"0.66","Rank":119,"TotalPoints":"0.00","ProjectionDiff":-0.66},{"PlayerName":"Kerryon Johnson","PlayerId":"2560765","Pos":"RB","Team":"FA","PlayerOpponent":"Bye","PassingYDS":"","PassingInt":"","PassingTD":"","RushingPassingYDS":"","ReceivingRec":"","ReceivingYDS":"","ReceivingTD":"","RetTD":"","FumTD":"","2PT":"","Fum":"","PlayerWeekProjectedPts":"","Rank":120,"TotalPoints":"0.00","ProjectionDiff":null},{"PlayerName":"Ty Johnson","PlayerId":"2562293","Pos":"RB","Team":"NYJ","PlayerOpponent":"BUF","PassingYDS":"","PassingInt":"","PassingTD":"","RushingPassingYDS":"","ReceivingRec":"","ReceivingYDS":"","ReceivingTD":"","RetTD":"","FumTD":"","2PT":"","Fum":"","PlayerWeekProjectedPts":"6.36","Rank":121,"TotalPoints":"0.00","ProjectionDiff":-6.36},{"PlayerName":"Aaron Jones","PlayerId":"2558116","Pos":"RB","Team":"GB","PlayerOpponent":"SEA","PassingYDS":"","PassingInt":"","PassingTD":"","RushingPassingYDS":"","ReceivingRec":"","ReceivingYDS":"","ReceivingTD":"","RetTD":"","FumTD":"","2PT":"","Fum":"","PlayerWeekProjectedPts":"14.79","Rank":122,"TotalPoints":"0.00","ProjectionDiff":-14.79},{"PlayerName":"Ronald Jones","PlayerId":"2560770","Pos":"RB","Team":"TB","PlayerOpponent":"@WAS","PassingYDS":"","PassingInt":"","PassingTD":"","RushingPassingYDS":"","ReceivingRec":"","ReceivingYDS":"","ReceivingTD":"","RetTD":"","FumTD":"","2PT":"","Fum":"","PlayerWeekProjectedPts":"4.71","Rank":123,"TotalPoints":"0.00","ProjectionDiff":-4.71},{"PlayerName":"Taiwan Jones","PlayerId":"2495467","Pos":"RB","Team":"BUF","PlayerOpponent":"@NYJ","PassingYDS":"","PassingInt":"","PassingTD":"","RushingPassingYDS":"","ReceivingRec":"","ReceivingYDS":"","ReceivingTD":"","RetTD":"","FumTD":"","2PT":"","Fum":"","PlayerWeekProjectedPts":"1.29","Rank":124,"TotalPoints":"0.00","ProjectionDiff":-1.29},{"PlayerName":"Tony Jones","PlayerId":"2564679","Pos":"RB","Team":"NO","PlayerOpponent":"@TEN","PassingYDS":"","PassingInt":"","PassingTD":"","RushingPassingYDS":"","ReceivingRec":"","ReceivingYDS":"","ReceivingTD":"","RetTD":"","FumTD":"","2PT":"","Fum":"","PlayerWeekProjectedPts":null,"Rank":125,"TotalPoints":"0.00","ProjectionDiff":null},{"PlayerName":"Xavier Jones","PlayerId":"2564364","Pos":"RB","Team":"LA","PlayerOpponent":"@SF","PassingYDS":"","PassingInt":"","PassingTD":"","RushingPassingYDS":"","ReceivingRec":"","ReceivingYDS":"","ReceivingTD":"","RetTD":"","FumTD":"","2PT":"","Fum":"","PlayerWeekProjectedPts":null,"Rank":126,"TotalPoints":"0.00","ProjectionDiff":null},{"PlayerName":"Kyle Juszczyk","PlayerId":"2540230","Pos":"RB","Team":"SF","PlayerOpponent":"LA","PassingYDS":"","PassingInt":"","PassingTD":"","RushingPassingYDS":"","ReceivingRec":"","ReceivingYDS":"","ReceivingTD":"","RetTD":"","FumTD":"","2PT":"","Fum":"","PlayerWeekProjectedPts":"2.70","Rank":127,"TotalPoints":"0.00","ProjectionDiff":-2.7},{"PlayerName":"Alvin Kamara","PlayerId":"2558019","Pos":"RB","Team":"NO","PlayerOpponent":"@TEN","PassingYDS":"","PassingInt":"","PassingTD":"","RushingPassingYDS":"","ReceivingRec":"","ReceivingYDS":"","ReceivingTD":"","RetTD":"","FumTD":"","2PT":"","Fum":"","PlayerWeekProjectedPts":"17.10","Rank":128,"TotalPoints":"0.00","ProjectionDiff":-17.1},{"PlayerName":"Joshua Kelley","PlayerId":"2565054","Pos":"RB","Team":"LAC","PlayerOpponent":"MIN","PassingYDS":"","PassingInt":"","PassingTD":"","RushingPassingYDS":"","ReceivingRec":"","ReceivingYDS":"","ReceivingTD":"","RetTD":"","FumTD":"","2PT":"","Fum":"","PlayerWeekProjectedPts":"3.18","Rank":129,"TotalPoints":"0.00","ProjectionDiff":-3.18},{"PlayerName":"John Kelly","PlayerId":"2560777","Pos":"RB","Team":"CLE","PlayerOpponent":"@NE","PassingYDS":"","PassingInt":"","PassingTD":"","RushingPassingYDS":"","ReceivingRec":"","ReceivingYDS":"","ReceivingTD":"","RetTD":"","FumTD":"","2PT":"","Fum":"","PlayerWeekProjectedPts":"0.00","Rank":130,"TotalPoints":"0.00","ProjectionDiff":0.0},{"PlayerName":"Adrian Killins Jr.","PlayerId":"2564841","Pos":"RB","Team":"DEN","PlayerOpponent":"PHI","PassingYDS":"","PassingInt":"","PassingTD":"","RushingPassingYDS":"","ReceivingRec":"","ReceivingYDS":"","ReceivingTD":"","RetTD":"","FumTD":"","2PT":"","Fum":"","PlayerWeekProjectedPts":null,"Rank":131,"TotalPoints":"0.00","ProjectionDiff":null},{"PlayerName":"Patrick Laird","PlayerId":"2563296","Pos":"RB","Team":"MIA","PlayerOpponent":"BAL","PassingYDS":"","PassingInt":"","PassingTD":"","RushingPassingYDS":"","ReceivingRec":"","ReceivingYDS":"","ReceivingTD":"","RetTD":"","FumTD":"","2PT":"","Fum":"","PlayerWeekProjectedPts":"1.33","Rank":132,"TotalPoints":"0.00","ProjectionDiff":-1.33},{"PlayerName":"Benny LeMay","PlayerId":"2563794","Pos":"RB","Team":"FA","PlayerOpponent":"Bye","PassingYDS":"","PassingInt":"","PassingTD":"","RushingPassingYDS":"","ReceivingRec":"","ReceivingYDS":"","ReceivingTD":"","RetTD":"","FumTD":"","2PT":"","Fum":"","PlayerWeekProjectedPts":"","Rank":133,"TotalPoints":"0.00","ProjectionDiff":null},{"PlayerName":"Dion Lewis","PlayerId":"2495469","Pos":"RB","Team":"FA","PlayerOpponent":"Bye","PassingYDS":"","PassingInt":"","PassingTD":"","RushingPassingYDS":"","ReceivingRec":"","ReceivingYDS":"","ReceivingTD":"","RetTD":"","FumTD":"","2PT":"","Fum":"","PlayerWeekProjectedPts":"","Rank":134,"TotalPoints":"0.00","ProjectionDiff":null},{"PlayerName":"Phillip Lindsay","PlayerId":"2559947","Pos":"RB","Team":"HOU","PlayerOpponent":"Bye","PassingYDS":"","PassingInt":"","PassingTD":"","RushingPassingYDS":"","ReceivingRec":"","ReceivingYDS":"","ReceivingTD":"","RetTD":"","FumTD":"","2PT":"","Fum":"","PlayerWeekProjectedPts":"","Rank":135,"TotalPoints":"0.00","ProjectionDiff":null},{"PlayerName":"Marlon Mack","PlayerId":"2558123","Pos":"RB","Team":"IND","PlayerOpponent":"JAX","PassingYDS":"","PassingInt":"","PassingTD":"","RushingPassingYDS":"","ReceivingRec":"","ReceivingYDS":"","ReceivingTD":"","RetTD":"","FumTD":"","2PT":"","Fum":"","PlayerWeekProjectedPts":"3.46","Rank":136,"TotalPoints":"0.00","ProjectionDiff":-3.46},{"PlayerName":"Ben Mason","PlayerId":"2565845","Pos":"RB","Team":"FA","PlayerOpponent":"Bye","PassingYDS":"","PassingInt":"","PassingTD":"","RushingPassingYDS":"","ReceivingRec":"","ReceivingYDS":"","ReceivingTD":"","RetTD":"","FumTD":"","2PT":"","Fum":"","PlayerWeekProjectedPts":"","Rank":137,"TotalPoints":"0.00","ProjectionDiff":null},{"PlayerName":"Alexander Mattison","PlayerId":"2562682","Pos":"RB","Team":"MIN","PlayerOpponent":"@LAC","PassingYDS":"","PassingInt":"","PassingTD":"","RushingPassingYDS":"","ReceivingRec":"","ReceivingYDS":"","ReceivingTD":"","RetTD":"","FumTD":"","2PT":"","Fum":"","PlayerWeekProjectedPts":"5.30","Rank":138,"TotalPoints":"0.00","ProjectionDiff":-5.3},{"PlayerName":"Christian McCaffrey","PlayerId":"2557997","Pos":"RB","Team":"CAR","PlayerOpponent":"@ARI","PassingYDS":"","PassingInt":"","PassingTD":"","RushingPassingYDS":"","ReceivingRec":"","ReceivingYDS":"","ReceivingTD":"","RetTD":"","FumTD":"","2PT":"","Fum":"","PlayerWeekProjectedPts":"16.08","Rank":139,"TotalPoints":"0.00","ProjectionDiff":-16.08},{"PlayerName":"LeSean McCoy","PlayerId":"79607","Pos":"RB","Team":"FA","PlayerOpponent":"Bye","PassingYDS":"","PassingInt":"","PassingTD":"","RushingPassingYDS":"","ReceivingRec":"","ReceivingYDS":"","ReceivingTD":"","RetTD":"","FumTD":"","2PT":"","Fum":"","PlayerWeekProjectedPts":"","Rank":140,"TotalPoints":"0.00","ProjectionDiff":null},{"PlayerName":"Nate McCrary","PlayerId":"2566617","Pos":"RB","Team":"BAL","PlayerOpponent":"@MIA","PassingYDS":"","PassingInt":"","PassingTD":"","RushingPassingYDS":"","ReceivingRec":"","ReceivingYDS":"","ReceivingTD":"","RetTD":"","FumTD":"","2PT":"","Fum":"","PlayerWeekProjectedPts":"0.00","Rank":141,"TotalPoints":"0.00","ProjectionDiff":0.0},{"PlayerName":"Anthony McFarland","PlayerId":"2564994","Pos":"RB","Team":"PIT","PlayerOpponent":"DET","PassingYDS":"","PassingInt":"","PassingTD":"","RushingPassingYDS":"","ReceivingRec":"","ReceivingYDS":"","ReceivingTD":"","RetTD":"","FumTD":"","2PT":"","Fum":"","PlayerWeekProjectedPts":"2.48","Rank":142,"TotalPoints":"0.00","ProjectionDiff":-2.48},{"PlayerName":"Elijah McGuire","PlayerId":"2557934","Pos":"RB","Team":"KC","PlayerOpponent":"@LV","PassingYDS":"","PassingInt":"","PassingTD":"","RushingPassingYDS":"","ReceivingRec":"","ReceivingYDS":"","ReceivingTD":"","RetTD":"","FumTD":"","2PT":"","Fum":"","PlayerWeekProjectedPts":"0.00","Rank":143,"TotalPoints":"0.00","ProjectionDiff":0.0},{"PlayerName":"Jerick McKinnon","PlayerId":"2543715","Pos":"RB","Team":"KC","PlayerOpponent":"@LV","PassingYDS":"","PassingInt":"","PassingTD":"","RushingPassingYDS":"","ReceivingRec":"","ReceivingYDS":"","ReceivingTD":"","RetTD":"","FumTD":"","2PT":"","Fum":"","PlayerWeekProjectedPts":"6.79","Rank":144,"TotalPoints":"0.00","ProjectionDiff":-6.79},{"PlayerName":"J.D. McKissic","PlayerId":"2556440","Pos":"RB","Team":"WAS","PlayerOpponent":"TB","PassingYDS":"","PassingInt":"","PassingTD":"","RushingPassingYDS":"","ReceivingRec":"","ReceivingYDS":"","ReceivingTD":"","RetTD":"","FumTD":"","2PT":"","Fum":"","PlayerWeekProjectedPts":"9.76","Rank":145,"TotalPoints":"0.00","ProjectionDiff":-9.76},{"PlayerName":"Jeremy McNichols","PlayerId":"2557977","Pos":"RB","Team":"TEN","PlayerOpponent":"NO","PassingYDS":"","PassingInt":"","PassingTD":"","RushingPassingYDS":"","ReceivingRec":"","ReceivingYDS":"","ReceivingTD":"","RetTD":"","FumTD":"","2PT":"","Fum":"","PlayerWeekProjectedPts":"5.05","Rank":146,"TotalPoints":"0.00","ProjectionDiff":-5.05},{"PlayerName":"Sony Michel","PlayerId":"2560809","Pos":"RB","Team":"LA","PlayerOpponent":"@SF","PassingYDS":"","PassingInt":"","PassingTD":"","RushingPassingYDS":"","ReceivingRec":"","ReceivingYDS":"","ReceivingTD":"","RetTD":"","FumTD":"","2PT":"","Fum":"","PlayerWeekProjectedPts":"7.13","Rank":147,"TotalPoints":"0.00","ProjectionDiff":-7.13},{"PlayerName":"Lamar Miller","PlayerId":"2533034","Pos":"RB","Team":"NO","PlayerOpponent":"@TEN","PassingYDS":"","PassingInt":"","PassingTD":"","RushingPassingYDS":"","ReceivingRec":"","ReceivingYDS":"","ReceivingTD":"","RetTD":"","FumTD":"","2PT":"","Fum":"","PlayerWeekProjectedPts":"0.00","Rank":148,"TotalPoints":"0.00","ProjectionDiff":0.0},{"PlayerName":"Dedrick Mills","PlayerId":"2566905","Pos":"RB","Team":"FA","PlayerOpponent":"Bye","PassingYDS":"","PassingInt":"","PassingTD":"","RushingPassingYDS":"","ReceivingRec":"","ReceivingYDS":"","ReceivingTD":"","RetTD":"","FumTD":"","2PT":"","Fum":"","PlayerWeekProjectedPts":"","Rank":149,"TotalPoints":"0.00","ProjectionDiff":null},{"PlayerName":"Eli Mitchell","PlayerId":"2566538","Pos":"RB","Team":"SF","PlayerOpponent":"LA","PassingYDS":"","PassingInt":"","PassingTD":"","RushingPassingYDS":"","ReceivingRec":"","ReceivingYDS":"","ReceivingTD":"","RetTD":"","FumTD":"","2PT":"","Fum":"","PlayerWeekProjectedPts":"9.26","Rank":150,"TotalPoints":"0.00","ProjectionDiff":-9.26},{"PlayerName":"Joe Mixon","PlayerId":"2557976","Pos":"RB","Team":"CIN","PlayerOpponent":"Bye","PassingYDS":"","PassingInt":"","PassingTD":"","RushingPassingYDS":"","ReceivingRec":"","ReceivingYDS":"","ReceivingTD":"","RetTD":"","FumTD":"","2PT":"","Fum":"","PlayerWeekProjectedPts":"","Rank":151,"TotalPoints":"0.00","ProjectionDiff":null},{"PlayerName":"Taquan Mizzell","PlayerId":"2558975","Pos":"RB","Team":"FA","PlayerOpponent":"Bye","PassingYDS":"","PassingInt":"","PassingTD":"","RushingPassingYDS":"","ReceivingRec":"","ReceivingYDS":"","ReceivingTD":"","RetTD":"","FumTD":"","2PT":"","Fum":"","PlayerWeekProjectedPts":"","Rank":152,"TotalPoints":"0.00","ProjectionDiff":null},{"PlayerName":"David Montgomery","PlayerId":"2562502","Pos":"RB","Team":"CHI","PlayerOpponent":"Bye","PassingYDS":"","PassingInt":"","PassingTD":"","RushingPassingYDS":"","ReceivingRec":"","ReceivingYDS":"","ReceivingTD":"","RetTD":"","FumTD":"","2PT":"","Fum":"","PlayerWeekProjectedPts":"","Rank":153,"TotalPoints":"0.00","ProjectionDiff":null},{"PlayerName":"Ty Montgomery","PlayerId":"2552429","Pos":"RB","Team":"NO","PlayerOpponent":"@TEN","PassingYDS":"","PassingInt":"","PassingTD":"","RushingPassingYDS":"","ReceivingRec":"","ReceivingYDS":"","ReceivingTD":"","RetTD":"","FumTD":"","2PT":"","Fum":"","PlayerWeekProjectedPts":"1.74","Rank":154,"TotalPoints":"0.00","ProjectionDiff":-1.74},{"PlayerName":"Alfred Morris","PlayerId":"2533457","Pos":"RB","Team":"FA","PlayerOpponent":"Bye","PassingYDS":"","PassingInt":"","PassingTD":"","RushingPassingYDS":"","ReceivingRec":"","ReceivingYDS":"","ReceivingTD":"","RetTD":"","FumTD":"","2PT":"","Fum":"","PlayerWeekProjectedPts":"","Rank":155,"TotalPoints":"0.00","ProjectionDiff":null},{"PlayerName":"Zack Moss","PlayerId":"2563617","Pos":"RB","Team":"BUF","PlayerOpponent":"@NYJ","PassingYDS":"","PassingInt":"","PassingTD":"","RushingPassingYDS":"","ReceivingRec":"","ReceivingYDS":"","ReceivingTD":"","RetTD":"","FumTD":"","2PT":"","Fum":"","PlayerWeekProjectedPts":"10.47","Rank":156,"TotalPoints":"0.00","ProjectionDiff":-10.47},{"PlayerName":"Raheem Mostert","PlayerId":"2553728","Pos":"RB","Team":"SF","PlayerOpponent":"LA","PassingYDS":"","PassingInt":"","PassingTD":"","RushingPassingYDS":"","ReceivingRec":"","ReceivingYDS":"","ReceivingTD":"","RetTD":"","FumTD":"","2PT":"","Fum":"","PlayerWeekProjectedPts":null,"Rank":157,"TotalPoints":"0.00","ProjectionDiff":null},{"PlayerName":"Khalfani Muhammad","PlayerId":"2558861","Pos":"RB","Team":"FA","PlayerOpponent":"Bye","PassingYDS":"","PassingInt":"","PassingTD":"","RushingPassingYDS":"","ReceivingRec":"","ReceivingYDS":"","ReceivingTD":"","RetTD":"","FumTD":"","2PT":"","Fum":"","PlayerWeekProjectedPts":"","Rank":158,"TotalPoints":"0.00","ProjectionDiff":null},{"PlayerName":"Latavius Murray","PlayerId":"2541161","Pos":"RB","Team":"BAL","PlayerOpponent":"@MIA","PassingYDS":"","PassingInt":"","PassingTD":"","RushingPassingYDS":"","ReceivingRec":"","ReceivingYDS":"","ReceivingTD":"","RetTD":"","FumTD":"","2PT":"","Fum":"","PlayerWeekProjectedPts":"0.00","Rank":159,"TotalPoints":"0.00","ProjectionDiff":0.0},{"PlayerName":"Gabe Nabers","PlayerId":"2565066","Pos":"RB","Team":"LAC","PlayerOpponent":"MIN","PassingYDS":"","PassingInt":"","PassingTD":"","RushingPassingYDS":"","ReceivingRec":"","ReceivingYDS":"","ReceivingTD":"","RetTD":"","FumTD":"","2PT":"","Fum":"","PlayerWeekProjectedPts":"0.59","Rank":160,"TotalPoints":"0.00","ProjectionDiff":-0.59},{"PlayerName":"Ryan Nall","PlayerId":"2560817","Pos":"RB","Team":"CHI","PlayerOpponent":"Bye","PassingYDS":"","PassingInt":"","PassingTD":"","RushingPassingYDS":"","ReceivingRec":"","ReceivingYDS":"","ReceivingTD":"","RetTD":"","FumTD":"","2PT":"","Fum":"","PlayerWeekProjectedPts":"","Rank":161,"TotalPoints":"0.00","ProjectionDiff":null},{"PlayerName":"Kene Nwangwu","PlayerId":"2566313","Pos":"RB","Team":"MIN","PlayerOpponent":"@LAC","PassingYDS":"","PassingInt":"","PassingTD":"","RushingPassingYDS":"","ReceivingRec":"","ReceivingYDS":"","ReceivingTD":"","RetTD":"","FumTD":"","2PT":"","Fum":"","PlayerWeekProjectedPts":"2.01","Rank":162,"TotalPoints":"0.00","ProjectionDiff":-2.01},{"PlayerName":"Dare Ogunbowale","PlayerId":"2559362","Pos":"RB","Team":"JAX","PlayerOpponent":"@IND","PassingYDS":"","PassingInt":"","PassingTD":"","RushingPassingYDS":"","ReceivingRec":"","ReceivingYDS":"","ReceivingTD":"","RetTD":"","FumTD":"","2PT":"","Fum":"","PlayerWeekProjectedPts":"0.00","Rank":163,"TotalPoints":"0.00","ProjectionDiff":0.0},{"PlayerName":"Qadree Ollison","PlayerId":"2562797","Pos":"RB","Team":"ATL","PlayerOpponent":"@DAL","PassingYDS":"","PassingInt":"","PassingTD":"","RushingPassingYDS":"","ReceivingRec":"","ReceivingYDS":"","ReceivingTD":"","RetTD":"","FumTD":"","2PT":"","Fum":"","PlayerWeekProjectedPts":"0.00","Rank":164,"TotalPoints":"0.00","ProjectionDiff":0.0},{"PlayerName":"Sewo Olonilua","PlayerId":"2563857","Pos":"RB","Team":"DAL","PlayerOpponent":"ATL","PassingYDS":"","PassingInt":"","PassingTD":"","RushingPassingYDS":"","ReceivingRec":"","ReceivingYDS":"","ReceivingTD":"","RetTD":"","FumTD":"","2PT":"","Fum":"","PlayerWeekProjectedPts":null,"Rank":165,"TotalPoints":"0.00","ProjectionDiff":null},{"PlayerName":"Devine Ozigbo","PlayerId":"2562409","Pos":"RB","Team":"JAX","PlayerOpponent":"@IND","PassingYDS":"","PassingInt":"","PassingTD":"","RushingPassingYDS":"","ReceivingRec":"","ReceivingYDS":"","ReceivingTD":"","RetTD":"","FumTD":"","2PT":"","Fum":"","PlayerWeekProjectedPts":"1.60","Rank":166,"TotalPoints":"0.00","ProjectionDiff":-1.6},{"PlayerName":"Jacques Patrick","PlayerId":"2563737","Pos":"RB","Team":"FA","PlayerOpponent":"Bye","PassingYDS":"","PassingInt":"","PassingTD":"","RushingPassingYDS":"","ReceivingRec":"","ReceivingYDS":"","ReceivingTD":"","RetTD":"","FumTD":"","2PT":"","Fum":"","PlayerWeekProjectedPts":"","Rank":167,"TotalPoints":"0.00","ProjectionDiff":null},{"PlayerName":"Cordarrelle Patterson","PlayerId":"2540145","Pos":"RB","Team":"ATL","PlayerOpponent":"@DAL","PassingYDS":"","PassingInt":"","PassingTD":"","RushingPassingYDS":"","ReceivingRec":"","ReceivingYDS":"","ReceivingTD":"","RetTD":"","FumTD":"","2PT":"","Fum":"","PlayerWeekProjectedPts":"15.24","Rank":168,"TotalPoints":"0.00","ProjectionDiff":-15.24},{"PlayerName":"Jaret Patterson","PlayerId":"2567160","Pos":"RB","Team":"WAS","PlayerOpponent":"TB","PassingYDS":"","PassingInt":"","PassingTD":"","RushingPassingYDS":"","ReceivingRec":"","ReceivingYDS":"","ReceivingTD":"","RetTD":"","FumTD":"","2PT":"","Fum":"","PlayerWeekProjectedPts":"2.47","Rank":169,"TotalPoints":"0.00","ProjectionDiff":-2.47},{"PlayerName":"Elijhaa Penny","PlayerId":"2556762","Pos":"RB","Team":"NYG","PlayerOpponent":"Bye","PassingYDS":"","PassingInt":"","PassingTD":"","RushingPassingYDS":"","ReceivingRec":"","ReceivingYDS":"","ReceivingTD":"","RetTD":"","FumTD":"","2PT":"","Fum":"","PlayerWeekProjectedPts":"","Rank":170,"TotalPoints":"0.00","ProjectionDiff":null},{"PlayerName":"Rashaad Penny","PlayerId":"2560835","Pos":"RB","Team":"SEA","PlayerOpponent":"@GB","PassingYDS":"","PassingInt":"","PassingTD":"","RushingPassingYDS":"","ReceivingRec":"","ReceivingYDS":"","ReceivingTD":"","RetTD":"","FumTD":"","2PT":"","Fum":"","PlayerWeekProjectedPts":"2.97","Rank":171,"TotalPoints":"0.00","ProjectionDiff":-2.97},{"PlayerName":"La'Mical Perine","PlayerId":"2564808","Pos":"RB","Team":"NYJ","PlayerOpponent":"BUF","PassingYDS":"","PassingInt":"","PassingTD":"","RushingPassingYDS":"","ReceivingRec":"","ReceivingYDS":"","ReceivingTD":"","RetTD":"","FumTD":"","2PT":"","Fum":"","PlayerWeekProjectedPts":"2.29","Rank":172,"TotalPoints":"0.00","ProjectionDiff":-2.29},{"PlayerName":"Samaje Perine","PlayerId":"2558138","Pos":"RB","Team":"CIN","PlayerOpponent":"Bye","PassingYDS":"","PassingInt":"","PassingTD":"","RushingPassingYDS":"","ReceivingRec":"","ReceivingYDS":"","ReceivingTD":"","RetTD":"","FumTD":"","2PT":"","Fum":"","PlayerWeekProjectedPts":"","Rank":173,"TotalPoints":"0.00","ProjectionDiff":null},{"PlayerName":"Malcolm Perry","PlayerId":"2564484","Pos":"RB","Team":"NE","PlayerOpponent":"CLE","PassingYDS":"","PassingInt":"","PassingTD":"","RushingPassingYDS":"","ReceivingRec":"","ReceivingYDS":"","ReceivingTD":"","RetTD":"","FumTD":"","2PT":"","Fum":"","PlayerWeekProjectedPts":null,"Rank":174,"TotalPoints":"0.00","ProjectionDiff":null},{"PlayerName":"Senorise Perry","PlayerId":"2550633","Pos":"RB","Team":"FA","PlayerOpponent":"Bye","PassingYDS":"","PassingInt":"","PassingTD":"","RushingPassingYDS":"","ReceivingRec":"","ReceivingYDS":"","ReceivingTD":"","RetTD":"","FumTD":"","2PT":"","Fum":"","PlayerWeekProjectedPts":"","Rank":175,"TotalPoints":"0.00","ProjectionDiff":null},{"PlayerName":"Adrian Peterson","PlayerId":"2507164","Pos":"RB","Team":"TEN","PlayerOpponent":"NO","PassingYDS":"","PassingInt":"","PassingTD":"","RushingPassingYDS":"","ReceivingRec":"","ReceivingYDS":"","ReceivingTD":"","RetTD":"","FumTD":"","2PT":"","Fum":"","PlayerWeekProjectedPts":"10.59","Rank":176,"TotalPoints":"0.00","ProjectionDiff":-10.59},{"PlayerName":"Scottie Phillips","PlayerId":"2564085","Pos":"RB","Team":"HOU","PlayerOpponent":"Bye","PassingYDS":"","PassingInt":"","PassingTD":"","RushingPassingYDS":"","ReceivingRec":"","ReceivingYDS":"","ReceivingTD":"","RetTD":"","FumTD":"","2PT":"","Fum":"","PlayerWeekProjectedPts":null,"Rank":177,"TotalPoints":"0.00","ProjectionDiff":null},{"PlayerName":"Artavis Pierce","PlayerId":"2565417","Pos":"RB","Team":"CHI","PlayerOpponent":"Bye","PassingYDS":"","PassingInt":"","PassingTD":"","RushingPassingYDS":"","ReceivingRec":"","ReceivingYDS":"","ReceivingTD":"","RetTD":"","FumTD":"","2PT":"","Fum":"","PlayerWeekProjectedPts":"","Rank":178,"TotalPoints":"0.00","ProjectionDiff":null},{"PlayerName":"Sandro Platzgummer","PlayerId":"2565523","Pos":"RB","Team":"NYG","PlayerOpponent":"Bye","PassingYDS":"","PassingInt":"","PassingTD":"","RushingPassingYDS":"","ReceivingRec":"","ReceivingYDS":"","ReceivingTD":"","RetTD":"","FumTD":"","2PT":"","Fum":"","PlayerWeekProjectedPts":"","Rank":179,"TotalPoints":"0.00","ProjectionDiff":null},{"PlayerName":"Tony Pollard","PlayerId":"2562699","Pos":"RB","Team":"DAL","PlayerOpponent":"ATL","PassingYDS":"","PassingInt":"","PassingTD":"","RushingPassingYDS":"","ReceivingRec":"","ReceivingYDS":"","ReceivingTD":"","RetTD":"","FumTD":"","2PT":"","Fum":"","PlayerWeekProjectedPts":"8.19","Rank":180,"TotalPoints":"0.00","ProjectionDiff":-8.19},{"PlayerName":"C.J. Prosise","PlayerId":"2555417","Pos":"RB","Team":"FA","PlayerOpponent":"Bye","PassingYDS":"","PassingInt":"","PassingTD":"","RushingPassingYDS":"","ReceivingRec":"","ReceivingYDS":"","ReceivingTD":"","RetTD":"","FumTD":"","2PT":"","Fum":"","PlayerWeekProjectedPts":"","Rank":181,"TotalPoints":"0.00","ProjectionDiff":null},{"PlayerName":"Trey Ragas","PlayerId":"2565654","Pos":"RB","Team":"LV","PlayerOpponent":"KC","PassingYDS":"","PassingInt":"","PassingTD":"","RushingPassingYDS":"","ReceivingRec":"","ReceivingYDS":"","ReceivingTD":"","RetTD":"","FumTD":"","2PT":"","Fum":"","PlayerWeekProjectedPts":"0.00","Rank":182,"TotalPoints":"0.00","ProjectionDiff":0.0},{"PlayerName":"Craig Reynolds","PlayerId":"2562834","Pos":"RB","Team":"DET","PlayerOpponent":"@PIT","PassingYDS":"","PassingInt":"","PassingTD":"","RushingPassingYDS":"","ReceivingRec":"","ReceivingYDS":"","ReceivingTD":"","RetTD":"","FumTD":"","2PT":"","Fum":"","PlayerWeekProjectedPts":"0.00","Rank":183,"TotalPoints":"0.00","ProjectionDiff":0.0},{"PlayerName":"Patrick Ricard","PlayerId":"2558990","Pos":"RB","Team":"BAL","PlayerOpponent":"@MIA","PassingYDS":"","PassingInt":"","PassingTD":"","RushingPassingYDS":"","ReceivingRec":"","ReceivingYDS":"","ReceivingTD":"","RetTD":"","FumTD":"","2PT":"","Fum":"","PlayerWeekProjectedPts":"1.52","Rank":184,"TotalPoints":"0.00","ProjectionDiff":-1.52},{"PlayerName":"Jalen Richard","PlayerId":"2556885","Pos":"RB","Team":"LV","PlayerOpponent":"KC","PassingYDS":"","PassingInt":"","PassingTD":"","RushingPassingYDS":"","ReceivingRec":"","ReceivingYDS":"","ReceivingTD":"","RetTD":"","FumTD":"","2PT":"","Fum":"","PlayerWeekProjectedPts":"3.08","Rank":185,"TotalPoints":"0.00","ProjectionDiff":-3.08},{"PlayerName":"Theo Riddick","PlayerId":"2540020","Pos":"RB","Team":"FA","PlayerOpponent":"Bye","PassingYDS":"","PassingInt":"","PassingTD":"","RushingPassingYDS":"","ReceivingRec":"","ReceivingYDS":"","ReceivingTD":"","RetTD":"","FumTD":"","2PT":"","Fum":"","PlayerWeekProjectedPts":"","Rank":186,"TotalPoints":"0.00","ProjectionDiff":null},{"PlayerName":"James Robinson","PlayerId":"2564223","Pos":"RB","Team":"JAX","PlayerOpponent":"@IND","PassingYDS":"","PassingInt":"","PassingTD":"","RushingPassingYDS":"","ReceivingRec":"","ReceivingYDS":"","ReceivingTD":"","RetTD":"","FumTD":"","2PT":"","Fum":"","PlayerWeekProjectedPts":"11.11","Rank":187,"TotalPoints":"0.00","ProjectionDiff":-11.11},{"PlayerName":"Larry Rountree III","PlayerId":"2566505","Pos":"RB","Team":"LAC","PlayerOpponent":"MIN","PassingYDS":"","PassingInt":"","PassingTD":"","RushingPassingYDS":"","ReceivingRec":"","ReceivingYDS":"","ReceivingTD":"","RetTD":"","FumTD":"","2PT":"","Fum":"","PlayerWeekProjectedPts":"0.00","Rank":188,"TotalPoints":"0.00","ProjectionDiff":0.0},{"PlayerName":"Jaylen Samuels","PlayerId":"2560862","Pos":"RB","Team":"HOU","PlayerOpponent":"Bye","PassingYDS":"","PassingInt":"","PassingTD":"","RushingPassingYDS":"","ReceivingRec":"","ReceivingYDS":"","ReceivingTD":"","RetTD":"","FumTD":"","2PT":"","Fum":"","PlayerWeekProjectedPts":"","Rank":189,"TotalPoints":"0.00","ProjectionDiff":null},{"PlayerName":"Miles Sanders","PlayerId":"2562722","Pos":"RB","Team":"PHI","PlayerOpponent":"@DEN","PassingYDS":"","PassingInt":"","PassingTD":"","RushingPassingYDS":"","ReceivingRec":"","ReceivingYDS":"","ReceivingTD":"","RetTD":"","FumTD":"","2PT":"","Fum":"","PlayerWeekProjectedPts":null,"Rank":190,"TotalPoints":"0.00","ProjectionDiff":null},{"PlayerName":"Mekhi Sargent","PlayerId":"2566962","Pos":"RB","Team":"LA","PlayerOpponent":"@SF","PassingYDS":"","PassingInt":"","PassingTD":"","RushingPassingYDS":"","ReceivingRec":"","ReceivingYDS":"","ReceivingTD":"","RetTD":"","FumTD":"","2PT":"","Fum":"","PlayerWeekProjectedPts":"0.00","Rank":191,"TotalPoints":"0.00","ProjectionDiff":0.0},{"PlayerName":"Jordan Scarlett","PlayerId":"2562725","Pos":"RB","Team":"FA","PlayerOpponent":"Bye","PassingYDS":"","PassingInt":"","PassingTD":"","RushingPassingYDS":"","ReceivingRec":"","ReceivingYDS":"","ReceivingTD":"","RetTD":"","FumTD":"","2PT":"","Fum":"","PlayerWeekProjectedPts":"","Rank":192,"TotalPoints":"0.00","ProjectionDiff":null},{"PlayerName":"Boston Scott","PlayerId":"2561146","Pos":"RB","Team":"PHI","PlayerOpponent":"@DEN","PassingYDS":"","PassingInt":"","PassingTD":"","RushingPassingYDS":"","ReceivingRec":"","ReceivingYDS":"","ReceivingTD":"","RetTD":"","FumTD":"","2PT":"","Fum":"","PlayerWeekProjectedPts":"2.48","Rank":193,"TotalPoints":"0.00","ProjectionDiff":-2.48},{"PlayerName":"Stevie Scott III","PlayerId":"2565705","Pos":"RB","Team":"FA","PlayerOpponent":"Bye","PassingYDS":"","PassingInt":"","PassingTD":"","RushingPassingYDS":"","ReceivingRec":"","ReceivingYDS":"","ReceivingTD":"","RetTD":"","FumTD":"","2PT":"","Fum":"","PlayerWeekProjectedPts":"","Rank":194,"TotalPoints":"0.00","ProjectionDiff":null},{"PlayerName":"Trey Sermon","PlayerId":"2566544","Pos":"RB","Team":"SF","PlayerOpponent":"LA","PassingYDS":"","PassingInt":"","PassingTD":"","RushingPassingYDS":"","ReceivingRec":"","ReceivingYDS":"","ReceivingTD":"","RetTD":"","FumTD":"","2PT":"","Fum":"","PlayerWeekProjectedPts":"2.16","Rank":195,"TotalPoints":"0.00","ProjectionDiff":-2.16},{"PlayerName":"Anthony Sherman","PlayerId":"2495340","Pos":"RB","Team":"FA","PlayerOpponent":"Bye","PassingYDS":"","PassingInt":"","PassingTD":"","RushingPassingYDS":"","ReceivingRec":"","ReceivingYDS":"","ReceivingTD":"","RetTD":"","FumTD":"","2PT":"","Fum":"","PlayerWeekProjectedPts":"","Rank":196,"TotalPoints":"0.00","ProjectionDiff":null},{"PlayerName":"Devin Singletary","PlayerId":"2562734","Pos":"RB","Team":"BUF","PlayerOpponent":"@NYJ","PassingYDS":"","PassingInt":"","PassingTD":"","RushingPassingYDS":"","ReceivingRec":"","ReceivingYDS":"","ReceivingTD":"","RetTD":"","FumTD":"","2PT":"","Fum":"","PlayerWeekProjectedPts":"7.17","Rank":197,"TotalPoints":"0.00","ProjectionDiff":-7.17},{"PlayerName":"Ito Smith","PlayerId":"2559924","Pos":"RB","Team":"FA","PlayerOpponent":"Bye","PassingYDS":"","PassingInt":"","PassingTD":"","RushingPassingYDS":"","ReceivingRec":"","ReceivingYDS":"","ReceivingTD":"","RetTD":"","FumTD":"","2PT":"","Fum":"","PlayerWeekProjectedPts":"","Rank":198,"TotalPoints":"0.00","ProjectionDiff":null},{"PlayerName":"Keith Smith","PlayerId":"2550400","Pos":"RB","Team":"ATL","PlayerOpponent":"@DAL","PassingYDS":"","PassingInt":"","PassingTD":"","RushingPassingYDS":"","ReceivingRec":"","ReceivingYDS":"","ReceivingTD":"","RetTD":"","FumTD":"","2PT":"","Fum":"","PlayerWeekProjectedPts":"0.62","Rank":199,"TotalPoints":"0.00","ProjectionDiff":-0.62},{"PlayerName":"Rodney Smith","PlayerId":"2563680","Pos":"RB","Team":"FA","PlayerOpponent":"Bye","PassingYDS":"","PassingInt":"","PassingTD":"","RushingPassingYDS":"","ReceivingRec":"","ReceivingYDS":"","ReceivingTD":"","RetTD":"","FumTD":"","2PT":"","Fum":"","PlayerWeekProjectedPts":"","Rank":200,"TotalPoints":"0.00","ProjectionDiff":null},{"PlayerName":"Benny Snell","PlayerId":"2562743","Pos":"RB","Team":"PIT","PlayerOpponent":"DET","PassingYDS":"","PassingInt":"","PassingTD":"","RushingPassingYDS":"","ReceivingRec":"","ReceivingYDS":"","ReceivingTD":"","RetTD":"","FumTD":"","2PT":"","Fum":"","PlayerWeekProjectedPts":"1.30","Rank":201,"TotalPoints":"0.00","ProjectionDiff":-1.3},{"PlayerName":"Johnny Stanton","PlayerId":"2561489","Pos":"RB","Team":"CLE","PlayerOpponent":"@NE","PassingYDS":"","PassingInt":"","PassingTD":"","RushingPassingYDS":"","ReceivingRec":"","ReceivingYDS":"","ReceivingTD":"","RetTD":"","FumTD":"","2PT":"","Fum":"","PlayerWeekProjectedPts":"0.00","Rank":202,"TotalPoints":"0.00","ProjectionDiff":0.0},{"PlayerName":"Rhamondre Stevenson","PlayerId":"2566343","Pos":"RB","Team":"NE","PlayerOpponent":"CLE","PassingYDS":"","PassingInt":"","PassingTD":"","RushingPassingYDS":"","ReceivingRec":"","ReceivingYDS":"","ReceivingTD":"","RetTD":"","FumTD":"","2PT":"","Fum":"","PlayerWeekProjectedPts":"6.74","Rank":203,"TotalPoints":"0.00","ProjectionDiff":-6.74},{"PlayerName":"Mason Stokke","PlayerId":"2565579","Pos":"RB","Team":"FA","PlayerOpponent":"Bye","PassingYDS":"","PassingInt":"","PassingTD":"","RushingPassingYDS":"","ReceivingRec":"","ReceivingYDS":"","ReceivingTD":"","RetTD":"","FumTD":"","2PT":"","Fum":"","PlayerWeekProjectedPts":"","Rank":204,"TotalPoints":"0.00","ProjectionDiff":null},{"PlayerName":"D'Andre Swift","PlayerId":"2563965","Pos":"RB","Team":"DET","PlayerOpponent":"@PIT","PassingYDS":"","PassingInt":"","PassingTD":"","RushingPassingYDS":"","ReceivingRec":"","ReceivingYDS":"","ReceivingTD":"","RetTD":"","FumTD":"","2PT":"","Fum":"","PlayerWeekProjectedPts":"14.10","Rank":205,"TotalPoints":"0.00","ProjectionDiff":-14.1},{"PlayerName":"J.J. Taylor","PlayerId":"2564640","Pos":"RB","Team":"NE","PlayerOpponent":"CLE","PassingYDS":"","PassingInt":"","PassingTD":"","RushingPassingYDS":"","ReceivingRec":"","ReceivingYDS":"","ReceivingTD":"","RetTD":"","FumTD":"","2PT":"","Fum":"","PlayerWeekProjectedPts":"0.00","Rank":206,"TotalPoints":"0.00","ProjectionDiff":0.0},{"PlayerName":"Jonathan Taylor","PlayerId":"2564148","Pos":"RB","Team":"IND","PlayerOpponent":"JAX","PassingYDS":"","PassingInt":"","PassingTD":"","RushingPassingYDS":"","ReceivingRec":"","ReceivingYDS":"","ReceivingTD":"","RetTD":"","FumTD":"","2PT":"","Fum":"","PlayerWeekProjectedPts":"16.86","Rank":207,"TotalPoints":"0.00","ProjectionDiff":-16.86},{"PlayerName":"Patrick Taylor","PlayerId":"2564040","Pos":"RB","Team":"GB","PlayerOpponent":"SEA","PassingYDS":"","PassingInt":"","PassingTD":"","RushingPassingYDS":"","ReceivingRec":"","ReceivingYDS":"","ReceivingTD":"","RetTD":"","FumTD":"","2PT":"","Fum":"","PlayerWeekProjectedPts":"1.75","Rank":208,"TotalPoints":"0.00","ProjectionDiff":-1.75},{"PlayerName":"Chris Thompson","PlayerId":"2540011","Pos":"RB","Team":"FA","PlayerOpponent":"Bye","PassingYDS":"","PassingInt":"","PassingTD":"","RushingPassingYDS":"","ReceivingRec":"","ReceivingYDS":"","ReceivingTD":"","RetTD":"","FumTD":"","2PT":"","Fum":"","PlayerWeekProjectedPts":"","Rank":209,"TotalPoints":"0.00","ProjectionDiff":null},{"PlayerName":"Darwin Thompson","PlayerId":"2562832","Pos":"RB","Team":"TB","PlayerOpponent":"@WAS","PassingYDS":"","PassingInt":"","PassingTD":"","RushingPassingYDS":"","ReceivingRec":"","ReceivingYDS":"","ReceivingTD":"","RetTD":"","FumTD":"","2PT":"","Fum":"","PlayerWeekProjectedPts":"0.00","Rank":210,"TotalPoints":"0.00","ProjectionDiff":0.0},{"PlayerName":"Ke'Shawn Vaughn","PlayerId":"2565258","Pos":"RB","Team":"TB","PlayerOpponent":"@WAS","PassingYDS":"","PassingInt":"","PassingTD":"","RushingPassingYDS":"","ReceivingRec":"","ReceivingYDS":"","ReceivingTD":"","RetTD":"","FumTD":"","2PT":"","Fum":"","PlayerWeekProjectedPts":"0.00","Rank":211,"TotalPoints":"0.00","ProjectionDiff":0.0},{"PlayerName":"Danny Vitale","PlayerId":"2555218","Pos":"RB","Team":"FA","PlayerOpponent":"Bye","PassingYDS":"","PassingInt":"","PassingTD":"","RushingPassingYDS":"","ReceivingRec":"","ReceivingYDS":"","ReceivingTD":"","RetTD":"","FumTD":"","2PT":"","Fum":"","PlayerWeekProjectedPts":"","Rank":212,"TotalPoints":"0.00","ProjectionDiff":null},{"PlayerName":"Christian Wade","PlayerId":"2562896","Pos":"RB","Team":"BUF","PlayerOpponent":"@NYJ","PassingYDS":"","PassingInt":"","PassingTD":"","RushingPassingYDS":"","ReceivingRec":"","ReceivingYDS":"","ReceivingTD":"","RetTD":"","FumTD":"","2PT":"","Fum":"","PlayerWeekProjectedPts":null,"Rank":213,"TotalPoints":"0.00","ProjectionDiff":null},{"PlayerName":"Austin Walter","PlayerId":"2563138","Pos":"RB","Team":"NYJ","PlayerOpponent":"BUF","PassingYDS":"","PassingInt":"","PassingTD":"","RushingPassingYDS":"","ReceivingRec":"","ReceivingYDS":"","ReceivingTD":"","RetTD":"","FumTD":"","2PT":"","Fum":"","PlayerWeekProjectedPts":"0.00","Rank":214,"TotalPoints":"0.00","ProjectionDiff":0.0},{"PlayerName":"Jonathan Ward","PlayerId":"2564949","Pos":"RB","Team":"ARI","PlayerOpponent":"CAR","PassingYDS":"","PassingInt":"","PassingTD":"","RushingPassingYDS":"","ReceivingRec":"","ReceivingYDS":"","ReceivingTD":"","RetTD":"","FumTD":"","2PT":"","Fum":"","PlayerWeekProjectedPts":"1.32","Rank":215,"TotalPoints":"0.00","ProjectionDiff":-1.32},{"PlayerName":"DeAndre Washington","PlayerId":"2555464","Pos":"RB","Team":"FA","PlayerOpponent":"Bye","PassingYDS":"","PassingInt":"","PassingTD":"","RushingPassingYDS":"","ReceivingRec":"","ReceivingYDS":"","ReceivingTD":"","RetTD":"","FumTD":"","2PT":"","Fum":"","PlayerWeekProjectedPts":"","Rank":216,"TotalPoints":"0.00","ProjectionDiff":null},{"PlayerName":"Dwayne Washington","PlayerId":"2556118","Pos":"RB","Team":"NO","PlayerOpponent":"@TEN","PassingYDS":"","PassingInt":"","PassingTD":"","RushingPassingYDS":"","ReceivingRec":"","ReceivingYDS":"","ReceivingTD":"","RetTD":"","FumTD":"","2PT":"","Fum":"","PlayerWeekProjectedPts":"0.00","Rank":217,"TotalPoints":"0.00","ProjectionDiff":0.0},{"PlayerName":"Derek Watt","PlayerId":"2555220","Pos":"RB","Team":"PIT","PlayerOpponent":"DET","PassingYDS":"","PassingInt":"","PassingTD":"","RushingPassingYDS":"","ReceivingRec":"","ReceivingYDS":"","ReceivingTD":"","RetTD":"","FumTD":"","2PT":"","Fum":"","PlayerWeekProjectedPts":"0.65","Rank":218,"TotalPoints":"0.00","ProjectionDiff":-0.65},{"PlayerName":"Mike Weber","PlayerId":"2562775","Pos":"RB","Team":"FA","PlayerOpponent":"Bye","PassingYDS":"","PassingInt":"","PassingTD":"","RushingPassingYDS":"","ReceivingRec":"","ReceivingYDS":"","ReceivingTD":"","RetTD":"","FumTD":"","2PT":"","Fum":"","PlayerWeekProjectedPts":"","Rank":219,"TotalPoints":"0.00","ProjectionDiff":null},{"PlayerName":"James White","PlayerId":"2543773","Pos":"RB","Team":"NE","PlayerOpponent":"CLE","PassingYDS":"","PassingInt":"","PassingTD":"","RushingPassingYDS":"","ReceivingRec":"","ReceivingYDS":"","ReceivingTD":"","RetTD":"","FumTD":"","2PT":"","Fum":"","PlayerWeekProjectedPts":null,"Rank":220,"TotalPoints":"0.00","ProjectionDiff":null},{"PlayerName":"Jordan Wilkins","PlayerId":"2560933","Pos":"RB","Team":"JAX","PlayerOpponent":"@IND","PassingYDS":"","PassingInt":"","PassingTD":"","RushingPassingYDS":"","ReceivingRec":"","ReceivingYDS":"","ReceivingTD":"","RetTD":"","FumTD":"","2PT":"","Fum":"","PlayerWeekProjectedPts":"0.00","Rank":221,"TotalPoints":"0.00","ProjectionDiff":0.0},{"PlayerName":"Antonio Williams","PlayerId":"2565393","Pos":"RB","Team":"BUF","PlayerOpponent":"@NYJ","PassingYDS":"","PassingInt":"","PassingTD":"","RushingPassingYDS":"","ReceivingRec":"","ReceivingYDS":"","ReceivingTD":"","RetTD":"","FumTD":"","2PT":"","Fum":"","PlayerWeekProjectedPts":"0.00","Rank":222,"TotalPoints":"0.00","ProjectionDiff":0.0},{"PlayerName":"Damien Williams","PlayerId":"2550512","Pos":"RB","Team":"CHI","PlayerOpponent":"Bye","PassingYDS":"","PassingInt":"","PassingTD":"","RushingPassingYDS":"","ReceivingRec":"","ReceivingYDS":"","ReceivingTD":"","RetTD":"","FumTD":"","2PT":"","Fum":"","PlayerWeekProjectedPts":"","Rank":223,"TotalPoints":"0.00","ProjectionDiff":null},{"PlayerName":"Darrel Williams","PlayerId":"2560935","Pos":"RB","Team":"KC","PlayerOpponent":"@LV","PassingYDS":"","PassingInt":"","PassingTD":"","RushingPassingYDS":"","ReceivingRec":"","ReceivingYDS":"","ReceivingTD":"","RetTD":"","FumTD":"","2PT":"","Fum":"","PlayerWeekProjectedPts":"4.95","Rank":224,"TotalPoints":"0.00","ProjectionDiff":-4.95},{"PlayerName":"Dexter Williams","PlayerId":"2562784","Pos":"RB","Team":"FA","PlayerOpponent":"Bye","PassingYDS":"","PassingInt":"","PassingTD":"","RushingPassingYDS":"","ReceivingRec":"","ReceivingYDS":"","ReceivingTD":"","RetTD":"","FumTD":"","2PT":"","Fum":"","PlayerWeekProjectedPts":"","Rank":225,"TotalPoints":"0.00","ProjectionDiff":null},{"PlayerName":"Jamaal Williams","PlayerId":"2558204","Pos":"RB","Team":"DET","PlayerOpponent":"@PIT","PassingYDS":"","PassingInt":"","PassingTD":"","RushingPassingYDS":"","ReceivingRec":"","ReceivingYDS":"","ReceivingTD":"","RetTD":"","FumTD":"","2PT":"","Fum":"","PlayerWeekProjectedPts":"6.64","Rank":226,"TotalPoints":"0.00","ProjectionDiff":-6.64},{"PlayerName":"Javonte Williams","PlayerId":"2566049","Pos":"RB","Team":"DEN","PlayerOpponent":"PHI","PassingYDS":"","PassingInt":"","PassingTD":"","RushingPassingYDS":"","ReceivingRec":"","ReceivingYDS":"","ReceivingTD":"","RetTD":"","FumTD":"","2PT":"","Fum":"","PlayerWeekProjectedPts":"10.30","Rank":227,"TotalPoints":"0.00","ProjectionDiff":-10.3},{"PlayerName":"Jonathan Williams","PlayerId":"2555227","Pos":"RB","Team":"FA","PlayerOpponent":"Bye","PassingYDS":"","PassingInt":"","PassingTD":"","RushingPassingYDS":"","ReceivingRec":"","ReceivingYDS":"","ReceivingTD":"","RetTD":"","FumTD":"","2PT":"","Fum":"","PlayerWeekProjectedPts":"","Rank":228,"TotalPoints":"0.00","ProjectionDiff":null},{"PlayerName":"Pooka Williams Jr.","PlayerId":"2566788","Pos":"RB","Team":"CIN","PlayerOpponent":"Bye","PassingYDS":"","PassingInt":"","PassingTD":"","RushingPassingYDS":"","ReceivingRec":"","ReceivingYDS":"","ReceivingTD":"","RetTD":"","FumTD":"","2PT":"","Fum":"","PlayerWeekProjectedPts":"","Rank":229,"TotalPoints":"0.00","ProjectionDiff":null},{"PlayerName":"Trayveon Williams","PlayerId":"2562600","Pos":"RB","Team":"CIN","PlayerOpponent":"Bye","PassingYDS":"","PassingInt":"","PassingTD":"","RushingPassingYDS":"","ReceivingRec":"","ReceivingYDS":"","ReceivingTD":"","RetTD":"","FumTD":"","2PT":"","Fum":"","PlayerWeekProjectedPts":"","Rank":230,"TotalPoints":"0.00","ProjectionDiff":null},{"PlayerName":"Ty'Son Williams","PlayerId":"2565542","Pos":"RB","Team":"BAL","PlayerOpponent":"@MIA","PassingYDS":"","PassingInt":"","PassingTD":"","RushingPassingYDS":"","ReceivingRec":"","ReceivingYDS":"","ReceivingTD":"","RetTD":"","FumTD":"","2PT":"","Fum":"","PlayerWeekProjectedPts":"2.64","Rank":231,"TotalPoints":"0.00","ProjectionDiff":-2.64},{"PlayerName":"Jeff Wilson","PlayerId":"2560938","Pos":"RB","Team":"SF","PlayerOpponent":"LA","PassingYDS":"","PassingInt":"","PassingTD":"","RushingPassingYDS":"","ReceivingRec":"","ReceivingYDS":"","ReceivingTD":"","RetTD":"","FumTD":"","2PT":"","Fum":"","PlayerWeekProjectedPts":"6.05","Rank":232,"TotalPoints":"0.00","ProjectionDiff":-6.05},{"PlayerName":"T.J. Yeldon","PlayerId":"2552471","Pos":"RB","Team":"FA","PlayerOpponent":"Bye","PassingYDS":"","PassingInt":"","PassingTD":"","RushingPassingYDS":"","ReceivingRec":"","ReceivingYDS":"","ReceivingTD":"","RetTD":"","FumTD":"","2PT":"","Fum":"","PlayerWeekProjectedPts":"","Rank":233,"TotalPoints":"0.00","ProjectionDiff":null}]