PlayerName,PlayerId,Pos,Team,PlayerOpponent,PassingYDS,PassingInt,PassingTD,RushingPassingYDS,ReceivingRec,ReceivingYDS,ReceivingTD,RetTD,FumTD,2PT,Fum,PlayerWeekProjectedPts,Rank,TotalPoints,y,ProjectionDiff
Josh Allen,2560955,QB,BUF,WAS,358,,4,9,,,,,,,,22.40,1,37.22,22.4,14.82
Justin Herbert,2565045,QB,LAC,@KC,281,,4,16,,,,,,1,,19.21,2,30.84,19.21,11.63
Matthew Stafford,79860,QB,LA,TB,343,,4,-2,,,,,,,,19.28,3,29.52,19.28,10.24
Tom Brady,2504211,QB,TB,@LA,432,,1,14,,,,,,,1,19.07,4,26.68,19.07,7.61
Kirk Cousins,2532820,QB,MIN,SEA,323,,3,2,,,,,,,1,19.84,5,24.12,19.84,4.28
Taylor Heinicke,2553656,QB,WAS,@BUF,212,2,2,21,1,-2,,,,,,15.60,6,23.58,15.6,7.98
Ryan Tannehill,2532956,QB,TEN,IND,197,2,3,56,,,,,,,,20.47,7,23.18,20.47,2.71
Patrick Mahomes,2558125,QB,KC,LAC,260,2,3,45,,,,,,,,22.72,8,22.90,22.72,0.18
Derek Carr,2543499,QB,LV,MIA,386,1,2,-2,,,,,,,,19.13,9,22.24,19.13,3.11
Sam Darnold,2561036,QB,CAR,@HOU,304,,,11,,,,,,,2,17.39,10,21.26,17.39,3.87
Jalen Hurts,2564832,QB,PHI,@DAL,326,2,2,35,,,,,,,,18.93,11,20.54,18.93,1.61
Jacoby Brissett,2555261,QB,MIA,@LV,215,,,37,,,,,,1,1,16.75,12,19.30,16.75,2.55
Dak Prescott,2555260,QB,DAL,PHI,238,,3,6,,,,,,,2,20.78,13,18.99,20.78,-1.79
Kyler Murray,2562382,QB,ARI,@JAX,316,1,,19,,,,,,,,21.73,14,18.54,21.73,-3.19
Aaron Rodgers,2506363,QB,GB,@SF,261,,2,,1,-4,,,,,,20.30,15,18.54,20.3,-1.76
Lamar Jackson,2560757,QB,BAL,@DET,287,1,1,58,,,,,,,1,22.79,16,18.28,22.79,-4.51
Joe Burrow,2563722,QB,CIN,@PIT,172,1,3,7,,,,,,,,14.64,17,17.58,14.64,2.94
Baker Mayfield,2560800,QB,CLE,CHI,246,,1,31,,,,,,,,20.19,18,16.94,20.19,-3.25
Russell Wilson,2532975,QB,SEA,@MIN,298,,1,7,,,,,,,,,19,16.62,,
Jimmy Garoppolo,2543801,QB,SF,GB,257,1,2,4,,,,,,,1,17.26,20,15.68,17.26,-1.58
Matt Ryan,310,QB,ATL,@NYG,243,,2,-1,,,,,,,1,16.89,21,15.62,16.89,-1.27
Daniel Jones,2562299,QB,NYG,ATL,266,,,39,,,,,,1,2,20.34,22,14.17,20.34,-6.17
Jameis Winston,2552033,QB,NO,@NE,128,,2,4,,,,,,,,,23,13.52,,
Ben Roethlisberger,2506109,QB,PIT,CIN,318,2,1,5,,,,,,,,17.87,24,13.22,17.87,-4.65
Teddy Bridgewater,2543465,QB,DEN,NYJ,235,,,24,,,,,,,,18.62,25,11.80,18.62,-6.82
Davis Mills,2566136,QB,HOU,CAR,168,,1,,,,,,,,,14.53,26,11.72,14.53,-2.81
Mac Jones,2566334,QB,NE,NO,270,3,1,28,,,,,,,,13.06,27,11.60,13.06,-1.46
Taysom Hill,2558954,QB,NO,@NE,,,,32,,,,,,,,1.01,28,9.20,1.01,8.19
Jared Goff,2555334,QB,DET,BAL,217,,,4,,,,,,,,18.29,29,9.08,18.29,-9.21
Carson Wentz,2555259,QB,IND,@TEN,194,,,,,,,,,,,17.63,30,7.76,17.63,-9.87
Trevor Lawrence,2566163,QB,JAX,ARI,219,2,1,27,,,,,,,2,14.29,31,7.46,14.29,-6.83
Trey Lance,2566532,QB,SF,GB,,,,1,,,,,,,,1.75,32,6.10,1.75,4.35
Justin Fields,2565920,QB,CHI,@CLE,68,,,12,,,,,,,,17.38,33,3.92,17.38,-13.46
Zach Wilson,2566391,QB,NYJ,@DEN,160,2,,2,,,,,,,,13.34,34,2.60,13.34,-10.74
Mitchell Trubisky,2558008,QB,BUF,WAS,1,,,19,,,,,,,,0.75,35,1.94,0.75,1.19
Brandon Allen,2555365,QB,CIN,@PIT,,,,,,,,,,,,0.47,36,0.00,0.47,-0.47
Kyle Allen,2561177,QB,WAS,@BUF,,,,,,,,,,,,0.75,37,0.00,0.75,-0.75
Kenji Bahar,2566608,QB,FA,Bye,,,,,,,,,,,,,38,0.00,,
Matt Barkley,2539308,QB,TEN,IND,,,,,,,,,,,,0.00,39,0.00,0.0,0.0
C.J. Beathard,2557922,QB,JAX,ARI,,,,,,,,,,,,1.03,40,0.00,1.03,-1.03
David Blough,2563043,QB,DET,BAL,,,,,,,,,,,,0.31,41,0.00,0.31,-0.31
Ian Book,2566352,QB,NO,@NE,,,,,,,,,,,,0.00,42,0.00,0.0,0.0
Blake Bortles,2543477,QB,GB,@SF,,,,,,,,,,,,0.00,43,0.00,0.0,0.0
Tim Boyle,2561187,QB,DET,BAL,,,,,,,,,,,,,44,0.00,,
Drew Brees,2504775,QB,FA,Bye,,,,,,,,,,,,,45,0.00,,
Jake Browning,2562634,QB,CIN,@PIT,,,,,,,,,,,,0.00,46,0.00,0.0,0.0
Shane Buechele,2566983,QB,KC,LAC,,,,,,,,,,,,0.00,47,0.00,0.0,0.0
Andy Dalton,2495143,QB,CHI,@CLE,,,,,,,,,,,,0.00,48,0.00,0.0,0.0
Chase Daniel,81284,QB,LAC,@KC,,,,,,,,,,,,0.00,49,0.00,0.0,0.0
Ben DiNucci,2563839,QB,DAL,PHI,,,,,,,,,,,,0.00,50,0.00,0.0,0.0
Joshua Dobbs,2558167,QB,PIT,CIN,,,,,,,,,,,,,51,0.00,,
Jeff Driskel,2555262,QB,HOU,CAR,,,,,,,,,,,,0.81,52,0.00,0.81,-0.81
Jacob Eason,2564115,QB,SEA,@MIN,,,,,,,,,,,,0.84,53,0.00,0.84,-0.84
Sam Ehlinger,2566142,QB,IND,@TEN,,,,,,,,,,,,0.00,54,0.00,0.0,0.0
Danny Etling,2560717,QB,FA,Bye,,,,,,,,,,,,,55,0.00,,
Ryan Finley,2562651,QB,FA,Bye,,,,,,,,,,,,,56,0.00,,
Ryan Fitzpatrick,2506581,QB,WAS,@BUF,,,,,,,,,,,,,57,0.00,,
Joe Flacco,382,QB,NYJ,@DEN,,,,,,,,,,,,0.64,58,0.00,0.64,-0.64
Nick Foles,2532842,QB,CHI,@CLE,,,,,,,,,,,,0.78,59,0.00,0.78,-0.78
Feleipe Franks,2566683,QB,ATL,@NYG,,,,,,,,,,,,1.45,60,0.00,1.45,-1.45
Jake Fromm,2563608,QB,BUF,WAS,,,,,,,,,,,,,61,0.00,,
Blaine Gabbert,2495441,QB,TB,@LA,,,,,,,,,,,,0.52,62,0.00,0.52,-0.52
Garrett Gilbert,2549982,QB,NE,NO,,,,,,,,,,,,0.00,63,0.00,0.0,0.0
Mike Glennon,2539275,QB,NYG,ATL,,,,,,,,,,,,0.71,64,0.00,0.71,-0.71
Anthony Gordon,2565153,QB,FA,Bye,,,,,,,,,,,,,65,0.00,,
Will Grier,2562404,QB,DAL,PHI,,,,,,,,,,,,0.00,66,0.00,0.0,0.0
Ryan Griffin,2541185,QB,TB,@LA,,,,,,,,,,,,0.00,67,0.00,0.0,0.0
Dwayne Haskins,2562660,QB,PIT,CIN,,,,,,,,,,,,0.00,68,0.00,0.0,0.0
Chad Henne,252,QB,KC,LAC,,,,,,,,,,,,0.58,69,0.00,0.58,-0.58
Devlin Hodges,2563258,QB,FA,Bye,,,,,,,,,,,,,70,0.00,,
Brian Hoyer,81294,QB,NE,NO,,,,,,,,,,,,1.09,71,0.00,1.09,-1.09
Brett Hundley,2552588,QB,IND,@TEN,,,,,,,,,,,,1.22,72,0.00,1.22,-1.22
Tyler Huntley,2563560,QB,BAL,@DET,,,,,,,,,,,,1.52,73,0.00,1.52,-1.52
Josh Johnson,264,QB,NYJ,@DEN,,,,,,,,,,,,0.00,74,0.00,0.0,0.0
Colin Kaepernick,2495186,QB,FA,Bye,,,,,,,,,,,,,75,0.00,,
Case Keenum,2532888,QB,CLE,CHI,,,,,,,,,,,,0.51,76,0.00,0.51,-0.51
DeShone Kizer,2557983,QB,FA,Bye,,,,,,,,,,,,,77,0.00,,
Kyle Lauletta,2560786,QB,JAX,ARI,,,,,,,,,,,,0.00,78,0.00,0.0,0.0
Drew Lock,2562305,QB,DEN,NYJ,,,,,,,,,,,,1.18,79,0.00,1.18,-1.18
Jordan Love,2564007,QB,GB,@SF,,,,,,,,,,,,1.27,80,0.00,1.27,-1.27
Jake Luton,2564205,QB,SEA,@MIN,,,,,,,,,,,,0.00,81,0.00,0.0,0.0
Sean Mannion,2552576,QB,MIN,SEA,,,,,,,,,,,,0.57,82,0.00,0.57,-0.57
Marcus Mariota,2552466,QB,LV,MIA,,,,,,,,,,,,0.00,83,0.00,0.0,0.0
AJ McCarron,2543497,QB,ATL,@NYG,,,,,,,,,,,,,84,0.00,,
Josh McCown,2505076,QB,FA,Bye,,,,,,,,,,,,,85,0.00,,
Colt McCoy,497123,QB,ARI,@JAX,,,,,,,,,,,,0.62,86,0.00,0.62,-0.62
Cole McDonald,2564052,QB,FA,Bye,,,,,,,,,,,,,87,0.00,,
Alex McGough,2561148,QB,FA,Bye,,,,,,,,,,,,,88,0.00,,
Trace McSorley,2562403,QB,BAL,@DET,,,,,,,,,,,,0.00,89,0.00,0.0,0.0
Gardner Minshew,2562796,QB,PHI,@DAL,,,,,,,,,,,,0.00,90,0.00,0.0,0.0
Kellen Mond,2566310,QB,MIN,SEA,,,,,,,,,,,,0.00,91,0.00,0.0,0.0
Steven Montez,2565285,QB,DET,BAL,,,,,,,,,,,,0.00,92,0.00,0.0,0.0
Matt Moore,2507282,QB,FA,Bye,,,,,,,,,,,,,93,0.00,,
James Morgan,2564805,QB,CAR,@HOU,,,,,,,,,,,,0.00,94,0.00,0.0,0.0
Jalen Morton,2564013,QB,FA,Bye,,,,,,,,,,,,,95,0.00,,
Jamie Newman,2567058,QB,FA,Bye,,,,,,,,,,,,,96,0.00,,
Cam Newton,2495455,QB,FA,Bye,,,,,,,,,,,,,97,0.00,,
Bryce Perkins,2564382,QB,LA,TB,,,,,,,,,,,,0.00,98,0.00,0.0,0.0
Nathan Peterman,2558191,QB,LV,MIA,,,,,,,,,,,,-0.32,99,0.00,-0.32,0.32
Philip Rivers,2506121,QB,FA,Bye,,,,,,,,,,,,,100,0.00,,
Josh Rosen,2560858,QB,ATL,@NYG,,,,,,,,,,,,0.50,101,0.00,0.5,-0.5
Jake Rudock,2556232,QB,FA,Bye,,,,,,,,,,,,,102,0.00,,
Mason Rudolph,2560860,QB,PIT,CIN,,,,,,,,,,,,0.37,103,0.00,0.37,-0.37
Cooper Rush,2559242,QB,DAL,PHI,,,,,,,,,,,,0.92,104,0.00,0.92,-0.92
Brett Rypien,2562718,QB,DEN,NYJ,,,,,,,,,,,,0.00,105,0.00,0.0,0.0
Matt Schaub,2505982,QB,FA,Bye,,,,,,,,,,,,,106,0.00,,
Kyle Shurmur,2562731,QB,WAS,@BUF,,,,,,,,,,,,0.00,107,0.00,0.0,0.0
Trevor Siemian,2553457,QB,NO,@NE,,,,,,,,,,,,0.75,108,0.00,0.75,-0.75
Reid Sinnett,2565255,QB,PHI,@DAL,,,,,,,,,,,,1.13,109,0.00,1.13,-1.13
Alex Smith,2506340,QB,FA,Bye,,,,,,,,,,,,,110,0.00,,
Geno Smith,2539335,QB,SEA,@MIN,,,,,,,,,,,,0.53,111,0.00,0.53,-0.53
Nate Stanley,2564577,QB,MIN,SEA,,,,,,,,,,,,,112,0.00,,
Drew Stanton,2495748,QB,FA,Bye,,,,,,,,,,,,,113,0.00,,
Tommy Stevens,2564697,QB,FA,Bye,,,,,,,,,,,,,114,0.00,,
Easton Stick,2562745,QB,LAC,@KC,,,,,,,,,,,,0.00,115,0.00,0.0,0.0
Jarrett Stidham,2562746,QB,NE,NO,,,,,,,,,,,,0.00,116,0.00,0.0,0.0
Chris Streveler,2563458,QB,ARI,@JAX,,,,,,,,,,,,0.00,117,0.00,0.0,0.0
Nate Sudfeld,2555427,QB,SF,GB,,,,,,,,,,,,0.00,118,0.00,0.0,0.0
Tua Tagovailoa,2564499,QB,MIA,@LV,,,,,,,,,,,,0.00,119,0.00,0.0,0.0
Tyrod Taylor,2495240,QB,HOU,CAR,,,,,,,,,,,,0.00,120,0.00,0.0,0.0
Clayton Thorson,2562762,QB,FA,Bye,,,,,,,,,,,,,121,0.00,,
Kyle Trask,2566571,QB,TB,@LA,,,,,,,,,,,,0.00,122,0.00,0.0,0.0
P.J. Walker,2558904,QB,CAR,@HOU,,,,,,,,,,,,0.51,123,0.00,0.51,-0.51
Deshaun Watson,2558063,QB,HOU,CAR,,,,,,,,,,,,0.00,124,0.00,0.0,0.0
Davis Webb,2557897,QB,BUF,WAS,,,,,,,,,,,,0.00,125,0.00,0.0,0.0
Mike White,2560929,QB,NYJ,@DEN,,,,,,,,,,,,0.77,126,0.00,0.77,-0.77
John Wolford,2561718,QB,LA,TB,,,,,,,,,,,,0.62,127,0.00,0.62,-0.62
Logan Woodside,2560942,QB,TEN,IND,,,,,,,,,,,,0.54,128,0.00,0.54,-0.54
