[{"PlayerName":"Ezekiel Elliott","PlayerId":"2555224","Pos":"RB","Team":"DAL","PlayerOpponent":"PHI","PassingYDS":"","PassingInt":"","PassingTD":"","RushingPassingYDS":"95","ReceivingRec":"3","ReceivingYDS":"21","ReceivingTD":"","RetTD":"","FumTD":"","2PT":"","Fum":"","PlayerWeekProjectedPts":"13.93","Rank":1,"TotalPoints":"25.10","y":13.93,"ProjectionDiff":11.17},{"PlayerName":"Kareem Hunt","PlayerId":"2557917","Pos":"RB","Team":"CLE","PlayerOpponent":"CHI","PassingYDS":"","PassingInt":"","PassingTD":"","RushingPassingYDS":"81","ReceivingRec":"6","ReceivingYDS":"74","ReceivingTD":"","RetTD":"","FumTD":"","2PT":"","Fum":"","PlayerWeekProjectedPts":null,"Rank":2,"TotalPoints":"24.50","y":null,"ProjectionDiff":null},{"PlayerName":"Najee Harris","PlayerId":"2566448","Pos":"RB","Team":"PIT","PlayerOpponent":"CIN","PassingYDS":"","PassingInt":"","PassingTD":"","RushingPassingYDS":"40","ReceivingRec":"14","ReceivingYDS":"102","ReceivingTD":"","RetTD":"","FumTD":"","2PT":"","Fum":"","PlayerWeekProjectedPts":"12.48","Rank":3,"TotalPoints":"22.90","y":12.48,"ProjectionDiff":10.42},{"PlayerName":"James Robinson","PlayerId":"2564223","Pos":"RB","Team":"JAX","PlayerOpponent":"ARI","PassingYDS":"","PassingInt":"","PassingTD":"","RushingPassingYDS":"88","ReceivingRec":"6","ReceivingYDS":"46","ReceivingTD":"","RetTD":"","FumTD":"","2PT":"","Fum":"1","PlayerWeekProjectedPts":"13.01","Rank":4,"TotalPoints":"20.40","y":13.01,"ProjectionDiff":7.39},{"PlayerName":"D'Andre Swift","PlayerId":"2563965","Pos":"RB","Team":"DET","PlayerOpponent":"BAL","PassingYDS":"","PassingInt":"","PassingTD":"","RushingPassingYDS":"47","ReceivingRec":"7","ReceivingYDS":"60","ReceivingTD":"","RetTD":"","FumTD":"","2PT":"","Fum":"","PlayerWeekProjectedPts":"14.46","Rank":5,"TotalPoints":"20.20","y":14.46,"ProjectionDiff":5.74},{"PlayerName":"Alexander Mattison","PlayerId":"2562682","Pos":"RB","Team":"MIN","PlayerOpponent":"SEA","PassingYDS":"","PassingInt":"","PassingTD":"","RushingPassingYDS":"112","ReceivingRec":"6","ReceivingYDS":"59","ReceivingTD":"","RetTD":"","FumTD":"","2PT":"","Fum":"","PlayerWeekProjectedPts":"14.34","Rank":6,"TotalPoints":"20.10","y":14.34,"ProjectionDiff":5.76},{"PlayerName":"Peyton Barber","PlayerId":"2556466","Pos":"RB","Team":"LV","PlayerOpponent":"MIA","PassingYDS":"","PassingInt":"","PassingTD":"","RushingPassingYDS":"111","ReceivingRec":"3","ReceivingYDS":"31","ReceivingTD":"","RetTD":"","FumTD":"","2PT":"","Fum":"1","PlayerWeekProjectedPts":"5.25","Rank":7,"TotalPoints":"19.70","y":5.25,"ProjectionDiff":14.45},{"PlayerName":"Austin Ekeler","PlayerId":"2559169","Pos":"RB","Team":"LAC","PlayerOpponent":"@KC","PassingYDS":"","PassingInt":"","PassingTD":"","RushingPassingYDS":"55","ReceivingRec":"6","ReceivingYDS":"52","ReceivingTD":"1","RetTD":"","FumTD":"","2PT":"","Fum":"","PlayerWeekProjectedPts":"17.09","Rank":8,"TotalPoints":"19.70","y":17.09,"ProjectionDiff":2.61},{"PlayerName":"Alvin Kamara","PlayerId":"2558019","Pos":"RB","Team":"NO","PlayerOpponent":"@NE","PassingYDS":"","PassingInt":"","PassingTD":"","RushingPassingYDS":"89","ReceivingRec":"3","ReceivingYDS":"29","ReceivingTD":"1","RetTD":"","FumTD":"","2PT":"","Fum":"","PlayerWeekProjectedPts":"19.05","Rank":9,"TotalPoints":"19.30","y":19.05,"ProjectionDiff":0.25},{"PlayerName":"Saquon Barkley","PlayerId":"2560968","Pos":"RB","Team":"NYG","PlayerOpponent":"ATL","PassingYDS":"","PassingInt":"","PassingTD":"","RushingPassingYDS":"51","ReceivingRec":"6","ReceivingYDS":"43","ReceivingTD":"","RetTD":"","FumTD":"","2PT":"","Fum":"","PlayerWeekProjectedPts":"13.10","Rank":10,"TotalPoints":"18.40","y":13.1,"ProjectionDiff":5.3},{"PlayerName":"Derrick Henry","PlayerId":"2556075","Pos":"RB","Team":"TEN","PlayerOpponent":"IND","PassingYDS":"","PassingInt":"","PassingTD":"","RushingPassingYDS":"113","ReceivingRec":"3","ReceivingYDS":"31","ReceivingTD":"","RetTD":"","FumTD":"","2PT":"1","Fum":"","PlayerWeekProjectedPts":null,"Rank":11,"TotalPoints":"17.90","y":null,"ProjectionDiff":null},{"PlayerName":"James Conner","PlayerId":"2557978","Pos":"RB","Team":"ARI","PlayerOpponent":"@JAX","PassingYDS":"","PassingInt":"","PassingTD":"","RushingPassingYDS":"43","ReceivingRec":"1","ReceivingYDS":"10","ReceivingTD":"","RetTD":"","FumTD":"","2PT":"","Fum":"","PlayerWeekProjectedPts":"8.52","Rank":12,"TotalPoints":"17.80","y":8.52,"ProjectionDiff":9.28},{"PlayerName":"Antonio Gibson","PlayerId":"2565276","Pos":"RB","Team":"WAS","PlayerOpponent":"@BUF","PassingYDS":"","PassingInt":"","PassingTD":"","RushingPassingYDS":"31","ReceivingRec":"1","ReceivingYDS":"73","ReceivingTD":"1","RetTD":"","FumTD":"","2PT":"","Fum":"","PlayerWeekProjectedPts":"12.12","Rank":13,"TotalPoints":"16.90","y":12.12,"ProjectionDiff":4.78},{"PlayerName":"Zack Moss","PlayerId":"2563617","Pos":"RB","Team":"BUF","PlayerOpponent":"WAS","PassingYDS":"","PassingInt":"","PassingTD":"","RushingPassingYDS":"60","ReceivingRec":"3","ReceivingYDS":"31","ReceivingTD":"1","RetTD":"","FumTD":"","2PT":"","Fum":"","PlayerWeekProjectedPts":"7.42","Rank":14,"TotalPoints":"16.60","y":7.42,"ProjectionDiff":9.18},{"PlayerName":"Nyheim Hines","PlayerId":"2560742","Pos":"RB","Team":"IND","PlayerOpponent":"@TEN","PassingYDS":"","PassingInt":"","PassingTD":"","RushingPassingYDS":"25","ReceivingRec":"5","ReceivingYDS":"54","ReceivingTD":"","RetTD":"","FumTD":"","2PT":"","Fum":"","PlayerWeekProjectedPts":"9.55","Rank":15,"TotalPoints":"16.40","y":9.55,"ProjectionDiff":6.85},{"PlayerName":"Clyde Edwards-Helaire","PlayerId":"2564271","Pos":"RB","Team":"KC","PlayerOpponent":"LAC","PassingYDS":"","PassingInt":"","PassingTD":"","RushingPassingYDS":"100","ReceivingRec":"2","ReceivingYDS":"9","ReceivingTD":"1","RetTD":"","FumTD":"","2PT":"","Fum":"1","PlayerWeekProjectedPts":null,"Rank":16,"TotalPoints":"15.90","y":null,"ProjectionDiff":null},{"PlayerName":"Chris Carson","PlayerId":"2558865","Pos":"RB","Team":"SEA","PlayerOpponent":"@MIN","PassingYDS":"","PassingInt":"","PassingTD":"","RushingPassingYDS":"80","ReceivingRec":"2","ReceivingYDS":"2","ReceivingTD":"","RetTD":"","FumTD":"","2PT":"","Fum":"","PlayerWeekProjectedPts":null,"Rank":17,"TotalPoints":"15.20","y":null,"ProjectionDiff":null},{"PlayerName":"Giovani Bernard","PlayerId":"2540156","Pos":"RB","Team":"TB","PlayerOpponent":"@LA","PassingYDS":"","PassingInt":"","PassingTD":"","RushingPassingYDS":"","ReceivingRec":"9","ReceivingYDS":"51","ReceivingTD":"1","RetTD":"","FumTD":"","2PT":"","Fum":"1","PlayerWeekProjectedPts":"3.46","Rank":18,"TotalPoints":"14.60","y":3.46,"ProjectionDiff":11.14},{"PlayerName":"Melvin Gordon","PlayerId":"2552469","Pos":"RB","Team":"DEN","PlayerOpponent":"NYJ","PassingYDS":"","PassingInt":"","PassingTD":"","RushingPassingYDS":"60","ReceivingRec":"1","ReceivingYDS":"21","ReceivingTD":"","RetTD":"","FumTD":"","2PT":"","Fum":"","PlayerWeekProjectedPts":"11.99","Rank":19,"TotalPoints":"14.60","y":11.99,"ProjectionDiff":2.61},{"PlayerName":"Aaron Jones","PlayerId":"2558116","Pos":"RB","Team":"GB","PlayerOpponent":"@SF","PassingYDS":"","PassingInt":"","PassingTD":"","RushingPassingYDS":"82","ReceivingRec":"2","ReceivingYDS":"14","ReceivingTD":"","RetTD":"","FumTD":"","2PT":"","Fum":"1","PlayerWeekProjectedPts":"15.31","Rank":20,"TotalPoints":"14.60","y":15.31,"ProjectionDiff":-0.71},{"PlayerName":"Jamaal Williams","PlayerId":"2558204","Pos":"RB","Team":"DET","PlayerOpponent":"BAL","PassingYDS":"","PassingInt":"","PassingTD":"","RushingPassingYDS":"42","ReceivingRec":"2","ReceivingYDS":"25","ReceivingTD":"","RetTD":"","FumTD":"","2PT":"","Fum":"","PlayerWeekProjectedPts":"7.06","Rank":21,"TotalPoints":"13.70","y":7.06,"ProjectionDiff":6.64},{"PlayerName":"Cordarrelle Patterson","PlayerId":"2540145","Pos":"RB","Team":"ATL","PlayerOpponent":"@NYG","PassingYDS":"","PassingInt":"","PassingTD":"","RushingPassingYDS":"20","ReceivingRec":"6","ReceivingYDS":"82","ReceivingTD":"","RetTD":"","FumTD":"","2PT":"","Fum":"","PlayerWeekProjectedPts":"6.34","Rank":22,"TotalPoints":"13.20","y":6.34,"ProjectionDiff":6.86},{"PlayerName":"Kyle Juszczyk","PlayerId":"2540230","Pos":"RB","Team":"SF","PlayerOpponent":"GB","PassingYDS":"","PassingInt":"","PassingTD":"","RushingPassingYDS":"14","ReceivingRec":"4","ReceivingYDS":"37","ReceivingTD":"1","RetTD":"","FumTD":"","2PT":"","Fum":"","PlayerWeekProjectedPts":"3.23","Rank":23,"TotalPoints":"13.10","y":3.23,"ProjectionDiff":9.87},{"PlayerName":"Javonte Williams","PlayerId":"2566049","Pos":"RB","Team":"DEN","PlayerOpponent":"NYJ","PassingYDS":"","PassingInt":"","PassingTD":"","RushingPassingYDS":"29","ReceivingRec":"3","ReceivingYDS":"33","ReceivingTD":"","RetTD":"","FumTD":"","2PT":"","Fum":"1","PlayerWeekProjectedPts":"5.48","Rank":24,"TotalPoints":"11.70","y":5.48,"ProjectionDiff":6.22},{"PlayerName":"Chase Edmonds","PlayerId":"2560711","Pos":"RB","Team":"ARI","PlayerOpponent":"@JAX","PassingYDS":"","PassingInt":"","PassingTD":"","RushingPassingYDS":"26","ReceivingRec":"7","ReceivingYDS":"49","ReceivingTD":"","RetTD":"","FumTD":"","2PT":"","Fum":"","PlayerWeekProjectedPts":"11.75","Rank":25,"TotalPoints":"11.00","y":11.75,"ProjectionDiff":-0.75},{"PlayerName":"Trey Sermon","PlayerId":"2566544","Pos":"RB","Team":"SF","PlayerOpponent":"GB","PassingYDS":"","PassingInt":"","PassingTD":"","RushingPassingYDS":"31","ReceivingRec":"2","ReceivingYDS":"3","ReceivingTD":"","RetTD":"","FumTD":"","2PT":"","Fum":"","PlayerWeekProjectedPts":"11.89","Rank":26,"TotalPoints":"10.40","y":11.89,"ProjectionDiff":-1.49},{"PlayerName":"Joe Mixon","PlayerId":"2557976","Pos":"RB","Team":"CIN","PlayerOpponent":"@PIT","PassingYDS":"","PassingInt":"","PassingTD":"","RushingPassingYDS":"90","ReceivingRec":"1","ReceivingYDS":"4","ReceivingTD":"","RetTD":"","FumTD":"","2PT":"","Fum":"","PlayerWeekProjectedPts":"14.45","Rank":27,"TotalPoints":"9.90","y":14.45,"ProjectionDiff":-4.55},{"PlayerName":"Chuba Hubbard","PlayerId":"2565899","Pos":"RB","Team":"CAR","PlayerOpponent":"@HOU","PassingYDS":"","PassingInt":"","PassingTD":"","RushingPassingYDS":"52","ReceivingRec":"3","ReceivingYDS":"27","ReceivingTD":"","RetTD":"","FumTD":"","2PT":"","Fum":"","PlayerWeekProjectedPts":"1.90","Rank":28,"TotalPoints":"9.40","y":1.9,"ProjectionDiff":7.5},{"PlayerName":"Sony Michel","PlayerId":"2560809","Pos":"RB","Team":"LA","PlayerOpponent":"TB","PassingYDS":"","PassingInt":"","PassingTD":"","RushingPassingYDS":"67","ReceivingRec":"3","ReceivingYDS":"12","ReceivingTD":"","RetTD":"","FumTD":"","2PT":"","Fum":"","PlayerWeekProjectedPts":"11.82","Rank":29,"TotalPoints":"9.40","y":11.82,"ProjectionDiff":-2.42},{"PlayerName":"Alec Ingold","PlayerId":"2562288","Pos":"RB","Team":"LV","PlayerOpponent":"MIA","PassingYDS":"","PassingInt":"","PassingTD":"","RushingPassingYDS":"","ReceivingRec":"1","ReceivingYDS":"1","ReceivingTD":"1","RetTD":"","FumTD":"","2PT":"","Fum":"","PlayerWeekProjectedPts":"1.15","Rank":30,"TotalPoints":"9.33","y":1.15,"ProjectionDiff":8.18},{"PlayerName":"Malcolm Brown","PlayerId":"2552382","Pos":"RB","Team":"MIA","PlayerOpponent":"@LV","PassingYDS":"","PassingInt":"","PassingTD":"","RushingPassingYDS":"31","ReceivingRec":"","ReceivingYDS":"","ReceivingTD":"","RetTD":"","FumTD":"","2PT":"","Fum":"","PlayerWeekProjectedPts":null,"Rank":31,"TotalPoints":"9.10","y":null,"ProjectionDiff":null},{"PlayerName":"Mike Davis","PlayerId":"2553439","Pos":"RB","Team":"ATL","PlayerOpponent":"@NYG","PassingYDS":"","PassingInt":"","PassingTD":"","RushingPassingYDS":"50","ReceivingRec":"4","ReceivingYDS":"20","ReceivingTD":"","RetTD":"","FumTD":"","2PT":"","Fum":"","PlayerWeekProjectedPts":"14.67","Rank":32,"TotalPoints":"9.00","y":14.67,"ProjectionDiff":-5.67},{"PlayerName":"Myles Gaskin","PlayerId":"2562270","Pos":"RB","Team":"MIA","PlayerOpponent":"@LV","PassingYDS":"","PassingInt":"","PassingTD":"","RushingPassingYDS":"65","ReceivingRec":"3","ReceivingYDS":"9","ReceivingTD":"","RetTD":"","FumTD":"","2PT":"","Fum":"","PlayerWeekProjectedPts":"12.76","Rank":33,"TotalPoints":"8.90","y":12.76,"ProjectionDiff":-3.86},{"PlayerName":"Nick Chubb","PlayerId":"2561021","Pos":"RB","Team":"CLE","PlayerOpponent":"CHI","PassingYDS":"","PassingInt":"","PassingTD":"","RushingPassingYDS":"84","ReceivingRec":"","ReceivingYDS":"","ReceivingTD":"","RetTD":"","FumTD":"","2PT":"","Fum":"","PlayerWeekProjectedPts":"14.06","Rank":34,"TotalPoints":"8.40","y":14.06,"ProjectionDiff":-5.66},{"PlayerName":"Jeremy McNichols","PlayerId":"2557977","Pos":"RB","Team":"TEN","PlayerOpponent":"IND","PassingYDS":"","PassingInt":"","PassingTD":"","RushingPassingYDS":"6","ReceivingRec":"1","ReceivingYDS":"10","ReceivingTD":"1","RetTD":"","FumTD":"","2PT":"","Fum":"","PlayerWeekProjectedPts":"2.63","Rank":35,"TotalPoints":"8.10","y":2.63,"ProjectionDiff":5.47},{"PlayerName":"Brandon Bolden","PlayerId":"2532797","Pos":"RB","Team":"NE","PlayerOpponent":"NO","PassingYDS":"","PassingInt":"","PassingTD":"","RushingPassingYDS":"-1","ReceivingRec":"3","ReceivingYDS":"23","ReceivingTD":"","RetTD":"","FumTD":"","2PT":"","Fum":"","PlayerWeekProjectedPts":"1.84","Rank":36,"TotalPoints":"7.90","y":1.84,"ProjectionDiff":6.06},{"PlayerName":"Jonathan Taylor","PlayerId":"2564148","Pos":"RB","Team":"IND","PlayerOpponent":"@TEN","PassingYDS":"","PassingInt":"","PassingTD":"","RushingPassingYDS":"64","ReceivingRec":"1","ReceivingYDS":"8","ReceivingTD":"","RetTD":"","FumTD":"","2PT":"","Fum":"","PlayerWeekProjectedPts":"15.13","Rank":37,"TotalPoints":"7.70","y":15.13,"ProjectionDiff":-7.43},{"PlayerName":"Kenyan Drake","PlayerId":"2555230","Pos":"RB","Team":"LV","PlayerOpponent":"MIA","PassingYDS":"","PassingInt":"","PassingTD":"","RushingPassingYDS":"24","ReceivingRec":"3","ReceivingYDS":"33","ReceivingTD":"","RetTD":"","FumTD":"","2PT":"","Fum":"","PlayerWeekProjectedPts":"10.24","Rank":38,"TotalPoints":"7.20","y":10.24,"ProjectionDiff":-3.04},{"PlayerName":"Tony Pollard","PlayerId":"2562699","Pos":"RB","Team":"DAL","PlayerOpponent":"PHI","PassingYDS":"","PassingInt":"","PassingTD":"","RushingPassingYDS":"60","ReceivingRec":"1","ReceivingYDS":"5","ReceivingTD":"","RetTD":"","FumTD":"","2PT":"","Fum":"","PlayerWeekProjectedPts":"7.79","Rank":39,"TotalPoints":"7.00","y":7.79,"ProjectionDiff":-0.79},{"PlayerName":"Miles Sanders","PlayerId":"2562722","Pos":"RB","Team":"PHI","PlayerOpponent":"@DAL","PassingYDS":"","PassingInt":"","PassingTD":"","RushingPassingYDS":"27","ReceivingRec":"3","ReceivingYDS":"28","ReceivingTD":"","RetTD":"","FumTD":"","2PT":"","Fum":"","PlayerWeekProjectedPts":null,"Rank":40,"TotalPoints":"7.00","y":null,"ProjectionDiff":null},{"PlayerName":"David Montgomery","PlayerId":"2562502","Pos":"RB","Team":"CHI","PlayerOpponent":"@CLE","PassingYDS":"","PassingInt":"","PassingTD":"","RushingPassingYDS":"34","ReceivingRec":"2","ReceivingYDS":"21","ReceivingTD":"","RetTD":"","FumTD":"","2PT":"","Fum":"","PlayerWeekProjectedPts":"13.59","Rank":41,"TotalPoints":"6.50","y":13.59,"ProjectionDiff":-7.09},{"PlayerName":"Travis Homer","PlayerId":"2562665","Pos":"RB","Team":"SEA","PlayerOpponent":"@MIN","PassingYDS":"","PassingInt":"","PassingTD":"","RushingPassingYDS":"","ReceivingRec":"3","ReceivingYDS":"48","ReceivingTD":"","RetTD":"","FumTD":"","2PT":"","Fum":"","PlayerWeekProjectedPts":"2.91","Rank":42,"TotalPoints":"6.30","y":2.91,"ProjectionDiff":3.39},{"PlayerName":"Christian McCaffrey","PlayerId":"2557997","Pos":"RB","Team":"CAR","PlayerOpponent":"@HOU","PassingYDS":"","PassingInt":"","PassingTD":"","RushingPassingYDS":"31","ReceivingRec":"2","ReceivingYDS":"9","ReceivingTD":"","RetTD":"","FumTD":"","2PT":"","Fum":"","PlayerWeekProjectedPts":"20.78","Rank":43,"TotalPoints":"5.00","y":20.78,"ProjectionDiff":-15.78},{"PlayerName":"Leonard Fournette","PlayerId":"2557973","Pos":"RB","Team":"TB","PlayerOpponent":"@LA","PassingYDS":"","PassingInt":"","PassingTD":"","RushingPassingYDS":"8","ReceivingRec":"3","ReceivingYDS":"26","ReceivingTD":"","RetTD":"","FumTD":"","2PT":"","Fum":"","PlayerWeekProjectedPts":"12.29","Rank":44,"TotalPoints":"4.90","y":12.29,"ProjectionDiff":-7.39},{"PlayerName":"Kenneth Gainwell","PlayerId":"2566397","Pos":"RB","Team":"PHI","PlayerOpponent":"@DAL","PassingYDS":"","PassingInt":"","PassingTD":"","RushingPassingYDS":"2","ReceivingRec":"3","ReceivingYDS":"32","ReceivingTD":"","RetTD":"","FumTD":"","2PT":"","Fum":"","PlayerWeekProjectedPts":"5.20","Rank":45,"TotalPoints":"4.90","y":5.2,"ProjectionDiff":-0.3},{"PlayerName":"Darrel Williams","PlayerId":"2560935","Pos":"RB","Team":"KC","PlayerOpponent":"LAC","PassingYDS":"","PassingInt":"","PassingTD":"","RushingPassingYDS":"28","ReceivingRec":"2","ReceivingYDS":"11","ReceivingTD":"","RetTD":"","FumTD":"","2PT":"","Fum":"","PlayerWeekProjectedPts":"3.62","Rank":46,"TotalPoints":"4.90","y":3.62,"ProjectionDiff":1.28},{"PlayerName":"J.D. McKissic","PlayerId":"2556440","Pos":"RB","Team":"WAS","PlayerOpponent":"@BUF","PassingYDS":"","PassingInt":"","PassingTD":"","RushingPassingYDS":"23","ReceivingRec":"2","ReceivingYDS":"15","ReceivingTD":"","RetTD":"","FumTD":"","2PT":"","Fum":"","PlayerWeekProjectedPts":"6.44","Rank":47,"TotalPoints":"4.80","y":6.44,"ProjectionDiff":-1.64},{"PlayerName":"Carlos Hyde","PlayerId":"2543743","Pos":"RB","Team":"JAX","PlayerOpponent":"ARI","PassingYDS":"","PassingInt":"","PassingTD":"","RushingPassingYDS":"44","ReceivingRec":"","ReceivingYDS":"","ReceivingTD":"","RetTD":"","FumTD":"","2PT":"","Fum":"","PlayerWeekProjectedPts":"5.30","Rank":48,"TotalPoints":"4.40","y":5.3,"ProjectionDiff":-0.9},{"PlayerName":"Michael Carter","PlayerId":"2566382","Pos":"RB","Team":"NYJ","PlayerOpponent":"@DEN","PassingYDS":"","PassingInt":"","PassingTD":"","RushingPassingYDS":"24","ReceivingRec":"2","ReceivingYDS":"5","ReceivingTD":"","RetTD":"","FumTD":"","2PT":"","Fum":"","PlayerWeekProjectedPts":"4.71","Rank":49,"TotalPoints":"3.90","y":4.71,"ProjectionDiff":-0.81},{"PlayerName":"A.J. Dillon","PlayerId":"2563986","Pos":"RB","Team":"GB","PlayerOpponent":"@SF","PassingYDS":"","PassingInt":"","PassingTD":"","RushingPassingYDS":"18","ReceivingRec":"2","ReceivingYDS":"8","ReceivingTD":"","RetTD":"","FumTD":"","2PT":"","Fum":"","PlayerWeekProjectedPts":"4.58","Rank":50,"TotalPoints":"3.60","y":4.58,"ProjectionDiff":-0.98},{"PlayerName":"Chris Evans","PlayerId":"2565944","Pos":"RB","Team":"CIN","PlayerOpponent":"@PIT","PassingYDS":"","PassingInt":"","PassingTD":"","RushingPassingYDS":"","ReceivingRec":"2","ReceivingYDS":"26","ReceivingTD":"","RetTD":"","FumTD":"","2PT":"","Fum":"","PlayerWeekProjectedPts":"1.18","Rank":51,"TotalPoints":"3.60","y":1.18,"ProjectionDiff":2.42},{"PlayerName":"Damien Williams","PlayerId":"2550512","Pos":"RB","Team":"CHI","PlayerOpponent":"@CLE","PassingYDS":"","PassingInt":"","PassingTD":"","RushingPassingYDS":"","ReceivingRec":"","ReceivingYDS":"","ReceivingTD":"","RetTD":"","FumTD":"","2PT":"","Fum":"","PlayerWeekProjectedPts":"5.58","Rank":52,"TotalPoints":"3.40","y":5.58,"ProjectionDiff":-2.18},{"PlayerName":"Tony Jones","PlayerId":"2564679","Pos":"RB","Team":"NO","PlayerOpponent":"@NE","PassingYDS":"","PassingInt":"","PassingTD":"","RushingPassingYDS":"12","ReceivingRec":"2","ReceivingYDS":"10","ReceivingTD":"","RetTD":"","FumTD":"","2PT":"","Fum":"","PlayerWeekProjectedPts":null,"Rank":53,"TotalPoints":"3.20","y":null,"ProjectionDiff":null},{"PlayerName":"Devin Singletary","PlayerId":"2562734","Pos":"RB","Team":"BUF","PlayerOpponent":"WAS","PassingYDS":"","PassingInt":"","PassingTD":"","RushingPassingYDS":"26","ReceivingRec":"1","ReceivingYDS":"","ReceivingTD":"","RetTD":"","FumTD":"","2PT":"","Fum":"","PlayerWeekProjectedPts":"9.44","Rank":54,"TotalPoints":"3.10","y":9.44,"ProjectionDiff":-6.34},{"PlayerName":"Royce Freeman","PlayerId":"2560733","Pos":"RB","Team":"FA","PlayerOpponent":"Bye","PassingYDS":"","PassingInt":"","PassingTD":"","RushingPassingYDS":"17","ReceivingRec":"1","ReceivingYDS":"8","ReceivingTD":"","RetTD":"","FumTD":"","2PT":"","Fum":"","PlayerWeekProjectedPts":"","Rank":55,"TotalPoints":"3.00","y":null,"ProjectionDiff":null},{"PlayerName":"Gary Brightwell","PlayerId":"2566364","Pos":"RB","Team":"NYG","PlayerOpponent":"ATL","PassingYDS":"","PassingInt":"","PassingTD":"","RushingPassingYDS":"4","ReceivingRec":"","ReceivingYDS":"","ReceivingTD":"","RetTD":"","FumTD":"","2PT":"","Fum":"","PlayerWeekProjectedPts":"2.32","Rank":56,"TotalPoints":"2.80","y":2.32,"ProjectionDiff":0.48},{"PlayerName":"Ty Johnson","PlayerId":"2562293","Pos":"RB","Team":"NYJ","PlayerOpponent":"@DEN","PassingYDS":"","PassingInt":"","PassingTD":"","RushingPassingYDS":"17","ReceivingRec":"1","ReceivingYDS":"6","ReceivingTD":"","RetTD":"","FumTD":"","2PT":"","Fum":"","PlayerWeekProjectedPts":"9.25","Rank":57,"TotalPoints":"2.80","y":9.25,"ProjectionDiff":-6.45},{"PlayerName":"Latavius Murray","PlayerId":"2541161","Pos":"RB","Team":"BAL","PlayerOpponent":"@DET","PassingYDS":"","PassingInt":"","PassingTD":"","RushingPassingYDS":"28","ReceivingRec":"","ReceivingYDS":"","ReceivingTD":"","RetTD":"","FumTD":"","2PT":"","Fum":"","PlayerWeekProjectedPts":"6.29","Rank":58,"TotalPoints":"2.80","y":6.29,"ProjectionDiff":-3.49},{"PlayerName":"Mark Ingram","PlayerId":"2495466","Pos":"RB","Team":"NO","PlayerOpponent":"@NE","PassingYDS":"","PassingInt":"","PassingTD":"","RushingPassingYDS":"21","ReceivingRec":"1","ReceivingYDS":"-1","ReceivingTD":"","RetTD":"","FumTD":"","2PT":"","Fum":"","PlayerWeekProjectedPts":"8.88","Rank":59,"TotalPoints":"2.50","y":8.88,"ProjectionDiff":-6.38},{"PlayerName":"Derek Watt","PlayerId":"2555220","Pos":"RB","Team":"PIT","PlayerOpponent":"CIN","PassingYDS":"","PassingInt":"","PassingTD":"","RushingPassingYDS":"","ReceivingRec":"1","ReceivingYDS":"3","ReceivingTD":"","RetTD":"","FumTD":"","2PT":"","Fum":"","PlayerWeekProjectedPts":"0.60","Rank":60,"TotalPoints":"2.50","y":0.6,"ProjectionDiff":1.9},{"PlayerName":"Ameer Abdullah","PlayerId":"2552374","Pos":"RB","Team":"CAR","PlayerOpponent":"@HOU","PassingYDS":"","PassingInt":"","PassingTD":"","RushingPassingYDS":"24","ReceivingRec":"","ReceivingYDS":"","ReceivingTD":"","RetTD":"","FumTD":"","2PT":"","Fum":"","PlayerWeekProjectedPts":"3.13","Rank":61,"TotalPoints":"2.40","y":3.13,"ProjectionDiff":-0.73},{"PlayerName":"Demetric Felton","PlayerId":"2565968","Pos":"RB","Team":"CLE","PlayerOpponent":"CHI","PassingYDS":"","PassingInt":"","PassingTD":"","RushingPassingYDS":"","ReceivingRec":"2","ReceivingYDS":"13","ReceivingTD":"","RetTD":"","FumTD":"","2PT":"","Fum":"","PlayerWeekProjectedPts":"1.79","Rank":62,"TotalPoints":"2.30","y":1.79,"ProjectionDiff":0.51},{"PlayerName":"Alex Armah","PlayerId":"2558833","Pos":"RB","Team":"NO","PlayerOpponent":"@NE","PassingYDS":"","PassingInt":"","PassingTD":"","RushingPassingYDS":"5","ReceivingRec":"","ReceivingYDS":"","ReceivingTD":"","RetTD":"","FumTD":"","2PT":"","Fum":"","PlayerWeekProjectedPts":"0.95","Rank":63,"TotalPoints":"2.20","y":0.95,"ProjectionDiff":1.25},{"PlayerName":"Ty'Son Williams","PlayerId":"2565542","Pos":"RB","Team":"BAL","PlayerOpponent":"@DET","PassingYDS":"","PassingInt":"","PassingTD":"","RushingPassingYDS":"22","ReceivingRec":"","ReceivingYDS":"","ReceivingTD":"","RetTD":"","FumTD":"","2PT":"","Fum":"","PlayerWeekProjectedPts":"11.56","Rank":64,"TotalPoints":"2.20","y":11.56,"ProjectionDiff":-9.36},{"PlayerName":"Damien Harris","PlayerId":"2562281","Pos":"RB","Team":"NE","PlayerOpponent":"NO","PassingYDS":"","PassingInt":"","PassingTD":"","RushingPassingYDS":"14","ReceivingRec":"2","ReceivingYDS":"-3","ReceivingTD":"","RetTD":"","FumTD":"","2PT":"","Fum":"","PlayerWeekProjectedPts":"11.32","Rank":65,"TotalPoints":"2.10","y":11.32,"ProjectionDiff":-9.22},{"PlayerName":"Gabe Nabers","PlayerId":"2565066","Pos":"RB","Team":"LAC","PlayerOpponent":"@KC","PassingYDS":"","PassingInt":"","PassingTD":"","RushingPassingYDS":"","ReceivingRec":"2","ReceivingYDS":"11","ReceivingTD":"","RetTD":"","FumTD":"","2PT":"","Fum":"","PlayerWeekProjectedPts":"0.41","Rank":66,"TotalPoints":"2.10","y":0.41,"ProjectionDiff":1.69},{"PlayerName":"Nick Bellore","PlayerId":"2495262","Pos":"RB","Team":"SEA","PlayerOpponent":"@MIN","PassingYDS":"","PassingInt":"","PassingTD":"","RushingPassingYDS":"","ReceivingRec":"","ReceivingYDS":"","ReceivingTD":"","RetTD":"","FumTD":"","2PT":"","Fum":"","PlayerWeekProjectedPts":"0.25","Rank":67,"TotalPoints":"1.70","y":0.25,"ProjectionDiff":1.45},{"PlayerName":"Jason Cabinda","PlayerId":"2560986","Pos":"RB","Team":"DET","PlayerOpponent":"BAL","PassingYDS":"","PassingInt":"","PassingTD":"","RushingPassingYDS":"","ReceivingRec":"","ReceivingYDS":"","ReceivingTD":"","RetTD":"","FumTD":"","2PT":"","Fum":"","PlayerWeekProjectedPts":"0.33","Rank":68,"TotalPoints":"1.70","y":0.33,"ProjectionDiff":1.37},{"PlayerName":"Trenton Cannon","PlayerId":"2561137","Pos":"RB","Team":"SF","PlayerOpponent":"GB","PassingYDS":"","PassingInt":"","PassingTD":"","RushingPassingYDS":"","ReceivingRec":"","ReceivingYDS":"","ReceivingTD":"","RetTD":"","FumTD":"","2PT":"","Fum":"","PlayerWeekProjectedPts":"0.70","Rank":69,"TotalPoints":"1.70","y":0.7,"ProjectionDiff":1.0},{"PlayerName":"Keith Smith","PlayerId":"2550400","Pos":"RB","Team":"ATL","PlayerOpponent":"@NYG","PassingYDS":"","PassingInt":"","PassingTD":"","RushingPassingYDS":"","ReceivingRec":"","ReceivingYDS":"","ReceivingTD":"","RetTD":"","FumTD":"","2PT":"","Fum":"","PlayerWeekProjectedPts":"2.42","Rank":70,"TotalPoints":"1.70","y":2.42,"ProjectionDiff":-0.72},{"PlayerName":"Jordan Wilkins","PlayerId":"2560933","Pos":"RB","Team":"JAX","PlayerOpponent":"ARI","PassingYDS":"","PassingInt":"","PassingTD":"","RushingPassingYDS":"","ReceivingRec":"","ReceivingYDS":"","ReceivingTD":"","RetTD":"","FumTD":"","2PT":"","Fum":"","PlayerWeekProjectedPts":"1.35","Rank":71,"TotalPoints":"1.70","y":1.35,"ProjectionDiff":0.35},{"PlayerName":"Boston Scott","PlayerId":"2561146","Pos":"RB","Team":"PHI","PlayerOpponent":"@DAL","PassingYDS":"","PassingInt":"","PassingTD":"","RushingPassingYDS":"","ReceivingRec":"2","ReceivingYDS":"5","ReceivingTD":"","RetTD":"","FumTD":"","2PT":"","Fum":"","PlayerWeekProjectedPts":"1.69","Rank":72,"TotalPoints":"1.50","y":1.69,"ProjectionDiff":-0.19},{"PlayerName":"J.J. Taylor","PlayerId":"2564640","Pos":"RB","Team":"NE","PlayerOpponent":"NO","PassingYDS":"","PassingInt":"","PassingTD":"","RushingPassingYDS":"2","ReceivingRec":"2","ReceivingYDS":"3","ReceivingTD":"","RetTD":"","FumTD":"","2PT":"","Fum":"","PlayerWeekProjectedPts":"2.18","Rank":73,"TotalPoints":"1.50","y":2.18,"ProjectionDiff":-0.68},{"PlayerName":"Samaje Perine","PlayerId":"2558138","Pos":"RB","Team":"CIN","PlayerOpponent":"@PIT","PassingYDS":"","PassingInt":"","PassingTD":"","RushingPassingYDS":"-1","ReceivingRec":"1","ReceivingYDS":"8","ReceivingTD":"","RetTD":"","FumTD":"","2PT":"","Fum":"","PlayerWeekProjectedPts":"3.87","Rank":74,"TotalPoints":"1.20","y":3.87,"ProjectionDiff":-2.67},{"PlayerName":"David Johnson","PlayerId":"2553435","Pos":"RB","Team":"HOU","PlayerOpponent":"CAR","PassingYDS":"","PassingInt":"","PassingTD":"","RushingPassingYDS":"11","ReceivingRec":"","ReceivingYDS":"","ReceivingTD":"","RetTD":"","FumTD":"","2PT":"","Fum":"","PlayerWeekProjectedPts":"5.03","Rank":75,"TotalPoints":"1.10","y":5.03,"ProjectionDiff":-3.93},{"PlayerName":"Ronald Jones","PlayerId":"2560770","Pos":"RB","Team":"TB","PlayerOpponent":"@LA","PassingYDS":"","PassingInt":"","PassingTD":"","RushingPassingYDS":"11","ReceivingRec":"","ReceivingYDS":"","ReceivingTD":"","RetTD":"","FumTD":"","2PT":"","Fum":"","PlayerWeekProjectedPts":"4.91","Rank":76,"TotalPoints":"1.10","y":4.91,"ProjectionDiff":-3.81},{"PlayerName":"Rex Burkhead","PlayerId":"2539265","Pos":"RB","Team":"HOU","PlayerOpponent":"CAR","PassingYDS":"","PassingInt":"","PassingTD":"","RushingPassingYDS":"","ReceivingRec":"1","ReceivingYDS":"5","ReceivingTD":"","RetTD":"","FumTD":"","2PT":"","Fum":"","PlayerWeekProjectedPts":"3.04","Rank":77,"TotalPoints":"1.00","y":3.04,"ProjectionDiff":-2.04},{"PlayerName":"D'Ernest Johnson","PlayerId":"2563327","Pos":"RB","Team":"CLE","PlayerOpponent":"CHI","PassingYDS":"","PassingInt":"","PassingTD":"","RushingPassingYDS":"9","ReceivingRec":"","ReceivingYDS":"","ReceivingTD":"","RetTD":"","FumTD":"","2PT":"","Fum":"","PlayerWeekProjectedPts":"0.56","Rank":78,"TotalPoints":"0.90","y":0.56,"ProjectionDiff":0.34},{"PlayerName":"Alex Collins","PlayerId":"2555430","Pos":"RB","Team":"SEA","PlayerOpponent":"@MIN","PassingYDS":"","PassingInt":"","PassingTD":"","RushingPassingYDS":"8","ReceivingRec":"","ReceivingYDS":"","ReceivingTD":"","RetTD":"","FumTD":"","2PT":"","Fum":"","PlayerWeekProjectedPts":"2.79","Rank":79,"TotalPoints":"0.80","y":2.79,"ProjectionDiff":-1.99},{"PlayerName":"Devonta Freeman","PlayerId":"2543583","Pos":"RB","Team":"BAL","PlayerOpponent":"@DET","PassingYDS":"","PassingInt":"","PassingTD":"","RushingPassingYDS":"8","ReceivingRec":"","ReceivingYDS":"","ReceivingTD":"","RetTD":"","FumTD":"","2PT":"","Fum":"","PlayerWeekProjectedPts":"2.91","Rank":80,"TotalPoints":"0.80","y":2.91,"ProjectionDiff":-2.11},{"PlayerName":"Cullen Gillaspia","PlayerId":"2562906","Pos":"RB","Team":"NYG","PlayerOpponent":"ATL","PassingYDS":"","PassingInt":"","PassingTD":"","RushingPassingYDS":"","ReceivingRec":"","ReceivingYDS":"","ReceivingTD":"","RetTD":"","FumTD":"","2PT":"","Fum":"","PlayerWeekProjectedPts":"0.30","Rank":81,"TotalPoints":"0.80","y":0.3,"ProjectionDiff":0.5},{"PlayerName":"Khalil Herbert","PlayerId":"2565926","Pos":"RB","Team":"CHI","PlayerOpponent":"@CLE","PassingYDS":"","PassingInt":"","PassingTD":"","RushingPassingYDS":"","ReceivingRec":"","ReceivingYDS":"","ReceivingTD":"","RetTD":"","FumTD":"","2PT":"","Fum":"","PlayerWeekProjectedPts":"0.79","Rank":82,"TotalPoints":"0.80","y":0.79,"ProjectionDiff":0.01},{"PlayerName":"Damarea Crockett","PlayerId":"2563223","Pos":"RB","Team":"DEN","PlayerOpponent":"NYJ","PassingYDS":"","PassingInt":"","PassingTD":"","RushingPassingYDS":"7","ReceivingRec":"","ReceivingYDS":"","ReceivingTD":"","RetTD":"","FumTD":"","2PT":"","Fum":"","PlayerWeekProjectedPts":"1.78","Rank":83,"TotalPoints":"0.70","y":1.78,"ProjectionDiff":-1.08},{"PlayerName":"Jake Funk","PlayerId":"2566208","Pos":"RB","Team":"LA","PlayerOpponent":"TB","PassingYDS":"","PassingInt":"","PassingTD":"","RushingPassingYDS":"6","ReceivingRec":"","ReceivingYDS":"","ReceivingTD":"","RetTD":"","FumTD":"","2PT":"","Fum":"","PlayerWeekProjectedPts":null,"Rank":84,"TotalPoints":"0.60","y":null,"ProjectionDiff":null},{"PlayerName":"Elijhaa Penny","PlayerId":"2556762","Pos":"RB","Team":"NYG","PlayerOpponent":"ATL","PassingYDS":"","PassingInt":"","PassingTD":"","RushingPassingYDS":"6","ReceivingRec":"","ReceivingYDS":"","ReceivingTD":"","RetTD":"","FumTD":"","2PT":"","Fum":"","PlayerWeekProjectedPts":"1.27","Rank":85,"TotalPoints":"0.60","y":1.27,"ProjectionDiff":-0.67},{"PlayerName":"James White","PlayerId":"2543773","Pos":"RB","Team":"NE","PlayerOpponent":"NO","PassingYDS":"","PassingInt":"","PassingTD":"","RushingPassingYDS":"6","ReceivingRec":"","ReceivingYDS":"","ReceivingTD":"","RetTD":"","FumTD":"","2PT":"","Fum":"","PlayerWeekProjectedPts":null,"Rank":86,"TotalPoints":"0.60","y":null,"ProjectionDiff":null},{"PlayerName":"Phillip Lindsay","PlayerId":"2559947","Pos":"RB","Team":"HOU","PlayerOpponent":"CAR","PassingYDS":"","PassingInt":"","PassingTD":"","RushingPassingYDS":"5","ReceivingRec":"","ReceivingYDS":"","ReceivingTD":"","RetTD":"","FumTD":"","2PT":"","Fum":"","PlayerWeekProjectedPts":"3.90","Rank":87,"TotalPoints":"0.50","y":3.9,"ProjectionDiff":-3.4},{"PlayerName":"Larry Rountree III","PlayerId":"2566505","Pos":"RB","Team":"LAC","PlayerOpponent":"@KC","PassingYDS":"","PassingInt":"","PassingTD":"","RushingPassingYDS":"3","ReceivingRec":"","ReceivingYDS":"","ReceivingTD":"","RetTD":"","FumTD":"","2PT":"","Fum":"","PlayerWeekProjectedPts":"0.00","Rank":88,"TotalPoints":"0.30","y":0.0,"ProjectionDiff":0.3},{"PlayerName":"C.J. Ham","PlayerId":"2556803","Pos":"RB","Team":"MIN","PlayerOpponent":"SEA","PassingYDS":"","PassingInt":"","PassingTD":"","RushingPassingYDS":"2","ReceivingRec":"","ReceivingYDS":"","ReceivingTD":"","RetTD":"","FumTD":"","2PT":"","Fum":"","PlayerWeekProjectedPts":"1.32","Rank":89,"TotalPoints":"0.20","y":1.32,"ProjectionDiff":-1.12},{"PlayerName":"Mekhi Sargent","PlayerId":"2566962","Pos":"RB","Team":"LA","PlayerOpponent":"TB","PassingYDS":"","PassingInt":"","PassingTD":"","RushingPassingYDS":"2","ReceivingRec":"","ReceivingYDS":"","ReceivingTD":"","RetTD":"","FumTD":"","2PT":"","Fum":"","PlayerWeekProjectedPts":"1.26","Rank":90,"TotalPoints":"0.20","y":1.26,"ProjectionDiff":-1.06},{"PlayerName":"Josh Adams","PlayerId":"2560949","Pos":"RB","Team":"FA","PlayerOpponent":"Bye","PassingYDS":"","PassingInt":"","PassingTD":"","RushingPassingYDS":"","ReceivingRec":"","ReceivingYDS":"","ReceivingTD":"","RetTD":"","FumTD":"","2PT":"","Fum":"","PlayerWeekProjectedPts":"","Rank":91,"TotalPoints":"0.00","y":null,"ProjectionDiff":null},{"PlayerName":"Salvon Ahmed","PlayerId":"2565090","Pos":"RB","Team":"MIA","PlayerOpponent":"@LV","PassingYDS":"","PassingInt":"","PassingTD":"","RushingPassingYDS":"","ReceivingRec":"","ReceivingYDS":"","ReceivingTD":"","RetTD":"","FumTD":"","2PT":"","Fum":"","PlayerWeekProjectedPts":"4.91","Rank":92,"TotalPoints":"0.00","y":4.91,"ProjectionDiff":-4.91},{"PlayerName":"Cam Akers","PlayerId":"2564319","Pos":"RB","Team":"LA","PlayerOpponent":"TB","PassingYDS":"","PassingInt":"","PassingTD":"","RushingPassingYDS":"","ReceivingRec":"","ReceivingYDS":"","ReceivingTD":"","RetTD":"","FumTD":"","2PT":"","Fum":"","PlayerWeekProjectedPts":"0.00","Rank":93,"TotalPoints":"0.00","y":0.0,"ProjectionDiff":0.0},{"PlayerName":"Darius Anderson","PlayerId":"2563824","Pos":"RB","Team":"FA","PlayerOpponent":"Bye","PassingYDS":"","PassingInt":"","PassingTD":"","RushingPassingYDS":"","ReceivingRec":"","ReceivingYDS":"","ReceivingTD":"","RetTD":"","FumTD":"","2PT":"","Fum":"","PlayerWeekProjectedPts":"","Rank":94,"TotalPoints":"0.00","y":null,"ProjectionDiff":null},{"PlayerName":"Ryquell Armstead","PlayerId":"2562622","Pos":"RB","Team":"GB","PlayerOpponent":"@SF","PassingYDS":"","PassingInt":"","PassingTD":"","RushingPassingYDS":"","ReceivingRec":"","ReceivingYDS":"","ReceivingTD":"","RetTD":"","FumTD":"","2PT":"","Fum":"","PlayerWeekProjectedPts":"0.00","Rank":95,"TotalPoints":"0.00","y":0.0,"ProjectionDiff":0.0},{"PlayerName":"Kalen Ballage","PlayerId":"2560967","Pos":"RB","Team":"PIT","PlayerOpponent":"CIN","PassingYDS":"","PassingInt":"","PassingTD":"","RushingPassingYDS":"","ReceivingRec":"","ReceivingYDS":"","ReceivingTD":"","RetTD":"","FumTD":"","2PT":"","Fum":"","PlayerWeekProjectedPts":"2.90","Rank":96,"TotalPoints":"0.00","y":2.9,"ProjectionDiff":-2.9},{"PlayerName":"Jake Bargas","PlayerId":"2564508","Pos":"RB","Team":"MIN","PlayerOpponent":"SEA","PassingYDS":"","PassingInt":"","PassingTD":"","RushingPassingYDS":"","ReceivingRec":"","ReceivingYDS":"","ReceivingTD":"","RetTD":"","FumTD":"","2PT":"","Fum":"","PlayerWeekProjectedPts":"0.00","Rank":97,"TotalPoints":"0.00","y":0.0,"ProjectionDiff":0.0},{"PlayerName":"Nick Bawden","PlayerId":"2560972","Pos":"RB","Team":"NYJ","PlayerOpponent":"@DEN","PassingYDS":"","PassingInt":"","PassingTD":"","RushingPassingYDS":"","ReceivingRec":"","ReceivingYDS":"","ReceivingTD":"","RetTD":"","FumTD":"","2PT":"","Fum":"","PlayerWeekProjectedPts":"0.00","Rank":98,"TotalPoints":"0.00","y":0.0,"ProjectionDiff":0.0},{"PlayerName":"Le'Veon Bell","PlayerId":"2540175","Pos":"RB","Team":"BAL","PlayerOpponent":"@DET","PassingYDS":"","PassingInt":"","PassingTD":"","RushingPassingYDS":"","ReceivingRec":"","ReceivingYDS":"","ReceivingTD":"","RetTD":"","FumTD":"","2PT":"","Fum":"","PlayerWeekProjectedPts":"0.00","Rank":99,"TotalPoints":"0.00","y":0.0,"ProjectionDiff":0.0},{"PlayerName":"Levante Bellamy","PlayerId":"2563878","Pos":"RB","Team":"DEN","PlayerOpponent":"NYJ","PassingYDS":"","PassingInt":"","PassingTD":"","RushingPassingYDS":"","ReceivingRec":"","ReceivingYDS":"","ReceivingTD":"","RetTD":"","FumTD":"","2PT":"","Fum":"","PlayerWeekProjectedPts":null,"Rank":100,"TotalPoints":"0.00","y":null,"ProjectionDiff":null},{"PlayerName":"Eno Benjamin","PlayerId":"2564889","Pos":"RB","Team":"ARI","PlayerOpponent":"@JAX","PassingYDS":"","PassingInt":"","PassingTD":"","RushingPassingYDS":"","ReceivingRec":"","ReceivingYDS":"","ReceivingTD":"","RetTD":"","FumTD":"","2PT":"","Fum":"","PlayerWeekProjectedPts":"0.00","Rank":101,"TotalPoints":"0.00","y":0.0,"ProjectionDiff":0.0},{"PlayerName":"Khari Blasingame","PlayerId":"2562869","Pos":"RB","Team":"TEN","PlayerOpponent":"IND","PassingYDS":"","PassingInt":"","PassingTD":"","RushingPassingYDS":"","ReceivingRec":"","ReceivingYDS":"","ReceivingTD":"","RetTD":"","FumTD":"","2PT":"","Fum":"","PlayerWeekProjectedPts":null,"Rank":102,"TotalPoints":"0.00","y":null,"ProjectionDiff":null},{"PlayerName":"Reggie Bonnafon","PlayerId":"2561184","Pos":"RB","Team":"CAR","PlayerOpponent":"@HOU","PassingYDS":"","PassingInt":"","PassingTD":"","RushingPassingYDS":"","ReceivingRec":"","ReceivingYDS":"","ReceivingTD":"","RetTD":"","FumTD":"","2PT":"","Fum":"","PlayerWeekProjectedPts":"0.00","Rank":103,"TotalPoints":"0.00","y":0.0,"ProjectionDiff":0.0},{"PlayerName":"Devontae Booker","PlayerId":"2555223","Pos":"RB","Team":"NYG","PlayerOpponent":"ATL","PassingYDS":"","PassingInt":"","PassingTD":"","RushingPassingYDS":"","ReceivingRec":"","ReceivingYDS":"","ReceivingTD":"","RetTD":"","FumTD":"","2PT":"","Fum":"","PlayerWeekProjectedPts":"0.00","Rank":104,"TotalPoints":"0.00","y":0.0,"ProjectionDiff":0.0},{"PlayerName":"Mike Boone","PlayerId":"2561099","Pos":"RB","Team":"DEN","PlayerOpponent":"NYJ","PassingYDS":"","PassingInt":"","PassingTD":"","RushingPassingYDS":"","ReceivingRec":"","ReceivingYDS":"","ReceivingTD":"","RetTD":"","FumTD":"","2PT":"","Fum":"","PlayerWeekProjectedPts":"0.00","Rank":105,"TotalPoints":"0.00","y":0.0,"ProjectionDiff":0.0},{"PlayerName":"Darius Bradwell","PlayerId":"2565015","Pos":"RB","Team":"LAC","PlayerOpponent":"@KC","PassingYDS":"","PassingInt":"","PassingTD":"","RushingPassingYDS":"","ReceivingRec":"","ReceivingYDS":"","ReceivingTD":"","RetTD":"","FumTD":"","2PT":"","Fum":"","PlayerWeekProjectedPts":"0.00","Rank":106,"TotalPoints":"0.00","y":0.0,"ProjectionDiff":0.0},{"PlayerName":"Matt Breida","PlayerId":"2558918","Pos":"RB","Team":"BUF","PlayerOpponent":"WAS","PassingYDS":"","PassingInt":"","PassingTD":"","RushingPassingYDS":"","ReceivingRec":"","ReceivingYDS":"","ReceivingTD":"","RetTD":"","FumTD":"","2PT":"","Fum":"","PlayerWeekProjectedPts":"0.00","Rank":107,"TotalPoints":"0.00","y":0.0,"ProjectionDiff":0.0},{"PlayerName":"Tony Brooks-James","PlayerId":"2563300","Pos":"RB","Team":"FA","PlayerOpponent":"Bye","PassingYDS":"","PassingInt":"","PassingTD":"","RushingPassingYDS":"","ReceivingRec":"","ReceivingYDS":"","ReceivingTD":"","RetTD":"","FumTD":"","2PT":"","Fum":"","PlayerWeekProjectedPts":"","Rank":108,"TotalPoints":"0.00","y":null,"ProjectionDiff":null},{"PlayerName":"Spencer Brown","PlayerId":"2565558","Pos":"RB","Team":"CAR","PlayerOpponent":"@HOU","PassingYDS":"","PassingInt":"","PassingTD":"","RushingPassingYDS":"","ReceivingRec":"","ReceivingYDS":"","ReceivingTD":"","RetTD":"","FumTD":"","2PT":"","Fum":"","PlayerWeekProjectedPts":"0.00","Rank":109,"TotalPoints":"0.00","y":0.0,"ProjectionDiff":0.0},{"PlayerName":"Michael Burton","PlayerId":"2552636","Pos":"RB","Team":"KC","PlayerOpponent":"LAC","PassingYDS":"","PassingInt":"","PassingTD":"","RushingPassingYDS":"","ReceivingRec":"","ReceivingYDS":"","ReceivingTD":"","RetTD":"","FumTD":"","2PT":"","Fum":"","PlayerWeekProjectedPts":"0.87","Rank":110,"TotalPoints":"0.00","y":0.87,"ProjectionDiff":-0.87},{"PlayerName":"Raymond Calais","PlayerId":"2565207","Pos":"RB","Team":"LA","PlayerOpponent":"TB","PassingYDS":"","PassingInt":"","PassingTD":"","RushingPassingYDS":"","ReceivingRec":"","ReceivingYDS":"","ReceivingTD":"","RetTD":"","FumTD":"","2PT":"","Fum":"","PlayerWeekProjectedPts":null,"Rank":111,"TotalPoints":"0.00","y":null,"ProjectionDiff":null},{"PlayerName":"Patrick Carr","PlayerId":"2565138","Pos":"RB","Team":"FA","PlayerOpponent":"Bye","PassingYDS":"","PassingInt":"","PassingTD":"","RushingPassingYDS":"","ReceivingRec":"","ReceivingYDS":"","ReceivingTD":"","RetTD":"","FumTD":"","2PT":"","Fum":"","PlayerWeekProjectedPts":"","Rank":112,"TotalPoints":"0.00","y":null,"ProjectionDiff":null},{"PlayerName":"Jordan Chunn","PlayerId":"2561308","Pos":"RB","Team":"FA","PlayerOpponent":"Bye","PassingYDS":"","PassingInt":"","PassingTD":"","RushingPassingYDS":"","ReceivingRec":"","ReceivingYDS":"","ReceivingTD":"","RetTD":"","FumTD":"","2PT":"","Fum":"","PlayerWeekProjectedPts":"","Rank":113,"TotalPoints":"0.00","y":null,"ProjectionDiff":null},{"PlayerName":"Darius Clark","PlayerId":"2565561","Pos":"RB","Team":"FA","PlayerOpponent":"Bye","PassingYDS":"","PassingInt":"","PassingTD":"","RushingPassingYDS":"","ReceivingRec":"","ReceivingYDS":"","ReceivingTD":"","RetTD":"","FumTD":"","2PT":"","Fum":"","PlayerWeekProjectedPts":"","Rank":114,"TotalPoints":"0.00","y":null,"ProjectionDiff":null},{"PlayerName":"Corey Clement","PlayerId":"2559150","Pos":"RB","Team":"DAL","PlayerOpponent":"PHI","PassingYDS":"","PassingInt":"","PassingTD":"","RushingPassingYDS":"","ReceivingRec":"","ReceivingYDS":"","ReceivingTD":"","RetTD":"","FumTD":"","2PT":"","Fum":"","PlayerWeekProjectedPts":"1.38","Rank":115,"TotalPoints":"0.00","y":1.38,"ProjectionDiff":-1.38},{"PlayerName":"Tarik Cohen","PlayerId":"2558250","Pos":"RB","Team":"CHI","PlayerOpponent":"@CLE","PassingYDS":"","PassingInt":"","PassingTD":"","RushingPassingYDS":"","ReceivingRec":"","ReceivingYDS":"","ReceivingTD":"","RetTD":"","FumTD":"","2PT":"","Fum":"","PlayerWeekProjectedPts":null,"Rank":116,"TotalPoints":"0.00","y":null,"ProjectionDiff":null},{"PlayerName":"Tevin Coleman","PlayerId":"2552453","Pos":"RB","Team":"NYJ","PlayerOpponent":"@DEN","PassingYDS":"","PassingInt":"","PassingTD":"","RushingPassingYDS":"","ReceivingRec":"","ReceivingYDS":"","ReceivingTD":"","RetTD":"","FumTD":"","2PT":"","Fum":"","PlayerWeekProjectedPts":"0.00","Rank":117,"TotalPoints":"0.00","y":0.0,"ProjectionDiff":0.0},{"PlayerName":"Dalvin Cook","PlayerId":"2557991","Pos":"RB","Team":"MIN","PlayerOpponent":"SEA","PassingYDS":"","PassingInt":"","PassingTD":"","RushingPassingYDS":"","ReceivingRec":"","ReceivingYDS":"","ReceivingTD":"","RetTD":"","FumTD":"","2PT":"","Fum":"","PlayerWeekProjectedPts":"0.00","Rank":118,"TotalPoints":"0.00","y":0.0,"ProjectionDiff":0.0},{"PlayerName":"Nathan Cottrell","PlayerId":"2564175","Pos":"RB","Team":"JAX","PlayerOpponent":"ARI","PassingYDS":"","PassingInt":"","PassingTD":"","RushingPassingYDS":"","ReceivingRec":"","ReceivingYDS":"","ReceivingTD":"","RetTD":"","FumTD":"","2PT":"","Fum":"","PlayerWeekProjectedPts":"0.00","Rank":119,"TotalPoints":"0.00","y":0.0,"ProjectionDiff":0.0},{"PlayerName":"DeeJay Dallas","PlayerId":"2565144","Pos":"RB","Team":"SEA","PlayerOpponent":"@MIN","PassingYDS":"","PassingInt":"","PassingTD":"","RushingPassingYDS":"","ReceivingRec":"","ReceivingYDS":"","ReceivingTD":"","RetTD":"","FumTD":"","2PT":"","Fum":"","PlayerWeekProjectedPts":"2.11","Rank":120,"TotalPoints":"0.00","y":2.11,"ProjectionDiff":-2.11},{"PlayerName":"Mikey Daniel","PlayerId":"2563476","Pos":"RB","Team":"FA","PlayerOpponent":"Bye","PassingYDS":"","PassingInt":"","PassingTD":"","RushingPassingYDS":"","ReceivingRec":"","ReceivingYDS":"","ReceivingTD":"","RetTD":"","FumTD":"","2PT":"","Fum":"","PlayerWeekProjectedPts":"","Rank":121,"TotalPoints":"0.00","y":null,"ProjectionDiff":null},{"PlayerName":"Matt Dayes","PlayerId":"2557987","Pos":"RB","Team":"FA","PlayerOpponent":"Bye","PassingYDS":"","PassingInt":"","PassingTD":"","RushingPassingYDS":"","ReceivingRec":"","ReceivingYDS":"","ReceivingTD":"","RetTD":"","FumTD":"","2PT":"","Fum":"","PlayerWeekProjectedPts":"","Rank":122,"TotalPoints":"0.00","y":null,"ProjectionDiff":null},{"PlayerName":"Gerrid Doaks","PlayerId":"2566277","Pos":"RB","Team":"MIA","PlayerOpponent":"@LV","PassingYDS":"","PassingInt":"","PassingTD":"","RushingPassingYDS":"","ReceivingRec":"","ReceivingYDS":"","ReceivingTD":"","RetTD":"","FumTD":"","2PT":"","Fum":"","PlayerWeekProjectedPts":"0.00","Rank":123,"TotalPoints":"0.00","y":0.0,"ProjectionDiff":0.0},{"PlayerName":"J.K. Dobbins","PlayerId":"2563548","Pos":"RB","Team":"BAL","PlayerOpponent":"@DET","PassingYDS":"","PassingInt":"","PassingTD":"","RushingPassingYDS":"","ReceivingRec":"","ReceivingYDS":"","ReceivingTD":"","RetTD":"","FumTD":"","2PT":"","Fum":"","PlayerWeekProjectedPts":null,"Rank":124,"TotalPoints":"0.00","y":null,"ProjectionDiff":null},{"PlayerName":"Rico Dowdle","PlayerId":"2565295","Pos":"RB","Team":"DAL","PlayerOpponent":"PHI","PassingYDS":"","PassingInt":"","PassingTD":"","RushingPassingYDS":"","ReceivingRec":"","ReceivingYDS":"","ReceivingTD":"","RetTD":"","FumTD":"","2PT":"","Fum":"","PlayerWeekProjectedPts":null,"Rank":125,"TotalPoints":"0.00","y":null,"ProjectionDiff":null},{"PlayerName":"Trey Edmunds","PlayerId":"2559325","Pos":"RB","Team":"PIT","PlayerOpponent":"CIN","PassingYDS":"","PassingInt":"","PassingTD":"","RushingPassingYDS":"","ReceivingRec":"","ReceivingYDS":"","ReceivingTD":"","RetTD":"","FumTD":"","2PT":"","Fum":"","PlayerWeekProjectedPts":"0.00","Rank":126,"TotalPoints":"0.00","y":0.0,"ProjectionDiff":0.0},{"PlayerName":"Gus Edwards","PlayerId":"2561324","Pos":"RB","Team":"BAL","PlayerOpponent":"@DET","PassingYDS":"","PassingInt":"","PassingTD":"","RushingPassingYDS":"","ReceivingRec":"","ReceivingYDS":"","ReceivingTD":"","RetTD":"","FumTD":"","2PT":"","Fum":"","PlayerWeekProjectedPts":null,"Rank":127,"TotalPoints":"0.00","y":null,"ProjectionDiff":null},{"PlayerName":"Travis Etienne","PlayerId":"2566157","Pos":"RB","Team":"JAX","PlayerOpponent":"ARI","PassingYDS":"","PassingInt":"","PassingTD":"","RushingPassingYDS":"","ReceivingRec":"","ReceivingYDS":"","ReceivingTD":"","RetTD":"","FumTD":"","2PT":"","Fum":"","PlayerWeekProjectedPts":null,"Rank":128,"TotalPoints":"0.00","y":null,"ProjectionDiff":null},{"PlayerName":"Darrynton Evans","PlayerId":"2564043","Pos":"RB","Team":"TEN","PlayerOpponent":"IND","PassingYDS":"","PassingInt":"","PassingTD":"","RushingPassingYDS":"","ReceivingRec":"","ReceivingYDS":"","ReceivingTD":"","RetTD":"","FumTD":"","2PT":"","Fum":"","PlayerWeekProjectedPts":null,"Rank":129,"TotalPoints":"0.00","y":null,"ProjectionDiff":null},{"PlayerName":"Tavien Feaster","PlayerId":"2564187","Pos":"RB","Team":"ARI","PlayerOpponent":"@JAX","PassingYDS":"","PassingInt":"","PassingTD":"","RushingPassingYDS":"","ReceivingRec":"","ReceivingYDS":"","ReceivingTD":"","RetTD":"","FumTD":"","2PT":"","Fum":"","PlayerWeekProjectedPts":"0.00","Rank":130,"TotalPoints":"0.00","y":0.0,"ProjectionDiff":0.0},{"PlayerName":"D'Onta Foreman","PlayerId":"2557994","Pos":"RB","Team":"TEN","PlayerOpponent":"IND","PassingYDS":"","PassingInt":"","PassingTD":"","RushingPassingYDS":"","ReceivingRec":"","ReceivingYDS":"","ReceivingTD":"","RetTD":"","FumTD":"","2PT":"","Fum":"","PlayerWeekProjectedPts":"0.00","Rank":131,"TotalPoints":"0.00","y":0.0,"ProjectionDiff":0.0},{"PlayerName":"D.J. Foster","PlayerId":"2556528","Pos":"RB","Team":"FA","PlayerOpponent":"Bye","PassingYDS":"","PassingInt":"","PassingTD":"","RushingPassingYDS":"","ReceivingRec":"","ReceivingYDS":"","ReceivingTD":"","RetTD":"","FumTD":"","2PT":"","Fum":"","PlayerWeekProjectedPts":"","Rank":132,"TotalPoints":"0.00","y":null,"ProjectionDiff":null},{"PlayerName":"Tyler Gaffney","PlayerId":"2543655","Pos":"RB","Team":"FA","PlayerOpponent":"Bye","PassingYDS":"","PassingInt":"","PassingTD":"","RushingPassingYDS":"","ReceivingRec":"","ReceivingYDS":"","ReceivingTD":"","RetTD":"","FumTD":"","2PT":"","Fum":"","PlayerWeekProjectedPts":"","Rank":133,"TotalPoints":"0.00","y":null,"ProjectionDiff":null},{"PlayerName":"Wayne Gallman","PlayerId":"2557952","Pos":"RB","Team":"ATL","PlayerOpponent":"@NYG","PassingYDS":"","PassingInt":"","PassingTD":"","RushingPassingYDS":"","ReceivingRec":"","ReceivingYDS":"","ReceivingTD":"","RetTD":"","FumTD":"","2PT":"","Fum":"","PlayerWeekProjectedPts":"0.00","Rank":134,"TotalPoints":"0.00","y":0.0,"ProjectionDiff":0.0},{"PlayerName":"Derrick Gore","PlayerId":"2563347","Pos":"RB","Team":"KC","PlayerOpponent":"LAC","PassingYDS":"","PassingInt":"","PassingTD":"","RushingPassingYDS":"","ReceivingRec":"","ReceivingYDS":"","ReceivingTD":"","RetTD":"","FumTD":"","2PT":"","Fum":"","PlayerWeekProjectedPts":"0.00","Rank":135,"TotalPoints":"0.00","y":0.0,"ProjectionDiff":0.0},{"PlayerName":"Garrett Groshek","PlayerId":"2565645","Pos":"RB","Team":"FA","PlayerOpponent":"Bye","PassingYDS":"","PassingInt":"","PassingTD":"","RushingPassingYDS":"","ReceivingRec":"","ReceivingYDS":"","ReceivingTD":"","RetTD":"","FumTD":"","2PT":"","Fum":"","PlayerWeekProjectedPts":"","Rank":136,"TotalPoints":"0.00","y":null,"ProjectionDiff":null},{"PlayerName":"Pete Guerrerio","PlayerId":"2565539","Pos":"RB","Team":"FA","PlayerOpponent":"Bye","PassingYDS":"","PassingInt":"","PassingTD":"","RushingPassingYDS":"","ReceivingRec":"","ReceivingYDS":"","ReceivingTD":"","RetTD":"","FumTD":"","2PT":"","Fum":"","PlayerWeekProjectedPts":"","Rank":137,"TotalPoints":"0.00","y":null,"ProjectionDiff":null},{"PlayerName":"Todd Gurley","PlayerId":"2552475","Pos":"RB","Team":"FA","PlayerOpponent":"Bye","PassingYDS":"","PassingInt":"","PassingTD":"","RushingPassingYDS":"","ReceivingRec":"","ReceivingYDS":"","ReceivingTD":"","RetTD":"","FumTD":"","2PT":"","Fum":"","PlayerWeekProjectedPts":"","Rank":138,"TotalPoints":"0.00","y":null,"ProjectionDiff":null},{"PlayerName":"JaMycal Hasty","PlayerId":"2565108","Pos":"RB","Team":"SF","PlayerOpponent":"GB","PassingYDS":"","PassingInt":"","PassingTD":"","RushingPassingYDS":"","ReceivingRec":"","ReceivingYDS":"","ReceivingTD":"","RetTD":"","FumTD":"","2PT":"","Fum":"","PlayerWeekProjectedPts":"0.00","Rank":139,"TotalPoints":"0.00","y":0.0,"ProjectionDiff":0.0},{"PlayerName":"Javian Hawkins","PlayerId":"2566689","Pos":"RB","Team":"LA","PlayerOpponent":"TB","PassingYDS":"","PassingInt":"","PassingTD":"","RushingPassingYDS":"","ReceivingRec":"","ReceivingYDS":"","ReceivingTD":"","RetTD":"","FumTD":"","2PT":"","Fum":"","PlayerWeekProjectedPts":"0.00","Rank":140,"TotalPoints":"0.00","y":0.0,"ProjectionDiff":0.0},{"PlayerName":"Darrell Henderson","PlayerId":"2562574","Pos":"RB","Team":"LA","PlayerOpponent":"TB","PassingYDS":"","PassingInt":"","PassingTD":"","RushingPassingYDS":"","ReceivingRec":"","ReceivingYDS":"","ReceivingTD":"","RetTD":"","FumTD":"","2PT":"","Fum":"","PlayerWeekProjectedPts":"0.00","Rank":141,"TotalPoints":"0.00","y":0.0,"ProjectionDiff":0.0},{"PlayerName":"Brian Hill","PlayerId":"2558112","Pos":"RB","Team":"FA","PlayerOpponent":"Bye","PassingYDS":"","PassingInt":"","PassingTD":"","RushingPassingYDS":"","ReceivingRec":"","ReceivingYDS":"","ReceivingTD":"","RetTD":"","FumTD":"","2PT":"","Fum":"","PlayerWeekProjectedPts":"","Rank":142,"TotalPoints":"0.00","y":null,"ProjectionDiff":null},{"PlayerName":"Justice Hill","PlayerId":"2562407","Pos":"RB","Team":"BAL","PlayerOpponent":"@DET","PassingYDS":"","PassingInt":"","PassingTD":"","RushingPassingYDS":"","ReceivingRec":"","ReceivingYDS":"","ReceivingTD":"","RetTD":"","FumTD":"","2PT":"","Fum":"","PlayerWeekProjectedPts":null,"Rank":143,"TotalPoints":"0.00","y":null,"ProjectionDiff":null},{"PlayerName":"Kylin Hill","PlayerId":"2566076","Pos":"RB","Team":"GB","PlayerOpponent":"@SF","PassingYDS":"","PassingInt":"","PassingTD":"","RushingPassingYDS":"","ReceivingRec":"","ReceivingYDS":"","ReceivingTD":"","RetTD":"","FumTD":"","2PT":"","Fum":"","PlayerWeekProjectedPts":null,"Rank":144,"TotalPoints":"0.00","y":null,"ProjectionDiff":null},{"PlayerName":"Dontrell Hilliard","PlayerId":"2561461","Pos":"RB","Team":"TEN","PlayerOpponent":"IND","PassingYDS":"","PassingInt":"","PassingTD":"","RushingPassingYDS":"","ReceivingRec":"","ReceivingYDS":"","ReceivingTD":"","RetTD":"","FumTD":"","2PT":"","Fum":"","PlayerWeekProjectedPts":"0.00","Rank":145,"TotalPoints":"0.00","y":0.0,"ProjectionDiff":0.0},{"PlayerName":"Josh Hokit","PlayerId":"2565111","Pos":"RB","Team":"SF","PlayerOpponent":"GB","PassingYDS":"","PassingInt":"","PassingTD":"","RushingPassingYDS":"","ReceivingRec":"","ReceivingYDS":"","ReceivingTD":"","RetTD":"","FumTD":"","2PT":"","Fum":"","PlayerWeekProjectedPts":"0.00","Rank":146,"TotalPoints":"0.00","y":0.0,"ProjectionDiff":0.0},{"PlayerName":"Elijah Holyfield","PlayerId":"2562664","Pos":"RB","Team":"CIN","PlayerOpponent":"@PIT","PassingYDS":"","PassingInt":"","PassingTD":"","RushingPassingYDS":"","ReceivingRec":"","ReceivingYDS":"","ReceivingTD":"","RetTD":"","FumTD":"","2PT":"","Fum":"","PlayerWeekProjectedPts":"0.00","Rank":147,"TotalPoints":"0.00","y":0.0,"ProjectionDiff":0.0},{"PlayerName":"Jordan Howard","PlayerId":"2555418","Pos":"RB","Team":"PHI","PlayerOpponent":"@DAL","PassingYDS":"","PassingInt":"","PassingTD":"","RushingPassingYDS":"","ReceivingRec":"","ReceivingYDS":"","ReceivingTD":"","RetTD":"","FumTD":"","2PT":"","Fum":"","PlayerWeekProjectedPts":"0.00","Rank":148,"TotalPoints":"0.00","y":0.0,"ProjectionDiff":0.0},{"PlayerName":"Buddy Howell","PlayerId":"2561344","Pos":"RB","Team":"LA","PlayerOpponent":"TB","PassingYDS":"","PassingInt":"","PassingTD":"","RushingPassingYDS":"","ReceivingRec":"","ReceivingYDS":"","ReceivingTD":"","RetTD":"","FumTD":"","2PT":"","Fum":"","PlayerWeekProjectedPts":"3.09","Rank":149,"TotalPoints":"0.00","y":3.09,"ProjectionDiff":-3.09},{"PlayerName":"Caleb Huntley","PlayerId":"2566692","Pos":"RB","Team":"ATL","PlayerOpponent":"@NYG","PassingYDS":"","PassingInt":"","PassingTD":"","RushingPassingYDS":"","ReceivingRec":"","ReceivingYDS":"","ReceivingTD":"","RetTD":"","FumTD":"","2PT":"","Fum":"","PlayerWeekProjectedPts":"0.00","Rank":150,"TotalPoints":"0.00","y":0.0,"ProjectionDiff":0.0},{"PlayerName":"Jason Huntley","PlayerId":"2563938","Pos":"RB","Team":"PHI","PlayerOpponent":"@DAL","PassingYDS":"","PassingInt":"","PassingTD":"","RushingPassingYDS":"","ReceivingRec":"","ReceivingYDS":"","ReceivingTD":"","RetTD":"","FumTD":"","2PT":"","Fum":"","PlayerWeekProjectedPts":"0.00","Rank":151,"TotalPoints":"0.00","y":0.0,"ProjectionDiff":0.0},{"PlayerName":"Godwin Igwebuike","PlayerId":"2560749","Pos":"RB","Team":"DET","PlayerOpponent":"BAL","PassingYDS":"","PassingInt":"","PassingTD":"","RushingPassingYDS":"","ReceivingRec":"","ReceivingYDS":"","ReceivingTD":"","RetTD":"","FumTD":"","2PT":"","Fum":"","PlayerWeekProjectedPts":"0.46","Rank":152,"TotalPoints":"0.00","y":0.46,"ProjectionDiff":-0.46},{"PlayerName":"Deon Jackson","PlayerId":"2565603","Pos":"RB","Team":"IND","PlayerOpponent":"@TEN","PassingYDS":"","PassingInt":"","PassingTD":"","RushingPassingYDS":"","ReceivingRec":"","ReceivingYDS":"","ReceivingTD":"","RetTD":"","FumTD":"","2PT":"","Fum":"","PlayerWeekProjectedPts":"0.00","Rank":153,"TotalPoints":"0.00","y":0.0,"ProjectionDiff":0.0},{"PlayerName":"Justin Jackson","PlayerId":"2560756","Pos":"RB","Team":"LAC","PlayerOpponent":"@KC","PassingYDS":"","PassingInt":"","PassingTD":"","RushingPassingYDS":"","ReceivingRec":"","ReceivingYDS":"","ReceivingTD":"","RetTD":"","FumTD":"","2PT":"","Fum":"","PlayerWeekProjectedPts":"5.13","Rank":154,"TotalPoints":"0.00","y":5.13,"ProjectionDiff":-5.13},{"PlayerName":"Josh Jacobs","PlayerId":"2562377","Pos":"RB","Team":"LV","PlayerOpponent":"MIA","PassingYDS":"","PassingInt":"","PassingTD":"","RushingPassingYDS":"","ReceivingRec":"","ReceivingYDS":"","ReceivingTD":"","RetTD":"","FumTD":"","2PT":"","Fum":"","PlayerWeekProjectedPts":"0.00","Rank":155,"TotalPoints":"0.00","y":0.0,"ProjectionDiff":0.0},{"PlayerName":"Andy Janovich","PlayerId":"2555432","Pos":"RB","Team":"CLE","PlayerOpponent":"CHI","PassingYDS":"","PassingInt":"","PassingTD":"","RushingPassingYDS":"","ReceivingRec":"","ReceivingYDS":"","ReceivingTD":"","RetTD":"","FumTD":"","2PT":"","Fum":"","PlayerWeekProjectedPts":"0.37","Rank":156,"TotalPoints":"0.00","y":0.37,"ProjectionDiff":-0.37},{"PlayerName":"Jermar Jefferson","PlayerId":"2566058","Pos":"RB","Team":"DET","PlayerOpponent":"BAL","PassingYDS":"","PassingInt":"","PassingTD":"","RushingPassingYDS":"","ReceivingRec":"","ReceivingYDS":"","ReceivingTD":"","RetTD":"","FumTD":"","2PT":"","Fum":"","PlayerWeekProjectedPts":"0.00","Rank":157,"TotalPoints":"0.00","y":0.0,"ProjectionDiff":0.0},{"PlayerName":"Duke Johnson","PlayerId":"2552461","Pos":"RB","Team":"MIA","PlayerOpponent":"@LV","PassingYDS":"","PassingInt":"","PassingTD":"","RushingPassingYDS":"","ReceivingRec":"","ReceivingYDS":"","ReceivingTD":"","RetTD":"","FumTD":"","2PT":"","Fum":"","PlayerWeekProjectedPts":"0.00","Rank":158,"TotalPoints":"0.00","y":0.0,"ProjectionDiff":0.0},{"PlayerName":"Jakob Johnson","PlayerId":"2562890","Pos":"RB","Team":"NE","PlayerOpponent":"NO","PassingYDS":"","PassingInt":"","PassingTD":"","RushingPassingYDS":"","ReceivingRec":"","ReceivingYDS":"","ReceivingTD":"","RetTD":"","FumTD":"","2PT":"","Fum":"","PlayerWeekProjectedPts":"0.43","Rank":159,"TotalPoints":"0.00","y":0.43,"ProjectionDiff":-0.43},{"PlayerName":"Kerryon Johnson","PlayerId":"2560765","Pos":"RB","Team":"FA","PlayerOpponent":"Bye","PassingYDS":"","PassingInt":"","PassingTD":"","RushingPassingYDS":"","ReceivingRec":"","ReceivingYDS":"","ReceivingTD":"","RetTD":"","FumTD":"","2PT":"","Fum":"","PlayerWeekProjectedPts":"","Rank":160,"TotalPoints":"0.00","y":null,"ProjectionDiff":null},{"PlayerName":"Taiwan Jones","PlayerId":"2495467","Pos":"RB","Team":"BUF","PlayerOpponent":"WAS","PassingYDS":"","PassingInt":"","PassingTD":"","RushingPassingYDS":"","ReceivingRec":"","ReceivingYDS":"","ReceivingTD":"","RetTD":"","FumTD":"","2PT":"","Fum":"","PlayerWeekProjectedPts":"1.05","Rank":161,"TotalPoints":"0.00","y":1.05,"ProjectionDiff":-1.05},{"PlayerName":"Xavier Jones","PlayerId":"2564364","Pos":"RB","Team":"LA","PlayerOpponent":"TB","PassingYDS":"","PassingInt":"","PassingTD":"","RushingPassingYDS":"","ReceivingRec":"","ReceivingYDS":"","ReceivingTD":"","RetTD":"","FumTD":"","2PT":"","Fum":"","PlayerWeekProjectedPts":null,"Rank":162,"TotalPoints":"0.00","y":null,"ProjectionDiff":null},{"PlayerName":"Joshua Kelley","PlayerId":"2565054","Pos":"RB","Team":"LAC","PlayerOpponent":"@KC","PassingYDS":"","PassingInt":"","PassingTD":"","RushingPassingYDS":"","ReceivingRec":"","ReceivingYDS":"","ReceivingTD":"","RetTD":"","FumTD":"","2PT":"","Fum":"","PlayerWeekProjectedPts":"0.00","Rank":163,"TotalPoints":"0.00","y":0.0,"ProjectionDiff":0.0},{"PlayerName":"John Kelly","PlayerId":"2560777","Pos":"RB","Team":"CLE","PlayerOpponent":"CHI","PassingYDS":"","PassingInt":"","PassingTD":"","RushingPassingYDS":"","ReceivingRec":"","ReceivingYDS":"","ReceivingTD":"","RetTD":"","FumTD":"","2PT":"","Fum":"","PlayerWeekProjectedPts":"0.00","Rank":164,"TotalPoints":"0.00","y":0.0,"ProjectionDiff":0.0},{"PlayerName":"Adrian Killins Jr.","PlayerId":"2564841","Pos":"RB","Team":"DEN","PlayerOpponent":"NYJ","PassingYDS":"","PassingInt":"","PassingTD":"","RushingPassingYDS":"","ReceivingRec":"","ReceivingYDS":"","ReceivingTD":"","RetTD":"","FumTD":"","2PT":"","Fum":"","PlayerWeekProjectedPts":null,"Rank":165,"TotalPoints":"0.00","y":null,"ProjectionDiff":null},{"PlayerName":"Patrick Laird","PlayerId":"2563296","Pos":"RB","Team":"MIA","PlayerOpponent":"@LV","PassingYDS":"","PassingInt":"","PassingTD":"","RushingPassingYDS":"","ReceivingRec":"","ReceivingYDS":"","ReceivingTD":"","RetTD":"","FumTD":"","2PT":"","Fum":"","PlayerWeekProjectedPts":"0.00","Rank":166,"TotalPoints":"0.00","y":0.0,"ProjectionDiff":0.0},{"PlayerName":"Benny LeMay","PlayerId":"2563794","Pos":"RB","Team":"FA","PlayerOpponent":"Bye","PassingYDS":"","PassingInt":"","PassingTD":"","RushingPassingYDS":"","ReceivingRec":"","ReceivingYDS":"","ReceivingTD":"","RetTD":"","FumTD":"","2PT":"","Fum":"","PlayerWeekProjectedPts":"","Rank":167,"TotalPoints":"0.00","y":null,"ProjectionDiff":null},{"PlayerName":"Dion Lewis","PlayerId":"2495469","Pos":"RB","Team":"FA","PlayerOpponent":"Bye","PassingYDS":"","PassingInt":"","PassingTD":"","RushingPassingYDS":"","ReceivingRec":"","ReceivingYDS":"","ReceivingTD":"","RetTD":"","FumTD":"","2PT":"","Fum":"","PlayerWeekProjectedPts":"","Rank":168,"TotalPoints":"0.00","y":null,"ProjectionDiff":null},{"PlayerName":"Marlon Mack","PlayerId":"2558123","Pos":"RB","Team":"IND","PlayerOpponent":"@TEN","PassingYDS":"","PassingInt":"","PassingTD":"","RushingPassingYDS":"","ReceivingRec":"","ReceivingYDS":"","ReceivingTD":"","RetTD":"","FumTD":"","2PT":"","Fum":"","PlayerWeekProjectedPts":"0.00","Rank":169,"TotalPoints":"0.00","y":0.0,"ProjectionDiff":0.0},{"PlayerName":"Ben Mason","PlayerId":"2565845","Pos":"RB","Team":"FA","PlayerOpponent":"Bye","PassingYDS":"","PassingInt":"","PassingTD":"","RushingPassingYDS":"","ReceivingRec":"","ReceivingYDS":"","ReceivingTD":"","RetTD":"","FumTD":"","2PT":"","Fum":"","PlayerWeekProjectedPts":"","Rank":170,"TotalPoints":"0.00","y":null,"ProjectionDiff":null},{"PlayerName":"LeSean McCoy","PlayerId":"79607","Pos":"RB","Team":"FA","PlayerOpponent":"Bye","PassingYDS":"","PassingInt":"","PassingTD":"","RushingPassingYDS":"","ReceivingRec":"","ReceivingYDS":"","ReceivingTD":"","RetTD":"","FumTD":"","2PT":"","Fum":"","PlayerWeekProjectedPts":"","Rank":171,"TotalPoints":"0.00","y":null,"ProjectionDiff":null},{"PlayerName":"Nate McCrary","PlayerId":"2566617","Pos":"RB","Team":"BAL","PlayerOpponent":"@DET","PassingYDS":"","PassingInt":"","PassingTD":"","RushingPassingYDS":"","ReceivingRec":"","ReceivingYDS":"","ReceivingTD":"","RetTD":"","FumTD":"","2PT":"","Fum":"","PlayerWeekProjectedPts":"0.00","Rank":172,"TotalPoints":"0.00","y":0.0,"ProjectionDiff":0.0},{"PlayerName":"Anthony McFarland","PlayerId":"2564994","Pos":"RB","Team":"PIT","PlayerOpponent":"CIN","PassingYDS":"","PassingInt":"","PassingTD":"","RushingPassingYDS":"","ReceivingRec":"","ReceivingYDS":"","ReceivingTD":"","RetTD":"","FumTD":"","2PT":"","Fum":"","PlayerWeekProjectedPts":"0.00","Rank":173,"TotalPoints":"0.00","y":0.0,"ProjectionDiff":0.0},{"PlayerName":"Elijah McGuire","PlayerId":"2557934","Pos":"RB","Team":"KC","PlayerOpponent":"LAC","PassingYDS":"","PassingInt":"","PassingTD":"","RushingPassingYDS":"","ReceivingRec":"","ReceivingYDS":"","ReceivingTD":"","RetTD":"","FumTD":"","2PT":"","Fum":"","PlayerWeekProjectedPts":"0.00","Rank":174,"TotalPoints":"0.00","y":0.0,"ProjectionDiff":0.0},{"PlayerName":"Jerick McKinnon","PlayerId":"2543715","Pos":"RB","Team":"KC","PlayerOpponent":"LAC","PassingYDS":"","PassingInt":"","PassingTD":"","RushingPassingYDS":"","ReceivingRec":"","ReceivingYDS":"","ReceivingTD":"","RetTD":"","FumTD":"","2PT":"","Fum":"","PlayerWeekProjectedPts":"2.62","Rank":175,"TotalPoints":"0.00","y":2.62,"ProjectionDiff":-2.62},{"PlayerName":"Lamar Miller","PlayerId":"2533034","Pos":"RB","Team":"NO","PlayerOpponent":"@NE","PassingYDS":"","PassingInt":"","PassingTD":"","RushingPassingYDS":"","ReceivingRec":"","ReceivingYDS":"","ReceivingTD":"","RetTD":"","FumTD":"","2PT":"","Fum":"","PlayerWeekProjectedPts":"0.00","Rank":176,"TotalPoints":"0.00","y":0.0,"ProjectionDiff":0.0},{"PlayerName":"Dedrick Mills","PlayerId":"2566905","Pos":"RB","Team":"FA","PlayerOpponent":"Bye","PassingYDS":"","PassingInt":"","PassingTD":"","RushingPassingYDS":"","ReceivingRec":"","ReceivingYDS":"","ReceivingTD":"","RetTD":"","FumTD":"","2PT":"","Fum":"","PlayerWeekProjectedPts":"","Rank":177,"TotalPoints":"0.00","y":null,"ProjectionDiff":null},{"PlayerName":"Eli Mitchell","PlayerId":"2566538","Pos":"RB","Team":"SF","PlayerOpponent":"GB","PassingYDS":"","PassingInt":"","PassingTD":"","RushingPassingYDS":"","ReceivingRec":"","ReceivingYDS":"","ReceivingTD":"","RetTD":"","FumTD":"","2PT":"","Fum":"","PlayerWeekProjectedPts":"0.00","Rank":178,"TotalPoints":"0.00","y":0.0,"ProjectionDiff":0.0},{"PlayerName":"Taquan Mizzell","PlayerId":"2558975","Pos":"RB","Team":"FA","PlayerOpponent":"Bye","PassingYDS":"","PassingInt":"","PassingTD":"","RushingPassingYDS":"","ReceivingRec":"","ReceivingYDS":"","ReceivingTD":"","RetTD":"","FumTD":"","2PT":"","Fum":"","PlayerWeekProjectedPts":"","Rank":179,"TotalPoints":"0.00","y":null,"ProjectionDiff":null},{"PlayerName":"Ty Montgomery","PlayerId":"2552429","Pos":"RB","Team":"NO","PlayerOpponent":"@NE","PassingYDS":"","PassingInt":"","PassingTD":"","RushingPassingYDS":"","ReceivingRec":"","ReceivingYDS":"","ReceivingTD":"","RetTD":"","FumTD":"","2PT":"","Fum":"","PlayerWeekProjectedPts":"5.13","Rank":180,"TotalPoints":"0.00","y":5.13,"ProjectionDiff":-5.13},{"PlayerName":"Alfred Morris","PlayerId":"2533457","Pos":"RB","Team":"FA","PlayerOpponent":"Bye","PassingYDS":"","PassingInt":"","PassingTD":"","RushingPassingYDS":"","ReceivingRec":"","ReceivingYDS":"","ReceivingTD":"","RetTD":"","FumTD":"","2PT":"","Fum":"","PlayerWeekProjectedPts":"","Rank":181,"TotalPoints":"0.00","y":null,"ProjectionDiff":null},{"PlayerName":"Raheem Mostert","PlayerId":"2553728","Pos":"RB","Team":"SF","PlayerOpponent":"GB","PassingYDS":"","PassingInt":"","PassingTD":"","RushingPassingYDS":"","ReceivingRec":"","ReceivingYDS":"","ReceivingTD":"","RetTD":"","FumTD":"","2PT":"","Fum":"","PlayerWeekProjectedPts":null,"Rank":182,"TotalPoints":"0.00","y":null,"ProjectionDiff":null},{"PlayerName":"Khalfani Muhammad","PlayerId":"2558861","Pos":"RB","Team":"FA","PlayerOpponent":"Bye","PassingYDS":"","PassingInt":"","PassingTD":"","RushingPassingYDS":"","ReceivingRec":"","ReceivingYDS":"","ReceivingTD":"","RetTD":"","FumTD":"","2PT":"","Fum":"","PlayerWeekProjectedPts":"","Rank":183,"TotalPoints":"0.00","y":null,"ProjectionDiff":null},{"PlayerName":"Ryan Nall","PlayerId":"2560817","Pos":"RB","Team":"CHI","PlayerOpponent":"@CLE","PassingYDS":"","PassingInt":"","PassingTD":"","RushingPassingYDS":"","ReceivingRec":"","ReceivingYDS":"","ReceivingTD":"","RetTD":"","FumTD":"","2PT":"","Fum":"","PlayerWeekProjectedPts":"0.00","Rank":184,"TotalPoints":"0.00","y":0.0,"ProjectionDiff":0.0},{"PlayerName":"Kene Nwangwu","PlayerId":"2566313","Pos":"RB","Team":"MIN","PlayerOpponent":"SEA","PassingYDS":"","PassingInt":"","PassingTD":"","RushingPassingYDS":"","ReceivingRec":"","ReceivingYDS":"","ReceivingTD":"","RetTD":"","FumTD":"","2PT":"","Fum":"","PlayerWeekProjectedPts":"0.00","Rank":185,"TotalPoints":"0.00","y":0.0,"ProjectionDiff":0.0},{"PlayerName":"Dare Ogunbowale","PlayerId":"2559362","Pos":"RB","Team":"JAX","PlayerOpponent":"ARI","PassingYDS":"","PassingInt":"","PassingTD":"","RushingPassingYDS":"","ReceivingRec":"","ReceivingYDS":"","ReceivingTD":"","RetTD":"","FumTD":"","2PT":"","Fum":"","PlayerWeekProjectedPts":"2.16","Rank":186,"TotalPoints":"0.00","y":2.16,"ProjectionDiff":-2.16},{"PlayerName":"Qadree Ollison","PlayerId":"2562797","Pos":"RB","Team":"ATL","PlayerOpponent":"@NYG","PassingYDS":"","PassingInt":"","PassingTD":"","RushingPassingYDS":"","ReceivingRec":"","ReceivingYDS":"","ReceivingTD":"","RetTD":"","FumTD":"","2PT":"","Fum":"","PlayerWeekProjectedPts":"0.00","Rank":187,"TotalPoints":"0.00","y":0.0,"ProjectionDiff":0.0},{"PlayerName":"Sewo Olonilua","PlayerId":"2563857","Pos":"RB","Team":"DAL","PlayerOpponent":"PHI","PassingYDS":"","PassingInt":"","PassingTD":"","RushingPassingYDS":"","ReceivingRec":"","ReceivingYDS":"","ReceivingTD":"","RetTD":"","FumTD":"","2PT":"","Fum":"","PlayerWeekProjectedPts":null,"Rank":188,"TotalPoints":"0.00","y":null,"ProjectionDiff":null},{"PlayerName":"Devine Ozigbo","PlayerId":"2562409","Pos":"RB","Team":"JAX","PlayerOpponent":"ARI","PassingYDS":"","PassingInt":"","PassingTD":"","RushingPassingYDS":"","ReceivingRec":"","ReceivingYDS":"","ReceivingTD":"","RetTD":"","FumTD":"","2PT":"","Fum":"","PlayerWeekProjectedPts":"0.00","Rank":189,"TotalPoints":"0.00","y":0.0,"ProjectionDiff":0.0},{"PlayerName":"Jacques Patrick","PlayerId":"2563737","Pos":"RB","Team":"FA","PlayerOpponent":"Bye","PassingYDS":"","PassingInt":"","PassingTD":"","RushingPassingYDS":"","ReceivingRec":"","ReceivingYDS":"","ReceivingTD":"","RetTD":"","FumTD":"","2PT":"","Fum":"","PlayerWeekProjectedPts":"","Rank":190,"TotalPoints":"0.00","y":null,"ProjectionDiff":null},{"PlayerName":"Jaret Patterson","PlayerId":"2567160","Pos":"RB","Team":"WAS","PlayerOpponent":"@BUF","PassingYDS":"","PassingInt":"","PassingTD":"","RushingPassingYDS":"","ReceivingRec":"","ReceivingYDS":"","ReceivingTD":"","RetTD":"","FumTD":"","2PT":"","Fum":"","PlayerWeekProjectedPts":"1.51","Rank":191,"TotalPoints":"0.00","y":1.51,"ProjectionDiff":-1.51},{"PlayerName":"Rashaad Penny","PlayerId":"2560835","Pos":"RB","Team":"SEA","PlayerOpponent":"@MIN","PassingYDS":"","PassingInt":"","PassingTD":"","RushingPassingYDS":"","ReceivingRec":"","ReceivingYDS":"","ReceivingTD":"","RetTD":"","FumTD":"","2PT":"","Fum":"","PlayerWeekProjectedPts":"0.00","Rank":192,"TotalPoints":"0.00","y":0.0,"ProjectionDiff":0.0},{"PlayerName":"La'Mical Perine","PlayerId":"2564808","Pos":"RB","Team":"NYJ","PlayerOpponent":"@DEN","PassingYDS":"","PassingInt":"","PassingTD":"","RushingPassingYDS":"","ReceivingRec":"","ReceivingYDS":"","ReceivingTD":"","RetTD":"","FumTD":"","2PT":"","Fum":"","PlayerWeekProjectedPts":"0.00","Rank":193,"TotalPoints":"0.00","y":0.0,"ProjectionDiff":0.0},{"PlayerName":"Malcolm Perry","PlayerId":"2564484","Pos":"RB","Team":"NE","PlayerOpponent":"NO","PassingYDS":"","PassingInt":"","PassingTD":"","RushingPassingYDS":"","ReceivingRec":"","ReceivingYDS":"","ReceivingTD":"","RetTD":"","FumTD":"","2PT":"","Fum":"","PlayerWeekProjectedPts":null,"Rank":194,"TotalPoints":"0.00","y":null,"ProjectionDiff":null},{"PlayerName":"Senorise Perry","PlayerId":"2550633","Pos":"RB","Team":"FA","PlayerOpponent":"Bye","PassingYDS":"","PassingInt":"","PassingTD":"","RushingPassingYDS":"","ReceivingRec":"","ReceivingYDS":"","ReceivingTD":"","RetTD":"","FumTD":"","2PT":"","Fum":"","PlayerWeekProjectedPts":"","Rank":195,"TotalPoints":"0.00","y":null,"ProjectionDiff":null},{"PlayerName":"Adrian Peterson","PlayerId":"2507164","Pos":"RB","Team":"TEN","PlayerOpponent":"IND","PassingYDS":"","PassingInt":"","PassingTD":"","RushingPassingYDS":"","ReceivingRec":"","ReceivingYDS":"","ReceivingTD":"","RetTD":"","FumTD":"","2PT":"","Fum":"","PlayerWeekProjectedPts":"0.00","Rank":196,"TotalPoints":"0.00","y":0.0,"ProjectionDiff":0.0},{"PlayerName":"Scottie Phillips","PlayerId":"2564085","Pos":"RB","Team":"HOU","PlayerOpponent":"CAR","PassingYDS":"","PassingInt":"","PassingTD":"","RushingPassingYDS":"","ReceivingRec":"","ReceivingYDS":"","ReceivingTD":"","RetTD":"","FumTD":"","2PT":"","Fum":"","PlayerWeekProjectedPts":null,"Rank":197,"TotalPoints":"0.00","y":null,"ProjectionDiff":null},{"PlayerName":"Artavis Pierce","PlayerId":"2565417","Pos":"RB","Team":"CHI","PlayerOpponent":"@CLE","PassingYDS":"","PassingInt":"","PassingTD":"","RushingPassingYDS":"","ReceivingRec":"","ReceivingYDS":"","ReceivingTD":"","RetTD":"","FumTD":"","2PT":"","Fum":"","PlayerWeekProjectedPts":"0.00","Rank":198,"TotalPoints":"0.00","y":0.0,"ProjectionDiff":0.0},{"PlayerName":"Sandro Platzgummer","PlayerId":"2565523","Pos":"RB","Team":"NYG","PlayerOpponent":"ATL","PassingYDS":"","PassingInt":"","PassingTD":"","RushingPassingYDS":"","ReceivingRec":"","ReceivingYDS":"","ReceivingTD":"","RetTD":"","FumTD":"","2PT":"","Fum":"","PlayerWeekProjectedPts":"0.00","Rank":199,"TotalPoints":"0.00","y":0.0,"ProjectionDiff":0.0},{"PlayerName":"C.J. Prosise","PlayerId":"2555417","Pos":"RB","Team":"FA","PlayerOpponent":"Bye","PassingYDS":"","PassingInt":"","PassingTD":"","RushingPassingYDS":"","ReceivingRec":"","ReceivingYDS":"","ReceivingTD":"","RetTD":"","FumTD":"","2PT":"","Fum":"","PlayerWeekProjectedPts":"","Rank":200,"TotalPoints":"0.00","y":null,"ProjectionDiff":null},{"PlayerName":"Trey Ragas","PlayerId":"2565654","Pos":"RB","Team":"LV","PlayerOpponent":"MIA","PassingYDS":"","PassingInt":"","PassingTD":"","RushingPassingYDS":"","ReceivingRec":"","ReceivingYDS":"","ReceivingTD":"","RetTD":"","FumTD":"","2PT":"","Fum":"","PlayerWeekProjectedPts":"1.26","Rank":201,"TotalPoints":"0.00","y":1.26,"ProjectionDiff":-1.26},{"PlayerName":"Craig Reynolds","PlayerId":"2562834","Pos":"RB","Team":"DET","PlayerOpponent":"BAL","PassingYDS":"","PassingInt":"","PassingTD":"","RushingPassingYDS":"","ReceivingRec":"","ReceivingYDS":"","ReceivingTD":"","RetTD":"","FumTD":"","2PT":"","Fum":"","PlayerWeekProjectedPts":"0.00","Rank":202,"TotalPoints":"0.00","y":0.0,"ProjectionDiff":0.0},{"PlayerName":"Patrick Ricard","PlayerId":"2558990","Pos":"RB","Team":"BAL","PlayerOpponent":"@DET","PassingYDS":"","PassingInt":"","PassingTD":"","RushingPassingYDS":"","ReceivingRec":"","ReceivingYDS":"","ReceivingTD":"","RetTD":"","FumTD":"","2PT":"","Fum":"","PlayerWeekProjectedPts":"1.27","Rank":203,"TotalPoints":"0.00","y":1.27,"ProjectionDiff":-1.27},{"PlayerName":"Jalen Richard","PlayerId":"2556885","Pos":"RB","Team":"LV","PlayerOpponent":"MIA","PassingYDS":"","PassingInt":"","PassingTD":"","RushingPassingYDS":"","ReceivingRec":"","ReceivingYDS":"","ReceivingTD":"","RetTD":"","FumTD":"","2PT":"","Fum":"","PlayerWeekProjectedPts":"0.00","Rank":204,"TotalPoints":"0.00","y":0.0,"ProjectionDiff":0.0},{"PlayerName":"Theo Riddick","PlayerId":"2540020","Pos":"RB","Team":"FA","PlayerOpponent":"Bye","PassingYDS":"","PassingInt":"","PassingTD":"","RushingPassingYDS":"","ReceivingRec":"","ReceivingYDS":"","ReceivingTD":"","RetTD":"","FumTD":"","2PT":"","Fum":"","PlayerWeekProjectedPts":"","Rank":205,"TotalPoints":"0.00","y":null,"ProjectionDiff":null},{"PlayerName":"Jaylen Samuels","PlayerId":"2560862","Pos":"RB","Team":"HOU","PlayerOpponent":"CAR","PassingYDS":"","PassingInt":"","PassingTD":"","RushingPassingYDS":"","ReceivingRec":"","ReceivingYDS":"","ReceivingTD":"","RetTD":"","FumTD":"","2PT":"","Fum":"","PlayerWeekProjectedPts":"0.00","Rank":206,"TotalPoints":"0.00","y":0.0,"ProjectionDiff":0.0},{"PlayerName":"Jordan Scarlett","PlayerId":"2562725","Pos":"RB","Team":"FA","PlayerOpponent":"Bye","PassingYDS":"","PassingInt":"","PassingTD":"","RushingPassingYDS":"","ReceivingRec":"","ReceivingYDS":"","ReceivingTD":"","RetTD":"","FumTD":"","2PT":"","Fum":"","PlayerWeekProjectedPts":"","Rank":207,"TotalPoints":"0.00","y":null,"ProjectionDiff":null},{"PlayerName":"Stevie Scott III","PlayerId":"2565705","Pos":"RB","Team":"FA","PlayerOpponent":"Bye","PassingYDS":"","PassingInt":"","PassingTD":"","RushingPassingYDS":"","ReceivingRec":"","ReceivingYDS":"","ReceivingTD":"","RetTD":"","FumTD":"","2PT":"","Fum":"","PlayerWeekProjectedPts":"","Rank":208,"TotalPoints":"0.00","y":null,"ProjectionDiff":null},{"PlayerName":"Anthony Sherman","PlayerId":"2495340","Pos":"RB","Team":"FA","PlayerOpponent":"Bye","PassingYDS":"","PassingInt":"","PassingTD":"","RushingPassingYDS":"","ReceivingRec":"","ReceivingYDS":"","ReceivingTD":"","RetTD":"","FumTD":"","2PT":"","Fum":"","PlayerWeekProjectedPts":"","Rank":209,"TotalPoints":"0.00","y":null,"ProjectionDiff":null},{"PlayerName":"Ito Smith","PlayerId":"2559924","Pos":"RB","Team":"FA","PlayerOpponent":"Bye","PassingYDS":"","PassingInt":"","PassingTD":"","RushingPassingYDS":"","ReceivingRec":"","ReceivingYDS":"","ReceivingTD":"","RetTD":"","FumTD":"","2PT":"","Fum":"","PlayerWeekProjectedPts":"","Rank":210,"TotalPoints":"0.00","y":null,"ProjectionDiff":null},{"PlayerName":"Rodney Smith","PlayerId":"2563680","Pos":"RB","Team":"FA","PlayerOpponent":"Bye","PassingYDS":"","PassingInt":"","PassingTD":"","RushingPassingYDS":"","ReceivingRec":"","ReceivingYDS":"","ReceivingTD":"","RetTD":"","FumTD":"","2PT":"","Fum":"","PlayerWeekProjectedPts":"","Rank":211,"TotalPoints":"0.00","y":null,"ProjectionDiff":null},{"PlayerName":"Benny Snell","PlayerId":"2562743","Pos":"RB","Team":"PIT","PlayerOpponent":"CIN","PassingYDS":"","PassingInt":"","PassingTD":"","RushingPassingYDS":"","ReceivingRec":"","ReceivingYDS":"","ReceivingTD":"","RetTD":"","FumTD":"","2PT":"","Fum":"","PlayerWeekProjectedPts":"2.32","Rank":212,"TotalPoints":"0.00","y":2.32,"ProjectionDiff":-2.32},{"PlayerName":"Johnny Stanton","PlayerId":"2561489","Pos":"RB","Team":"CLE","PlayerOpponent":"CHI","PassingYDS":"","PassingInt":"","PassingTD":"","RushingPassingYDS":"","ReceivingRec":"","ReceivingYDS":"","ReceivingTD":"","RetTD":"","FumTD":"","2PT":"","Fum":"","PlayerWeekProjectedPts":"0.00","Rank":213,"TotalPoints":"0.00","y":0.0,"ProjectionDiff":0.0},{"PlayerName":"Rhamondre Stevenson","PlayerId":"2566343","Pos":"RB","Team":"NE","PlayerOpponent":"NO","PassingYDS":"","PassingInt":"","PassingTD":"","RushingPassingYDS":"","ReceivingRec":"","ReceivingYDS":"","ReceivingTD":"","RetTD":"","FumTD":"","2PT":"","Fum":"","PlayerWeekProjectedPts":"0.00","Rank":214,"TotalPoints":"0.00","y":0.0,"ProjectionDiff":0.0},{"PlayerName":"Mason Stokke","PlayerId":"2565579","Pos":"RB","Team":"FA","PlayerOpponent":"Bye","PassingYDS":"","PassingInt":"","PassingTD":"","RushingPassingYDS":"","ReceivingRec":"","ReceivingYDS":"","ReceivingTD":"","RetTD":"","FumTD":"","2PT":"","Fum":"","PlayerWeekProjectedPts":"","Rank":215,"TotalPoints":"0.00","y":null,"ProjectionDiff":null},{"PlayerName":"Patrick Taylor","PlayerId":"2564040","Pos":"RB","Team":"GB","PlayerOpponent":"@SF","PassingYDS":"","PassingInt":"","PassingTD":"","RushingPassingYDS":"","ReceivingRec":"","ReceivingYDS":"","ReceivingTD":"","RetTD":"","FumTD":"","2PT":"","Fum":"","PlayerWeekProjectedPts":"0.00","Rank":216,"TotalPoints":"0.00","y":0.0,"ProjectionDiff":0.0},{"PlayerName":"Chris Thompson","PlayerId":"2540011","Pos":"RB","Team":"FA","PlayerOpponent":"Bye","PassingYDS":"","PassingInt":"","PassingTD":"","RushingPassingYDS":"","ReceivingRec":"","ReceivingYDS":"","ReceivingTD":"","RetTD":"","FumTD":"","2PT":"","Fum":"","PlayerWeekProjectedPts":"","Rank":217,"TotalPoints":"0.00","y":null,"ProjectionDiff":null},{"PlayerName":"Darwin Thompson","PlayerId":"2562832","Pos":"RB","Team":"TB","PlayerOpponent":"@LA","PassingYDS":"","PassingInt":"","PassingTD":"","RushingPassingYDS":"","ReceivingRec":"","ReceivingYDS":"","ReceivingTD":"","RetTD":"","FumTD":"","2PT":"","Fum":"","PlayerWeekProjectedPts":"0.00","Rank":218,"TotalPoints":"0.00","y":0.0,"ProjectionDiff":0.0},{"PlayerName":"Ke'Shawn Vaughn","PlayerId":"2565258","Pos":"RB","Team":"TB","PlayerOpponent":"@LA","PassingYDS":"","PassingInt":"","PassingTD":"","RushingPassingYDS":"","ReceivingRec":"","ReceivingYDS":"","ReceivingTD":"","RetTD":"","FumTD":"","2PT":"","Fum":"","PlayerWeekProjectedPts":"0.00","Rank":219,"TotalPoints":"0.00","y":0.0,"ProjectionDiff":0.0},{"PlayerName":"Danny Vitale","PlayerId":"2555218","Pos":"RB","Team":"FA","PlayerOpponent":"Bye","PassingYDS":"","PassingInt":"","PassingTD":"","RushingPassingYDS":"","ReceivingRec":"","ReceivingYDS":"","ReceivingTD":"","RetTD":"","FumTD":"","2PT":"","Fum":"","PlayerWeekProjectedPts":"","Rank":220,"TotalPoints":"0.00","y":null,"ProjectionDiff":null},{"PlayerName":"Christian Wade","PlayerId":"2562896","Pos":"RB","Team":"BUF","PlayerOpponent":"WAS","PassingYDS":"","PassingInt":"","PassingTD":"","RushingPassingYDS":"","ReceivingRec":"","ReceivingYDS":"","ReceivingTD":"","RetTD":"","FumTD":"","2PT":"","Fum":"","PlayerWeekProjectedPts":null,"Rank":221,"TotalPoints":"0.00","y":null,"ProjectionDiff":null},{"PlayerName":"Austin Walter","PlayerId":"2563138","Pos":"RB","Team":"NYJ","PlayerOpponent":"@DEN","PassingYDS":"","PassingInt":"","PassingTD":"","RushingPassingYDS":"","ReceivingRec":"","ReceivingYDS":"","ReceivingTD":"","RetTD":"","FumTD":"","2PT":"","Fum":"","PlayerWeekProjectedPts":"0.00","Rank":222,"TotalPoints":"0.00","y":0.0,"ProjectionDiff":0.0},{"PlayerName":"Jonathan Ward","PlayerId":"2564949","Pos":"RB","Team":"ARI","PlayerOpponent":"@JAX","PassingYDS":"","PassingInt":"","PassingTD":"","RushingPassingYDS":"","ReceivingRec":"","ReceivingYDS":"","ReceivingTD":"","RetTD":"","FumTD":"","2PT":"","Fum":"","PlayerWeekProjectedPts":"0.81","Rank":223,"TotalPoints":"0.00","y":0.81,"ProjectionDiff":-0.81},{"PlayerName":"DeAndre Washington","PlayerId":"2555464","Pos":"RB","Team":"FA","PlayerOpponent":"Bye","PassingYDS":"","PassingInt":"","PassingTD":"","RushingPassingYDS":"","ReceivingRec":"","ReceivingYDS":"","ReceivingTD":"","RetTD":"","FumTD":"","2PT":"","Fum":"","PlayerWeekProjectedPts":"","Rank":224,"TotalPoints":"0.00","y":null,"ProjectionDiff":null},{"PlayerName":"Dwayne Washington","PlayerId":"2556118","Pos":"RB","Team":"NO","PlayerOpponent":"@NE","PassingYDS":"","PassingInt":"","PassingTD":"","RushingPassingYDS":"","ReceivingRec":"","ReceivingYDS":"","ReceivingTD":"","RetTD":"","FumTD":"","2PT":"","Fum":"","PlayerWeekProjectedPts":"0.69","Rank":225,"TotalPoints":"0.00","y":0.69,"ProjectionDiff":-0.69},{"PlayerName":"Mike Weber","PlayerId":"2562775","Pos":"RB","Team":"FA","PlayerOpponent":"Bye","PassingYDS":"","PassingInt":"","PassingTD":"","RushingPassingYDS":"","ReceivingRec":"","ReceivingYDS":"","ReceivingTD":"","RetTD":"","FumTD":"","2PT":"","Fum":"","PlayerWeekProjectedPts":"","Rank":226,"TotalPoints":"0.00","y":null,"ProjectionDiff":null},{"PlayerName":"Antonio Williams","PlayerId":"2565393","Pos":"RB","Team":"BUF","PlayerOpponent":"WAS","PassingYDS":"","PassingInt":"","PassingTD":"","RushingPassingYDS":"","ReceivingRec":"","ReceivingYDS":"","ReceivingTD":"","RetTD":"","FumTD":"","2PT":"","Fum":"","PlayerWeekProjectedPts":"0.00","Rank":227,"TotalPoints":"0.00","y":0.0,"ProjectionDiff":0.0},{"PlayerName":"Dexter Williams","PlayerId":"2562784","Pos":"RB","Team":"FA","PlayerOpponent":"Bye","PassingYDS":"","PassingInt":"","PassingTD":"","RushingPassingYDS":"","ReceivingRec":"","ReceivingYDS":"","ReceivingTD":"","RetTD":"","FumTD":"","2PT":"","Fum":"","PlayerWeekProjectedPts":"","Rank":228,"TotalPoints":"0.00","y":null,"ProjectionDiff":null},{"PlayerName":"Jonathan Williams","PlayerId":"2555227","Pos":"RB","Team":"FA","PlayerOpponent":"Bye","PassingYDS":"","PassingInt":"","PassingTD":"","RushingPassingYDS":"","ReceivingRec":"","ReceivingYDS":"","ReceivingTD":"","RetTD":"","FumTD":"","2PT":"","Fum":"","PlayerWeekProjectedPts":"","Rank":229,"TotalPoints":"0.00","y":null,"ProjectionDiff":null},{"PlayerName":"Pooka Williams Jr.","PlayerId":"2566788","Pos":"RB","Team":"CIN","PlayerOpponent":"@PIT","PassingYDS":"","PassingInt":"","PassingTD":"","RushingPassingYDS":"","ReceivingRec":"","ReceivingYDS":"","ReceivingTD":"","RetTD":"","FumTD":"","2PT":"","Fum":"","PlayerWeekProjectedPts":"0.00","Rank":230,"TotalPoints":"0.00","y":0.0,"ProjectionDiff":0.0},{"PlayerName":"Trayveon Williams","PlayerId":"2562600","Pos":"RB","Team":"CIN","PlayerOpponent":"@PIT","PassingYDS":"","PassingInt":"","PassingTD":"","RushingPassingYDS":"","ReceivingRec":"","ReceivingYDS":"","ReceivingTD":"","RetTD":"","FumTD":"","2PT":"","Fum":"","PlayerWeekProjectedPts":"0.00","Rank":231,"TotalPoints":"0.00","y":0.0,"ProjectionDiff":0.0},{"PlayerName":"Jeff Wilson","PlayerId":"2560938","Pos":"RB","Team":"SF","PlayerOpponent":"GB","PassingYDS":"","PassingInt":"","PassingTD":"","RushingPassingYDS":"","ReceivingRec":"","ReceivingYDS":"","ReceivingTD":"","RetTD":"","FumTD":"","2PT":"","Fum":"","PlayerWeekProjectedPts":"0.00","Rank":232,"TotalPoints":"0.00","y":0.0,"ProjectionDiff":0.0},{"PlayerName":"T.J. Yeldon","PlayerId":"2552471","Pos":"RB","Team":"FA","PlayerOpponent":"Bye","PassingYDS":"","PassingInt":"","PassingTD":"","RushingPassingYDS":"","ReceivingRec":"","ReceivingYDS":"","ReceivingTD":"","RetTD":"","FumTD":"","2PT":"","Fum":"","PlayerWeekProjectedPts":"","Rank":233,"TotalPoints":"0.00","y":null,"ProjectionDiff":null}]