[{"PlayerName":"Dalton Schultz","PlayerId":"2560866","Pos":"TE","Team":"DAL","PlayerOpponent":"PHI","PassingYDS":"","PassingInt":"","PassingTD":"","RushingPassingYDS":"","ReceivingRec":"6","ReceivingYDS":"80","ReceivingTD":"2","RetTD":"","FumTD":"","2PT":"","Fum":"","PlayerWeekProjectedPts":"6.92","Rank":1,"TotalPoints":"23.00","y":6.92,"ProjectionDiff":16.08},{"PlayerName":"Tyler Conklin","PlayerId":"2561027","Pos":"TE","Team":"MIN","PlayerOpponent":"SEA","PassingYDS":"","PassingInt":"","PassingTD":"","RushingPassingYDS":"","ReceivingRec":"7","ReceivingYDS":"70","ReceivingTD":"1","RetTD":"","FumTD":"","2PT":"","Fum":"","PlayerWeekProjectedPts":"4.69","Rank":2,"TotalPoints":"16.50","y":4.69,"ProjectionDiff":11.81},{"PlayerName":"George Kittle","PlayerId":"2558266","Pos":"TE","Team":"SF","PlayerOpponent":"GB","PassingYDS":"","PassingInt":"","PassingTD":"","RushingPassingYDS":"9","ReceivingRec":"7","ReceivingYDS":"92","ReceivingTD":"","RetTD":"","FumTD":"","2PT":"","Fum":"","PlayerWeekProjectedPts":"10.37","Rank":3,"TotalPoints":"15.30","y":10.37,"ProjectionDiff":4.93},{"PlayerName":"Travis Kelce","PlayerId":"2540258","Pos":"TE","Team":"KC","PlayerOpponent":"LAC","PassingYDS":"","PassingInt":"","PassingTD":"","RushingPassingYDS":"","ReceivingRec":"7","ReceivingYDS":"104","ReceivingTD":"","RetTD":"","FumTD":"","2PT":"","Fum":"","PlayerWeekProjectedPts":"18.34","Rank":4,"TotalPoints":"13.90","y":18.34,"ProjectionDiff":-4.44},{"PlayerName":"Mike Gesicki","PlayerId":"2560994","Pos":"TE","Team":"MIA","PlayerOpponent":"@LV","PassingYDS":"","PassingInt":"","PassingTD":"","RushingPassingYDS":"","ReceivingRec":"10","ReceivingYDS":"86","ReceivingTD":"","RetTD":"","FumTD":"","2PT":"","Fum":"","PlayerWeekProjectedPts":"6.52","Rank":5,"TotalPoints":"13.60","y":6.52,"ProjectionDiff":7.08},{"PlayerName":"Mark Andrews","PlayerId":"2560957","Pos":"TE","Team":"BAL","PlayerOpponent":"@DET","PassingYDS":"","PassingInt":"","PassingTD":"","RushingPassingYDS":"","ReceivingRec":"5","ReceivingYDS":"109","ReceivingTD":"","RetTD":"","FumTD":"","2PT":"","Fum":"","PlayerWeekProjectedPts":"8.98","Rank":6,"TotalPoints":"13.40","y":8.98,"ProjectionDiff":4.42},{"PlayerName":"Zach Ertz","PlayerId":"2540158","Pos":"TE","Team":"ARI","PlayerOpponent":"@JAX","PassingYDS":"","PassingInt":"","PassingTD":"","RushingPassingYDS":"","ReceivingRec":"4","ReceivingYDS":"53","ReceivingTD":"1","RetTD":"","FumTD":"","2PT":"","Fum":"","PlayerWeekProjectedPts":"3.49","Rank":7,"TotalPoints":"13.30","y":3.49,"ProjectionDiff":9.81},{"PlayerName":"Dawson Knox","PlayerId":"2562681","Pos":"TE","Team":"BUF","PlayerOpponent":"WAS","PassingYDS":"","PassingInt":"","PassingTD":"","RushingPassingYDS":"","ReceivingRec":"4","ReceivingYDS":"49","ReceivingTD":"1","RetTD":"","FumTD":"","2PT":"","Fum":"","PlayerWeekProjectedPts":"7.18","Rank":8,"TotalPoints":"12.90","y":7.18,"ProjectionDiff":5.72},{"PlayerName":"Tyler Higbee","PlayerId":"2555364","Pos":"TE","Team":"LA","PlayerOpponent":"TB","PassingYDS":"","PassingInt":"","PassingTD":"","RushingPassingYDS":"","ReceivingRec":"5","ReceivingYDS":"40","ReceivingTD":"1","RetTD":"","FumTD":"","2PT":"","Fum":"1","PlayerWeekProjectedPts":"6.23","Rank":9,"TotalPoints":"10.50","y":6.23,"ProjectionDiff":4.27},{"PlayerName":"Logan Thomas","PlayerId":"2543767","Pos":"TE","Team":"WAS","PlayerOpponent":"@BUF","PassingYDS":"","PassingInt":"","PassingTD":"","RushingPassingYDS":"","ReceivingRec":"4","ReceivingYDS":"42","ReceivingTD":"1","RetTD":"","FumTD":"","2PT":"","Fum":"1","PlayerWeekProjectedPts":null,"Rank":10,"TotalPoints":"10.20","y":null,"ProjectionDiff":null},{"PlayerName":"Tommy Tremble","PlayerId":"2565914","Pos":"TE","Team":"CAR","PlayerOpponent":"@HOU","PassingYDS":"","PassingInt":"","PassingTD":"","RushingPassingYDS":"7","ReceivingRec":"1","ReceivingYDS":"30","ReceivingTD":"","RetTD":"","FumTD":"","2PT":"","Fum":"","PlayerWeekProjectedPts":"0.63","Rank":11,"TotalPoints":"10.20","y":0.63,"ProjectionDiff":9.57},{"PlayerName":"Pat Freiermuth","PlayerId":"2566442","Pos":"TE","Team":"PIT","PlayerOpponent":"CIN","PassingYDS":"","PassingInt":"","PassingTD":"","RushingPassingYDS":"","ReceivingRec":"3","ReceivingYDS":"22","ReceivingTD":"1","RetTD":"","FumTD":"","2PT":"","Fum":"","PlayerWeekProjectedPts":"4.50","Rank":12,"TotalPoints":"9.70","y":4.5,"ProjectionDiff":5.2},{"PlayerName":"Austin Hooper","PlayerId":"2555415","Pos":"TE","Team":"CLE","PlayerOpponent":"CHI","PassingYDS":"","PassingInt":"","PassingTD":"","RushingPassingYDS":"","ReceivingRec":"2","ReceivingYDS":"19","ReceivingTD":"1","RetTD":"","FumTD":"","2PT":"","Fum":"","PlayerWeekProjectedPts":"8.23","Rank":13,"TotalPoints":"8.90","y":8.23,"ProjectionDiff":0.67},{"PlayerName":"Lee Smith","PlayerId":"2495347","Pos":"TE","Team":"ATL","PlayerOpponent":"@NYG","PassingYDS":"","PassingInt":"","PassingTD":"","RushingPassingYDS":"","ReceivingRec":"3","ReceivingYDS":"7","ReceivingTD":"1","RetTD":"","FumTD":"","2PT":"","Fum":"","PlayerWeekProjectedPts":"0.70","Rank":14,"TotalPoints":"8.20","y":0.7,"ProjectionDiff":7.5},{"PlayerName":"Gerald Everett","PlayerId":"2557889","Pos":"TE","Team":"SEA","PlayerOpponent":"@MIN","PassingYDS":"","PassingInt":"","PassingTD":"","RushingPassingYDS":"","ReceivingRec":"5","ReceivingYDS":"54","ReceivingTD":"","RetTD":"","FumTD":"","2PT":"","Fum":"","PlayerWeekProjectedPts":"4.11","Rank":15,"TotalPoints":"7.90","y":4.11,"ProjectionDiff":3.79},{"PlayerName":"Darren Waller","PlayerId":"2552408","Pos":"TE","Team":"LV","PlayerOpponent":"MIA","PassingYDS":"","PassingInt":"","PassingTD":"","RushingPassingYDS":"","ReceivingRec":"5","ReceivingYDS":"54","ReceivingTD":"","RetTD":"","FumTD":"","2PT":"","Fum":"","PlayerWeekProjectedPts":"15.37","Rank":16,"TotalPoints":"7.90","y":15.37,"ProjectionDiff":-7.47},{"PlayerName":"Jody Fortson","PlayerId":"2563259","Pos":"TE","Team":"KC","PlayerOpponent":"LAC","PassingYDS":"","PassingInt":"","PassingTD":"","RushingPassingYDS":"","ReceivingRec":"2","ReceivingYDS":"7","ReceivingTD":"1","RetTD":"","FumTD":"","2PT":"","Fum":"","PlayerWeekProjectedPts":null,"Rank":17,"TotalPoints":"7.70","y":null,"ProjectionDiff":null},{"PlayerName":"Dallas Goedert","PlayerId":"2560995","Pos":"TE","Team":"PHI","PlayerOpponent":"@DAL","PassingYDS":"","PassingInt":"","PassingTD":"","RushingPassingYDS":"","ReceivingRec":"2","ReceivingYDS":"66","ReceivingTD":"","RetTD":"","FumTD":"","2PT":"","Fum":"","PlayerWeekProjectedPts":"7.73","Rank":18,"TotalPoints":"7.60","y":7.73,"ProjectionDiff":-0.13},{"PlayerName":"Rob Gronkowski","PlayerId":"497240","Pos":"TE","Team":"TB","PlayerOpponent":"@LA","PassingYDS":"","PassingInt":"","PassingTD":"","RushingPassingYDS":"","ReceivingRec":"4","ReceivingYDS":"55","ReceivingTD":"","RetTD":"","FumTD":"","2PT":"","Fum":"","PlayerWeekProjectedPts":"9.61","Rank":19,"TotalPoints":"7.50","y":9.61,"ProjectionDiff":-2.11},{"PlayerName":"Hunter Henry","PlayerId":"2555341","Pos":"TE","Team":"NE","PlayerOpponent":"NO","PassingYDS":"","PassingInt":"","PassingTD":"","RushingPassingYDS":"","ReceivingRec":"5","ReceivingYDS":"36","ReceivingTD":"","RetTD":"","FumTD":"","2PT":"","Fum":"","PlayerWeekProjectedPts":"6.96","Rank":20,"TotalPoints":"6.10","y":6.96,"ProjectionDiff":-0.86},{"PlayerName":"Cameron Brate","PlayerId":"2550656","Pos":"TE","Team":"TB","PlayerOpponent":"@LA","PassingYDS":"","PassingInt":"","PassingTD":"","RushingPassingYDS":"","ReceivingRec":"4","ReceivingYDS":"35","ReceivingTD":"","RetTD":"","FumTD":"","2PT":"","Fum":"","PlayerWeekProjectedPts":"2.67","Rank":21,"TotalPoints":"5.50","y":2.67,"ProjectionDiff":2.83},{"PlayerName":"Jordan Akins","PlayerId":"2560951","Pos":"TE","Team":"HOU","PlayerOpponent":"CAR","PassingYDS":"","PassingInt":"","PassingTD":"","RushingPassingYDS":"","ReceivingRec":"4","ReceivingYDS":"32","ReceivingTD":"","RetTD":"","FumTD":"","2PT":"","Fum":"","PlayerWeekProjectedPts":"4.30","Rank":22,"TotalPoints":"5.20","y":4.3,"ProjectionDiff":0.9},{"PlayerName":"Darren Fells","PlayerId":"2540928","Pos":"TE","Team":"FA","PlayerOpponent":"Bye","PassingYDS":"","PassingInt":"","PassingTD":"","RushingPassingYDS":"","ReceivingRec":"2","ReceivingYDS":"35","ReceivingTD":"","RetTD":"","FumTD":"","2PT":"","Fum":"","PlayerWeekProjectedPts":"","Rank":23,"TotalPoints":"4.50","y":null,"ProjectionDiff":null},{"PlayerName":"Kyle Pitts","PlayerId":"2565830","Pos":"TE","Team":"ATL","PlayerOpponent":"@NYG","PassingYDS":"","PassingInt":"","PassingTD":"","RushingPassingYDS":"","ReceivingRec":"2","ReceivingYDS":"35","ReceivingTD":"","RetTD":"","FumTD":"","2PT":"","Fum":"","PlayerWeekProjectedPts":"7.69","Rank":24,"TotalPoints":"4.50","y":7.69,"ProjectionDiff":-3.19},{"PlayerName":"Will Dissly","PlayerId":"2561046","Pos":"TE","Team":"SEA","PlayerOpponent":"@MIN","PassingYDS":"","PassingInt":"","PassingTD":"","RushingPassingYDS":"","ReceivingRec":"1","ReceivingYDS":"39","ReceivingTD":"","RetTD":"","FumTD":"","2PT":"","Fum":"","PlayerWeekProjectedPts":"3.08","Rank":25,"TotalPoints":"4.40","y":3.08,"ProjectionDiff":1.32},{"PlayerName":"Jacob Hollister","PlayerId":"2558956","Pos":"TE","Team":"JAX","PlayerOpponent":"ARI","PassingYDS":"","PassingInt":"","PassingTD":"","RushingPassingYDS":"","ReceivingRec":"2","ReceivingYDS":"15","ReceivingTD":"","RetTD":"","FumTD":"","2PT":"","Fum":"","PlayerWeekProjectedPts":"3.28","Rank":26,"TotalPoints":"4.20","y":3.28,"ProjectionDiff":0.92},{"PlayerName":"Geoff Swaim","PlayerId":"2553454","Pos":"TE","Team":"TEN","PlayerOpponent":"IND","PassingYDS":"","PassingInt":"","PassingTD":"","RushingPassingYDS":"","ReceivingRec":"3","ReceivingYDS":"27","ReceivingTD":"","RetTD":"","FumTD":"","2PT":"","Fum":"","PlayerWeekProjectedPts":"2.94","Rank":27,"TotalPoints":"4.20","y":2.94,"ProjectionDiff":1.26},{"PlayerName":"Jared Cook","PlayerId":"71265","Pos":"TE","Team":"LAC","PlayerOpponent":"@KC","PassingYDS":"","PassingInt":"","PassingTD":"","RushingPassingYDS":"","ReceivingRec":"2","ReceivingYDS":"27","ReceivingTD":"","RetTD":"","FumTD":"","2PT":"","Fum":"","PlayerWeekProjectedPts":"8.76","Rank":28,"TotalPoints":"3.70","y":8.76,"ProjectionDiff":-5.06},{"PlayerName":"Eric Saubert","PlayerId":"2558023","Pos":"TE","Team":"DEN","PlayerOpponent":"NYJ","PassingYDS":"","PassingInt":"","PassingTD":"","RushingPassingYDS":"","ReceivingRec":"","ReceivingYDS":"","ReceivingTD":"","RetTD":"","FumTD":"","2PT":"","Fum":"","PlayerWeekProjectedPts":"0.99","Rank":29,"TotalPoints":"3.40","y":0.99,"ProjectionDiff":2.41},{"PlayerName":"Maxx Williams","PlayerId":"2552468","Pos":"TE","Team":"ARI","PlayerOpponent":"@JAX","PassingYDS":"","PassingInt":"","PassingTD":"","RushingPassingYDS":"","ReceivingRec":"3","ReceivingYDS":"19","ReceivingTD":"","RetTD":"","FumTD":"","2PT":"","Fum":"","PlayerWeekProjectedPts":null,"Rank":30,"TotalPoints":"3.40","y":null,"ProjectionDiff":null},{"PlayerName":"Dan Arnold","PlayerId":"2559385","Pos":"TE","Team":"JAX","PlayerOpponent":"ARI","PassingYDS":"","PassingInt":"","PassingTD":"","RushingPassingYDS":"","ReceivingRec":"2","ReceivingYDS":"23","ReceivingTD":"","RetTD":"","FumTD":"","2PT":"","Fum":"","PlayerWeekProjectedPts":"4.72","Rank":31,"TotalPoints":"3.30","y":4.72,"ProjectionDiff":-1.42},{"PlayerName":"Foster Moreau","PlayerId":"2562317","Pos":"TE","Team":"LV","PlayerOpponent":"MIA","PassingYDS":"","PassingInt":"","PassingTD":"","RushingPassingYDS":"","ReceivingRec":"1","ReceivingYDS":"8","ReceivingTD":"","RetTD":"","FumTD":"","2PT":"","Fum":"","PlayerWeekProjectedPts":"2.53","Rank":32,"TotalPoints":"3.00","y":2.53,"ProjectionDiff":0.47},{"PlayerName":"Noah Fant","PlayerId":"2562383","Pos":"TE","Team":"DEN","PlayerOpponent":"NYJ","PassingYDS":"","PassingInt":"","PassingTD":"","RushingPassingYDS":"","ReceivingRec":"2","ReceivingYDS":"15","ReceivingTD":"","RetTD":"","FumTD":"","2PT":"","Fum":"","PlayerWeekProjectedPts":"9.83","Rank":33,"TotalPoints":"2.50","y":9.83,"ProjectionDiff":-7.33},{"PlayerName":"Mo Alie-Cox","PlayerId":"2558832","Pos":"TE","Team":"IND","PlayerOpponent":"@TEN","PassingYDS":"","PassingInt":"","PassingTD":"","RushingPassingYDS":"","ReceivingRec":"2","ReceivingYDS":"14","ReceivingTD":"","RetTD":"","FumTD":"","2PT":"","Fum":"","PlayerWeekProjectedPts":"3.45","Rank":34,"TotalPoints":"2.40","y":3.45,"ProjectionDiff":-1.05},{"PlayerName":"Blake Jarwin","PlayerId":"2559193","Pos":"TE","Team":"DAL","PlayerOpponent":"PHI","PassingYDS":"","PassingInt":"","PassingTD":"","RushingPassingYDS":"","ReceivingRec":"2","ReceivingYDS":"14","ReceivingTD":"","RetTD":"","FumTD":"","2PT":"","Fum":"","PlayerWeekProjectedPts":null,"Rank":35,"TotalPoints":"2.40","y":null,"ProjectionDiff":null},{"PlayerName":"Donald Parham","PlayerId":"2562394","Pos":"TE","Team":"LAC","PlayerOpponent":"@KC","PassingYDS":"","PassingInt":"","PassingTD":"","RushingPassingYDS":"","ReceivingRec":"1","ReceivingYDS":"19","ReceivingTD":"","RetTD":"","FumTD":"","2PT":"","Fum":"","PlayerWeekProjectedPts":"2.42","Rank":36,"TotalPoints":"2.40","y":2.42,"ProjectionDiff":-0.02},{"PlayerName":"Tyler Kroft","PlayerId":"2552586","Pos":"TE","Team":"NYJ","PlayerOpponent":"@DEN","PassingYDS":"","PassingInt":"","PassingTD":"","RushingPassingYDS":"","ReceivingRec":"2","ReceivingYDS":"12","ReceivingTD":"","RetTD":"","FumTD":"","2PT":"","Fum":"","PlayerWeekProjectedPts":null,"Rank":37,"TotalPoints":"2.20","y":null,"ProjectionDiff":null},{"PlayerName":"T.J. Hockenson","PlayerId":"2562378","Pos":"TE","Team":"DET","PlayerOpponent":"BAL","PassingYDS":"","PassingInt":"","PassingTD":"","RushingPassingYDS":"","ReceivingRec":"2","ReceivingYDS":"10","ReceivingTD":"","RetTD":"","FumTD":"","2PT":"","Fum":"","PlayerWeekProjectedPts":"11.68","Rank":38,"TotalPoints":"2.00","y":11.68,"ProjectionDiff":-9.68},{"PlayerName":"Noah Gray","PlayerId":"2566178","Pos":"TE","Team":"KC","PlayerOpponent":"LAC","PassingYDS":"","PassingInt":"","PassingTD":"","RushingPassingYDS":"","ReceivingRec":"1","ReceivingYDS":"5","ReceivingTD":"","RetTD":"","FumTD":"","2PT":"","Fum":"","PlayerWeekProjectedPts":"0.60","Rank":39,"TotalPoints":"1.80","y":0.6,"ProjectionDiff":1.2},{"PlayerName":"Johnny Mundt","PlayerId":"2558875","Pos":"TE","Team":"LA","PlayerOpponent":"TB","PassingYDS":"","PassingInt":"","PassingTD":"","RushingPassingYDS":"","ReceivingRec":"","ReceivingYDS":"","ReceivingTD":"","RetTD":"","FumTD":"","2PT":"","Fum":"","PlayerWeekProjectedPts":null,"Rank":40,"TotalPoints":"1.70","y":null,"ProjectionDiff":null},{"PlayerName":"Durham Smythe","PlayerId":"2560880","Pos":"TE","Team":"MIA","PlayerOpponent":"@LV","PassingYDS":"","PassingInt":"","PassingTD":"","RushingPassingYDS":"","ReceivingRec":"","ReceivingYDS":"","ReceivingTD":"","RetTD":"","FumTD":"","2PT":"","Fum":"","PlayerWeekProjectedPts":"2.08","Rank":41,"TotalPoints":"1.70","y":2.08,"ProjectionDiff":-0.38},{"PlayerName":"O.J. Howard","PlayerId":"2557856","Pos":"TE","Team":"TB","PlayerOpponent":"@LA","PassingYDS":"","PassingInt":"","PassingTD":"","RushingPassingYDS":"","ReceivingRec":"1","ReceivingYDS":"11","ReceivingTD":"","RetTD":"","FumTD":"","2PT":"","Fum":"","PlayerWeekProjectedPts":"3.62","Rank":42,"TotalPoints":"1.60","y":3.62,"ProjectionDiff":-2.02},{"PlayerName":"Cole Kmet","PlayerId":"2563704","Pos":"TE","Team":"CHI","PlayerOpponent":"@CLE","PassingYDS":"","PassingInt":"","PassingTD":"","RushingPassingYDS":"","ReceivingRec":"1","ReceivingYDS":"11","ReceivingTD":"","RetTD":"","FumTD":"","2PT":"","Fum":"","PlayerWeekProjectedPts":"5.70","Rank":43,"TotalPoints":"1.60","y":5.7,"ProjectionDiff":-4.1},{"PlayerName":"Jack Doyle","PlayerId":"2540232","Pos":"TE","Team":"IND","PlayerOpponent":"@TEN","PassingYDS":"","PassingInt":"","PassingTD":"","RushingPassingYDS":"","ReceivingRec":"1","ReceivingYDS":"10","ReceivingTD":"","RetTD":"","FumTD":"","2PT":"","Fum":"","PlayerWeekProjectedPts":"7.55","Rank":44,"TotalPoints":"1.50","y":7.55,"ProjectionDiff":-6.05},{"PlayerName":"Kaden Smith","PlayerId":"2562740","Pos":"TE","Team":"NYG","PlayerOpponent":"ATL","PassingYDS":"","PassingInt":"","PassingTD":"","RushingPassingYDS":"","ReceivingRec":"1","ReceivingYDS":"9","ReceivingTD":"","RetTD":"","FumTD":"","2PT":"","Fum":"","PlayerWeekProjectedPts":"1.15","Rank":45,"TotalPoints":"1.40","y":1.15,"ProjectionDiff":0.25},{"PlayerName":"MyCole Pruitt","PlayerId":"2552401","Pos":"TE","Team":"TEN","PlayerOpponent":"IND","PassingYDS":"","PassingInt":"","PassingTD":"","RushingPassingYDS":"","ReceivingRec":"1","ReceivingYDS":"7","ReceivingTD":"","RetTD":"","FumTD":"","2PT":"","Fum":"","PlayerWeekProjectedPts":"1.34","Rank":46,"TotalPoints":"1.20","y":1.34,"ProjectionDiff":-0.14},{"PlayerName":"Tommy Sweeney","PlayerId":"2562750","Pos":"TE","Team":"BUF","PlayerOpponent":"WAS","PassingYDS":"","PassingInt":"","PassingTD":"","RushingPassingYDS":"","ReceivingRec":"2","ReceivingYDS":"2","ReceivingTD":"","RetTD":"","FumTD":"","2PT":"","Fum":"","PlayerWeekProjectedPts":"1.74","Rank":47,"TotalPoints":"1.20","y":1.74,"ProjectionDiff":-0.54},{"PlayerName":"Blake Bell","PlayerId":"2552478","Pos":"TE","Team":"KC","PlayerOpponent":"LAC","PassingYDS":"","PassingInt":"","PassingTD":"","RushingPassingYDS":"","ReceivingRec":"1","ReceivingYDS":"6","ReceivingTD":"","RetTD":"","FumTD":"","2PT":"","Fum":"","PlayerWeekProjectedPts":"1.26","Rank":48,"TotalPoints":"1.10","y":1.26,"ProjectionDiff":-0.16},{"PlayerName":"Evan Engram","PlayerId":"2557858","Pos":"TE","Team":"NYG","PlayerOpponent":"ATL","PassingYDS":"","PassingInt":"","PassingTD":"","RushingPassingYDS":"","ReceivingRec":"2","ReceivingYDS":"21","ReceivingTD":"","RetTD":"","FumTD":"","2PT":"","Fum":"1","PlayerWeekProjectedPts":"7.54","Rank":49,"TotalPoints":"1.10","y":7.54,"ProjectionDiff":-6.44},{"PlayerName":"Albert Okwuegbunam","PlayerId":"2563911","Pos":"TE","Team":"DEN","PlayerOpponent":"NYJ","PassingYDS":"","PassingInt":"","PassingTD":"","RushingPassingYDS":"","ReceivingRec":"1","ReceivingYDS":"6","ReceivingTD":"","RetTD":"","FumTD":"","2PT":"","Fum":"","PlayerWeekProjectedPts":"5.54","Rank":50,"TotalPoints":"1.10","y":5.54,"ProjectionDiff":-4.44},{"PlayerName":"Josh Oliver","PlayerId":"2562693","Pos":"TE","Team":"BAL","PlayerOpponent":"@DET","PassingYDS":"","PassingInt":"","PassingTD":"","RushingPassingYDS":"","ReceivingRec":"1","ReceivingYDS":"6","ReceivingTD":"","RetTD":"","FumTD":"","2PT":"","Fum":"","PlayerWeekProjectedPts":"1.09","Rank":51,"TotalPoints":"1.10","y":1.09,"ProjectionDiff":0.01},{"PlayerName":"Robert Tonyan","PlayerId":"2559270","Pos":"TE","Team":"GB","PlayerOpponent":"@SF","PassingYDS":"","PassingInt":"","PassingTD":"","RushingPassingYDS":"","ReceivingRec":"1","ReceivingYDS":"6","ReceivingTD":"","RetTD":"","FumTD":"","2PT":"","Fum":"","PlayerWeekProjectedPts":null,"Rank":52,"TotalPoints":"1.10","y":null,"ProjectionDiff":null},{"PlayerName":"Ryan Griffin","PlayerId":"2541316","Pos":"TE","Team":"NYJ","PlayerOpponent":"@DEN","PassingYDS":"","PassingInt":"","PassingTD":"","RushingPassingYDS":"","ReceivingRec":"1","ReceivingYDS":"5","ReceivingTD":"","RetTD":"","FumTD":"","2PT":"","Fum":"","PlayerWeekProjectedPts":"1.98","Rank":53,"TotalPoints":"1.00","y":1.98,"ProjectionDiff":-0.98},{"PlayerName":"Josiah Deguara","PlayerId":"2563980","Pos":"TE","Team":"GB","PlayerOpponent":"@SF","PassingYDS":"","PassingInt":"","PassingTD":"","RushingPassingYDS":"","ReceivingRec":"1","ReceivingYDS":"4","ReceivingTD":"","RetTD":"","FumTD":"","2PT":"","Fum":"","PlayerWeekProjectedPts":"0.71","Rank":54,"TotalPoints":"0.90","y":0.71,"ProjectionDiff":0.19},{"PlayerName":"Jonnu Smith","PlayerId":"2558207","Pos":"TE","Team":"NE","PlayerOpponent":"NO","PassingYDS":"","PassingInt":"","PassingTD":"","RushingPassingYDS":"","ReceivingRec":"1","ReceivingYDS":"4","ReceivingTD":"","RetTD":"","FumTD":"","2PT":"","Fum":"","PlayerWeekProjectedPts":"5.17","Rank":55,"TotalPoints":"0.90","y":5.17,"ProjectionDiff":-4.27},{"PlayerName":"Harrison Bryant","PlayerId":"2563767","Pos":"TE","Team":"CLE","PlayerOpponent":"CHI","PassingYDS":"","PassingInt":"","PassingTD":"","RushingPassingYDS":"","ReceivingRec":"","ReceivingYDS":"","ReceivingTD":"","RetTD":"","FumTD":"","2PT":"","Fum":"","PlayerWeekProjectedPts":"2.14","Rank":56,"TotalPoints":"0.80","y":2.14,"ProjectionDiff":-1.34},{"PlayerName":"Darrell Daniels","PlayerId":"2558886","Pos":"TE","Team":"ARI","PlayerOpponent":"@JAX","PassingYDS":"","PassingInt":"","PassingTD":"","RushingPassingYDS":"","ReceivingRec":"","ReceivingYDS":"","ReceivingTD":"","RetTD":"","FumTD":"","2PT":"","Fum":"","PlayerWeekProjectedPts":"0.98","Rank":57,"TotalPoints":"0.80","y":0.98,"ProjectionDiff":-0.18},{"PlayerName":"Demetrius Harris","PlayerId":"2541187","Pos":"TE","Team":"ARI","PlayerOpponent":"@JAX","PassingYDS":"","PassingInt":"","PassingTD":"","RushingPassingYDS":"","ReceivingRec":"","ReceivingYDS":"","ReceivingTD":"","RetTD":"","FumTD":"","2PT":"","Fum":"","PlayerWeekProjectedPts":"0.46","Rank":58,"TotalPoints":"0.80","y":0.46,"ProjectionDiff":0.34},{"PlayerName":"Tommy Hudson","PlayerId":"2565450","Pos":"TE","Team":"TEN","PlayerOpponent":"IND","PassingYDS":"","PassingInt":"","PassingTD":"","RushingPassingYDS":"","ReceivingRec":"1","ReceivingYDS":"3","ReceivingTD":"","RetTD":"","FumTD":"","2PT":"","Fum":"","PlayerWeekProjectedPts":null,"Rank":59,"TotalPoints":"0.80","y":null,"ProjectionDiff":null},{"PlayerName":"Drew Sample","PlayerId":"2562720","Pos":"TE","Team":"CIN","PlayerOpponent":"@PIT","PassingYDS":"","PassingInt":"","PassingTD":"","RushingPassingYDS":"","ReceivingRec":"","ReceivingYDS":"","ReceivingTD":"","RetTD":"","FumTD":"","2PT":"","Fum":"","PlayerWeekProjectedPts":"3.07","Rank":60,"TotalPoints":"0.80","y":3.07,"ProjectionDiff":-2.27},{"PlayerName":"Stephen Anderson","PlayerId":"2556463","Pos":"TE","Team":"LAC","PlayerOpponent":"@KC","PassingYDS":"","PassingInt":"","PassingTD":"","RushingPassingYDS":"","ReceivingRec":"","ReceivingYDS":"","ReceivingTD":"","RetTD":"","FumTD":"","2PT":"","Fum":"","PlayerWeekProjectedPts":"1.64","Rank":61,"TotalPoints":"0.00","y":1.64,"ProjectionDiff":-1.64},{"PlayerName":"Devin Asiasi","PlayerId":"2564586","Pos":"TE","Team":"NE","PlayerOpponent":"NO","PassingYDS":"","PassingInt":"","PassingTD":"","RushingPassingYDS":"","ReceivingRec":"","ReceivingYDS":"","ReceivingTD":"","RetTD":"","FumTD":"","2PT":"","Fum":"","PlayerWeekProjectedPts":"0.00","Rank":62,"TotalPoints":"0.00","y":0.0,"ProjectionDiff":0.0},{"PlayerName":"Antony Auclair","PlayerId":"2559044","Pos":"TE","Team":"HOU","PlayerOpponent":"CAR","PassingYDS":"","PassingInt":"","PassingTD":"","RushingPassingYDS":"","ReceivingRec":"","ReceivingYDS":"","ReceivingTD":"","RetTD":"","FumTD":"","2PT":"","Fum":"","PlayerWeekProjectedPts":"0.29","Rank":63,"TotalPoints":"0.00","y":0.29,"ProjectionDiff":-0.29},{"PlayerName":"John Bates","PlayerId":"2566580","Pos":"TE","Team":"WAS","PlayerOpponent":"@BUF","PassingYDS":"","PassingInt":"","PassingTD":"","RushingPassingYDS":"","ReceivingRec":"","ReceivingYDS":"","ReceivingTD":"","RetTD":"","FumTD":"","2PT":"","Fum":"","PlayerWeekProjectedPts":"0.58","Rank":64,"TotalPoints":"0.00","y":0.58,"ProjectionDiff":-0.58},{"PlayerName":"Marcus Baugh","PlayerId":"2560971","Pos":"TE","Team":"FA","PlayerOpponent":"Bye","PassingYDS":"","PassingInt":"","PassingTD":"","RushingPassingYDS":"","ReceivingRec":"","ReceivingYDS":"","ReceivingTD":"","RetTD":"","FumTD":"","2PT":"","Fum":"","PlayerWeekProjectedPts":"","Rank":65,"TotalPoints":"0.00","y":null,"ProjectionDiff":null},{"PlayerName":"Evan Baylis","PlayerId":"2559299","Pos":"TE","Team":"FA","PlayerOpponent":"Bye","PassingYDS":"","PassingInt":"","PassingTD":"","RushingPassingYDS":"","ReceivingRec":"","ReceivingYDS":"","ReceivingTD":"","RetTD":"","FumTD":"","2PT":"","Fum":"","PlayerWeekProjectedPts":"","Rank":66,"TotalPoints":"0.00","y":null,"ProjectionDiff":null},{"PlayerName":"Andrew Beck","PlayerId":"2562626","Pos":"TE","Team":"DEN","PlayerOpponent":"NYJ","PassingYDS":"","PassingInt":"","PassingTD":"","RushingPassingYDS":"","ReceivingRec":"","ReceivingYDS":"","ReceivingTD":"","RetTD":"","FumTD":"","2PT":"","Fum":"","PlayerWeekProjectedPts":"0.45","Rank":67,"TotalPoints":"0.00","y":0.45,"ProjectionDiff":-0.45},{"PlayerName":"Nate Becker","PlayerId":"2563191","Pos":"TE","Team":"FA","PlayerOpponent":"Bye","PassingYDS":"","PassingInt":"","PassingTD":"","RushingPassingYDS":"","ReceivingRec":"","ReceivingYDS":"","ReceivingTD":"","RetTD":"","FumTD":"","2PT":"","Fum":"","PlayerWeekProjectedPts":"","Rank":68,"TotalPoints":"0.00","y":null,"ProjectionDiff":null},{"PlayerName":"Ryan Becker","PlayerId":"2564886","Pos":"TE","Team":"FA","PlayerOpponent":"Bye","PassingYDS":"","PassingInt":"","PassingTD":"","RushingPassingYDS":"","ReceivingRec":"","ReceivingYDS":"","ReceivingTD":"","RetTD":"","FumTD":"","2PT":"","Fum":"","PlayerWeekProjectedPts":null,"Rank":69,"TotalPoints":"0.00","y":null,"ProjectionDiff":null},{"PlayerName":"Kelvin Benjamin","PlayerId":"2543471","Pos":"TE","Team":"FA","PlayerOpponent":"Bye","PassingYDS":"","PassingInt":"","PassingTD":"","RushingPassingYDS":"","ReceivingRec":"","ReceivingYDS":"","ReceivingTD":"","RetTD":"","FumTD":"","2PT":"","Fum":"","PlayerWeekProjectedPts":"","Rank":70,"TotalPoints":"0.00","y":null,"ProjectionDiff":null},{"PlayerName":"Kendall Blanton","PlayerId":"2562234","Pos":"TE","Team":"LA","PlayerOpponent":"TB","PassingYDS":"","PassingInt":"","PassingTD":"","RushingPassingYDS":"","ReceivingRec":"","ReceivingYDS":"","ReceivingTD":"","RetTD":"","FumTD":"","2PT":"","Fum":"","PlayerWeekProjectedPts":"0.00","Rank":71,"TotalPoints":"0.00","y":0.0,"ProjectionDiff":0.0},{"PlayerName":"Jibri Blount","PlayerId":"2565672","Pos":"TE","Team":"FA","PlayerOpponent":"Bye","PassingYDS":"","PassingInt":"","PassingTD":"","RushingPassingYDS":"","ReceivingRec":"","ReceivingYDS":"","ReceivingTD":"","RetTD":"","FumTD":"","2PT":"","Fum":"","PlayerWeekProjectedPts":"","Rank":72,"TotalPoints":"0.00","y":null,"ProjectionDiff":null},{"PlayerName":"Nick Bowers","PlayerId":"2564415","Pos":"TE","Team":"LV","PlayerOpponent":"MIA","PassingYDS":"","PassingInt":"","PassingTD":"","RushingPassingYDS":"","ReceivingRec":"","ReceivingYDS":"","ReceivingTD":"","RetTD":"","FumTD":"","2PT":"","Fum":"","PlayerWeekProjectedPts":null,"Rank":73,"TotalPoints":"0.00","y":null,"ProjectionDiff":null},{"PlayerName":"Nick Boyle","PlayerId":"2552402","Pos":"TE","Team":"BAL","PlayerOpponent":"@DET","PassingYDS":"","PassingInt":"","PassingTD":"","RushingPassingYDS":"","ReceivingRec":"","ReceivingYDS":"","ReceivingTD":"","RetTD":"","FumTD":"","2PT":"","Fum":"","PlayerWeekProjectedPts":"0.00","Rank":74,"TotalPoints":"0.00","y":0.0,"ProjectionDiff":0.0},{"PlayerName":"Jacob Breeland","PlayerId":"2565321","Pos":"TE","Team":"FA","PlayerOpponent":"Bye","PassingYDS":"","PassingInt":"","PassingTD":"","RushingPassingYDS":"","ReceivingRec":"","ReceivingYDS":"","ReceivingTD":"","RetTD":"","FumTD":"","2PT":"","Fum":"","PlayerWeekProjectedPts":"","Rank":75,"TotalPoints":"0.00","y":null,"ProjectionDiff":null},{"PlayerName":"Daniel Brown","PlayerId":"2553900","Pos":"TE","Team":"KC","PlayerOpponent":"LAC","PassingYDS":"","PassingInt":"","PassingTD":"","RushingPassingYDS":"","ReceivingRec":"","ReceivingYDS":"","ReceivingTD":"","RetTD":"","FumTD":"","2PT":"","Fum":"","PlayerWeekProjectedPts":"0.47","Rank":76,"TotalPoints":"0.00","y":0.47,"ProjectionDiff":-0.47},{"PlayerName":"Pharaoh Brown","PlayerId":"2559018","Pos":"TE","Team":"HOU","PlayerOpponent":"CAR","PassingYDS":"","PassingInt":"","PassingTD":"","RushingPassingYDS":"","ReceivingRec":"","ReceivingYDS":"","ReceivingTD":"","RetTD":"","FumTD":"","2PT":"","Fum":"","PlayerWeekProjectedPts":"4.42","Rank":77,"TotalPoints":"0.00","y":4.42,"ProjectionDiff":-4.42},{"PlayerName":"Hunter Bryant","PlayerId":"2563923","Pos":"TE","Team":"DET","PlayerOpponent":"BAL","PassingYDS":"","PassingInt":"","PassingTD":"","RushingPassingYDS":"","ReceivingRec":"","ReceivingYDS":"","ReceivingTD":"","RetTD":"","FumTD":"","2PT":"","Fum":"","PlayerWeekProjectedPts":"0.00","Rank":78,"TotalPoints":"0.00","y":0.0,"ProjectionDiff":0.0},{"PlayerName":"Ian Bunting","PlayerId":"2563073","Pos":"TE","Team":"DAL","PlayerOpponent":"PHI","PassingYDS":"","PassingInt":"","PassingTD":"","RushingPassingYDS":"","ReceivingRec":"","ReceivingYDS":"","ReceivingTD":"","RetTD":"","FumTD":"","2PT":"","Fum":"","PlayerWeekProjectedPts":"0.00","Rank":79,"TotalPoints":"0.00","y":0.0,"ProjectionDiff":0.0},{"PlayerName":"Trey Burton","PlayerId":"2550284","Pos":"TE","Team":"FA","PlayerOpponent":"Bye","PassingYDS":"","PassingInt":"","PassingTD":"","RushingPassingYDS":"","ReceivingRec":"","ReceivingYDS":"","ReceivingTD":"","RetTD":"","FumTD":"","2PT":"","Fum":"","PlayerWeekProjectedPts":"","Rank":80,"TotalPoints":"0.00","y":null,"ProjectionDiff":null},{"PlayerName":"Matt Bushman","PlayerId":"2565639","Pos":"TE","Team":"LV","PlayerOpponent":"MIA","PassingYDS":"","PassingInt":"","PassingTD":"","RushingPassingYDS":"","ReceivingRec":"","ReceivingYDS":"","ReceivingTD":"","RetTD":"","FumTD":"","2PT":"","Fum":"","PlayerWeekProjectedPts":"0.00","Rank":81,"TotalPoints":"0.00","y":0.0,"ProjectionDiff":0.0},{"PlayerName":"Jake Butt","PlayerId":"2557859","Pos":"TE","Team":"FA","PlayerOpponent":"Bye","PassingYDS":"","PassingInt":"","PassingTD":"","RushingPassingYDS":"","ReceivingRec":"","ReceivingYDS":"","ReceivingTD":"","RetTD":"","FumTD":"","2PT":"","Fum":"","PlayerWeekProjectedPts":"","Rank":82,"TotalPoints":"0.00","y":null,"ProjectionDiff":null},{"PlayerName":"Stephen Carlson","PlayerId":"2563044","Pos":"TE","Team":"CLE","PlayerOpponent":"CHI","PassingYDS":"","PassingInt":"","PassingTD":"","RushingPassingYDS":"","ReceivingRec":"","ReceivingYDS":"","ReceivingTD":"","RetTD":"","FumTD":"","2PT":"","Fum":"","PlayerWeekProjectedPts":null,"Rank":83,"TotalPoints":"0.00","y":null,"ProjectionDiff":null},{"PlayerName":"Derek Carrier","PlayerId":"2534241","Pos":"TE","Team":"LV","PlayerOpponent":"MIA","PassingYDS":"","PassingInt":"","PassingTD":"","RushingPassingYDS":"","ReceivingRec":"","ReceivingYDS":"","ReceivingTD":"","RetTD":"","FumTD":"","2PT":"","Fum":"","PlayerWeekProjectedPts":null,"Rank":84,"TotalPoints":"0.00","y":null,"ProjectionDiff":null},{"PlayerName":"Cethan Carter","PlayerId":"2558929","Pos":"TE","Team":"MIA","PlayerOpponent":"@LV","PassingYDS":"","PassingInt":"","PassingTD":"","RushingPassingYDS":"","ReceivingRec":"","ReceivingYDS":"","ReceivingTD":"","RetTD":"","FumTD":"","2PT":"","Fum":"","PlayerWeekProjectedPts":"0.43","Rank":85,"TotalPoints":"0.00","y":0.43,"ProjectionDiff":-0.43},{"PlayerName":"Darion Clark","PlayerId":"2563434","Pos":"TE","Team":"FA","PlayerOpponent":"Bye","PassingYDS":"","PassingInt":"","PassingTD":"","RushingPassingYDS":"","ReceivingRec":"","ReceivingYDS":"","ReceivingTD":"","RetTD":"","FumTD":"","2PT":"","Fum":"","PlayerWeekProjectedPts":"","Rank":86,"TotalPoints":"0.00","y":null,"ProjectionDiff":null},{"PlayerName":"Jason Croom","PlayerId":"2559159","Pos":"TE","Team":"PHI","PlayerOpponent":"@DAL","PassingYDS":"","PassingInt":"","PassingTD":"","RushingPassingYDS":"","ReceivingRec":"","ReceivingYDS":"","ReceivingTD":"","RetTD":"","FumTD":"","2PT":"","Fum":"","PlayerWeekProjectedPts":null,"Rank":87,"TotalPoints":"0.00","y":null,"ProjectionDiff":null},{"PlayerName":"Dominique Dafney","PlayerId":"2565540","Pos":"TE","Team":"GB","PlayerOpponent":"@SF","PassingYDS":"","PassingInt":"","PassingTD":"","RushingPassingYDS":"","ReceivingRec":"","ReceivingYDS":"","ReceivingTD":"","RetTD":"","FumTD":"","2PT":"","Fum":"","PlayerWeekProjectedPts":"0.00","Rank":88,"TotalPoints":"0.00","y":0.0,"ProjectionDiff":0.0},{"PlayerName":"Zach Davidson","PlayerId":"2566301","Pos":"TE","Team":"MIN","PlayerOpponent":"SEA","PassingYDS":"","PassingInt":"","PassingTD":"","RushingPassingYDS":"","ReceivingRec":"","ReceivingYDS":"","ReceivingTD":"","RetTD":"","FumTD":"","2PT":"","Fum":"","PlayerWeekProjectedPts":"0.00","Rank":89,"TotalPoints":"0.00","y":0.0,"ProjectionDiff":0.0},{"PlayerName":"Tyler Davis","PlayerId":"2564178","Pos":"TE","Team":"GB","PlayerOpponent":"@SF","PassingYDS":"","PassingInt":"","PassingTD":"","RushingPassingYDS":"","ReceivingRec":"","ReceivingYDS":"","ReceivingTD":"","RetTD":"","FumTD":"","2PT":"","Fum":"","PlayerWeekProjectedPts":"0.00","Rank":90,"TotalPoints":"0.00","y":0.0,"ProjectionDiff":0.0},{"PlayerName":"Seth DeValve","PlayerId":"2556365","Pos":"TE","Team":"FA","PlayerOpponent":"Bye","PassingYDS":"","PassingInt":"","PassingTD":"","RushingPassingYDS":"","ReceivingRec":"","ReceivingYDS":"","ReceivingTD":"","RetTD":"","FumTD":"","2PT":"","Fum":"","PlayerWeekProjectedPts":"","Rank":91,"TotalPoints":"0.00","y":null,"ProjectionDiff":null},{"PlayerName":"Brandon Dillon","PlayerId":"2562984","Pos":"TE","Team":"MIN","PlayerOpponent":"SEA","PassingYDS":"","PassingInt":"","PassingTD":"","RushingPassingYDS":"","ReceivingRec":"","ReceivingYDS":"","ReceivingTD":"","RetTD":"","FumTD":"","2PT":"","Fum":"","PlayerWeekProjectedPts":"0.00","Rank":92,"TotalPoints":"0.00","y":0.0,"ProjectionDiff":0.0},{"PlayerName":"Ross Dwelley","PlayerId":"2561060","Pos":"TE","Team":"SF","PlayerOpponent":"GB","PassingYDS":"","PassingInt":"","PassingTD":"","RushingPassingYDS":"","ReceivingRec":"","ReceivingYDS":"","ReceivingTD":"","RetTD":"","FumTD":"","2PT":"","Fum":"","PlayerWeekProjectedPts":"1.30","Rank":93,"TotalPoints":"0.00","y":1.3,"ProjectionDiff":-1.3},{"PlayerName":"Eric Ebron","PlayerId":"2543466","Pos":"TE","Team":"PIT","PlayerOpponent":"CIN","PassingYDS":"","PassingInt":"","PassingTD":"","RushingPassingYDS":"","ReceivingRec":"","ReceivingYDS":"","ReceivingTD":"","RetTD":"","FumTD":"","2PT":"","Fum":"","PlayerWeekProjectedPts":"5.93","Rank":94,"TotalPoints":"0.00","y":5.93,"ProjectionDiff":-5.93},{"PlayerName":"Tyler Eifert","PlayerId":"2540148","Pos":"TE","Team":"FA","PlayerOpponent":"Bye","PassingYDS":"","PassingInt":"","PassingTD":"","RushingPassingYDS":"","ReceivingRec":"","ReceivingYDS":"","ReceivingTD":"","RetTD":"","FumTD":"","2PT":"","Fum":"","PlayerWeekProjectedPts":"","Rank":95,"TotalPoints":"0.00","y":null,"ProjectionDiff":null},{"PlayerName":"Ben Ellefson","PlayerId":"2564181","Pos":"TE","Team":"MIN","PlayerOpponent":"SEA","PassingYDS":"","PassingInt":"","PassingTD":"","RushingPassingYDS":"","ReceivingRec":"","ReceivingYDS":"","ReceivingTD":"","RetTD":"","FumTD":"","2PT":"","Fum":"","PlayerWeekProjectedPts":null,"Rank":96,"TotalPoints":"0.00","y":null,"ProjectionDiff":null},{"PlayerName":"Anthony Firkser","PlayerId":"2558942","Pos":"TE","Team":"TEN","PlayerOpponent":"IND","PassingYDS":"","PassingInt":"","PassingTD":"","RushingPassingYDS":"","ReceivingRec":"","ReceivingYDS":"","ReceivingTD":"","RetTD":"","FumTD":"","2PT":"","Fum":"","PlayerWeekProjectedPts":"0.00","Rank":97,"TotalPoints":"0.00","y":0.0,"ProjectionDiff":0.0},{"PlayerName":"Austin Fort","PlayerId":"2563037","Pos":"TE","Team":"TEN","PlayerOpponent":"IND","PassingYDS":"","PassingInt":"","PassingTD":"","RushingPassingYDS":"","ReceivingRec":"","ReceivingYDS":"","ReceivingTD":"","RetTD":"","FumTD":"","2PT":"","Fum":"","PlayerWeekProjectedPts":"0.00","Rank":98,"TotalPoints":"0.00","y":0.0,"ProjectionDiff":0.0},{"PlayerName":"Jordan Franks","PlayerId":"2561330","Pos":"TE","Team":"FA","PlayerOpponent":"Bye","PassingYDS":"","PassingInt":"","PassingTD":"","RushingPassingYDS":"","ReceivingRec":"","ReceivingYDS":"","ReceivingTD":"","RetTD":"","FumTD":"","2PT":"","Fum":"","PlayerWeekProjectedPts":"","Rank":99,"TotalPoints":"0.00","y":null,"ProjectionDiff":null},{"PlayerName":"Troy Fumagalli","PlayerId":"2560734","Pos":"TE","Team":"NE","PlayerOpponent":"NO","PassingYDS":"","PassingInt":"","PassingTD":"","RushingPassingYDS":"","ReceivingRec":"","ReceivingYDS":"","ReceivingTD":"","RetTD":"","FumTD":"","2PT":"","Fum":"","PlayerWeekProjectedPts":null,"Rank":100,"TotalPoints":"0.00","y":null,"ProjectionDiff":null},{"PlayerName":"Zach Gentry","PlayerId":"2562654","Pos":"TE","Team":"PIT","PlayerOpponent":"CIN","PassingYDS":"","PassingInt":"","PassingTD":"","RushingPassingYDS":"","ReceivingRec":"","ReceivingYDS":"","ReceivingTD":"","RetTD":"","FumTD":"","2PT":"","Fum":"","PlayerWeekProjectedPts":"0.54","Rank":101,"TotalPoints":"0.00","y":0.54,"ProjectionDiff":-0.54},{"PlayerName":"Reggie Gilliam","PlayerId":"2565378","Pos":"TE","Team":"BUF","PlayerOpponent":"WAS","PassingYDS":"","PassingInt":"","PassingTD":"","RushingPassingYDS":"","ReceivingRec":"","ReceivingYDS":"","ReceivingTD":"","RetTD":"","FumTD":"","2PT":"","Fum":"","PlayerWeekProjectedPts":"0.44","Rank":102,"TotalPoints":"0.00","y":0.44,"ProjectionDiff":-0.44},{"PlayerName":"Jaeden Graham","PlayerId":"2561622","Pos":"TE","Team":"ATL","PlayerOpponent":"@NYG","PassingYDS":"","PassingInt":"","PassingTD":"","RushingPassingYDS":"","ReceivingRec":"","ReceivingYDS":"","ReceivingTD":"","RetTD":"","FumTD":"","2PT":"","Fum":"","PlayerWeekProjectedPts":null,"Rank":103,"TotalPoints":"0.00","y":null,"ProjectionDiff":null},{"PlayerName":"Jimmy Graham","PlayerId":"497236","Pos":"TE","Team":"CHI","PlayerOpponent":"@CLE","PassingYDS":"","PassingInt":"","PassingTD":"","RushingPassingYDS":"","ReceivingRec":"","ReceivingYDS":"","ReceivingTD":"","RetTD":"","FumTD":"","2PT":"","Fum":"","PlayerWeekProjectedPts":"3.15","Rank":104,"TotalPoints":"0.00","y":3.15,"ProjectionDiff":-3.15},{"PlayerName":"Kylen Granson","PlayerId":"2566145","Pos":"TE","Team":"IND","PlayerOpponent":"@TEN","PassingYDS":"","PassingInt":"","PassingTD":"","RushingPassingYDS":"","ReceivingRec":"","ReceivingYDS":"","ReceivingTD":"","RetTD":"","FumTD":"","2PT":"","Fum":"","PlayerWeekProjectedPts":"0.44","Rank":105,"TotalPoints":"0.00","y":0.44,"ProjectionDiff":-0.44},{"PlayerName":"Farrod Green","PlayerId":"2564121","Pos":"TE","Team":"IND","PlayerOpponent":"@TEN","PassingYDS":"","PassingInt":"","PassingTD":"","RushingPassingYDS":"","ReceivingRec":"","ReceivingYDS":"","ReceivingTD":"","RetTD":"","FumTD":"","2PT":"","Fum":"","PlayerWeekProjectedPts":"0.00","Rank":106,"TotalPoints":"0.00","y":0.0,"ProjectionDiff":0.0},{"PlayerName":"Garrett Griffin","PlayerId":"2557033","Pos":"TE","Team":"NO","PlayerOpponent":"@NE","PassingYDS":"","PassingInt":"","PassingTD":"","RushingPassingYDS":"","ReceivingRec":"","ReceivingYDS":"","ReceivingTD":"","RetTD":"","FumTD":"","2PT":"","Fum":"","PlayerWeekProjectedPts":"0.35","Rank":107,"TotalPoints":"0.00","y":0.35,"ProjectionDiff":-0.35},{"PlayerName":"Nakie Griffin-Stewart","PlayerId":"2564544","Pos":"TE","Team":"KC","PlayerOpponent":"LAC","PassingYDS":"","PassingInt":"","PassingTD":"","RushingPassingYDS":"","ReceivingRec":"","ReceivingYDS":"","ReceivingTD":"","RetTD":"","FumTD":"","2PT":"","Fum":"","PlayerWeekProjectedPts":"0.00","Rank":108,"TotalPoints":"0.00","y":0.0,"ProjectionDiff":0.0},{"PlayerName":"Nick Guggemos","PlayerId":"2565804","Pos":"TE","Team":"FA","PlayerOpponent":"Bye","PassingYDS":"","PassingInt":"","PassingTD":"","RushingPassingYDS":"","ReceivingRec":"","ReceivingYDS":"","ReceivingTD":"","RetTD":"","FumTD":"","2PT":"","Fum":"","PlayerWeekProjectedPts":"","Rank":109,"TotalPoints":"0.00","y":null,"ProjectionDiff":null},{"PlayerName":"Jacob Harris","PlayerId":"2566220","Pos":"TE","Team":"LA","PlayerOpponent":"TB","PassingYDS":"","PassingInt":"","PassingTD":"","RushingPassingYDS":"","ReceivingRec":"","ReceivingYDS":"","ReceivingTD":"","RetTD":"","FumTD":"","2PT":"","Fum":"","PlayerWeekProjectedPts":null,"Rank":110,"TotalPoints":"0.00","y":null,"ProjectionDiff":null},{"PlayerName":"Daniel Helm","PlayerId":"2562284","Pos":"TE","Team":"LV","PlayerOpponent":"MIA","PassingYDS":"","PassingInt":"","PassingTD":"","RushingPassingYDS":"","ReceivingRec":"","ReceivingYDS":"","ReceivingTD":"","RetTD":"","FumTD":"","2PT":"","Fum":"","PlayerWeekProjectedPts":"0.00","Rank":111,"TotalPoints":"0.00","y":0.0,"ProjectionDiff":0.0},{"PlayerName":"Temarrick Hemingway","PlayerId":"2555486","Pos":"TE","Team":"FA","PlayerOpponent":"Bye","PassingYDS":"","PassingInt":"","PassingTD":"","RushingPassingYDS":"","ReceivingRec":"","ReceivingYDS":"","ReceivingTD":"","RetTD":"","FumTD":"","2PT":"","Fum":"","PlayerWeekProjectedPts":"","Rank":112,"TotalPoints":"0.00","y":null,"ProjectionDiff":null},{"PlayerName":"Hale Hentges","PlayerId":"2563066","Pos":"TE","Team":"FA","PlayerOpponent":"Bye","PassingYDS":"","PassingInt":"","PassingTD":"","RushingPassingYDS":"","ReceivingRec":"","ReceivingYDS":"","ReceivingTD":"","RetTD":"","FumTD":"","2PT":"","Fum":"","PlayerWeekProjectedPts":"","Rank":113,"TotalPoints":"0.00","y":null,"ProjectionDiff":null},{"PlayerName":"Chris Herndon","PlayerId":"2560738","Pos":"TE","Team":"MIN","PlayerOpponent":"SEA","PassingYDS":"","PassingInt":"","PassingTD":"","RushingPassingYDS":"","ReceivingRec":"","ReceivingYDS":"","ReceivingTD":"","RetTD":"","FumTD":"","2PT":"","Fum":"","PlayerWeekProjectedPts":"2.56","Rank":114,"TotalPoints":"0.00","y":2.56,"ProjectionDiff":-2.56},{"PlayerName":"Cole Hikutini","PlayerId":"2558953","Pos":"TE","Team":"FA","PlayerOpponent":"Bye","PassingYDS":"","PassingInt":"","PassingTD":"","RushingPassingYDS":"","ReceivingRec":"","ReceivingYDS":"","ReceivingTD":"","RetTD":"","FumTD":"","2PT":"","Fum":"","PlayerWeekProjectedPts":"","Rank":115,"TotalPoints":"0.00","y":null,"ProjectionDiff":null},{"PlayerName":"Josh Hill","PlayerId":"2541834","Pos":"TE","Team":"FA","PlayerOpponent":"Bye","PassingYDS":"","PassingInt":"","PassingTD":"","RushingPassingYDS":"","ReceivingRec":"","ReceivingYDS":"","ReceivingTD":"","RetTD":"","FumTD":"","2PT":"","Fum":"","PlayerWeekProjectedPts":"","Rank":116,"TotalPoints":"0.00","y":null,"ProjectionDiff":null},{"PlayerName":"J.P. Holtz","PlayerId":"2556852","Pos":"TE","Team":"CHI","PlayerOpponent":"@CLE","PassingYDS":"","PassingInt":"","PassingTD":"","RushingPassingYDS":"","ReceivingRec":"","ReceivingYDS":"","ReceivingTD":"","RetTD":"","FumTD":"","2PT":"","Fum":"","PlayerWeekProjectedPts":"0.37","Rank":117,"TotalPoints":"0.00","y":0.37,"ProjectionDiff":-0.37},{"PlayerName":"Brycen Hopkins","PlayerId":"2564349","Pos":"TE","Team":"LA","PlayerOpponent":"TB","PassingYDS":"","PassingInt":"","PassingTD":"","RushingPassingYDS":"","ReceivingRec":"","ReceivingYDS":"","ReceivingTD":"","RetTD":"","FumTD":"","2PT":"","Fum":"","PlayerWeekProjectedPts":"0.00","Rank":118,"TotalPoints":"0.00","y":0.0,"ProjectionDiff":0.0},{"PlayerName":"Jesper Horsted","PlayerId":"2563270","Pos":"TE","Team":"CHI","PlayerOpponent":"@CLE","PassingYDS":"","PassingInt":"","PassingTD":"","RushingPassingYDS":"","ReceivingRec":"","ReceivingYDS":"","ReceivingTD":"","RetTD":"","FumTD":"","2PT":"","Fum":"","PlayerWeekProjectedPts":"0.00","Rank":119,"TotalPoints":"0.00","y":0.0,"ProjectionDiff":0.0},{"PlayerName":"Tanner Hudson","PlayerId":"2561215","Pos":"TE","Team":"SF","PlayerOpponent":"GB","PassingYDS":"","PassingInt":"","PassingTD":"","RushingPassingYDS":"","ReceivingRec":"","ReceivingYDS":"","ReceivingTD":"","RetTD":"","FumTD":"","2PT":"","Fum":"","PlayerWeekProjectedPts":"0.00","Rank":120,"TotalPoints":"0.00","y":0.0,"ProjectionDiff":0.0},{"PlayerName":"Hayden Hurst","PlayerId":"2560747","Pos":"TE","Team":"ATL","PlayerOpponent":"@NYG","PassingYDS":"","PassingInt":"","PassingTD":"","RushingPassingYDS":"","ReceivingRec":"","ReceivingYDS":"","ReceivingTD":"","RetTD":"","FumTD":"","2PT":"","Fum":"","PlayerWeekProjectedPts":"4.19","Rank":121,"TotalPoints":"0.00","y":4.19,"ProjectionDiff":-4.19},{"PlayerName":"Ryan Izzo","PlayerId":"2560751","Pos":"TE","Team":"SEA","PlayerOpponent":"@MIN","PassingYDS":"","PassingInt":"","PassingTD":"","RushingPassingYDS":"","ReceivingRec":"","ReceivingYDS":"","ReceivingTD":"","RetTD":"","FumTD":"","2PT":"","Fum":"","PlayerWeekProjectedPts":"0.00","Rank":122,"TotalPoints":"0.00","y":0.0,"ProjectionDiff":0.0},{"PlayerName":"Tyree Jackson","PlayerId":"2562435","Pos":"TE","Team":"PHI","PlayerOpponent":"@DAL","PassingYDS":"","PassingInt":"","PassingTD":"","RushingPassingYDS":"","ReceivingRec":"","ReceivingYDS":"","ReceivingTD":"","RetTD":"","FumTD":"","2PT":"","Fum":"","PlayerWeekProjectedPts":"0.00","Rank":123,"TotalPoints":"0.00","y":0.0,"ProjectionDiff":0.0},{"PlayerName":"Jesse James","PlayerId":"2552633","Pos":"TE","Team":"CHI","PlayerOpponent":"@CLE","PassingYDS":"","PassingInt":"","PassingTD":"","RushingPassingYDS":"","ReceivingRec":"","ReceivingYDS":"","ReceivingTD":"","RetTD":"","FumTD":"","2PT":"","Fum":"","PlayerWeekProjectedPts":"1.24","Rank":124,"TotalPoints":"0.00","y":1.24,"ProjectionDiff":-1.24},{"PlayerName":"Rysen John","PlayerId":"2564742","Pos":"TE","Team":"NYG","PlayerOpponent":"ATL","PassingYDS":"","PassingInt":"","PassingTD":"","RushingPassingYDS":"","ReceivingRec":"","ReceivingYDS":"","ReceivingTD":"","RetTD":"","FumTD":"","2PT":"","Fum":"","PlayerWeekProjectedPts":null,"Rank":125,"TotalPoints":"0.00","y":null,"ProjectionDiff":null},{"PlayerName":"Juwan Johnson","PlayerId":"2564676","Pos":"TE","Team":"NO","PlayerOpponent":"@NE","PassingYDS":"","PassingInt":"","PassingTD":"","RushingPassingYDS":"","ReceivingRec":"","ReceivingYDS":"","ReceivingTD":"","RetTD":"","FumTD":"","2PT":"","Fum":"","PlayerWeekProjectedPts":"4.80","Rank":126,"TotalPoints":"0.00","y":4.8,"ProjectionDiff":-4.8},{"PlayerName":"Brevin Jordan","PlayerId":"2566130","Pos":"TE","Team":"HOU","PlayerOpponent":"CAR","PassingYDS":"","PassingInt":"","PassingTD":"","RushingPassingYDS":"","ReceivingRec":"","ReceivingYDS":"","ReceivingTD":"","RetTD":"","FumTD":"","2PT":"","Fum":"","PlayerWeekProjectedPts":"0.00","Rank":127,"TotalPoints":"0.00","y":0.0,"ProjectionDiff":0.0},{"PlayerName":"Hunter Kampmoyer","PlayerId":"2566481","Pos":"TE","Team":"LAC","PlayerOpponent":"@KC","PassingYDS":"","PassingInt":"","PassingTD":"","RushingPassingYDS":"","ReceivingRec":"","ReceivingYDS":"","ReceivingTD":"","RetTD":"","FumTD":"","2PT":"","Fum":"","PlayerWeekProjectedPts":"0.00","Rank":128,"TotalPoints":"0.00","y":0.0,"ProjectionDiff":0.0},{"PlayerName":"Dalton Keene","PlayerId":"2564616","Pos":"TE","Team":"NE","PlayerOpponent":"NO","PassingYDS":"","PassingInt":"","PassingTD":"","RushingPassingYDS":"","ReceivingRec":"","ReceivingYDS":"","ReceivingTD":"","RetTD":"","FumTD":"","2PT":"","Fum":"","PlayerWeekProjectedPts":null,"Rank":129,"TotalPoints":"0.00","y":null,"ProjectionDiff":null},{"PlayerName":"Nick Keizer","PlayerId":"2561115","Pos":"TE","Team":"FA","PlayerOpponent":"Bye","PassingYDS":"","PassingInt":"","PassingTD":"","RushingPassingYDS":"","ReceivingRec":"","ReceivingYDS":"","ReceivingTD":"","RetTD":"","FumTD":"","2PT":"","Fum":"","PlayerWeekProjectedPts":"","Rank":130,"TotalPoints":"0.00","y":null,"ProjectionDiff":null},{"PlayerName":"Matt LaCosse","PlayerId":"2553667","Pos":"TE","Team":"NE","PlayerOpponent":"NO","PassingYDS":"","PassingInt":"","PassingTD":"","RushingPassingYDS":"","ReceivingRec":"","ReceivingYDS":"","ReceivingTD":"","RetTD":"","FumTD":"","2PT":"","Fum":"","PlayerWeekProjectedPts":"0.00","Rank":131,"TotalPoints":"0.00","y":0.0,"ProjectionDiff":0.0},{"PlayerName":"Marcedes Lewis","PlayerId":"2495888","Pos":"TE","Team":"GB","PlayerOpponent":"@SF","PassingYDS":"","PassingInt":"","PassingTD":"","RushingPassingYDS":"","ReceivingRec":"","ReceivingYDS":"","ReceivingTD":"","RetTD":"","FumTD":"","2PT":"","Fum":"","PlayerWeekProjectedPts":"1.70","Rank":132,"TotalPoints":"0.00","y":1.7,"ProjectionDiff":-1.7},{"PlayerName":"Hunter Long","PlayerId":"2566286","Pos":"TE","Team":"MIA","PlayerOpponent":"@LV","PassingYDS":"","PassingInt":"","PassingTD":"","RushingPassingYDS":"","ReceivingRec":"","ReceivingYDS":"","ReceivingTD":"","RetTD":"","FumTD":"","2PT":"","Fum":"","PlayerWeekProjectedPts":"0.65","Rank":133,"TotalPoints":"0.00","y":0.65,"ProjectionDiff":-0.65},{"PlayerName":"Tyler Mabry","PlayerId":"2565168","Pos":"TE","Team":"SEA","PlayerOpponent":"@MIN","PassingYDS":"","PassingInt":"","PassingTD":"","RushingPassingYDS":"","ReceivingRec":"","ReceivingYDS":"","ReceivingTD":"","RetTD":"","FumTD":"","2PT":"","Fum":"","PlayerWeekProjectedPts":"0.47","Rank":134,"TotalPoints":"0.00","y":0.47,"ProjectionDiff":-0.47},{"PlayerName":"Alize Mack","PlayerId":"2562307","Pos":"TE","Team":"FA","PlayerOpponent":"Bye","PassingYDS":"","PassingInt":"","PassingTD":"","RushingPassingYDS":"","ReceivingRec":"","ReceivingYDS":"","ReceivingTD":"","RetTD":"","FumTD":"","2PT":"","Fum":"","PlayerWeekProjectedPts":"","Rank":135,"TotalPoints":"0.00","y":null,"ProjectionDiff":null},{"PlayerName":"Chris Manhertz","PlayerId":"2552622","Pos":"TE","Team":"JAX","PlayerOpponent":"ARI","PassingYDS":"","PassingInt":"","PassingTD":"","RushingPassingYDS":"","ReceivingRec":"","ReceivingYDS":"","ReceivingTD":"","RetTD":"","FumTD":"","2PT":"","Fum":"","PlayerWeekProjectedPts":"0.89","Rank":136,"TotalPoints":"0.00","y":0.89,"ProjectionDiff":-0.89},{"PlayerName":"Kyle Markway","PlayerId":"2564763","Pos":"TE","Team":"FA","PlayerOpponent":"Bye","PassingYDS":"","PassingInt":"","PassingTD":"","RushingPassingYDS":"","ReceivingRec":"","ReceivingYDS":"","ReceivingTD":"","RetTD":"","FumTD":"","2PT":"","Fum":"","PlayerWeekProjectedPts":"","Rank":137,"TotalPoints":"0.00","y":null,"ProjectionDiff":null},{"PlayerName":"Tyree Mayfield","PlayerId":"2563145","Pos":"TE","Team":"FA","PlayerOpponent":"Bye","PassingYDS":"","PassingInt":"","PassingTD":"","RushingPassingYDS":"","ReceivingRec":"","ReceivingYDS":"","ReceivingTD":"","RetTD":"","FumTD":"","2PT":"","Fum":"","PlayerWeekProjectedPts":"","Rank":138,"TotalPoints":"0.00","y":null,"ProjectionDiff":null},{"PlayerName":"Vance McDonald","PlayerId":"2540215","Pos":"TE","Team":"FA","PlayerOpponent":"Bye","PassingYDS":"","PassingInt":"","PassingTD":"","RushingPassingYDS":"","ReceivingRec":"","ReceivingYDS":"","ReceivingTD":"","RetTD":"","FumTD":"","2PT":"","Fum":"","PlayerWeekProjectedPts":"","Rank":139,"TotalPoints":"0.00","y":null,"ProjectionDiff":null},{"PlayerName":"Codey McElroy","PlayerId":"2561239","Pos":"TE","Team":"TB","PlayerOpponent":"@LA","PassingYDS":"","PassingInt":"","PassingTD":"","RushingPassingYDS":"","ReceivingRec":"","ReceivingYDS":"","ReceivingTD":"","RetTD":"","FumTD":"","2PT":"","Fum":"","PlayerWeekProjectedPts":"0.00","Rank":140,"TotalPoints":"0.00","y":0.0,"ProjectionDiff":0.0},{"PlayerName":"Sean McKeon","PlayerId":"2563854","Pos":"TE","Team":"DAL","PlayerOpponent":"PHI","PassingYDS":"","PassingInt":"","PassingTD":"","RushingPassingYDS":"","ReceivingRec":"","ReceivingYDS":"","ReceivingTD":"","RetTD":"","FumTD":"","2PT":"","Fum":"","PlayerWeekProjectedPts":"0.00","Rank":141,"TotalPoints":"0.00","y":0.0,"ProjectionDiff":0.0},{"PlayerName":"Tre' McKitty","PlayerId":"2566490","Pos":"TE","Team":"LAC","PlayerOpponent":"@KC","PassingYDS":"","PassingInt":"","PassingTD":"","RushingPassingYDS":"","ReceivingRec":"","ReceivingYDS":"","ReceivingTD":"","RetTD":"","FumTD":"","2PT":"","Fum":"","PlayerWeekProjectedPts":"0.00","Rank":142,"TotalPoints":"0.00","y":0.0,"ProjectionDiff":0.0},{"PlayerName":"Briley Moore-McKinney","PlayerId":"2566956","Pos":"TE","Team":"TEN","PlayerOpponent":"IND","PassingYDS":"","PassingInt":"","PassingTD":"","RushingPassingYDS":"","ReceivingRec":"","ReceivingYDS":"","ReceivingTD":"","RetTD":"","FumTD":"","2PT":"","Fum":"","PlayerWeekProjectedPts":"0.00","Rank":143,"TotalPoints":"0.00","y":0.0,"ProjectionDiff":0.0},{"PlayerName":"Quintin Morris","PlayerId":"2566641","Pos":"TE","Team":"BUF","PlayerOpponent":"WAS","PassingYDS":"","PassingInt":"","PassingTD":"","RushingPassingYDS":"","ReceivingRec":"","ReceivingYDS":"","ReceivingTD":"","RetTD":"","FumTD":"","2PT":"","Fum":"","PlayerWeekProjectedPts":"0.00","Rank":144,"TotalPoints":"0.00","y":0.0,"ProjectionDiff":0.0},{"PlayerName":"Thaddeus Moss","PlayerId":"2565288","Pos":"TE","Team":"CIN","PlayerOpponent":"@PIT","PassingYDS":"","PassingInt":"","PassingTD":"","RushingPassingYDS":"","ReceivingRec":"","ReceivingYDS":"","ReceivingTD":"","RetTD":"","FumTD":"","2PT":"","Fum":"","PlayerWeekProjectedPts":"0.00","Rank":145,"TotalPoints":"0.00","y":0.0,"ProjectionDiff":0.0},{"PlayerName":"Chris Myarick","PlayerId":"2563210","Pos":"TE","Team":"NYG","PlayerOpponent":"ATL","PassingYDS":"","PassingInt":"","PassingTD":"","RushingPassingYDS":"","ReceivingRec":"","ReceivingYDS":"","ReceivingTD":"","RetTD":"","FumTD":"","2PT":"","Fum":"","PlayerWeekProjectedPts":"0.00","Rank":146,"TotalPoints":"0.00","y":0.0,"ProjectionDiff":0.0},{"PlayerName":"Isaac Nauta","PlayerId":"2562691","Pos":"TE","Team":"FA","PlayerOpponent":"Bye","PassingYDS":"","PassingInt":"","PassingTD":"","RushingPassingYDS":"","ReceivingRec":"","ReceivingYDS":"","ReceivingTD":"","RetTD":"","FumTD":"","2PT":"","Fum":"","PlayerWeekProjectedPts":"","Rank":147,"TotalPoints":"0.00","y":null,"ProjectionDiff":null},{"PlayerName":"David Njoku","PlayerId":"2557986","Pos":"TE","Team":"CLE","PlayerOpponent":"CHI","PassingYDS":"","PassingInt":"","PassingTD":"","RushingPassingYDS":"","ReceivingRec":"","ReceivingYDS":"","ReceivingTD":"","RetTD":"","FumTD":"","2PT":"","Fum":"","PlayerWeekProjectedPts":"5.56","Rank":148,"TotalPoints":"0.00","y":5.56,"ProjectionDiff":-5.56},{"PlayerName":"James O'Shaughnessy","PlayerId":"2553318","Pos":"TE","Team":"JAX","PlayerOpponent":"ARI","PassingYDS":"","PassingInt":"","PassingTD":"","RushingPassingYDS":"","ReceivingRec":"","ReceivingYDS":"","ReceivingTD":"","RetTD":"","FumTD":"","2PT":"","Fum":"","PlayerWeekProjectedPts":null,"Rank":149,"TotalPoints":"0.00","y":null,"ProjectionDiff":null},{"PlayerName":"Greg Olsen","PlayerId":"2495700","Pos":"TE","Team":"FA","PlayerOpponent":"Bye","PassingYDS":"","PassingInt":"","PassingTD":"","RushingPassingYDS":"","ReceivingRec":"","ReceivingYDS":"","ReceivingTD":"","RetTD":"","FumTD":"","2PT":"","Fum":"","PlayerWeekProjectedPts":"","Rank":150,"TotalPoints":"0.00","y":null,"ProjectionDiff":null},{"PlayerName":"Colby Parkinson","PlayerId":"2565180","Pos":"TE","Team":"SEA","PlayerOpponent":"@MIN","PassingYDS":"","PassingInt":"","PassingTD":"","RushingPassingYDS":"","ReceivingRec":"","ReceivingYDS":"","ReceivingTD":"","RetTD":"","FumTD":"","2PT":"","Fum":"","PlayerWeekProjectedPts":"0.00","Rank":151,"TotalPoints":"0.00","y":0.0,"ProjectionDiff":0.0},{"PlayerName":"Jared Pinkney","PlayerId":"2563518","Pos":"TE","Team":"LA","PlayerOpponent":"TB","PassingYDS":"","PassingInt":"","PassingTD":"","RushingPassingYDS":"","ReceivingRec":"","ReceivingYDS":"","ReceivingTD":"","RetTD":"","FumTD":"","2PT":"","Fum":"","PlayerWeekProjectedPts":"0.00","Rank":152,"TotalPoints":"0.00","y":0.0,"ProjectionDiff":0.0},{"PlayerName":"Tony Poljan","PlayerId":"2566620","Pos":"TE","Team":"BAL","PlayerOpponent":"@DET","PassingYDS":"","PassingInt":"","PassingTD":"","RushingPassingYDS":"","ReceivingRec":"","ReceivingYDS":"","ReceivingTD":"","RetTD":"","FumTD":"","2PT":"","Fum":"","PlayerWeekProjectedPts":"0.00","Rank":153,"TotalPoints":"0.00","y":0.0,"ProjectionDiff":0.0},{"PlayerName":"Jake Powell","PlayerId":"2563134","Pos":"TE","Team":"FA","PlayerOpponent":"Bye","PassingYDS":"","PassingInt":"","PassingTD":"","RushingPassingYDS":"","ReceivingRec":"","ReceivingYDS":"","ReceivingTD":"","RetTD":"","FumTD":"","2PT":"","Fum":"","PlayerWeekProjectedPts":"","Rank":154,"TotalPoints":"0.00","y":null,"ProjectionDiff":null},{"PlayerName":"Paul Quessenberry","PlayerId":"2565531","Pos":"TE","Team":"HOU","PlayerOpponent":"CAR","PassingYDS":"","PassingInt":"","PassingTD":"","RushingPassingYDS":"","ReceivingRec":"","ReceivingYDS":"","ReceivingTD":"","RetTD":"","FumTD":"","2PT":"","Fum":"","PlayerWeekProjectedPts":"0.00","Rank":155,"TotalPoints":"0.00","y":0.0,"ProjectionDiff":0.0},{"PlayerName":"Kevin Rader","PlayerId":"2561264","Pos":"TE","Team":"PIT","PlayerOpponent":"CIN","PassingYDS":"","PassingInt":"","PassingTD":"","RushingPassingYDS":"","ReceivingRec":"","ReceivingYDS":"","ReceivingTD":"","RetTD":"","FumTD":"","2PT":"","Fum":"","PlayerWeekProjectedPts":"0.00","Rank":156,"TotalPoints":"0.00","y":0.0,"ProjectionDiff":0.0},{"PlayerName":"Dax Raymond","PlayerId":"2562710","Pos":"TE","Team":"FA","PlayerOpponent":"Bye","PassingYDS":"","PassingInt":"","PassingTD":"","RushingPassingYDS":"","ReceivingRec":"","ReceivingYDS":"","ReceivingTD":"","RetTD":"","FumTD":"","2PT":"","Fum":"","PlayerWeekProjectedPts":"","Rank":157,"TotalPoints":"0.00","y":null,"ProjectionDiff":null},{"PlayerName":"Jordan Reed","PlayerId":"2540160","Pos":"TE","Team":"FA","PlayerOpponent":"Bye","PassingYDS":"","PassingInt":"","PassingTD":"","RushingPassingYDS":"","ReceivingRec":"","ReceivingYDS":"","ReceivingTD":"","RetTD":"","FumTD":"","2PT":"","Fum":"","PlayerWeekProjectedPts":"","Rank":158,"TotalPoints":"0.00","y":null,"ProjectionDiff":null},{"PlayerName":"Sammis Reyes","PlayerId":"2565807","Pos":"TE","Team":"WAS","PlayerOpponent":"@BUF","PassingYDS":"","PassingInt":"","PassingTD":"","RushingPassingYDS":"","ReceivingRec":"","ReceivingYDS":"","ReceivingTD":"","RetTD":"","FumTD":"","2PT":"","Fum":"","PlayerWeekProjectedPts":"0.00","Rank":159,"TotalPoints":"0.00","y":0.0,"ProjectionDiff":0.0},{"PlayerName":"Giovanni Ricci","PlayerId":"2563668","Pos":"TE","Team":"CAR","PlayerOpponent":"@HOU","PassingYDS":"","PassingInt":"","PassingTD":"","RushingPassingYDS":"","ReceivingRec":"","ReceivingYDS":"","ReceivingTD":"","RetTD":"","FumTD":"","2PT":"","Fum":"","PlayerWeekProjectedPts":"0.48","Rank":160,"TotalPoints":"0.00","y":0.48,"ProjectionDiff":-0.48},{"PlayerName":"Ellis Richardson","PlayerId":"2563081","Pos":"TE","Team":"FA","PlayerOpponent":"Bye","PassingYDS":"","PassingInt":"","PassingTD":"","RushingPassingYDS":"","ReceivingRec":"","ReceivingYDS":"","ReceivingTD":"","RetTD":"","FumTD":"","2PT":"","Fum":"","PlayerWeekProjectedPts":"","Rank":161,"TotalPoints":"0.00","y":null,"ProjectionDiff":null},{"PlayerName":"Richard Rodgers","PlayerId":"2550313","Pos":"TE","Team":"PHI","PlayerOpponent":"@DAL","PassingYDS":"","PassingInt":"","PassingTD":"","RushingPassingYDS":"","ReceivingRec":"","ReceivingYDS":"","ReceivingTD":"","RetTD":"","FumTD":"","2PT":"","Fum":"","PlayerWeekProjectedPts":"0.00","Rank":162,"TotalPoints":"0.00","y":0.0,"ProjectionDiff":0.0},{"PlayerName":"Kyle Rudolph","PlayerId":"2495438","Pos":"TE","Team":"NYG","PlayerOpponent":"ATL","PassingYDS":"","PassingInt":"","PassingTD":"","RushingPassingYDS":"","ReceivingRec":"","ReceivingYDS":"","ReceivingTD":"","RetTD":"","FumTD":"","2PT":"","Fum":"","PlayerWeekProjectedPts":"3.15","Rank":163,"TotalPoints":"0.00","y":3.15,"ProjectionDiff":-3.15},{"PlayerName":"Mason Schreck","PlayerId":"2558864","Pos":"TE","Team":"CIN","PlayerOpponent":"@PIT","PassingYDS":"","PassingInt":"","PassingTD":"","RushingPassingYDS":"","ReceivingRec":"","ReceivingYDS":"","ReceivingTD":"","RetTD":"","FumTD":"","2PT":"","Fum":"","PlayerWeekProjectedPts":"0.00","Rank":164,"TotalPoints":"0.00","y":0.0,"ProjectionDiff":0.0},{"PlayerName":"Ricky Seals-Jones","PlayerId":"2559248","Pos":"TE","Team":"WAS","PlayerOpponent":"@BUF","PassingYDS":"","PassingInt":"","PassingTD":"","RushingPassingYDS":"","ReceivingRec":"","ReceivingYDS":"","ReceivingTD":"","RetTD":"","FumTD":"","2PT":"","Fum":"","PlayerWeekProjectedPts":"0.91","Rank":165,"TotalPoints":"0.00","y":0.91,"ProjectionDiff":-0.91},{"PlayerName":"Adam Shaheen","PlayerId":"2558144","Pos":"TE","Team":"MIA","PlayerOpponent":"@LV","PassingYDS":"","PassingInt":"","PassingTD":"","RushingPassingYDS":"","ReceivingRec":"","ReceivingYDS":"","ReceivingTD":"","RetTD":"","FumTD":"","2PT":"","Fum":"","PlayerWeekProjectedPts":"1.12","Rank":166,"TotalPoints":"0.00","y":1.12,"ProjectionDiff":-1.12},{"PlayerName":"Irv Smith","PlayerId":"2562738","Pos":"TE","Team":"MIN","PlayerOpponent":"SEA","PassingYDS":"","PassingInt":"","PassingTD":"","RushingPassingYDS":"","ReceivingRec":"","ReceivingYDS":"","ReceivingTD":"","RetTD":"","FumTD":"","2PT":"","Fum":"","PlayerWeekProjectedPts":null,"Rank":167,"TotalPoints":"0.00","y":null,"ProjectionDiff":null},{"PlayerName":"Dylan Soehner","PlayerId":"2565711","Pos":"TE","Team":"NO","PlayerOpponent":"@NE","PassingYDS":"","PassingInt":"","PassingTD":"","RushingPassingYDS":"","ReceivingRec":"","ReceivingYDS":"","ReceivingTD":"","RetTD":"","FumTD":"","2PT":"","Fum":"","PlayerWeekProjectedPts":null,"Rank":168,"TotalPoints":"0.00","y":null,"ProjectionDiff":null},{"PlayerName":"Matt Sokol","PlayerId":"2562980","Pos":"TE","Team":"JAX","PlayerOpponent":"ARI","PassingYDS":"","PassingInt":"","PassingTD":"","RushingPassingYDS":"","ReceivingRec":"","ReceivingYDS":"","ReceivingTD":"","RetTD":"","FumTD":"","2PT":"","Fum":"","PlayerWeekProjectedPts":"0.00","Rank":169,"TotalPoints":"0.00","y":0.0,"ProjectionDiff":0.0},{"PlayerName":"Jeremy Sprinkle","PlayerId":"2557886","Pos":"TE","Team":"DAL","PlayerOpponent":"PHI","PassingYDS":"","PassingInt":"","PassingTD":"","RushingPassingYDS":"","ReceivingRec":"","ReceivingYDS":"","ReceivingTD":"","RetTD":"","FumTD":"","2PT":"","Fum":"","PlayerWeekProjectedPts":"0.30","Rank":170,"TotalPoints":"0.00","y":0.3,"ProjectionDiff":-0.3},{"PlayerName":"Jace Sternberger","PlayerId":"2562744","Pos":"TE","Team":"FA","PlayerOpponent":"Bye","PassingYDS":"","PassingInt":"","PassingTD":"","RushingPassingYDS":"","ReceivingRec":"","ReceivingYDS":"","ReceivingTD":"","RetTD":"","FumTD":"","2PT":"","Fum":"","PlayerWeekProjectedPts":"","Rank":171,"TotalPoints":"0.00","y":null,"ProjectionDiff":null},{"PlayerName":"Luke Stocker","PlayerId":"2495234","Pos":"TE","Team":"MIN","PlayerOpponent":"SEA","PassingYDS":"","PassingInt":"","PassingTD":"","RushingPassingYDS":"","ReceivingRec":"","ReceivingYDS":"","ReceivingTD":"","RetTD":"","FumTD":"","2PT":"","Fum":"","PlayerWeekProjectedPts":"0.00","Rank":172,"TotalPoints":"0.00","y":0.0,"ProjectionDiff":0.0},{"PlayerName":"Jack Stoll","PlayerId":"2567061","Pos":"TE","Team":"PHI","PlayerOpponent":"@DAL","PassingYDS":"","PassingInt":"","PassingTD":"","RushingPassingYDS":"","ReceivingRec":"","ReceivingYDS":"","ReceivingTD":"","RetTD":"","FumTD":"","2PT":"","Fum":"","PlayerWeekProjectedPts":"0.00","Rank":173,"TotalPoints":"0.00","y":0.0,"ProjectionDiff":0.0},{"PlayerName":"Stephen Sullivan","PlayerId":"2565192","Pos":"TE","Team":"CAR","PlayerOpponent":"@HOU","PassingYDS":"","PassingInt":"","PassingTD":"","RushingPassingYDS":"","ReceivingRec":"","ReceivingYDS":"","ReceivingTD":"","RetTD":"","FumTD":"","2PT":"","Fum":"","PlayerWeekProjectedPts":"0.00","Rank":174,"TotalPoints":"0.00","y":0.0,"ProjectionDiff":0.0},{"PlayerName":"Tyrone Swoopes","PlayerId":"2559263","Pos":"TE","Team":"FA","PlayerOpponent":"Bye","PassingYDS":"","PassingInt":"","PassingTD":"","RushingPassingYDS":"","ReceivingRec":"","ReceivingYDS":"","ReceivingTD":"","RetTD":"","FumTD":"","2PT":"","Fum":"","PlayerWeekProjectedPts":"","Rank":175,"TotalPoints":"0.00","y":null,"ProjectionDiff":null},{"PlayerName":"Tim Tebow","PlayerId":"497135","Pos":"TE","Team":"FA","PlayerOpponent":"Bye","PassingYDS":"","PassingInt":"","PassingTD":"","RushingPassingYDS":"","ReceivingRec":"","ReceivingYDS":"","ReceivingTD":"","RetTD":"","FumTD":"","2PT":"","Fum":"","PlayerWeekProjectedPts":"","Rank":176,"TotalPoints":"0.00","y":null,"ProjectionDiff":null},{"PlayerName":"Hunter Thedford","PlayerId":"2565585","Pos":"TE","Team":"FA","PlayerOpponent":"Bye","PassingYDS":"","PassingInt":"","PassingTD":"","RushingPassingYDS":"","ReceivingRec":"","ReceivingYDS":"","ReceivingTD":"","RetTD":"","FumTD":"","2PT":"","Fum":"","PlayerWeekProjectedPts":"","Rank":177,"TotalPoints":"0.00","y":null,"ProjectionDiff":null},{"PlayerName":"Ian Thomas","PlayerId":"2560894","Pos":"TE","Team":"CAR","PlayerOpponent":"@HOU","PassingYDS":"","PassingInt":"","PassingTD":"","RushingPassingYDS":"","ReceivingRec":"","ReceivingYDS":"","ReceivingTD":"","RetTD":"","FumTD":"","2PT":"","Fum":"","PlayerWeekProjectedPts":"2.67","Rank":178,"TotalPoints":"0.00","y":2.67,"ProjectionDiff":-2.67},{"PlayerName":"Jordan Thomas","PlayerId":"2560896","Pos":"TE","Team":"FA","PlayerOpponent":"Bye","PassingYDS":"","PassingInt":"","PassingTD":"","RushingPassingYDS":"","ReceivingRec":"","ReceivingYDS":"","ReceivingTD":"","RetTD":"","FumTD":"","2PT":"","Fum":"","PlayerWeekProjectedPts":"","Rank":179,"TotalPoints":"0.00","y":null,"ProjectionDiff":null},{"PlayerName":"Colin Thompson","PlayerId":"2559268","Pos":"TE","Team":"CAR","PlayerOpponent":"@HOU","PassingYDS":"","PassingInt":"","PassingTD":"","RushingPassingYDS":"","ReceivingRec":"","ReceivingYDS":"","ReceivingTD":"","RetTD":"","FumTD":"","2PT":"","Fum":"","PlayerWeekProjectedPts":"0.00","Rank":180,"TotalPoints":"0.00","y":0.0,"ProjectionDiff":0.0},{"PlayerName":"Noah Togiai","PlayerId":"2564865","Pos":"TE","Team":"PHI","PlayerOpponent":"@DAL","PassingYDS":"","PassingInt":"","PassingTD":"","RushingPassingYDS":"","ReceivingRec":"","ReceivingYDS":"","ReceivingTD":"","RetTD":"","FumTD":"","2PT":"","Fum":"","PlayerWeekProjectedPts":"0.00","Rank":181,"TotalPoints":"0.00","y":0.0,"ProjectionDiff":0.0},{"PlayerName":"Levine Toilolo","PlayerId":"2540203","Pos":"TE","Team":"NYG","PlayerOpponent":"ATL","PassingYDS":"","PassingInt":"","PassingTD":"","RushingPassingYDS":"","ReceivingRec":"","ReceivingYDS":"","ReceivingTD":"","RetTD":"","FumTD":"","2PT":"","Fum":"","PlayerWeekProjectedPts":null,"Rank":182,"TotalPoints":"0.00","y":null,"ProjectionDiff":null},{"PlayerName":"Eric Tomlinson","PlayerId":"2553744","Pos":"TE","Team":"BAL","PlayerOpponent":"@DET","PassingYDS":"","PassingInt":"","PassingTD":"","RushingPassingYDS":"","ReceivingRec":"","ReceivingYDS":"","ReceivingTD":"","RetTD":"","FumTD":"","2PT":"","Fum":"","PlayerWeekProjectedPts":"0.28","Rank":183,"TotalPoints":"0.00","y":0.28,"ProjectionDiff":-0.28},{"PlayerName":"Adam Trautman","PlayerId":"2564703","Pos":"TE","Team":"NO","PlayerOpponent":"@NE","PassingYDS":"","PassingInt":"","PassingTD":"","RushingPassingYDS":"","ReceivingRec":"","ReceivingYDS":"","ReceivingTD":"","RetTD":"","FumTD":"","2PT":"","Fum":"","PlayerWeekProjectedPts":"3.11","Rank":184,"TotalPoints":"0.00","y":3.11,"ProjectionDiff":-3.11},{"PlayerName":"Ross Travis","PlayerId":"2554630","Pos":"TE","Team":"FA","PlayerOpponent":"Bye","PassingYDS":"","PassingInt":"","PassingTD":"","RushingPassingYDS":"","ReceivingRec":"","ReceivingYDS":"","ReceivingTD":"","RetTD":"","FumTD":"","2PT":"","Fum":"","PlayerWeekProjectedPts":"","Rank":185,"TotalPoints":"0.00","y":null,"ProjectionDiff":null},{"PlayerName":"Carl Tucker","PlayerId":"2566665","Pos":"TE","Team":"FA","PlayerOpponent":"Bye","PassingYDS":"","PassingInt":"","PassingTD":"","RushingPassingYDS":"","ReceivingRec":"","ReceivingYDS":"","ReceivingTD":"","RetTD":"","FumTD":"","2PT":"","Fum":"","PlayerWeekProjectedPts":"","Rank":186,"TotalPoints":"0.00","y":null,"ProjectionDiff":null},{"PlayerName":"C.J. Uzomah","PlayerId":"2552559","Pos":"TE","Team":"CIN","PlayerOpponent":"@PIT","PassingYDS":"","PassingInt":"","PassingTD":"","RushingPassingYDS":"","ReceivingRec":"","ReceivingYDS":"","ReceivingTD":"","RetTD":"","FumTD":"","2PT":"","Fum":"","PlayerWeekProjectedPts":"4.64","Rank":187,"TotalPoints":"0.00","y":4.64,"ProjectionDiff":-4.64},{"PlayerName":"Nick Vannett","PlayerId":"2555289","Pos":"TE","Team":"NO","PlayerOpponent":"@NE","PassingYDS":"","PassingInt":"","PassingTD":"","RushingPassingYDS":"","ReceivingRec":"","ReceivingYDS":"","ReceivingTD":"","RetTD":"","FumTD":"","2PT":"","Fum":"","PlayerWeekProjectedPts":null,"Rank":188,"TotalPoints":"0.00","y":null,"ProjectionDiff":null},{"PlayerName":"Andrew Vollert","PlayerId":"2561284","Pos":"TE","Team":"FA","PlayerOpponent":"Bye","PassingYDS":"","PassingInt":"","PassingTD":"","RushingPassingYDS":"","ReceivingRec":"","ReceivingYDS":"","ReceivingTD":"","RetTD":"","FumTD":"","2PT":"","Fum":"","PlayerWeekProjectedPts":"","Rank":189,"TotalPoints":"0.00","y":null,"ProjectionDiff":null},{"PlayerName":"Delanie Walker","PlayerId":"2495966","Pos":"TE","Team":"FA","PlayerOpponent":"Bye","PassingYDS":"","PassingInt":"","PassingTD":"","RushingPassingYDS":"","ReceivingRec":"","ReceivingYDS":"","ReceivingTD":"","RetTD":"","FumTD":"","2PT":"","Fum":"","PlayerWeekProjectedPts":"","Rank":190,"TotalPoints":"0.00","y":null,"ProjectionDiff":null},{"PlayerName":"Kahale Warring","PlayerId":"2562771","Pos":"TE","Team":"BUF","PlayerOpponent":"WAS","PassingYDS":"","PassingInt":"","PassingTD":"","RushingPassingYDS":"","ReceivingRec":"","ReceivingYDS":"","ReceivingTD":"","RetTD":"","FumTD":"","2PT":"","Fum":"","PlayerWeekProjectedPts":"0.00","Rank":191,"TotalPoints":"0.00","y":0.0,"ProjectionDiff":0.0},{"PlayerName":"Trevon Wesco","PlayerId":"2562777","Pos":"TE","Team":"NYJ","PlayerOpponent":"@DEN","PassingYDS":"","PassingInt":"","PassingTD":"","RushingPassingYDS":"","ReceivingRec":"","ReceivingYDS":"","ReceivingTD":"","RetTD":"","FumTD":"","2PT":"","Fum":"","PlayerWeekProjectedPts":"0.15","Rank":192,"TotalPoints":"0.00","y":0.15,"ProjectionDiff":-0.15},{"PlayerName":"Nate Wieting","PlayerId":"2563815","Pos":"TE","Team":"FA","PlayerOpponent":"Bye","PassingYDS":"","PassingInt":"","PassingTD":"","RushingPassingYDS":"","ReceivingRec":"","ReceivingYDS":"","ReceivingTD":"","RetTD":"","FumTD":"","2PT":"","Fum":"","PlayerWeekProjectedPts":"","Rank":193,"TotalPoints":"0.00","y":null,"ProjectionDiff":null},{"PlayerName":"Mitchell Wilcox","PlayerId":"2563749","Pos":"TE","Team":"CIN","PlayerOpponent":"@PIT","PassingYDS":"","PassingInt":"","PassingTD":"","RushingPassingYDS":"","ReceivingRec":"","ReceivingYDS":"","ReceivingTD":"","RetTD":"","FumTD":"","2PT":"","Fum":"","PlayerWeekProjectedPts":"0.51","Rank":194,"TotalPoints":"0.00","y":0.51,"ProjectionDiff":-0.51},{"PlayerName":"Carson Williams","PlayerId":"2565669","Pos":"TE","Team":"FA","PlayerOpponent":"Bye","PassingYDS":"","PassingInt":"","PassingTD":"","RushingPassingYDS":"","ReceivingRec":"","ReceivingYDS":"","ReceivingTD":"","RetTD":"","FumTD":"","2PT":"","Fum":"","PlayerWeekProjectedPts":"","Rank":195,"TotalPoints":"0.00","y":null,"ProjectionDiff":null},{"PlayerName":"Luke Willson","PlayerId":"2541199","Pos":"TE","Team":"FA","PlayerOpponent":"Bye","PassingYDS":"","PassingInt":"","PassingTD":"","RushingPassingYDS":"","ReceivingRec":"","ReceivingYDS":"","ReceivingTD":"","RetTD":"","FumTD":"","2PT":"","Fum":"","PlayerWeekProjectedPts":"","Rank":196,"TotalPoints":"0.00","y":null,"ProjectionDiff":null},{"PlayerName":"Caleb Wilson","PlayerId":"2562603","Pos":"TE","Team":"DEN","PlayerOpponent":"NYJ","PassingYDS":"","PassingInt":"","PassingTD":"","RushingPassingYDS":"","ReceivingRec":"","ReceivingYDS":"","ReceivingTD":"","RetTD":"","FumTD":"","2PT":"","Fum":"","PlayerWeekProjectedPts":"0.00","Rank":197,"TotalPoints":"0.00","y":0.0,"ProjectionDiff":0.0},{"PlayerName":"Jason Witten","PlayerId":"2505629","Pos":"TE","Team":"FA","PlayerOpponent":"Bye","PassingYDS":"","PassingInt":"","PassingTD":"","RushingPassingYDS":"","ReceivingRec":"","ReceivingYDS":"","ReceivingTD":"","RetTD":"","FumTD":"","2PT":"","Fum":"","PlayerWeekProjectedPts":"","Rank":198,"TotalPoints":"0.00","y":null,"ProjectionDiff":null},{"PlayerName":"Charlie Woerner","PlayerId":"2565129","Pos":"TE","Team":"SF","PlayerOpponent":"GB","PassingYDS":"","PassingInt":"","PassingTD":"","RushingPassingYDS":"","ReceivingRec":"","ReceivingYDS":"","ReceivingTD":"","RetTD":"","FumTD":"","2PT":"","Fum":"","PlayerWeekProjectedPts":"0.68","Rank":199,"TotalPoints":"0.00","y":0.68,"ProjectionDiff":-0.68},{"PlayerName":"Eli Wolf","PlayerId":"2565354","Pos":"TE","Team":"IND","PlayerOpponent":"@TEN","PassingYDS":"","PassingInt":"","PassingTD":"","RushingPassingYDS":"","ReceivingRec":"","ReceivingYDS":"","ReceivingTD":"","RetTD":"","FumTD":"","2PT":"","Fum":"","PlayerWeekProjectedPts":"0.00","Rank":200,"TotalPoints":"0.00","y":0.0,"ProjectionDiff":0.0},{"PlayerName":"Ethan Wolf","PlayerId":"2561422","Pos":"TE","Team":"NO","PlayerOpponent":"@NE","PassingYDS":"","PassingInt":"","PassingTD":"","RushingPassingYDS":"","ReceivingRec":"","ReceivingYDS":"","ReceivingTD":"","RetTD":"","FumTD":"","2PT":"","Fum":"","PlayerWeekProjectedPts":"0.00","Rank":201,"TotalPoints":"0.00","y":0.0,"ProjectionDiff":0.0},{"PlayerName":"Kenny Yeboah","PlayerId":"2565768","Pos":"TE","Team":"NYJ","PlayerOpponent":"@DEN","PassingYDS":"","PassingInt":"","PassingTD":"","RushingPassingYDS":"","ReceivingRec":"","ReceivingYDS":"","ReceivingTD":"","RetTD":"","FumTD":"","2PT":"","Fum":"","PlayerWeekProjectedPts":"0.00","Rank":202,"TotalPoints":"0.00","y":0.0,"ProjectionDiff":0.0},{"PlayerName":"Deon Yelder","PlayerId":"2561293","Pos":"TE","Team":"TB","PlayerOpponent":"@LA","PassingYDS":"","PassingInt":"","PassingTD":"","RushingPassingYDS":"","ReceivingRec":"","ReceivingYDS":"","ReceivingTD":"","RetTD":"","FumTD":"","2PT":"","Fum":"","PlayerWeekProjectedPts":"0.65","Rank":203,"TotalPoints":"0.00","y":0.65,"ProjectionDiff":-0.65},{"PlayerName":"Luke Farrell","PlayerId":"2566160","Pos":"TE","Team":"JAX","PlayerOpponent":"ARI","PassingYDS":"","PassingInt":"","PassingTD":"","RushingPassingYDS":"","ReceivingRec":"1","ReceivingYDS":"-1","ReceivingTD":"","RetTD":"","FumTD":"","2PT":"","Fum":"1","PlayerWeekProjectedPts":"1.20","Rank":204,"TotalPoints":"-1.60","y":1.2,"ProjectionDiff":-2.8}]