PlayerName,PlayerId,Pos,Team,PlayerOpponent,TacklesTot,TacklesAst,TacklesSck,TacklesTfl,TurnoverInt,TurnoverFrcFum,TurnoverFumRec,ScoreIntTd,ScoreFumTd,ScoreBlkTd,ScoreSaf,ScoreDef2ptRet,Blk,PDef,QBHit,ReturnIntYds,ReturnFumYds,Rank,TotalPoints
Chris Jones,2556369,DL,KC,DAL,4,1,3.5,2,,1,1,,,,,,,1,3,,-2,1,26.03
Marcus Davenport,2561037,DL,NO,@PHI,6,4,1.5,1,,,,,,,,,,,4,,,2,19.90
Sam Hubbard,2560745,DL,CIN,@LV,3,2,1,2,,,1,,,,,,,,1,,43,3,14.63
Nick Bosa,2562629,DL,SF,@JAX,3,,2,2,,,,,,,,,,,3,,,4,13.60
Morgan Fox,2556529,DL,CAR,WAS,4,,,1,,1,,,,,,,,,,,,5,11.80
Bryan Mone,2562914,DL,SEA,ARI,1,3,1.5,,,1,,,,,,,,,2,,,6,11.60
Jeffery Simmons,2562733,DL,TEN,HOU,4,1,,1,,,,,,,,,,1,,,,7,11.60
Cameron Jordan,2495184,DL,NO,@PHI,2,1,1,1,,,,,,,,,,1,2,,,8,11.20
Armon Watts,2562773,DL,MIN,GB,2,2,1,,,1,,,,,,,,,1,,,9,11.00
Joey Bosa,2555249,DL,LAC,PIT,3,1,1,1,,,,,,,,,,,3,,,10,10.90
Davon Godchaux,2558012,DL,NE,@ATL,2,1,1,2,,,,,,,,,,,2,,,11,10.20
Yannick Ngakoue,2555421,DL,LV,CIN,2,1,1,,,1,,,,,,,,,1,,,12,10.20
Greg Rousseau,2565875,DL,BUF,IND,5,2,,,,,,,,,,,,,,,,13,10.10
Quincy Roche,2566466,DL,NYG,@TB,4,2,,1,,,,,,,,,,,,,,14,9.90
Zach Allen,2562219,DL,ARI,@SEA,3,2,,,,,,,,,,,,1,1,,,15,9.70
Ross Blacklock,2564064,DL,HOU,@TEN,2,1,1,2,,,,,,,,,,,1,,,16,9.70
Rasheem Green,2560998,DL,SEA,ARI,3,2,,,,,,,,,,,,1,1,,,17,9.70
Trey Hendrickson,2557943,DL,CIN,@LV,2,,1,,,1,,,,,,,,,1,,,18,9.40
Austin Johnson,2556368,DL,NYG,@TB,3,2,,,,,,,,,,,,1,,,,19,9.20
Grover Stewart,2558766,DL,IND,@BUF,3,2,,,,,,,,,,,,1,,,,20,9.20
Danny Shelton,2552325,DL,NYG,@TB,4,1,,1,,,,,,,,,,,,,,21,9.10
Frank Clark,2552629,DL,KC,DAL,1,,1,,,1,,,,,,,,,3,,,22,8.70
James Smith-Williams,2565291,DL,WAS,@CAR,1,5,0.5,1,,,,,,,,,,,1,,,23,8.70
Carl Nassib,2555270,DL,LV,CIN,4,,,1,,,,,,,,,,,,,,24,8.30
Dorance Armstrong,2560959,DL,DAL,@KC,2,1,1,1,,,,,,,,,,,1,,,25,8.20
Fletcher Cox,2533051,DL,PHI,NO,2,1,,,,1,,,,,,,,,1,,,26,8.20
Malik Jackson,2532873,DL,CLE,DET,2,1,,1,,,,,,,,,,1,,,,27,8.20
Tyler Lancaster,2561227,DL,GB,@MIN,2,2,,2,,,,,,,,,,,,,,28,8.00
Justin Houston,2495493,DL,BAL,@CHI,1,2,1,1,,,,,,,,,,,2,,,29,7.80
Calais Campbell,744,DL,BAL,@CHI,2,1,,,,,1,,,,,,,1,,,,30,7.70
Maliek Collins,2555400,DL,HOU,@TEN,2,1,,2,,,,,,,,,,,1,,,31,7.70
Vernon Butler,2555243,DL,BUF,IND,3,3,,,,,,,,,,,,,,,,32,7.50
Quinton Jefferson,2555358,DL,LV,CIN,2,,1,1,,,,,,,,,,,1,,,33,7.40
Harrison Phillips,2560840,DL,BUF,IND,2,5,,,,,,,,,,,,,,,,34,7.40
Solomon Thomas,2558018,DL,LV,CIN,2,,1,1,,,,,,,,,,,1,,,35,7.40
Michael Brockers,2533050,DL,DET,@CLE,2,3,,1,,,,,,,,,,,,,,36,7.30
Dante Fowler Jr.,2553431,DL,ATL,NE,2,3,0.5,,,,,,,,,,,,1,,,37,7.30
Kwity Paye,2565612,DL,IND,@BUF,1,,1,,,1,,,,,,,,,,,,38,7.20
Brian Burns,2562242,DL,CAR,WAS,1,1,1,1,,,,,,,,,,,2,,,39,7.00
Myles Garrett,2557965,DL,CLE,DET,2,1,,1,,,,,,,,,,,2,,,40,6.70
Shy Tuttle,2563242,DL,NO,@PHI,3,2,,,,,,,,,,,,,,,,41,6.70
Austin Bryant,2562240,DL,DET,@CLE,2,2,0.5,,,,,,,,,,,,1,,,42,6.50
Marquis Haynes,2561009,DL,CAR,WAS,1,1,1,1,,,,,,,,,,,1,,,43,6.50
Arden Key,2560779,DL,SF,@JAX,1,1,1,1,,,,,,,,,,,1,,,44,6.50
Justin Madubuike,2563563,DL,BAL,@CHI,2,2,,1,,,,,,,,,,,,,,45,6.50
Ed Oliver,2562322,DL,BUF,IND,1,1,,1,,,,,,,,,,1,,,,46,6.50
David Onyemata,2556274,DL,NO,@PHI,2,2,0.5,,,,,,,,,,,,1,,,47,6.50
Jarran Reed,2555238,DL,KC,DAL,2,2,0.5,,,,,,,,,,,,1,,,48,6.50
Joe Gaziano,2565036,DL,LAC,PIT,1,2,,,,,,,,,,,,1,1,,,49,6.30
Zach Sieler,2561129,DL,MIA,@NYJ,2,1,,1,,,,,,,,,,,1,,,50,6.20
Steve McLendon,2507590,DL,TB,NYG,,,,,1,,,,,,,,,1,,,,51,6.00
Emmanuel Ogbah,2555278,DL,MIA,@NYJ,1,1,,,,,,,,,,,,1,2,,,52,6.00
K'Lavon Chaisson,2564166,DL,JAX,SF,3,1,,,,,,,,,,,,,,,,53,5.90
Cameron Heyward,2508109,DL,PIT,@LAC,2,,,,,,,,,,,,,1,,,,54,5.90
Chris Wormley,2557862,DL,PIT,@LAC,3,1,,,,,,,,,,,,,,,,55,5.90
Jalyn Holmes,2560744,DL,NO,@PHI,2,1,,1,,,,,,,,,,,,,,56,5.70
Carlos Watkins,2557877,DL,DAL,@KC,1,3,,1,,,,,,,,,,,,,,57,5.60
Maxx Crosby,2562439,DL,LV,CIN,1,2,,1,,,,,,,,,,,1,,,58,5.30
Daron Payne,2560834,DL,WAS,@CAR,,4,0.5,,,,,,,,,,,,2,,,59,5.20
Angelo Blackson,2552670,DL,CHI,BAL,3,,,,,,,,,,,,,,,,,60,5.10
Anthony Rush,2563200,DL,ATL,NE,3,,,,,,,,,,,,,,,,,61,5.10
Quinnen Williams,2562599,DL,NYJ,MIA,1,1,,,,,,,,,,,,1,,,,62,5.00
Justin Jones,2560769,DL,LAC,PIT,,3,,,,,,,,,,,,1,,,,63,4.90
Poona Ford,2561195,DL,SEA,ARI,1,2,0.5,,,,,,,,,,,,1,,,64,4.80
Adetokunbo Ogundeji,2565827,DL,ATL,NE,1,2,,1,,,,,,,,,,,,,,65,4.80
Jonathan Allen,2557844,DL,WAS,@CAR,2,1,,,,,,,,,,,,,1,,,66,4.70
Charles Harris,2558001,DL,DET,@CLE,,5,,,,,,,,,,,,,1,,,67,4.50
Denico Autry,2550646,DL,TEN,HOU,1,,,,,,,,,,,,,1,,,,68,4.20
Kenny Clark,2555282,DL,GB,@MIN,2,1,,,,,,,,,,,,,,,,69,4.20
Kingsley Keke,2562300,DL,GB,@MIN,2,1,,,,,,,,,,,,,,,,70,4.20
Derrick Nnadi,2560823,DL,KC,DAL,2,1,,,,,,,,,,,,,,,,71,4.20
Jason Pierre-Paul,496843,DL,TB,NYG,1,,,,,,,,,,,,,1,,,,72,4.20
Nathan Shepherd,2560873,DL,NYJ,MIA,2,1,,,,,,,,,,,,,,,,73,4.20
Mario Addison,2530474,DL,BUF,IND,1,3,,,,,,,,,,,,,,,,74,4.10
Benson Mayowa,2542009,DL,SEA,ARI,1,3,,,,,,,,,,,,,,,,75,4.10
Sheldon Richardson,2540142,DL,MIN,GB,2,,,,,,,,,,,,,,1,,,76,3.90
DaQuan Jones,2543504,DL,CAR,WAS,1,2,,,,,,,,,,,,,1,,,77,3.80
Dexter Lawrence,2562301,DL,NYG,@TB,,1,,,,,,,,,,,,1,1,,,78,3.80
Christian Barmore,2566328,DL,NE,@ATL,1,,,1,,,,,,,,,,,1,,,79,3.70
Kevin Givens,2562655,DL,SF,@JAX,1,,,1,,,,,,,,,,,1,,,80,3.70
Kerry Hyder,2550433,DL,SEA,ARI,,4,,,,,,,,,,,,,1,,,81,3.70
Christian Wilkins,2562782,DL,MIA,@NYJ,2,1,,,,,1,,,,,,,,,,9,82,3.50
Dean Lowry,2555274,DL,GB,@MIN,2,,,,,,,,,,,,,,,,,83,3.40
James Lynch,2564565,DL,MIN,GB,2,,,,,,,,,,,,,,,,,84,3.40
Dayo Odeyingbo,2565609,DL,IND,@BUF,2,,,,,,,,,,,,,,,,,85,3.40
Derek Rivers,2558040,DL,HOU,@TEN,2,,,,,,,,,,,,,,,,,86,3.40
Tershawn Wharton,2564310,DL,KC,DAL,2,,,,,,,,,,,,,,,,,87,3.40
Malcom Brown,2552483,DL,JAX,SF,1,2,,,,,,,,,,,,,,,,88,3.30
Isaiah Buggs,2562241,DL,LV,CIN,,1,,,,,,,,,,,,1,,,,89,3.30
Justin Ellis,2543812,DL,BAL,@CHI,1,2,,,,,,,,,,,,,,,,90,3.30
Javon Hargrave,2555239,DL,PHI,NO,1,2,,,,,,,,,,,,,,,,91,3.30
Osa Odighizuwa,2566016,DL,DAL,@KC,1,2,,,,,,,,,,,,,,,,92,3.30
Sheldon Rankins,2555242,DL,NYJ,MIA,1,2,,,,,,,,,,,,,,,,93,3.30
Leonard Williams,2552486,DL,NYG,@TB,1,2,,,,,,,,,,,,,,,,94,3.30
Genard Avery,2560964,DL,PHI,NO,1,,,1,,,,,,,,,,,,,,95,3.20
Casey Toohill,2564868,DL,WAS,@CAR,1,1,,,,,,,,,,,,,1,,,96,3.00
Jaleel Johnson,2557845,DL,HOU,@TEN,,3,,,,,,,,,,,,,1,,,97,2.90
D.J. Reader,2555388,DL,CIN,@LV,,3,,,,,,,,,,,,,1,,,98,2.90
Boogie Basham,2565863,DL,BUF,IND,1,1,,,,,,,,,,,,,,,,99,2.50
Derrick Brown,2563629,DL,CAR,WAS,1,1,,,,,,,,,,,,,,,,100,2.50
Leki Fotu,2564910,DL,ARI,@SEA,1,1,,,,,,,,,,,,,,,,101,2.50
William Gholston,2540176,DL,TB,NYG,1,1,,,,,,,,,,,,,,,,102,2.50
Carl Granderson,2562273,DL,NO,@PHI,1,1,,,,,,,,,,,,,,,,103,2.50
Johnathan Hankins,2540147,DL,LV,CIN,1,1,,,,,,,,,,,,,,,,104,2.50
Larrell Murchison,2564055,DL,TEN,HOU,1,1,,,,,,,,,,,,,,,,105,2.50
Mike Pennel,2550242,DL,ATL,NE,1,1,,,,,,,,,,,,,,,,106,2.50
Damion Square,2540003,DL,LV,CIN,1,1,,,,,,,,,,,,,,,,107,2.50
Kentavius Street,2560885,DL,SF,@JAX,1,1,,,,,,,,,,,,,,,,108,2.50
Josh Sweat,2560889,DL,PHI,NO,1,1,,,,,,,,,,,,,,,,109,2.50
Carlos Dunlap,496780,DL,SEA,ARI,,3,,,,,,,,,,,,,,,,110,2.40
Dalvin Tomlinson,2557846,DL,MIN,GB,,3,,,,,,,,,,,,,,,,111,2.40
B.J. Hill,2560740,DL,CIN,@LV,1,,,,,,,,,,,,,,1,,,112,2.20
Milton Williams,2566418,DL,PHI,NO,1,,,,,,,,,,,,,,1,,,113,2.20
John Franklin-Myers,2560731,DL,NYJ,MIA,,2,,,,,,,,,,,,,1,,,114,2.10
Larry Ogunjobi,2557836,DL,CIN,@LV,,2,,,,,,,,,,,,,1,,,115,2.10
Efe Obada,2553310,DL,BUF,IND,,1,,,,,,,,,,,,,2,,,116,1.80
Andrew Brown,2560979,DL,LAC,PIT,1,,,,,,,,,,,,,,,,,117,1.70
Jadeveon Clowney,2543456,DL,CLE,DET,1,,,,,,,,,,,,,,,,,118,1.70
Raekwon Davis,2564445,DL,MIA,@NYJ,1,,,,,,,,,,,,,,,,,119,1.70
A.J. Epenesa,2563605,DL,BUF,IND,1,,,,,,,,,,,,,,,,,120,1.70
Clelin Ferrell,2562263,DL,LV,CIN,1,,,,,,,,,,,,,,,,,121,1.70
Yetur Gross-Matos,2563641,DL,CAR,WAS,1,,,,,,,,,,,,,,,,,122,1.70
Porter Gustin,2562276,DL,CLE,DET,1,,,,,,,,,,,,,,,,,123,1.70
Melvin Ingram,2532870,DL,KC,DAL,1,,,,,,,,,,,,,,,,,124,1.70
D.J. Jones,2558265,DL,SF,@JAX,1,,,,,,,,,,,,,,,,,125,1.70
John Penisini,2563950,DL,DET,@CLE,1,,,,,,,,,,,,,,,,,126,1.70
D.J. Wonnum,2564583,DL,MIN,GB,1,,,,,,,,,,,,,,,,,127,1.70
Arik Armstead,2552493,DL,SF,@JAX,,2,,,,,,,,,,,,,,,,128,1.60
Lawrence Guy,2495481,DL,NE,@ATL,,2,,,,,,,,,,,,,,,,129,1.60
DaVon Hamilton,2564190,DL,JAX,SF,,2,,,,,,,,,,,,,,,,130,1.60
Grady Jarrett,2552327,DL,ATL,NE,,2,,,,,,,,,,,,,,,,131,1.60
Bilal Nichols,2560821,DL,CHI,BAL,,2,,,,,,,,,,,,,,,,132,1.60
Julian Okwara,2563947,DL,DET,@CLE,,2,,,,,,,,,,,,,,,,133,1.60
Bravvion Roy,2563677,DL,CAR,WAS,,2,,,,,,,,,,,,,,,,134,1.60
Tim Settle,2560871,DL,WAS,@CAR,,2,,,,,,,,,,,,,,,,135,1.60
Al Woods,496881,DL,SEA,ARI,,2,,,,,,,,,,,,,,,,136,1.60
Derek Barnett,2557984,DL,PHI,NO,,1,,,,,,,,,,,,,1,,,137,1.30
Trysten Hill,2562663,DL,DAL,@KC,,1,,,,,,,,,,,,,1,,,138,1.30
Taylor Stallworth,2560882,DL,IND,@BUF,,1,,,,,,,,,,,,,1,,,139,1.30
DeMarcus Walker,2557894,DL,HOU,@TEN,,1,,,,,,,,,,,,,1,,,140,1.30
Al-Quadin Muhammad,2558131,DL,IND,@BUF,,,,,,,,,,,,,,,2,,,141,1.00
Ndamukong Suh,496861,DL,TB,NYG,,,,,,,,,,,,,,,2,,,142,1.00
Deatrich Wise,2558000,DL,NE,@ATL,,,,,,,,,,,,,,,2,,,143,1.00
DeForest Buckner,2555275,DL,IND,@BUF,,1,,,,,,,,,,,,,,,,144,0.80
Adam Butler,2558924,DL,MIA,@NYJ,,1,,,,,,,,,,,,,,,,145,0.80
Jordan Elliott,2563779,DL,CLE,DET,,,,,,,,,,,,,,,,,,146,0.80
Foley Fatukasi,2560722,DL,NYJ,MIA,,1,,,,,,,,,,,,,,,,147,0.80
Chauncey Golston,2566007,DL,DAL,@KC,,1,,,,,,,,,,,,,,,,148,0.80
Matthew Ioannidis,2555240,DL,WAS,@CAR,,1,,,,,,,,,,,,,,,,149,0.80
Joe Jackson,2562432,DL,CLE,DET,,1,,,,,,,,,,,,,,,,150,0.80
Patrick Johnson,2566403,DL,PHI,NO,,1,,,,,,,,,,,,,,,,151,0.80
Khalid Kareem,2563734,DL,CIN,@LV,,1,,,,,,,,,,,,,,,,152,0.80
Zach Kerr,2550575,DL,ARI,@SEA,,1,,,,,,,,,,,,,,,,153,0.80
Rakeem Nunez-Roches,2552674,DL,TB,NYG,,1,,,,,,,,,,,,,,,,154,0.80
Alex Okafor,2539319,DL,KC,DAL,,1,,,,,,,,,,,,,,,,155,0.80
Jordan Phillips,2552492,DL,ARI,@SEA,,1,,,,,,,,,,,,,,,,156,0.80
Wyatt Ray,2562709,DL,CIN,@LV,,1,,,,,,,,,,,,,,,,157,0.80
Jihad Ward,2555248,DL,JAX,SF,,1,,,,,,,,,,,,,,,,158,0.80
Nick Williams,2541479,DL,DET,@CLE,,1,,,,,,,,,,,,,,,,159,0.80
Alton Robinson,2565186,DL,SEA,ARI,,,,,,,,,,,,,,,1,,,160,0.50
Broderick Washington,2563593,DL,BAL,@CHI,,,,,,,,,,,,,,,1,,,161,0.50
Montravius Adams,2557876,DL,PIT,@LAC,,,,,,,,,,,,,,,,,,162,0.00
Myles Adams,2563620,DL,SEA,ARI,,,,,,,,,,,,,,,,,,163,0.00
McTelvin Agim,2563872,DL,DEN,Bye,,,,,,,,,,,,,,,,,,164,0.00
Tyson Alualu,496760,DL,PIT,@LAC,,,,,,,,,,,,,,,,,,165,0.00
Auzoyah Alufohai,2564061,DL,CHI,BAL,,,,,,,,,,,,,,,,,,166,0.00
Bradlee Anae,2563821,DL,DAL,@KC,,,,,,,,,,,,,,,,,,167,0.00
Abdullah Anderson,2561088,DL,GB,@MIN,,,,,,,,,,,,,,,,,,168,0.00
Henry Anderson,2552272,DL,NE,@ATL,,,,,,,,,,,,,,,,,,169,0.00
Eli Ankou,2559132,DL,BUF,IND,,,,,,,,,,,,,,,,,,170,0.00
David Bada,2565526,DL,WAS,@CAR,,,,,,,,,,,,,,,,,,171,0.00
Allen Bailey,2495116,DL,FA,Bye,,,,,,,,,,,,,,,,,,172,0.00
Ben Banogu,2562229,DL,IND,@BUF,,,,,,,,,,,,,,,,,,173,0.00
Alex Barrett,2559140,DL,SF,@JAX,,,,,,,,,,,,,,,,,,174,0.00
Vic Beasley,2552301,DL,FA,Bye,,,,,,,,,,,,,,,,,,175,0.00
Andrew Billings,2555267,DL,MIA,@NYJ,,,,,,,,,,,,,,,,,,176,0.00
Amani Bledsoe,2562859,DL,TEN,HOU,,,,,,,,,,,,,,,,,,177,0.00
Will Bradley-King,2566583,DL,WAS,@CAR,,,,,,,,,,,,,,,,,,178,0.00
Cortez Broughton,2562823,DL,KC,DAL,,,,,,,,,,,,,,,,,,179,0.00
Earnest Brown IV,2566202,DL,LA,Bye,,,,,,,,,,,,,,,,,,180,0.00
Taven Bryan,2560983,DL,JAX,SF,,,,,,,,,,,,,,,,,,181,0.00
Brandin Bryant,2556486,DL,BUF,IND,,,,,,,,,,,,,,,,,,182,0.00
Calvin Bundage,2565777,DL,FA,Bye,,,,,,,,,,,,,,,,,,183,0.00
Ron'Dell Carter,2563833,DL,HOU,@TEN,,,,,,,,,,,,,,,,,,184,0.00
Demarcus Christmas,2562246,DL,PIT,@LAC,,,,,,,,,,,,,,,,,,185,0.00
Tyler Clark,2563725,DL,WAS,@CAR,,,,,,,,,,,,,,,,,,186,0.00
Adrian Clayborn,2495140,DL,FA,Bye,,,,,,,,,,,,,,,,,,187,0.00
Kameron Cline,2564109,DL,IND,@BUF,,,,,,,,,,,,,,,,,,188,0.00
Trevon Coley,2556504,DL,TEN,HOU,,,,,,,,,,,,,,,,,,189,0.00
L.J. Collier,2562248,DL,SEA,ARI,,,,,,,,,,,,,,,,,,190,0.00
John Cominsky,2562249,DL,ATL,NE,,,,,,,,,,,,,,,,,,191,0.00
Jonathon Cooper,2566028,DL,DEN,Bye,,,,,,,,,,,,,,,,,,192,0.00
Marquise Copeland,2562877,DL,LA,Bye,,,,,,,,,,,,,,,,,,193,0.00
Jashon Cornell,2563929,DL,DET,@CLE,,,,,,,,,,,,,,,,,,194,0.00
Doug Costin,2564172,DL,JAX,SF,,,,,,,,,,,,,,,,,,195,0.00
Christian Covington,2552602,DL,LAC,PIT,,,,,,,,,,,,,,,,,,196,0.00
Byron Cowart,2562392,DL,NE,@ATL,,,,,,,,,,,,,,,,,,197,0.00
Jack Crawford,2532992,DL,ARI,@SEA,,,,,,,,,,,,,,,,,,198,0.00
Tyrone Crawford,2532821,DL,FA,Bye,,,,,,,,,,,,,,,,,,199,0.00
Vinny Curry,2532825,DL,FA,Bye,,,,,,,,,,,,,,,,,,200,0.00
Jalen Dalton,2563120,DL,NO,@PHI,,,,,,,,,,,,,,,,,,201,0.00
Darrion Daniels,2565096,DL,SF,@JAX,,,,,,,,,,,,,,,,,,202,0.00
Michael Danna,2564262,DL,KC,DAL,,,,,,,,,,,,,,,,,,203,0.00
Marlon Davidson,2563479,DL,ATL,NE,,,,,,,,,,,,,,,,,,204,0.00
Carlos Davis,2564976,DL,PIT,@LAC,,,,,,,,,,,,,,,,,,205,0.00
Khalil Davis,2565210,DL,PIT,@LAC,,,,,,,,,,,,,,,,,,206,0.00
Tyeler Davison,2552329,DL,ATL,NE,,,,,,,,,,,,,,,,,,207,0.00
Sheldon Day,2555241,DL,CLE,DET,,,,,,,,,,,,,,,,,,208,0.00
Matt Dickerson,2561044,DL,ARI,@SEA,,,,,,,,,,,,,,,,,,209,0.00
Victor Dimukeje,2566424,DL,ARI,@SEA,,,,,,,,,,,,,,,,,,210,0.00
Aaron Donald,2543485,DL,LA,Bye,,,,,,,,,,,,,,,,,,211,0.00
Mario Edwards,2553433,DL,CHI,BAL,,,,,,,,,,,,,,,,,,212,0.00
Daniel Ekuale,2561458,DL,NE,@ATL,,,,,,,,,,,,,,,,,,213,0.00
Trey Flowers,2552278,DL,DET,@CLE,,,,,,,,,,,,,,,,,,214,0.00
Greg Gaines,2562391,DL,LA,Bye,,,,,,,,,,,,,,,,,,215,0.00
Neville Gallimore,2563842,DL,DAL,@KC,,,,,,,,,,,,,,,,,,216,0.00
Ryan Glasgow,2557851,DL,FA,Bye,,,,,,,,,,,,,,,,,,217,0.00
Adam Gotsis,2555502,DL,JAX,SF,,,,,,,,,,,,,,,,,,218,0.00
Brandon Graham,496788,DL,PHI,NO,,,,,,,,,,,,,,,,,,219,0.00
Jonathan Greenard,2564070,DL,HOU,@TEN,,,,,,,,,,,,,,,,,,220,0.00
Randy Gregory,2552446,DL,DAL,@KC,,,,,,,,,,,,,,,,,,221,0.00
Everson Griffen,496790,DL,MIN,GB,,,,,,,,,,,,,,,,,,222,0.00
Justin Hamilton,2553531,DL,DEN,Bye,,,,,,,,,,,,,,,,,,223,0.00
Woodrow Hamilton,2556546,DL,NYG,@TB,,,,,,,,,,,,,,,,,,224,0.00
Jonathan Harris,2562945,DL,DEN,Bye,,,,,,,,,,,,,,,,,,225,0.00
Shelby Harris,2549926,DL,DEN,Bye,,,,,,,,,,,,,,,,,,226,0.00
Damon Harrison,2535718,DL,FA,Bye,,,,,,,,,,,,,,,,,,227,0.00
Daelin Hayes,2565842,DL,BAL,@CHI,,,,,,,,,,,,,,,,,,228,0.00
Bruce Hector,2561338,DL,DET,@CLE,,,,,,,,,,,,,,,,,,229,0.00
Akiem Hicks,2533433,DL,CHI,BAL,,,,,,,,,,,,,,,,,,230,0.00
Braxton Hoyett,2563244,DL,NO,@PHI,,,,,,,,,,,,,,,,,,231,0.00
Wyatt Hubert,2565950,DL,CIN,@LV,,,,,,,,,,,,,,,,,,232,0.00
Bryce Huff,2565510,DL,NYJ,MIA,,,,,,,,,,,,,,,,,,233,0.00
Albert Huggins,2562667,DL,NO,@PHI,,,,,,,,,,,,,,,,,,234,0.00
Jerry Hughes,496796,DL,BUF,IND,,,,,,,,,,,,,,,,,,235,0.00
Margus Hunt,2539310,DL,CHI,BAL,,,,,,,,,,,,,,,,,,236,0.00
Danielle Hunter,2552603,DL,MIN,GB,,,,,,,,,,,,,,,,,,237,0.00
Maurice Hurst,2560748,DL,SF,@JAX,,,,,,,,,,,,,,,,,,238,0.00
David Irving,2553805,DL,FA,Bye,,,,,,,,,,,,,,,,,,239,0.00
Tarron Jackson,2566400,DL,PHI,NO,,,,,,,,,,,,,,,,,,240,0.00
John Jenkins,2539231,DL,MIA,@NYJ,,,,,,,,,,,,,,,,,,241,0.00
Darryl Johnson,2562672,DL,CAR,WAS,,,,,,,,,,,,,,,,,,242,0.00
P.J. Johnson,2562923,DL,LV,CIN,,,,,,,,,,,,,,,,,,243,0.00
Benito Jones,2564466,DL,MIA,@NYJ,,,,,,,,,,,,,,,,,,244,0.00
Dre'Mont Jones,2562412,DL,DEN,Bye,,,,,,,,,,,,,,,,,,245,0.00
Patrick Jones II,2566307,DL,MIN,GB,,,,,,,,,,,,,,,,,,246,0.00
Dion Jordan,2539288,DL,FA,Bye,,,,,,,,,,,,,,,,,,247,0.00
Linval Joseph,496802,DL,LAC,PIT,,,,,,,,,,,,,,,,,,248,0.00
Sebastian Joseph-Day,2561079,DL,LA,Bye,,,,,,,,,,,,,,,,,,249,0.00
Joshua Kaindoh,2566184,DL,KC,DAL,,,,,,,,,,,,,,,,,,250,0.00
Ryan Kerrigan,2495190,DL,PHI,NO,,,,,,,,,,,,,,,,,,251,0.00
Javon Kinlaw,2565117,DL,SF,@JAX,,,,,,,,,,,,,,,,,,252,0.00
Malcolm Koonce,2566262,DL,LV,CIN,,,,,,,,,,,,,,,,,,253,0.00
Tanoh Kpassagnon,2558185,DL,NO,@PHI,,,,,,,,,,,,,,,,,,254,0.00
Niko Lalos,2564745,DL,NYG,@TB,,,,,,,,,,,,,,,,,,255,0.00
Austin Larkin,2561518,DL,CAR,WAS,,,,,,,,,,,,,,,,,,256,0.00
Demarcus Lawrence,2543490,DL,DAL,@KC,,,,,,,,,,,,,,,,,,257,0.00
Devaroe Lawrence,2559079,DL,FA,Bye,,,,,,,,,,,,,,,,,,258,0.00
Rashard Lawrence,2564922,DL,ARI,@SEA,,,,,,,,,,,,,,,,,,259,0.00
Carl Lawson,2557901,DL,NYJ,MIA,,,,,,,,,,,,,,,,,,260,0.00
Jeremiah Ledbetter,2558124,DL,JAX,SF,,,,,,,,,,,,,,,,,,261,0.00
Jessie Lemonier,2565057,DL,DET,@CLE,,,,,,,,,,,,,,,,,,262,0.00
Tyquan Lewis,2560791,DL,IND,@BUF,,,,,,,,,,,,,,,,,,263,0.00
Star Lotulelei,2539329,DL,BUF,IND,,,,,,,,,,,,,,,,,,264,0.00
Isaiahh Loudermilk,2566457,DL,PIT,@LAC,,,,,,,,,,,,,,,,,,265,0.00
Daylon Mack,2562308,DL,FA,Bye,,,,,,,,,,,,,,,,,,266,0.00
Isaiah Mack,2563245,DL,BAL,@CHI,,,,,,,,,,,,,,,,,,267,0.00
Hercules Mata'afa,2560799,DL,FA,Bye,,,,,,,,,,,,,,,,,,268,0.00
Dan McCullers,2550154,DL,FA,Bye,,,,,,,,,,,,,,,,,,269,0.00
T.Y. McGill,2553911,DL,MIN,GB,,,,,,,,,,,,,,,,,,270,0.00
R.J. McIntosh,2560806,DL,GB,@MIN,,,,,,,,,,,,,,,,,,271,0.00
Kahlil McKenzie,2560807,DL,BAL,@CHI,,,,,,,,,,,,,,,,,,272,0.00
Steven Means,2541310,DL,ATL,NE,,,,,,,,,,,,,,,,,,273,0.00
David Moa,2564571,DL,NYG,@TB,,,,,,,,,,,,,,,,,,274,0.00
Henry Mondeaux,2561243,DL,PIT,@LAC,,,,,,,,,,,,,,,,,,275,0.00
Damontre Moore,2540138,DL,CAR,WAS,,,,,,,,,,,,,,,,,,276,0.00
Trent Murphy,2543503,DL,FA,Bye,,,,,,,,,,,,,,,,,,277,0.00
Bill Murray,2564625,DL,NE,@ATL,,,,,,,,,,,,,,,,,,278,0.00
Robert Nkemdiche,2555336,DL,SEA,ARI,,,,,,,,,,,,,,,,,,279,0.00
Pat O'Connor,2558863,DL,TB,NYG,,,,,,,,,,,,,,,,,,280,0.00
Ifeadi Odenigbo,2558278,DL,CLE,DET,,,,,,,,,,,,,,,,,,281,0.00
Romeo Okwara,2556641,DL,DET,@CLE,,,,,,,,,,,,,,,,,,282,0.00
Charles Omenihu,2562324,DL,SF,@JAX,,,,,,,,,,,,,,,,,,283,0.00
Walter Palmore,2563229,DL,FA,Bye,,,,,,,,,,,,,,,,,,284,0.00
David Parry,2552438,DL,FA,Bye,,,,,,,,,,,,,,,,,,285,0.00
Aaron Patrick,2565630,DL,DEN,Bye,,,,,,,,,,,,,,,,,,286,0.00
Domata Peko Sr.,2506925,DL,FA,Bye,,,,,,,,,,,,,,,,,,287,0.00
Ronnie Perkins,2566340,DL,NE,@ATL,,,,,,,,,,,,,,,,,,288,0.00
Darius Philon,2552676,DL,LV,CIN,,,,,,,,,,,,,,,,,,289,0.00
Michael Pierce,2556650,DL,MIN,GB,,,,,,,,,,,,,,,,,,290,0.00
Willington Previlon,2564016,DL,TB,NYG,,,,,,,,,,,,,,,,,,291,0.00
Durval Queiroz,2562867,DL,MIA,@NYJ,,,,,,,,,,,,,,,,,,292,0.00
Caraun Reid,2543748,DL,LAC,PIT,,,,,,,,,,,,,,,,,,293,0.00
Sam Renner,2564391,DL,FA,Bye,,,,,,,,,,,,,,,,,,294,0.00
Hassan Ridgeway,2555514,DL,PHI,NO,,,,,,,,,,,,,,,,,,295,0.00
Malcolm Roach,2564688,DL,NO,@PHI,,,,,,,,,,,,,,,,,,296,0.00
Max Roberts,2566238,DL,FA,Bye,,,,,,,,,,,,,,,,,,297,0.00
A'Shawn Robinson,2555265,DL,LA,Bye,,,,,,,,,,,,,,,,,,298,0.00
Janarius Robinson,2566316,DL,MIN,GB,,,,,,,,,,,,,,,,,,299,0.00
Isaac Rochell,2557860,DL,IND,@BUF,,,,,,,,,,,,,,,,,,300,0.00
Daniel Ross,2559240,DL,FA,Bye,,,,,,,,,,,,,,,,,,301,0.00
Cameron Sample,2565959,DL,CIN,@LV,,,,,,,,,,,,,,,,,,302,0.00
Khalen Saunders,2562723,DL,KC,DAL,,,,,,,,,,,,,,,,,,303,0.00
Deadrin Senat,2560869,DL,FA,Bye,,,,,,,,,,,,,,,,,,304,0.00
Jabaal Sheard,2495228,DL,FA,Bye,,,,,,,,,,,,,,,,,,305,0.00
John Simon,2539280,DL,PIT,@LAC,,,,,,,,,,,,,,,,,,306,0.00
Deyon Sizer,2563254,DL,FA,Bye,,,,,,,,,,,,,,,,,,307,0.00
Chris Slayton,2562735,DL,SF,@JAX,,,,,,,,,,,,,,,,,,308,0.00
Tanzel Smart,2558199,DL,NYJ,MIA,,,,,,,,,,,,,,,,,,309,0.00
Aldon Smith,2495487,DL,FA,Bye,,,,,,,,,,,,,,,,,,310,0.00
Chris Smith,2543692,DL,HOU,@TEN,,,,,,,,,,,,,,,,,,311,0.00
Elerson G. Smith,2566373,DL,NYG,@TB,,,,,,,,,,,,,,,,,,312,0.00
Dawuane Smoot,2557839,DL,JAX,SF,,,,,,,,,,,,,,,,,,313,0.00
Akeem Spence,2540201,DL,DEN,Bye,,,,,,,,,,,,,,,,,,314,0.00
Marquiss Spencer,2566037,DL,DEN,Bye,,,,,,,,,,,,,,,,,,315,0.00
Shamar Stephen,2543706,DL,DEN,Bye,,,,,,,,,,,,,,,,,,316,0.00
Kevin Strong,2563197,DL,TEN,HOU,,,,,,,,,,,,,,,,,,317,0.00
Jason Strowbridge,2564496,DL,FA,Bye,,,,,,,,,,,,,,,,,,318,0.00
Montez Sweat,2562749,DL,WAS,@CAR,,,,,,,,,,,,,,,,,,319,0.00
Darrell Taylor,2565198,DL,SEA,ARI,,,,,,,,,,,,,,,,,,320,0.00
Jullian Taylor,2561078,DL,FA,Bye,,,,,,,,,,,,,,,,,,321,0.00
Vincent Taylor,2558017,DL,HOU,@TEN,,,,,,,,,,,,,,,,,,322,0.00
Jerry Tillery,2562763,DL,LAC,PIT,,,,,,,,,,,,,,,,,,323,0.00
Shaka Toney,2566607,DL,WAS,@CAR,,,,,,,,,,,,,,,,,,324,0.00
Jacob Tuioti-Mariner,2561282,DL,CAR,WAS,,,,,,,,,,,,,,,,,,325,0.00
Stephon Tuitt,2543483,DL,PIT,@LAC,,,,,,,,,,,,,,,,,,326,0.00
Josh Tupou,2559003,DL,CIN,@LV,,,,,,,,,,,,,,,,,,327,0.00
Kemoko Turay,2560905,DL,IND,@BUF,,,,,,,,,,,,,,,,,,328,0.00
Payton Turner,2566355,DL,NO,@PHI,,,,,,,,,,,,,,,,,,329,0.00
Brent Urban,2543765,DL,DAL,@KC,,,,,,,,,,,,,,,,,,330,0.00
Vita Vea,2560909,DL,TB,NYG,,,,,,,,,,,,,,,,,,331,0.00
Kendal Vickers,2561416,DL,LV,CIN,,,,,,,,,,,,,,,,,,332,0.00
Tim Ward,2562939,DL,NYJ,MIA,,,,,,,,,,,,,,,,,,333,0.00
J.J. Watt,2495488,DL,ARI,@SEA,,,,,,,,,,,,,,,,,,334,0.00
Stephen Weatherly,2555529,DL,DEN,Bye,,,,,,,,,,,,,,,,,,335,0.00
Rashad Weaver,2566124,DL,TEN,HOU,,,,,,,,,,,,,,,,,,336,0.00
Brandon Williams,2541302,DL,BAL,@CHI,,,,,,,,,,,,,,,,,,337,0.00
Chris Williams,2564154,DL,IND,@BUF,,,,,,,,,,,,,,,,,,338,0.00
DeShawn Williams,2553623,DL,DEN,Bye,,,,,,,,,,,,,,,,,,339,0.00
Raequan Williams,2564883,DL,PHI,NO,,,,,,,,,,,,,,,,,,340,0.00
Sylvester Williams,2539270,DL,FA,Bye,,,,,,,,,,,,,,,,,,341,0.00
Xavier Williams,2553764,DL,FA,Bye,,,,,,,,,,,,,,,,,,342,0.00
Rob Windsor,2564157,DL,IND,@BUF,,,,,,,,,,,,,,,,,,343,0.00
Chase Winovich,2562607,DL,NE,@ATL,,,,,,,,,,,,,,,,,,344,0.00
Daniel Wise,2562608,DL,WAS,@CAR,,,,,,,,,,,,,,,,,,345,0.00
Derek Wolfe,2533026,DL,BAL,@CHI,,,,,,,,,,,,,,,,,,346,0.00
Antwaun Woods,2556792,DL,IND,@BUF,,,,,,,,,,,,,,,,,,347,0.00
Renell Wren,2562612,DL,CIN,@LV,,,,,,,,,,,,,,,,,,348,0.00
Chase Young,2565294,DL,WAS,@CAR,,,,,,,,,,,,,,,,,,349,0.00
Justin Zimmer,2556716,DL,BUF,IND,,,,,,,,,,,,,,,,,,350,0.00
