PlayerName,PlayerId,Pos,Team,PlayerOpponent,TacklesTot,TacklesAst,TacklesSck,TacklesTfl,TurnoverInt,TurnoverFrcFum,TurnoverFumRec,ScoreIntTd,ScoreFumTd,ScoreBlkTd,ScoreSaf,ScoreDef2ptRet,Blk,PDef,QBHit,ReturnIntYds,ReturnFumYds,PlayerWeekProjectedPts,Rank,TotalPoints,ProjectionDiff
Johnathan Abram,2562616,DB,LV,CIN,,,,,,,,,,,,,,,,,,10.70,1,0.00,-10.7
Delrick Abrams,2563464,DB,FA,Bye,,,,,,,,,,,,,,,,,,,2,0.00,
DeMarkus Acy,2565087,DB,PIT,@LAC,,,,,,,,,,,,,,,,,,,3,0.00,
Andrew Adams,2556456,DB,TB,NYG,,,,,,,,,,,,,,,,,,0.56,4,0.00,-0.56
Jamal Adams,2557979,DB,SEA,ARI,,,,,,,,,,,,,,,,,,10.63,5,0.00,-10.63
Jahleel Addae,2541958,DB,IND,@BUF,,,,,,,,,,,,,,,,,,0.00,6,0.00,0.0
Nasir Adderley,2562617,DB,LAC,PIT,,,,,,,,,,,,,,,,,,9.89,7,0.00,-9.89
Paulson Adebo,2566346,DB,NO,@PHI,,,,,,,,,,,,,,,,,,7.47,8,0.00,-7.47
Jaire Alexander,2560952,DB,GB,@MIN,,,,,,,,,,,,,,,,,,,9,0.00,
Mackensie Alexander,2555177,DB,MIN,GB,,,,,,,,,,,,,,,,,,5.23,10,0.00,-5.23
Robert Alford,2539653,DB,ARI,@SEA,,,,,,,,,,,,,,,,,,3.68,11,0.00,-3.68
Brian Allen,2558237,DB,FA,Bye,,,,,,,,,,,,,,,,,,,12,0.00,
Marcus Allen,2560956,DB,PIT,@LAC,,,,,,,,,,,,,,,,,,0.00,13,0.00,0.0
Ricardo Allen,2543850,DB,CIN,@LV,,,,,,,,,,,,,,,,,,1.80,14,0.00,-1.8
Johnathan Alston,2561520,DB,FA,Bye,,,,,,,,,,,,,,,,,,,15,0.00,
Ugo Amadi,2562464,DB,SEA,ARI,,,,,,,,,,,,,,,,,,3.86,16,0.00,-3.86
Adrian Amos,2552385,DB,GB,@MIN,,,,,,,,,,,,,,,,,,11.15,17,0.00,-11.15
Troy Apke,2560958,DB,WAS,@CAR,,,,,,,,,,,,,,,,,,0.49,18,0.00,-0.49
Eli Apple,2555277,DB,CIN,@LV,,,,,,,,,,,,,,,,,,7.95,19,0.00,-7.95
Cornell Armstrong,2561147,DB,FA,Bye,,,,,,,,,,,,,,,,,,,20,0.00,
Damon Arnette,2564409,DB,FA,Bye,,,,,,,,,,,,,,,,,,,21,0.00,
Grayland Arnold,2564814,DB,HOU,@TEN,,,,,,,,,,,,,,,,,,0.00,22,0.00,0.0
Jaytlin Askew,2566656,DB,FA,Bye,,,,,,,,,,,,,,,,,,,23,0.00,
Blessuan Austin,2562468,DB,SEA,ARI,,,,,,,,,,,,,,,,,,0.00,24,0.00,0.0
Anthony Averett,2560963,DB,BAL,@CHI,,,,,,,,,,,,,,,,,,10.06,25,0.00,-10.06
Chidobe Awuzie,2557840,DB,CIN,@LV,,,,,,,,,,,,,,,,,,9.34,26,0.00,-9.34
Budda Baker,2558009,DB,ARI,@SEA,,,,,,,,,,,,,,,,,,9.77,27,0.00,-9.77
Deandre Baker,2562227,DB,KC,DAL,,,,,,,,,,,,,,,,,,0.00,28,0.00,0.0
Corey Ballentine,2562228,DB,DET,@CLE,,,,,,,,,,,,,,,,,,,29,0.00,
Chris Banjo,2541192,DB,ARI,@SEA,,,,,,,,,,,,,,,,,,0.79,30,0.00,-0.79
Luq Barcoo,2564160,DB,FA,Bye,,,,,,,,,,,,,,,,,,,31,0.00,
Essang Bassey,2563875,DB,DEN,Bye,,,,,,,,,,,,,,,,,,,32,0.00,
Jessie Bates,2560970,DB,CIN,@LV,,,,,,,,,,,,,,,,,,11.08,33,0.00,-11.08
DeVante Bausby,2553790,DB,NE,@ATL,,,,,,,,,,,,,,,,,,0.00,34,0.00,0.0
Sam Beal,2561643,DB,FA,Bye,,,,,,,,,,,,,,,,,,,35,0.00,
Vonn Bell,2555530,DB,CIN,@LV,,,,,,,,,,,,,,,,,,10.79,36,0.00,-10.79
Elijah Benton,2563758,DB,FA,Bye,,,,,,,,,,,,,,,,,,,37,0.00,
Justin Bethel,2532792,DB,NE,@ATL,,,,,,,,,,,,,,,,,,0.00,38,0.00,0.0
Henry Black,2563974,DB,GB,@MIN,,,,,,,,,,,,,,,,,,3.02,39,0.00,-3.02
Julian Blackmon,2564103,DB,IND,@BUF,,,,,,,,,,,,,,,,,,,40,0.00,
Marquise Blair,2562233,DB,SEA,ARI,,,,,,,,,,,,,,,,,,,41,0.00,
Joshuah Bledsoe,2566331,DB,NE,@ATL,,,,,,,,,,,,,,,,,,0.00,42,0.00,0.0
Briean Boddy-Calhoun,2556475,DB,TEN,HOU,,,,,,,,,,,,,,,,,,0.00,43,0.00,0.0
Terrell Bonds,2563136,DB,FA,Bye,,,,,,,,,,,,,,,,,,,44,0.00,
Breon Borders,2559015,DB,TEN,HOU,,,,,,,,,,,,,,,,,,0.00,45,0.00,0.0
Tre Boston,2543830,DB,FA,Bye,,,,,,,,,,,,,,,,,,,46,0.00,
A.J. Bouye,2541162,DB,CAR,WAS,,,,,,,,,,,,,,,,,,3.56,47,0.00,-3.56
Kris Boyd,2562630,DB,MIN,GB,,,,,,,,,,,,,,,,,,1.81,48,0.00,-1.81
James Bradberry,2555175,DB,NYG,@TB,,,,,,,,,,,,,,,,,,8.20,49,0.00,-8.2
John Brannon,2565018,DB,FA,Bye,,,,,,,,,,,,,,,,,,,50,0.00,
Bashaud Breeland,2543571,DB,MIN,GB,,,,,,,,,,,,,,,,,,9.93,51,0.00,-9.93
Brady Breeze,2566103,DB,TEN,HOU,,,,,,,,,,,,,,,,,,1.00,52,0.00,-1.0
Antoine Brooks Jr.,2564967,DB,LA,Bye,,,,,,,,,,,,,,,,,,,53,0.00,
Terrence Brooks,2543712,DB,HOU,@TEN,,,,,,,,,,,,,,,,,,,54,0.00,
Anthony Brown,2555531,DB,DAL,@KC,,,,,,,,,,,,,,,,,,10.00,55,0.00,-10.0
Jordan Brown,2562396,DB,LV,CIN,,,,,,,,,,,,,,,,,,0.00,56,0.00,0.0
Shakur Brown,2565774,DB,FA,Bye,,,,,,,,,,,,,,,,,,,57,0.00,
Tony Brown,2560982,DB,FA,Bye,,,,,,,,,,,,,,,,,,,58,0.00,
Tre Brown,2566550,DB,SEA,ARI,,,,,,,,,,,,,,,,,,7.77,59,0.00,-7.77
Myles Bryant,2564592,DB,NE,@ATL,,,,,,,,,,,,,,,,,,4.45,60,0.00,-4.45
Terrell Burgess,2564331,DB,LA,Bye,,,,,,,,,,,,,,,,,,,61,0.00,
Artie Burns,2555344,DB,CHI,BAL,,,,,,,,,,,,,,,,,,0.00,62,0.00,0.0
Eric Burrell,2565696,DB,FA,Bye,,,,,,,,,,,,,,,,,,,63,0.00,
Juston Burris,2555313,DB,CAR,WAS,,,,,,,,,,,,,,,,,,6.75,64,0.00,-6.75
Deante Burton,2559109,DB,DAL,@KC,,,,,,,,,,,,,,,,,,0.00,65,0.00,0.0
Deon Bush,2555155,DB,CHI,BAL,,,,,,,,,,,,,,,,,,,66,0.00,
Malcolm Butler,2550613,DB,FA,Bye,,,,,,,,,,,,,,,,,,,67,0.00,
Kevin Byard,2555158,DB,TEN,HOU,,,,,,,,,,,,,,,,,,10.34,68,0.00,-10.34
Camryn Bynum,2566295,DB,MIN,GB,,,,,,,,,,,,,,,,,,1.24,69,0.00,-1.24
Bryce Callahan,2553500,DB,DEN,Bye,,,,,,,,,,,,,,,,,,,70,0.00,
Elijah Campbell,2561455,DB,MIA,@NYJ,,,,,,,,,,,,,,,,,,0.00,71,0.00,0.0
Ibraheim Campbell,2552605,DB,IND,@BUF,,,,,,,,,,,,,,,,,,,72,0.00,
Tevaughn Campbell,2562806,DB,LAC,PIT,,,,,,,,,,,,,,,,,,0.00,73,0.00,0.0
Tyson Campbell,2566151,DB,JAX,SF,,,,,,,,,,,,,,,,,,10.03,74,0.00,-10.03
Maurice Canady,2555178,DB,DAL,@KC,,,,,,,,,,,,,,,,,,,75,0.00,
T.J. Carrie,2550164,DB,IND,@BUF,,,,,,,,,,,,,,,,,,0.00,76,0.00,0.0
Jamal Carter,2559321,DB,TEN,HOU,,,,,,,,,,,,,,,,,,0.00,77,0.00,0.0
Michael Carter II,2565717,DB,NYJ,MIA,,,,,,,,,,,,,,,,,,8.98,78,0.00,-8.98
Andre Chachere,2561016,DB,PHI,NO,,,,,,,,,,,,,,,,,,0.96,79,0.00,-0.96
Sean Chandler,2561017,DB,CAR,WAS,,,,,,,,,,,,,,,,,,3.82,80,0.00,-3.82
Anthony Chesley,2563235,DB,IND,@BUF,,,,,,,,,,,,,,,,,,1.18,81,0.00,-1.18
Jeremy Chinn,2563632,DB,CAR,WAS,,,,,,,,,,,,,,,,,,10.37,82,0.00,-10.37
Marqui Christian,2556277,DB,CHI,BAL,,,,,,,,,,,,,,,,,,0.72,83,0.00,-0.72
Patrick Chung,71251,DB,FA,Bye,,,,,,,,,,,,,,,,,,,84,0.00,
Andre Cisco,2566154,DB,JAX,SF,,,,,,,,,,,,,,,,,,0.56,85,0.00,-0.56
Chuck Clark,2558248,DB,BAL,@CHI,,,,,,,,,,,,,,,,,,8.96,86,0.00,-8.96
Chris Claybrooks,2564169,DB,JAX,SF,,,,,,,,,,,,,,,,,,0.54,87,0.00,-0.54
Ross Cockrell,2543799,DB,TB,NYG,,,,,,,,,,,,,,,,,,7.30,88,0.00,-7.3
Adrian Colbert,2558857,DB,FA,Bye,,,,,,,,,,,,,,,,,,,89,0.00,
Justin Coleman,2553637,DB,MIA,@NYJ,,,,,,,,,,,,,,,,,,3.87,90,0.00,-3.87
Landon Collins,2552454,DB,WAS,@CAR,,,,,,,,,,,,,,,,,,9.40,91,0.00,-9.4
Chris Cooper,2561429,DB,TB,NYG,,,,,,,,,,,,,,,,,,0.00,92,0.00,0.0
Shaun Crawford,2565642,DB,FA,Bye,,,,,,,,,,,,,,,,,,,93,0.00,
Xavier Crawford,2562515,DB,CHI,BAL,,,,,,,,,,,,,,,,,,1.44,94,0.00,-1.44
Ken Crawley,2556735,DB,NO,@PHI,,,,,,,,,,,,,,,,,,0.00,95,0.00,0.0
Keion Crossen,2561157,DB,NYG,@TB,,,,,,,,,,,,,,,,,,1.31,96,0.00,-1.31
Dane Cruikshank,2561033,DB,TEN,HOU,,,,,,,,,,,,,,,,,,,97,0.00,
Kamren Curl,2565270,DB,WAS,@CAR,,,,,,,,,,,,,,,,,,10.56,98,0.00,-10.56
Jordan Dangerfield,2541696,DB,FA,Bye,,,,,,,,,,,,,,,,,,,99,0.00,
DJ Daniel,2566653,DB,FA,Bye,,,,,,,,,,,,,,,,,,,100,0.00,
Cameron Dantzler,2564526,DB,MIN,GB,,,,,,,,,,,,,,,,,,10.04,101,0.00,-10.04
Ronald Darby,2552689,DB,DEN,Bye,,,,,,,,,,,,,,,,,,,102,0.00,
Ashtyn Davis,2564793,DB,NYJ,MIA,,,,,,,,,,,,,,,,,,10.19,103,0.00,-10.19
Carlton Davis,2561039,DB,TB,NYG,,,,,,,,,,,,,,,,,,,104,0.00,
Cody Davis,2541135,DB,NE,@ATL,,,,,,,,,,,,,,,,,,0.44,105,0.00,-0.44
Jalen Davis,2561316,DB,CIN,@LV,,,,,,,,,,,,,,,,,,1.31,106,0.00,-1.31
Javaris Davis,2564265,DB,MIA,@NYJ,,,,,,,,,,,,,,,,,,0.00,107,0.00,0.0
Michael Davis,2559164,DB,LAC,PIT,,,,,,,,,,,,,,,,,,8.34,108,0.00,-8.34
Sean Davis,2555386,DB,NE,@ATL,,,,,,,,,,,,,,,,,,0.00,109,0.00,0.0
Shawn Davis,2565597,DB,GB,@MIN,,,,,,,,,,,,,,,,,,0.00,110,0.00,0.0
Duke Dawson,2561040,DB,DEN,Bye,,,,,,,,,,,,,,,,,,,111,0.00,
Divine Deablo,2566253,DB,LV,CIN,,,,,,,,,,,,,,,,,,0.88,112,0.00,-0.88
Jamel Dean,2562556,DB,TB,NYG,,,,,,,,,,,,,,,,,,9.74,113,0.00,-9.74
Donte' Deayon,2556512,DB,LA,Bye,,,,,,,,,,,,,,,,,,,114,0.00,
Grant Delpit,2563773,DB,CLE,DET,,,,,,,,,,,,,,,,,,4.26,115,0.00,-4.26
Stephen Denmark,2562874,DB,FA,Bye,,,,,,,,,,,,,,,,,,,116,0.00,
Darqueze Dennard,2543474,DB,IND,@BUF,,,,,,,,,,,,,,,,,,0.00,117,0.00,0.0
Pierre Desir,2543811,DB,TB,NYG,,,,,,,,,,,,,,,,,,3.28,118,0.00,-3.28
Quandre Diggs,2552262,DB,SEA,ARI,,,,,,,,,,,,,,,,,,9.11,119,0.00,-9.11
Trevon Diggs,2563836,DB,DAL,@KC,,,,,,,,,,,,,,,,,,9.49,120,0.00,-9.49
Khalil Dorsey,2565336,DB,BAL,@CHI,,,,,,,,,,,,,,,,,,,121,0.00,
Rasul Douglas,2558168,DB,GB,@MIN,,,,,,,,,,,,,,,,,,6.69,122,0.00,-6.69
Kyle Dugger,2564601,DB,NE,@ATL,,,,,,,,,,,,,,,,,,6.78,123,0.00,-6.78
Quinton Dunbar,2553796,DB,FA,Bye,,,,,,,,,,,,,,,,,,,124,0.00,
Isaiah Dunn,2565720,DB,NYJ,MIA,,,,,,,,,,,,,,,,,,0.90,125,0.00,-0.9
Nate Ebner,2535132,DB,NYG,@TB,,,,,,,,,,,,,,,,,,0.58,126,0.00,-0.58
Brandin Echols,2565726,DB,NYJ,MIA,,,,,,,,,,,,,,,,,,,127,0.00,
Terrell Edmunds,2560712,DB,PIT,@LAC,,,,,,,,,,,,,,,,,,8.95,128,0.00,-8.95
Mike Edwards,2562259,DB,TB,NYG,,,,,,,,,,,,,,,,,,2.50,129,0.00,-2.5
Corn Elder,2558171,DB,WAS,@CAR,,,,,,,,,,,,,,,,,,0.00,130,0.00,0.0
DeShon Elliott,2560715,DB,BAL,@CHI,,,,,,,,,,,,,,,,,,,131,0.00,
Tino Ellis,2564670,DB,FA,Bye,,,,,,,,,,,,,,,,,,,132,0.00,
Marcus Epps,2562946,DB,PHI,NO,,,,,,,,,,,,,,,,,,11.12,133,0.00,-11.12
Deshazor Everett,2553710,DB,WAS,@CAR,,,,,,,,,,,,,,,,,,0.78,134,0.00,-0.78
Brandon Facyson,2560719,DB,LV,CIN,,,,,,,,,,,,,,,,,,4.74,135,0.00,-4.74
Caleb Farley,2566106,DB,TEN,HOU,,,,,,,,,,,,,,,,,,,136,0.00,
Matthias Farley,2556429,DB,TEN,HOU,,,,,,,,,,,,,,,,,,0.81,137,0.00,-0.81
Clayton Fejedelem,2555355,DB,MIA,@NYJ,,,,,,,,,,,,,,,,,,0.40,138,0.00,-0.4
Rashad Fenton,2562649,DB,KC,DAL,,,,,,,,,,,,,,,,,,5.16,139,0.00,-5.16
Mark Fields,2562442,DB,FA,Bye,,,,,,,,,,,,,,,,,,,140,0.00,
Minkah Fitzpatrick,2560725,DB,PIT,@LAC,,,,,,,,,,,,,,,,,,0.00,141,0.00,0.0
Tre Flowers,2560728,DB,CIN,@LV,,,,,,,,,,,,,,,,,,0.83,142,0.00,-0.83
Mike Ford,2561527,DB,DEN,Bye,,,,,,,,,,,,,,,,,,,143,0.00,
Paris Ford,2566205,DB,FA,Bye,,,,,,,,,,,,,,,,,,,144,0.00,
Rudy Ford,2558174,DB,JAX,SF,,,,,,,,,,,,,,,,,,9.45,145,0.00,-9.45
Darrick Forrest,2566598,DB,WAS,@CAR,,,,,,,,,,,,,,,,,,0.00,146,0.00,0.0
Sam Franklin,2563638,DB,CAR,WAS,,,,,,,,,,,,,,,,,,0.00,147,0.00,0.0
Kavon Frazier,2555536,DB,FA,Bye,,,,,,,,,,,,,,,,,,,148,0.00,
Jordan Fuller,2564340,DB,LA,Bye,,,,,,,,,,,,,,,,,,,149,0.00,
Kendall Fuller,2555349,DB,WAS,@CAR,,,,,,,,,,,,,,,,,,9.94,150,0.00,-9.94
Kyle Fuller,2543681,DB,DEN,Bye,,,,,,,,,,,,,,,,,,,151,0.00,
Kristian Fulton,2564046,DB,TEN,HOU,,,,,,,,,,,,,,,,,,8.94,152,0.00,-8.94
Innis Gaines,2565591,DB,GB,@MIN,,,,,,,,,,,,,,,,,,0.00,153,0.00,0.0
Phillip Gaines,2543851,DB,FA,Bye,,,,,,,,,,,,,,,,,,,154,0.00,
Chauncey Gardner-Johnson,2562588,DB,NO,@PHI,,,,,,,,,,,,,,,,,,0.00,155,0.00,0.0
Rashaan Gaulden,2560775,DB,FA,Bye,,,,,,,,,,,,,,,,,,,156,0.00,
Jake Gervase,2563306,DB,LA,Bye,,,,,,,,,,,,,,,,,,,157,0.00,
Mark Gilbert,2565783,DB,DET,@CLE,,,,,,,,,,,,,,,,,,0.00,158,0.00,0.0
Tyree Gillespie,2566256,DB,LV,CIN,,,,,,,,,,,,,,,,,,0.72,159,0.00,-0.72
Alohi Gilman,2565042,DB,LAC,PIT,,,,,,,,,,,,,,,,,,2.11,160,0.00,-2.11
Stephon Gilmore,2533062,DB,CAR,WAS,,,,,,,,,,,,,,,,,,2.95,161,0.00,-2.95
Tashaun Gipson,2532848,DB,CHI,BAL,,,,,,,,,,,,,,,,,,7.75,162,0.00,-7.75
Jeff Gladney,2564541,DB,FA,Bye,,,,,,,,,,,,,,,,,,,163,0.00,
C.J. Goodwin,2550767,DB,DAL,@KC,,,,,,,,,,,,,,,,,,0.74,164,0.00,-0.74
Tay Gowan,2566427,DB,PHI,NO,,,,,,,,,,,,,,,,,,0.00,165,0.00,0.0
Thomas Graham Jr.,2565923,DB,CHI,BAL,,,,,,,,,,,,,,,,,,0.00,166,0.00,0.0
Richie Grant,2565818,DB,ATL,NE,,,,,,,,,,,,,,,,,,3.19,167,0.00,-3.19
J.T. Gray,2561206,DB,NO,@PHI,,,,,,,,,,,,,,,,,,0.76,168,0.00,-0.76
A.J. Green,2563782,DB,CLE,DET,,,,,,,,,,,,,,,,,,1.91,169,0.00,-1.91
T.J. Green,2555537,DB,HOU,@TEN,,,,,,,,,,,,,,,,,,0.00,170,0.00,0.0
Raven Greene,2561207,DB,FA,Bye,,,,,,,,,,,,,,,,,,,171,0.00,
Olaijah Griffin,2566635,DB,BUF,IND,,,,,,,,,,,,,,,,,,0.00,172,0.00,0.0
Shaquill Griffin,2558259,DB,JAX,SF,,,,,,,,,,,,,,,,,,8.96,173,0.00,-8.96
Javelin Guidry,2565504,DB,NYJ,MIA,,,,,,,,,,,,,,,,,,3.91,174,0.00,-3.91
Joe Haden,496733,DB,PIT,@LAC,,,,,,,,,,,,,,,,,,7.08,175,0.00,-7.08
Javon Hagan,2565219,DB,ARI,@SEA,,,,,,,,,,,,,,,,,,0.00,176,0.00,0.0
Nate Hairston,2558108,DB,DEN,Bye,,,,,,,,,,,,,,,,,,,177,0.00,
Bryce Hall,2564796,DB,NYJ,MIA,,,,,,,,,,,,,,,,,,9.25,178,0.00,-9.25
Darren Hall,2565821,DB,ATL,NE,,,,,,,,,,,,,,,,,,2.14,179,0.00,-2.14
Kemon Hall,2562975,DB,LAC,PIT,,,,,,,,,,,,,,,,,,0.91,180,0.00,-0.91
Tyler Hall,2563497,DB,LA,Bye,,,,,,,,,,,,,,,,,,,181,0.00,
Antonio Hamilton,2556804,DB,ARI,@SEA,,,,,,,,,,,,,,,,,,0.99,182,0.00,-0.99
Damar Hamlin,2565872,DB,BUF,IND,,,,,,,,,,,,,,,,,,0.97,183,0.00,-0.97
Saquan Hampton,2562658,DB,FA,Bye,,,,,,,,,,,,,,,,,,,184,0.00,
Harrison Hand,2564547,DB,MIN,GB,,,,,,,,,,,,,,,,,,0.00,185,0.00,0.0
Justin Hardee,2559181,DB,NYJ,MIA,,,,,,,,,,,,,,,,,,0.00,186,0.00,0.0
Vernon Hargreaves III,2555299,DB,CIN,@LV,,,,,,,,,,,,,,,,,,0.00,187,0.00,0.0
Duron Harmon,2541243,DB,ATL,NE,,,,,,,,,,,,,,,,,,7.58,188,0.00,-7.58
Madre Harper,2564421,DB,CAR,WAS,,,,,,,,,,,,,,,,,,0.00,189,0.00,0.0
Anthony Harris,2553655,DB,PHI,NO,,,,,,,,,,,,,,,,,,1.80,190,0.00,-1.8
Brontae Harris,2566217,DB,FA,Bye,,,,,,,,,,,,,,,,,,,191,0.00,
Chris Harris,2530510,DB,LAC,PIT,,,,,,,,,,,,,,,,,,6.72,192,0.00,-6.72
Erik Harris,2555568,DB,ATL,NE,,,,,,,,,,,,,,,,,,9.95,193,0.00,-9.95
Marcell Harris,2561006,DB,SF,@JAX,,,,,,,,,,,,,,,,,,1.82,194,0.00,-1.82
Tim Harris,2562949,DB,FA,Bye,,,,,,,,,,,,,,,,,,,195,0.00,
Will Harris,2562395,DB,DET,@CLE,,,,,,,,,,,,,,,,,,7.19,196,0.00,-7.19
Ronnie Harrison,2561008,DB,CLE,DET,,,,,,,,,,,,,,,,,,8.45,197,0.00,-8.45
Myles Hartsfield,2563644,DB,CAR,WAS,,,,,,,,,,,,,,,,,,3.74,198,0.00,-3.74
J.T. Hassell,2563045,DB,FA,Bye,,,,,,,,,,,,,,,,,,,199,0.00,
Jaylinn Hawkins,2563500,DB,ATL,NE,,,,,,,,,,,,,,,,,,6.29,200,0.00,-6.29
Casey Hayward,2532861,DB,LV,CIN,,,,,,,,,,,,,,,,,,6.10,201,0.00,-6.1
Jeff Heath,2541832,DB,NO,@PHI,,,,,,,,,,,,,,,,,,1.10,202,0.00,-1.1
C.J. Henderson,2564199,DB,CAR,WAS,,,,,,,,,,,,,,,,,,0.00,203,0.00,0.0
Trayvon Henderson,2561339,DB,CIN,@LV,,,,,,,,,,,,,,,,,,0.00,204,0.00,0.0
Tre Herndon,2561340,DB,JAX,SF,,,,,,,,,,,,,,,,,,3.35,205,0.00,-3.35
Gavin Heslop,2565156,DB,SEA,ARI,,,,,,,,,,,,,,,,,,0.00,206,0.00,0.0
Troy Hill,2553536,DB,CLE,DET,,,,,,,,,,,,,,,,,,4.53,207,0.00,-4.53
Mike Hilton,2556559,DB,CIN,@LV,,,,,,,,,,,,,,,,,,4.16,208,0.00,-4.16
Nate Hobbs,2566259,DB,LV,CIN,,,,,,,,,,,,,,,,,,8.53,209,0.00,-8.53
Alijah Holder,2562572,DB,FA,Bye,,,,,,,,,,,,,,,,,,,210,0.00,
Jevon Holland,2566283,DB,MIA,@NYJ,,,,,,,,,,,,,,,,,,3.77,211,0.00,-3.77
Nate Holley,2561627,DB,FA,Bye,,,,,,,,,,,,,,,,,,,212,0.00,
Ka'dar Hollman,2562940,DB,NYG,@TB,,,,,,,,,,,,,,,,,,0.00,213,0.00,0.0
Darnay Holmes,2564739,DB,NYG,@TB,,,,,,,,,,,,,,,,,,3.55,214,0.00,-3.55
Amani Hooker,2562666,DB,TEN,HOU,,,,,,,,,,,,,,,,,,3.70,215,0.00,-3.7
Malik Hooker,2558060,DB,DAL,@KC,,,,,,,,,,,,,,,,,,3.33,216,0.00,-3.33
Jaycee Horn,2565893,DB,CAR,WAS,,,,,,,,,,,,,,,,,,,217,0.00,
Jameson Houston,2563791,DB,FA,Bye,,,,,,,,,,,,,,,,,,,218,0.00,
DeAndre Houston-Carson,2555381,DB,CHI,BAL,,,,,,,,,,,,,,,,,,5.97,219,0.00,-5.97
Xavien Howard,2555539,DB,MIA,@NYJ,,,,,,,,,,,,,,,,,,8.43,220,0.00,-8.43
Talanoa Hufanga,2566529,DB,SF,@JAX,,,,,,,,,,,,,,,,,,8.92,221,0.00,-8.92
JuJu Hughes,2564352,DB,LA,Bye,,,,,,,,,,,,,,,,,,,222,0.00,
Mike Hughes,2560746,DB,KC,DAL,,,,,,,,,,,,,,,,,,3.63,223,0.00,-3.63
Marlon Humphrey,2558067,DB,BAL,@CHI,,,,,,,,,,,,,,,,,,10.15,224,0.00,-10.15
Micah Hyde,2539240,DB,BUF,IND,,,,,,,,,,,,,,,,,,9.08,225,0.00,-9.08
J.T. Ibe,2565570,DB,FA,Bye,,,,,,,,,,,,,,,,,,,226,0.00,
Noah Igbinoghene,2564457,DB,MIA,@NYJ,,,,,,,,,,,,,,,,,,0.62,227,0.00,-0.62
Adoree' Jackson,2558065,DB,NYG,@TB,,,,,,,,,,,,,,,,,,9.19,228,0.00,-9.19
Bennett Jackson,2543834,DB,FA,Bye,,,,,,,,,,,,,,,,,,,229,0.00,
Chris Jackson,2564049,DB,TEN,HOU,,,,,,,,,,,,,,,,,,3.58,230,0.00,-3.58
Dane Jackson,2563614,DB,BUF,IND,,,,,,,,,,,,,,,,,,1.81,231,0.00,-1.81
Donte Jackson,2560753,DB,CAR,WAS,,,,,,,,,,,,,,,,,,8.97,232,0.00,-8.97
Eddie Jackson,2558176,DB,CHI,BAL,,,,,,,,,,,,,,,,,,9.40,233,0.00,-9.4
J.C. Jackson,2560754,DB,NE,@ATL,,,,,,,,,,,,,,,,,,8.47,234,0.00,-8.47
Josh Jackson,2560755,DB,KC,DAL,,,,,,,,,,,,,,,,,,0.00,235,0.00,0.0
Kareem Jackson,496735,DB,DEN,Bye,,,,,,,,,,,,,,,,,,,236,0.00,
Lamar Jackson,2565513,DB,NYJ,MIA,,,,,,,,,,,,,,,,,,0.00,237,0.00,0.0
Mike Jackson,2562434,DB,SEA,ARI,,,,,,,,,,,,,,,,,,0.00,238,0.00,0.0
Robert Jackson,2561434,DB,FA,Bye,,,,,,,,,,,,,,,,,,,239,0.00,
William Jackson,2556367,DB,WAS,@CAR,,,,,,,,,,,,,,,,,,7.36,240,0.00,-7.36
Michael Jacquet,2564835,DB,FA,Bye,,,,,,,,,,,,,,,,,,,241,0.00,
Natrell Jamerson,2560759,DB,NYJ,MIA,,,,,,,,,,,,,,,,,,0.00,242,0.00,0.0
Craig James,2561486,DB,PHI,NO,,,,,,,,,,,,,,,,,,0.00,243,0.00,0.0
Derwin James,2560760,DB,LAC,PIT,,,,,,,,,,,,,,,,,,11.23,244,0.00,-11.23
Shemar Jean-Charles,2566079,DB,GB,@MIN,,,,,,,,,,,,,,,,,,0.59,245,0.00,-0.59
Janoris Jenkins,2532875,DB,TEN,HOU,,,,,,,,,,,,,,,,,,8.50,246,0.00,-8.5
Malcolm Jenkins,79848,DB,NO,@PHI,,,,,,,,,,,,,,,,,,11.56,247,0.00,-11.56
Rayshawn Jenkins,2558182,DB,JAX,SF,,,,,,,,,,,,,,,,,,10.05,248,0.00,-10.05
Danny Johnson,2560764,DB,WAS,@CAR,,,,,,,,,,,,,,,,,,2.34,249,0.00,-2.34
Dontae Johnson,2543739,DB,SF,@JAX,,,,,,,,,,,,,,,,,,1.49,250,0.00,-1.49
Isaiah Johnson,2562675,DB,FA,Bye,,,,,,,,,,,,,,,,,,,251,0.00,
Jamar Johnson,2566031,DB,DEN,Bye,,,,,,,,,,,,,,,,,,,252,0.00,
Jaquan Johnson,2562676,DB,BUF,IND,,,,,,,,,,,,,,,,,,0.90,253,0.00,-0.9
Jaylon Johnson,2563701,DB,CHI,BAL,,,,,,,,,,,,,,,,,,7.90,254,0.00,-7.9
John Johnson,2558183,DB,CLE,DET,,,,,,,,,,,,,,,,,,8.51,255,0.00,-8.51
Kevin Johnson,2552261,DB,FA,Bye,,,,,,,,,,,,,,,,,,,256,0.00,
Lonnie Johnson,2562295,DB,HOU,@TEN,,,,,,,,,,,,,,,,,,9.11,257,0.00,-9.11
Taron Johnson,2560766,DB,BUF,IND,,,,,,,,,,,,,,,,,,9.09,258,0.00,-9.09
Brandon Jones,2564469,DB,MIA,@NYJ,,,,,,,,,,,,,,,,,,9.62,259,0.00,-9.62
Byron Jones,2552568,DB,MIA,@NYJ,,,,,,,,,,,,,,,,,,8.87,260,0.00,-8.87
Chris Jones,2560767,DB,TEN,HOU,,,,,,,,,,,,,,,,,,2.13,261,0.00,-2.13
Jonathan Jones,2556571,DB,NE,@ATL,,,,,,,,,,,,,,,,,,,262,0.00,
Josh Jones,2558119,DB,IND,@BUF,,,,,,,,,,,,,,,,,,1.67,263,0.00,-1.67
Karl Joseph,2555342,DB,PIT,@LAC,,,,,,,,,,,,,,,,,,0.00,264,0.00,0.0
Kelvin Joseph,2566010,DB,DAL,@KC,,,,,,,,,,,,,,,,,,2.18,265,0.00,-2.18
Lamarcus Joyner,2543492,DB,NYJ,MIA,,,,,,,,,,,,,,,,,,,266,0.00,
Jalen Julius,2564289,DB,FA,Bye,,,,,,,,,,,,,,,,,,,267,0.00,
Joshua Kalu,2560776,DB,NYG,@TB,,,,,,,,,,,,,,,,,,,268,0.00,
Damontae Kazee,2558184,DB,DAL,@KC,,,,,,,,,,,,,,,,,,6.60,269,0.00,-6.6
Jayron Kearse,2555156,DB,DAL,@KC,,,,,,,,,,,,,,,,,,9.95,270,0.00,-9.95
Bopete Keyes,2564292,DB,FA,Bye,,,,,,,,,,,,,,,,,,,271,0.00,
Miles Killebrew,2555315,DB,PIT,@LAC,,,,,,,,,,,,,,,,,,1.05,272,0.00,-1.05
Desmond King,2557927,DB,HOU,@TEN,,,,,,,,,,,,,,,,,,8.80,273,0.00,-8.8
Kevin King,2557996,DB,GB,@MIN,,,,,,,,,,,,,,,,,,5.25,274,0.00,-5.25
Luther Kirk,2565304,DB,ATL,NE,,,,,,,,,,,,,,,,,,0.00,275,0.00,0.0
Dre Kirkpatrick,2533060,DB,SF,@JAX,,,,,,,,,,,,,,,,,,0.00,276,0.00,0.0
Chris Lammons,2561226,DB,KC,DAL,,,,,,,,,,,,,,,,,,1.58,277,0.00,-1.58
Marshon Lattimore,2558061,DB,NO,@PHI,,,,,,,,,,,,,,,,,,9.36,278,0.00,-9.36
Nevin Lawson,2543872,DB,JAX,SF,,,,,,,,,,,,,,,,,,0.00,279,0.00,0.0
Justin Layne,2562479,DB,PIT,@LAC,,,,,,,,,,,,,,,,,,0.83,280,0.00,-0.83
Dallin Leavitt,2561585,DB,LV,CIN,,,,,,,,,,,,,,,,,,2.62,281,0.00,-2.62
Richard LeCounte III,2565977,DB,CLE,DET,,,,,,,,,,,,,,,,,,0.00,282,0.00,0.0
Deommodore Lenoir,2566535,DB,SF,@JAX,,,,,,,,,,,,,,,,,,1.35,283,0.00,-1.35
Anthony Levine,2508004,DB,BAL,@CHI,,,,,,,,,,,,,,,,,,0.00,284,0.00,0.0
Cam Lewis,2563205,DB,BUF,IND,,,,,,,,,,,,,,,,,,1.25,285,0.00,-1.25
Donnie Lewis,2562910,DB,FA,Bye,,,,,,,,,,,,,,,,,,,286,0.00,
Jourdan Lewis,2557920,DB,DAL,@KC,,,,,,,,,,,,,,,,,,5.22,287,0.00,-5.22
Zane Lewis,2564928,DB,NYJ,MIA,,,,,,,,,,,,,,,,,,,288,0.00,
P.J. Locke,2563012,DB,DEN,Bye,,,,,,,,,,,,,,,,,,,289,0.00,
David Long,2562798,DB,LA,Bye,,,,,,,,,,,,,,,,,,,290,0.00,
Julian Love,2562414,DB,NYG,@TB,,,,,,,,,,,,,,,,,,3.45,291,0.00,-3.45
Jordan Lucas,2555542,DB,IND,@BUF,,,,,,,,,,,,,,,,,,,292,0.00,
Cole Luke,2558968,DB,FA,Bye,,,,,,,,,,,,,,,,,,,293,0.00,
Dylan Mabin,2563029,DB,NO,@PHI,,,,,,,,,,,,,,,,,,0.00,294,0.00,0.0
Greg Mabin,2558971,DB,TEN,HOU,,,,,,,,,,,,,,,,,,0.00,295,0.00,0.0
Avonte Maddox,2560795,DB,PHI,NO,,,,,,,,,,,,,,,,,,6.08,296,0.00,-6.08
Dean Marlowe,2553562,DB,DET,@CLE,,,,,,,,,,,,,,,,,,3.49,297,0.00,-3.49
Iman Marshall,2562961,DB,BAL,@CHI,,,,,,,,,,,,,,,,,,0.00,298,0.00,0.0
Trey Marshall,2561370,DB,LAC,PIT,,,,,,,,,,,,,,,,,,2.90,299,0.00,-2.9
Tyrann Mathieu,2540180,DB,KC,DAL,,,,,,,,,,,,,,,,,,9.50,300,0.00,-9.5
Arthur Maulet,2559087,DB,PIT,@LAC,,,,,,,,,,,,,,,,,,2.17,301,0.00,-2.17
Marcus Maye,2557995,DB,NYJ,MIA,,,,,,,,,,,,,,,,,,,302,0.00,
Bobby McCain,2552434,DB,WAS,@CAR,,,,,,,,,,,,,,,,,,3.61,303,0.00,-3.61
Nick McCloud,2566638,DB,BUF,IND,,,,,,,,,,,,,,,,,,0.00,304,0.00,0.0
Devin McCourty,494287,DB,NE,@ATL,,,,,,,,,,,,,,,,,,6.92,305,0.00,-6.92
Jason McCourty,89756,DB,MIA,@NYJ,,,,,,,,,,,,,,,,,,,306,0.00,
Bradley McDougald,2539243,DB,FA,Bye,,,,,,,,,,,,,,,,,,,307,0.00,
Xavier McKinney,2564766,DB,NYG,@TB,,,,,,,,,,,,,,,,,,10.25,308,0.00,-10.25
Rodney McLeod,2534832,DB,PHI,NO,,,,,,,,,,,,,,,,,,8.34,309,0.00,-8.34
Sherrick McManis,494289,DB,FA,Bye,,,,,,,,,,,,,,,,,,,310,0.00,
Zech McPhearson,2566406,DB,PHI,NO,,,,,,,,,,,,,,,,,,1.78,311,0.00,-1.78
Torry McTyer,2559053,DB,WAS,@CAR,,,,,,,,,,,,,,,,,,,312,0.00,
Quenton Meeks,2560808,DB,FA,Bye,,,,,,,,,,,,,,,,,,,313,0.00,
Ifeatu Melifonwu,2566064,DB,DET,@CLE,,,,,,,,,,,,,,,,,,,314,0.00,
Rashaan Melvin,2541200,DB,CAR,WAS,,,,,,,,,,,,,,,,,,2.52,315,0.00,-2.52
Josh Metellus,2564568,DB,MIN,GB,,,,,,,,,,,,,,,,,,8.38,316,0.00,-8.38
Doug Middleton,2556617,DB,FA,Bye,,,,,,,,,,,,,,,,,,,317,0.00,
Herb Miller,2563153,DB,CLE,DET,,,,,,,,,,,,,,,,,,0.00,318,0.00,0.0
Jordan Miller,2562497,DB,NO,@PHI,,,,,,,,,,,,,,,,,,0.00,319,0.00,0.0
Jalen Mills,2555383,DB,NE,@ATL,,,,,,,,,,,,,,,,,,7.16,320,0.00,-7.16
Chris Milton,2556394,DB,FA,Bye,,,,,,,,,,,,,,,,,,,321,0.00,
Terrance Mitchell,2543637,DB,HOU,@TEN,,,,,,,,,,,,,,,,,,9.27,322,0.00,-9.27
Trevon Moehrig,2566268,DB,LV,CIN,,,,,,,,,,,,,,,,,,7.03,323,0.00,-7.03
Jovante Moffatt,2563797,DB,CLE,DET,,,,,,,,,,,,,,,,,,0.00,324,0.00,0.0
Elijah Molden,2566115,DB,TEN,HOU,,,,,,,,,,,,,,,,,,9.04,325,0.00,-9.04
Joshua Moon,2563265,DB,FA,Bye,,,,,,,,,,,,,,,,,,,326,0.00,
A.J. Moore,2561538,DB,HOU,@TEN,,,,,,,,,,,,,,,,,,0.61,327,0.00,-0.61
C.J. Moore,2563193,DB,DET,@CLE,,,,,,,,,,,,,,,,,,0.65,328,0.00,-0.65
Kenny Moore II,2558976,DB,IND,@BUF,,,,,,,,,,,,,,,,,,11.81,329,0.00,-11.81
Tarvarius Moore,2561117,DB,SF,@JAX,,,,,,,,,,,,,,,,,,,330,0.00,
Fabian Moreau,2558136,DB,ATL,NE,,,,,,,,,,,,,,,,,,7.48,331,0.00,-7.48
Jimmy Moreland,2562858,DB,HOU,@TEN,,,,,,,,,,,,,,,,,,1.76,332,0.00,-1.76
TJ Morrison,2565651,DB,FA,Bye,,,,,,,,,,,,,,,,,,,333,0.00,
Emmanuel Moseley,2561072,DB,SF,@JAX,,,,,,,,,,,,,,,,,,10.04,334,0.00,-10.04
Parnell Motley,2565237,DB,DET,@CLE,,,,,,,,,,,,,,,,,,0.00,335,0.00,0.0
Israel Mukuamu,2566013,DB,DAL,@KC,,,,,,,,,,,,,,,,,,0.00,336,0.00,0.0
Trayvon Mullen,2562380,DB,LV,CIN,,,,,,,,,,,,,,,,,,,337,0.00,
Byron Murphy,2562318,DB,ARI,@SEA,,,,,,,,,,,,,,,,,,9.07,338,0.00,-9.07
Sean Murphy-Bunting,2562635,DB,TB,NYG,,,,,,,,,,,,,,,,,,,339,0.00,
Eric Murray,2555173,DB,HOU,@TEN,,,,,,,,,,,,,,,,,,1.51,340,0.00,-1.51
Kai Nacua,2559220,DB,SF,@JAX,,,,,,,,,,,,,,,,,,,341,0.00,
Ryan Neal,2561381,DB,SEA,ARI,,,,,,,,,,,,,,,,,,2.62,342,0.00,-2.62
Siran Neal,2560818,DB,BUF,IND,,,,,,,,,,,,,,,,,,1.68,343,0.00,-1.68
Sharrod Neasman,2556443,DB,NYJ,MIA,,,,,,,,,,,,,,,,,,2.25,344,0.00,-2.25
Nik Needham,2563220,DB,MIA,@NYJ,,,,,,,,,,,,,,,,,,3.75,345,0.00,-3.75
Nick Nelson,2560819,DB,IND,@BUF,,,,,,,,,,,,,,,,,,,346,0.00,
Picasso Nelson,2563002,DB,FA,Bye,,,,,,,,,,,,,,,,,,,347,0.00,
Steven Nelson,2552265,DB,PHI,NO,,,,,,,,,,,,,,,,,,7.45,348,0.00,-7.45
Greg Newsome II,2565980,DB,CLE,DET,,,,,,,,,,,,,,,,,,3.78,349,0.00,-3.78
Keisean Nixon,2562938,DB,LV,CIN,,,,,,,,,,,,,,,,,,0.89,350,0.00,-0.89
Josh Norman,2532920,DB,SF,@JAX,,,,,,,,,,,,,,,,,,8.34,351,0.00,-8.34
Tre Norwood,2566463,DB,PIT,@LAC,,,,,,,,,,,,,,,,,,7.95,352,0.00,-7.95
George Odum,2561131,DB,IND,@BUF,,,,,,,,,,,,,,,,,,8.13,353,0.00,-8.13
Michael Ojemudia,2563908,DB,DEN,Bye,,,,,,,,,,,,,,,,,,,354,0.00,
Jeff Okudah,2563944,DB,DET,@CLE,,,,,,,,,,,,,,,,,,,355,0.00,
Isaiah Oliver,2560830,DB,ATL,NE,,,,,,,,,,,,,,,,,,,356,0.00,
Kareem Orr,2563274,DB,LA,Bye,,,,,,,,,,,,,,,,,,,357,0.00,
Amani Oruwariye,2562390,DB,DET,@CLE,,,,,,,,,,,,,,,,,,8.59,358,0.00,-8.59
Jonathan Owens,2561255,DB,HOU,@TEN,,,,,,,,,,,,,,,,,,0.00,359,0.00,0.0
Steven Parker,2561256,DB,NYG,@TB,,,,,,,,,,,,,,,,,,0.00,360,0.00,0.0
Will Parks,2556278,DB,SF,@JAX,,,,,,,,,,,,,,,,,,0.00,361,0.00,0.0
Jabrill Peppers,2557980,DB,NYG,@TB,,,,,,,,,,,,,,,,,,,362,0.00,
Jomal Wiltz,2559283,DB,MIA,@NYJ,,,,,,,,,,,,,,,,,,0.00,363,0.00,0.0
Jordyn Peters,2565750,DB,FA,Bye,,,,,,,,,,,,,,,,,,,364,0.00,
Marcus Peters,2552488,DB,BAL,@CHI,,,,,,,,,,,,,,,,,,,365,0.00,
Kevin Peterson,2556764,DB,ARI,@SEA,,,,,,,,,,,,,,,,,,0.00,366,0.00,0.0
Patrick Peterson,2495504,DB,MIN,GB,,,,,,,,,,,,,,,,,,,367,0.00,
Adrian Phillips,2550842,DB,NE,@ATL,,,,,,,,,,,,,,,,,,8.80,368,0.00,-8.8
Darius Phillips,2560839,DB,CIN,@LV,,,,,,,,,,,,,,,,,,2.03,369,0.00,-2.03
James Pierre,2565003,DB,PIT,@LAC,,,,,,,,,,,,,,,,,,4.51,370,0.00,-4.51
Jason Pinnock,2565753,DB,NYJ,MIA,,,,,,,,,,,,,,,,,,0.00,371,0.00,0.0
Brian Poole,2556445,DB,FA,Bye,,,,,,,,,,,,,,,,,,,372,0.00,
Jordan Poyer,2539290,DB,BUF,IND,,,,,,,,,,,,,,,,,,10.60,373,0.00,-10.6
Bobby Price,2563953,DB,DET,@CLE,,,,,,,,,,,,,,,,,,0.47,374,0.00,-0.47
Troy Pride,2563662,DB,CAR,WAS,,,,,,,,,,,,,,,,,,,375,0.00,
Glover Quin,71441,DB,FA,Bye,,,,,,,,,,,,,,,,,,,376,0.00,
Jalen Ramsey,2555280,DB,LA,Bye,,,,,,,,,,,,,,,,,,,377,0.00,
Damarious Randall,2552389,DB,FA,Bye,,,,,,,,,,,,,,,,,,,378,0.00,
Taylor Rapp,2562707,DB,LA,Bye,,,,,,,,,,,,,,,,,,,379,0.00,
Jeremy Reaves,2561394,DB,WAS,@CAR,,,,,,,,,,,,,,,,,,0.00,380,0.00,0.0
Will Redmond,2555545,DB,GB,@MIN,,,,,,,,,,,,,,,,,,,381,0.00,
Sheldrick Redwine,2562711,DB,MIA,@NYJ,,,,,,,,,,,,,,,,,,1.29,382,0.00,-1.29
D.J. Reed,2560850,DB,SEA,ARI,,,,,,,,,,,,,,,,,,9.64,383,0.00,-9.64
J.R. Reed,2564220,DB,NYG,@TB,,,,,,,,,,,,,,,,,,0.00,384,0.00,0.0
John Reid,2564088,DB,SEA,ARI,,,,,,,,,,,,,,,,,,0.00,385,0.00,0.0
Justin Reid,2560851,DB,HOU,@TEN,,,,,,,,,,,,,,,,,,10.21,386,0.00,-10.21
Xavier Rhodes,2540155,DB,IND,@BUF,,,,,,,,,,,,,,,,,,7.43,387,0.00,-7.43
Jordan Richards,2552392,DB,BAL,@CHI,,,,,,,,,,,,,,,,,,0.00,388,0.00,0.0
Elijah Riley,2564853,DB,NYJ,MIA,,,,,,,,,,,,,,,,,,0.00,389,0.00,0.0
Darryl Roberts,2553353,DB,WAS,@CAR,,,,,,,,,,,,,,,,,,,390,0.00,
Amik Robertson,2564430,DB,LV,CIN,,,,,,,,,,,,,,,,,,3.75,391,0.00,-3.75
Nickell Robey-Coleman,2540197,DB,DET,@CLE,,,,,,,,,,,,,,,,,,0.00,392,0.00,0.0
Aaron Robinson,2566370,DB,NYG,@TB,,,,,,,,,,,,,,,,,,2.29,393,0.00,-2.29
Kenny Robinson,2563674,DB,CAR,WAS,,,,,,,,,,,,,,,,,,2.12,394,0.00,-2.12
Patrick Robinson,2508084,DB,FA,Bye,,,,,,,,,,,,,,,,,,,395,0.00,
Rashard Robinson,2555546,DB,TB,NYG,,,,,,,,,,,,,,,,,,,396,0.00,
Reggie Robinson II,2563863,DB,DAL,@KC,,,,,,,,,,,,,,,,,,,397,0.00,
Tyree Robinson,2561519,DB,FA,Bye,,,,,,,,,,,,,,,,,,,398,0.00,
Bradley Roby,2543505,DB,NO,@PHI,,,,,,,,,,,,,,,,,,3.38,399,0.00,-3.38
Robert Rochell,2566241,DB,LA,Bye,,,,,,,,,,,,,,,,,,,400,0.00,
Isaiah Rodgers,2564142,DB,IND,@BUF,,,,,,,,,,,,,,,,,,4.15,401,0.00,-4.15
Winston Rose,2556670,DB,FA,Bye,,,,,,,,,,,,,,,,,,,402,0.00,
D'Angelo Ross,2563057,DB,NE,@ATL,,,,,,,,,,,,,,,,,,0.00,403,0.00,0.0
Eric Rowe,2552255,DB,MIA,@NYJ,,,,,,,,,,,,,,,,,,8.64,404,0.00,-8.64
Brandon Rusnak,2562912,DB,JAX,SF,,,,,,,,,,,,,,,,,,0.00,405,0.00,0.0
KeiVarae Russell,2555547,DB,NO,@PHI,,,,,,,,,,,,,,,,,,0.00,406,0.00,0.0
Logan Ryan,2540162,DB,NYG,@TB,,,,,,,,,,,,,,,,,,11.00,407,0.00,-11.0
Asante Samuel Jr.,2566511,DB,LAC,PIT,,,,,,,,,,,,,,,,,,2.82,408,0.00,-2.82
Stanford Samuels III,2564022,DB,FA,Bye,,,,,,,,,,,,,,,,,,,409,0.00,
Darnell Savage,2562724,DB,GB,@MIN,,,,,,,,,,,,,,,,,,8.58,410,0.00,-8.58
Josiah Scott,2564229,DB,PHI,NO,,,,,,,,,,,,,,,,,,0.00,411,0.00,0.0
Nick Scott,2562905,DB,LA,Bye,,,,,,,,,,,,,,,,,,,412,0.00,
Vernon Scott,2564028,DB,GB,@MIN,,,,,,,,,,,,,,,,,,1.02,413,0.00,-1.02
Andrew Sendejo,2525323,DB,IND,@BUF,,,,,,,,,,,,,,,,,,7.97,414,0.00,-7.97
Kevon Seymour,2555549,DB,BAL,@CHI,,,,,,,,,,,,,,,,,,0.00,415,0.00,0.0
Kendall Sheffield,2562730,DB,ATL,NE,,,,,,,,,,,,,,,,,,0.93,416,0.00,-0.93
Duke Shelley,2562957,DB,CHI,BAL,,,,,,,,,,,,,,,,,,5.28,417,0.00,-5.28
Richard Sherman,2495507,DB,TB,NYG,,,,,,,,,,,,,,,,,,0.00,418,0.00,0.0
Jamien Sherwood,2565762,DB,NYJ,MIA,,,,,,,,,,,,,,,,,,,419,0.00,
Justin Simmons,2555550,DB,DEN,Bye,,,,,,,,,,,,,,,,,,,420,0.00,
LeShaun Sims,2555551,DB,FA,Bye,,,,,,,,,,,,,,,,,,,421,0.00,
Kemah Siverand,2565189,DB,FA,Bye,,,,,,,,,,,,,,,,,,,422,0.00,
Buster Skrine,2495343,DB,FA,Bye,,,,,,,,,,,,,,,,,,,423,0.00,
Darius Slay,2540288,DB,PHI,NO,,,,,,,,,,,,,,,,,,6.95,424,0.00,-6.95
Harrison Smith,2532948,DB,MIN,GB,,,,,,,,,,,,,,,,,,0.00,425,0.00,0.0
Jimmy Smith,2508107,DB,BAL,@CHI,,,,,,,,,,,,,,,,,,2.21,426,0.00,-2.21
Maurice Smith,2559058,DB,FA,Bye,,,,,,,,,,,,,,,,,,,427,0.00,
Ryan Smith,2555552,DB,LAC,PIT,,,,,,,,,,,,,,,,,,,428,0.00,
Saivion Smith,2562741,DB,SF,@JAX,,,,,,,,,,,,,,,,,,0.00,429,0.00,0.0
Tremon Smith,2561103,DB,HOU,@TEN,,,,,,,,,,,,,,,,,,0.91,430,0.00,-0.91
Tye Smith,2552449,DB,MIN,GB,,,,,,,,,,,,,,,,,,0.00,431,0.00,0.0
L'Jarius Sneed,2564304,DB,KC,DAL,,,,,,,,,,,,,,,,,,7.70,432,0.00,-7.7
Daniel Sorensen,2550257,DB,KC,DAL,,,,,,,,,,,,,,,,,,4.14,433,0.00,-4.14
Benjamin St-Juste,2566604,DB,WAS,@CAR,,,,,,,,,,,,,,,,,,4.10,434,0.00,-4.1
Brandon Stephens,2565851,DB,BAL,@CHI,,,,,,,,,,,,,,,,,,8.29,435,0.00,-8.29
Linden Stephens,2561277,DB,PIT,@LAC,,,,,,,,,,,,,,,,,,0.00,436,0.00,0.0
Caden Sterns,2566040,DB,DEN,Bye,,,,,,,,,,,,,,,,,,,437,0.00,
JaCoby Stevens,2566412,DB,PHI,NO,,,,,,,,,,,,,,,,,,0.00,438,0.00,0.0
M.J. Stewart,2560884,DB,CLE,DET,,,,,,,,,,,,,,,,,,0.00,439,0.00,0.0
Donovan Stiner,2565795,DB,PIT,@LAC,,,,,,,,,,,,,,,,,,0.00,440,0.00,0.0
Eric Stokes,2566097,DB,GB,@MIN,,,,,,,,,,,,,,,,,,9.09,441,0.00,-9.09
Geno Stone,2563584,DB,BAL,@CHI,,,,,,,,,,,,,,,,,,1.60,442,0.00,-1.6
Corey Straughter,2565636,DB,FA,Bye,,,,,,,,,,,,,,,,,,,443,0.00,
Greg Stroman,2560886,DB,FA,Bye,,,,,,,,,,,,,,,,,,,444,0.00,
Chandon Sullivan,2560887,DB,GB,@MIN,,,,,,,,,,,,,,,,,,7.01,445,0.00,-7.01
Pat Surtain II,2566043,DB,DEN,Bye,,,,,,,,,,,,,,,,,,,446,0.00,
Cameron Sutton,2558849,DB,PIT,@LAC,,,,,,,,,,,,,,,,,,7.06,447,0.00,-7.06
D.J. Swearinger,2539943,DB,FA,Bye,,,,,,,,,,,,,,,,,,,448,0.00,
Teez Tabor,2557955,DB,CHI,BAL,,,,,,,,,,,,,,,,,,0.00,449,0.00,0.0
Cordrea Tankersley,2557931,DB,FA,Bye,,,,,,,,,,,,,,,,,,,450,0.00,
Jaquiski Tartt,2552391,DB,SF,@JAX,,,,,,,,,,,,,,,,,,,451,0.00,
Keith Taylor,2565911,DB,CAR,WAS,,,,,,,,,,,,,,,,,,7.31,452,0.00,-7.31
Shakial Taylor,2563129,DB,FA,Bye,,,,,,,,,,,,,,,,,,,453,0.00,
Roderic Teamer,2562981,DB,LV,CIN,,,,,,,,,,,,,,,,,,,454,0.00,
Marvell Tell,2562757,DB,IND,@BUF,,,,,,,,,,,,,,,,,,,455,0.00,
A.J. Terrell,2563527,DB,ATL,NE,,,,,,,,,,,,,,,,,,9.19,456,0.00,-9.19
Ambry Thomas,2566547,DB,SF,@JAX,,,,,,,,,,,,,,,,,,0.00,457,0.00,0.0
Josh Thomas,2565387,DB,BUF,IND,,,,,,,,,,,,,,,,,,0.00,458,0.00,0.0
Tavierre Thomas,2561278,DB,HOU,@TEN,,,,,,,,,,,,,,,,,,5.25,459,0.00,-5.25
Stantley Thomas-Oliver,2563689,DB,CAR,WAS,,,,,,,,,,,,,,,,,,0.00,460,0.00,0.0
Darian Thompson,2555154,DB,DAL,@KC,,,,,,,,,,,,,,,,,,,461,0.00,
Deionte Thompson,2562760,DB,ARI,@SEA,,,,,,,,,,,,,,,,,,1.04,462,0.00,-1.04
Jalen Thompson,2563339,DB,ARI,@SEA,,,,,,,,,,,,,,,,,,9.70,463,0.00,-9.7
Tariq Thompson,2566644,DB,FA,Bye,,,,,,,,,,,,,,,,,,,464,0.00,
Juan Thornhill,2562761,DB,KC,DAL,,,,,,,,,,,,,,,,,,8.82,465,0.00,-8.82
Desmond Trufant,2539334,DB,LV,CIN,,,,,,,,,,,,,,,,,,0.00,466,0.00,0.0
Kenny Vaccaro,2539320,DB,FA,Bye,,,,,,,,,,,,,,,,,,,467,0.00,
Donte Vaughn,2565084,DB,FA,Bye,,,,,,,,,,,,,,,,,,,468,0.00,
Jason Verrett,2543493,DB,SF,@JAX,,,,,,,,,,,,,,,,,,,469,0.00,
Kindle Vildor,2563713,DB,CHI,BAL,,,,,,,,,,,,,,,,,,7.70,470,0.00,-7.7
Kary Vincent Jr.,2566046,DB,PHI,NO,,,,,,,,,,,,,,,,,,0.00,471,0.00,0.0
Dee Virgin,2559274,DB,FA,Bye,,,,,,,,,,,,,,,,,,,472,0.00,
Lamont Wade,2565798,DB,FA,Bye,,,,,,,,,,,,,,,,,,,473,0.00,
Shaun Wade,2565854,DB,NE,@ATL,,,,,,,,,,,,,,,,,,0.00,474,0.00,0.0
Tracy Walker III,2560913,DB,DET,@CLE,,,,,,,,,,,,,,,,,,9.04,475,0.00,-9.04
K'Von Wallace,2564871,DB,PHI,NO,,,,,,,,,,,,,,,,,,1.52,476,0.00,-1.52
Levi Wallace,2560914,DB,BUF,IND,,,,,,,,,,,,,,,,,,9.64,477,0.00,-9.64
Charvarius Ward,2561417,DB,KC,DAL,,,,,,,,,,,,,,,,,,8.13,478,0.00,-8.13
Denzel Ward,2560916,DB,CLE,DET,,,,,,,,,,,,,,,,,,8.51,479,0.00,-8.51
Jimmie Ward,2543741,DB,SF,@JAX,,,,,,,,,,,,,,,,,,9.03,480,0.00,-9.03
Nigel Warrior,2563590,DB,SEA,ARI,,,,,,,,,,,,,,,,,,,481,0.00,
Ar'Darius Washington,2566632,DB,BAL,@CHI,,,,,,,,,,,,,,,,,,0.00,482,0.00,0.0
Charles Washington,2556703,DB,ARI,@SEA,,,,,,,,,,,,,,,,,,,483,0.00,
Keith Washington,2564706,DB,FA,Bye,,,,,,,,,,,,,,,,,,,484,0.00,
Jaylen Watkins,2543707,DB,FA,Bye,,,,,,,,,,,,,,,,,,,485,0.00,
Armani Watts,2560921,DB,KC,DAL,,,,,,,,,,,,,,,,,,1.83,486,0.00,-1.83
Trae Waynes,2552448,DB,CIN,@LV,,,,,,,,,,,,,,,,,,,487,0.00,
Mark Webb,2566523,DB,LAC,PIT,,,,,,,,,,,,,,,,,,0.00,488,0.00,0.0
Chris Westry,2562902,DB,BAL,@CHI,,,,,,,,,,,,,,,,,,0.00,489,0.00,0.0
Brendon White,2565765,DB,FA,Bye,,,,,,,,,,,,,,,,,,,490,0.00,
Tre'Davious White,2557867,DB,BUF,IND,,,,,,,,,,,,,,,,,,8.88,491,0.00,-8.88
Jordan Whitehead,2560930,DB,TB,NYG,,,,,,,,,,,,,,,,,,9.14,492,0.00,-9.14
Jace Whittaker,2564955,DB,ARI,@SEA,,,,,,,,,,,,,,,,,,0.00,493,0.00,0.0
Chris Wilcox,2566577,DB,IND,@BUF,,,,,,,,,,,,,,,,,,0.00,494,0.00,0.0
Rachad Wildgoose,2565881,DB,FA,Bye,,,,,,,,,,,,,,,,,,,495,0.00,
LaDarius Wiley,2563280,DB,FA,Bye,,,,,,,,,,,,,,,,,,,496,0.00,
Avery Williams,2565833,DB,ATL,NE,,,,,,,,,,,,,,,,,,3.03,497,0.00,-3.03
Darious Williams,2561469,DB,LA,Bye,,,,,,,,,,,,,,,,,,,498,0.00,
Greedy Williams,2562785,DB,CLE,DET,,,,,,,,,,,,,,,,,,9.96,499,0.00,-9.96
Jarren Williams,2564958,DB,NYG,@TB,,,,,,,,,,,,,,,,,,0.00,500,0.00,0.0
Joejuan Williams,2562787,DB,NE,@ATL,,,,,,,,,,,,,,,,,,4.25,501,0.00,-4.25
K'Waun Williams,2550654,DB,SF,@JAX,,,,,,,,,,,,,,,,,,5.40,502,0.00,-5.4
Marcus Williams,2558847,DB,NO,@PHI,,,,,,,,,,,,,,,,,,8.66,503,0.00,-8.66
P.J. Williams,2552484,DB,NO,@PHI,,,,,,,,,,,,,,,,,,4.68,504,0.00,-4.68
Rodarius Williams,2566379,DB,NYG,@TB,,,,,,,,,,,,,,,,,,,505,0.00,
Shawn Williams,2539233,DB,ATL,NE,,,,,,,,,,,,,,,,,,0.00,506,0.00,0.0
Trill Williams,2565714,DB,MIA,@NYJ,,,,,,,,,,,,,,,,,,0.00,507,0.00,0.0
Chris Williamson,2564784,DB,ATL,NE,,,,,,,,,,,,,,,,,,2.54,508,0.00,-2.54
Khari Willis,2562602,DB,IND,@BUF,,,,,,,,,,,,,,,,,,,509,0.00,
Brandon Wilson,2558786,DB,CIN,@LV,,,,,,,,,,,,,,,,,,,510,0.00,
Donovan Wilson,2562604,DB,DAL,@KC,,,,,,,,,,,,,,,,,,4.07,511,0.00,-4.07
Jarrod Wilson,2556711,DB,NYJ,MIA,,,,,,,,,,,,,,,,,,2.11,512,0.00,-2.11
Marco Wilson,2566439,DB,ARI,@SEA,,,,,,,,,,,,,,,,,,8.61,513,0.00,-8.61
Quincy Wilson,2557961,DB,NYG,@TB,,,,,,,,,,,,,,,,,,,514,0.00,
Tavon Wilson,2534830,DB,SF,@JAX,,,,,,,,,,,,,,,,,,,515,0.00,
Antoine Winfield Jr.,2565261,DB,TB,NYG,,,,,,,,,,,,,,,,,,10.46,516,0.00,-10.46
Andrew Wingard,2562606,DB,JAX,SF,,,,,,,,,,,,,,,,,,3.97,517,0.00,-3.97
Ahkello Witherspoon,2558157,DB,PIT,@LAC,,,,,,,,,,,,,,,,,,0.00,518,0.00,0.0
Xavier Woods,2558159,DB,MIN,GB,,,,,,,,,,,,,,,,,,9.75,519,0.00,-9.75
Daryl Worley,2555394,DB,FA,Bye,,,,,,,,,,,,,,,,,,,520,0.00,
Blidi Wreh-Wilson,2539219,DB,TB,NYG,,,,,,,,,,,,,,,,,,0.00,521,0.00,0.0
Nahshon Wright,2566022,DB,DAL,@KC,,,,,,,,,,,,,,,,,,0.68,522,0.00,-0.68
Rock Ya-Sin,2562614,DB,IND,@BUF,,,,,,,,,,,,,,,,,,5.74,523,0.00,-5.74
Isaac Yiadom,2560946,DB,GB,@MIN,,,,,,,,,,,,,,,,,,0.00,524,0.00,0.0
Tavon Young,2555378,DB,BAL,@CHI,,,,,,,,,,,,,,,,,,4.91,525,0.00,-4.91
