PlayerName,PlayerId,Pos,Team,PlayerOpponent,TacklesTot,TacklesAst,TacklesSck,TacklesTfl,TurnoverInt,TurnoverFrcFum,TurnoverFumRec,ScoreIntTd,ScoreFumTd,ScoreBlkTd,ScoreSaf,ScoreDef2ptRet,Blk,PDef,QBHit,ReturnIntYds,ReturnFumYds,PlayerWeekProjectedPts,Rank,TotalPoints,ProjectionDiff
Montravius Adams,2557876,DL,NO,@PHI,,,,,,,,,,,,,,,,,,2.31,1,0.00,-2.31
Myles Adams,2563620,DL,SEA,ARI,,,,,,,,,,,,,,,,,,0.00,2,0.00,0.0
Mario Addison,2530474,DL,BUF,IND,,,,,,,,,,,,,,,,,,3.06,3,0.00,-3.06
McTelvin Agim,2563872,DL,DEN,Bye,,,,,,,,,,,,,,,,,,,4,0.00,
Jonathan Allen,2557844,DL,WAS,@CAR,,,,,,,,,,,,,,,,,,5.18,5,0.00,-5.18
Zach Allen,2562219,DL,ARI,@SEA,,,,,,,,,,,,,,,,,,6.41,6,0.00,-6.41
Tyson Alualu,496760,DL,PIT,@LAC,,,,,,,,,,,,,,,,,,,7,0.00,
Auzoyah Alufohai,2564061,DL,GB,@MIN,,,,,,,,,,,,,,,,,,0.00,8,0.00,0.0
Bradlee Anae,2563821,DL,DAL,@KC,,,,,,,,,,,,,,,,,,0.00,9,0.00,0.0
Abdullah Anderson,2561088,DL,GB,@MIN,,,,,,,,,,,,,,,,,,0.00,10,0.00,0.0
Henry Anderson,2552272,DL,NE,@ATL,,,,,,,,,,,,,,,,,,,11,0.00,
Eli Ankou,2559132,DL,BUF,IND,,,,,,,,,,,,,,,,,,0.00,12,0.00,0.0
Arik Armstead,2552493,DL,SF,@JAX,,,,,,,,,,,,,,,,,,5.30,13,0.00,-5.3
Dorance Armstrong,2560959,DL,DAL,@KC,,,,,,,,,,,,,,,,,,0.00,14,0.00,0.0
Denico Autry,2550646,DL,TEN,HOU,,,,,,,,,,,,,,,,,,4.48,15,0.00,-4.48
Genard Avery,2560964,DL,PHI,NO,,,,,,,,,,,,,,,,,,3.51,16,0.00,-3.51
David Bada,2565526,DL,WAS,@CAR,,,,,,,,,,,,,,,,,,0.00,17,0.00,0.0
Allen Bailey,2495116,DL,FA,Bye,,,,,,,,,,,,,,,,,,,18,0.00,
Ben Banogu,2562229,DL,IND,@BUF,,,,,,,,,,,,,,,,,,0.00,19,0.00,0.0
Christian Barmore,2566328,DL,NE,@ATL,,,,,,,,,,,,,,,,,,3.93,20,0.00,-3.93
Derek Barnett,2557984,DL,PHI,NO,,,,,,,,,,,,,,,,,,5.24,21,0.00,-5.24
Alex Barrett,2559140,DL,SF,@JAX,,,,,,,,,,,,,,,,,,0.00,22,0.00,0.0
Boogie Basham,2565863,DL,BUF,IND,,,,,,,,,,,,,,,,,,0.00,23,0.00,0.0
Vic Beasley,2552301,DL,FA,Bye,,,,,,,,,,,,,,,,,,,24,0.00,
Andrew Billings,2555267,DL,FA,Bye,,,,,,,,,,,,,,,,,,,25,0.00,
Ross Blacklock,2564064,DL,HOU,@TEN,,,,,,,,,,,,,,,,,,2.85,26,0.00,-2.85
Angelo Blackson,2552670,DL,CHI,BAL,,,,,,,,,,,,,,,,,,3.30,27,0.00,-3.3
Amani Bledsoe,2562859,DL,TEN,HOU,,,,,,,,,,,,,,,,,,0.00,28,0.00,0.0
Joey Bosa,2555249,DL,LAC,PIT,,,,,,,,,,,,,,,,,,6.27,29,0.00,-6.27
Nick Bosa,2562629,DL,SF,@JAX,,,,,,,,,,,,,,,,,,7.10,30,0.00,-7.1
Will Bradley-King,2566583,DL,WAS,@CAR,,,,,,,,,,,,,,,,,,0.00,31,0.00,0.0
Michael Brockers,2533050,DL,DET,@CLE,,,,,,,,,,,,,,,,,,4.90,32,0.00,-4.9
Cortez Broughton,2562823,DL,KC,DAL,,,,,,,,,,,,,,,,,,0.00,33,0.00,0.0
Andrew Brown,2560979,DL,LAC,PIT,,,,,,,,,,,,,,,,,,0.00,34,0.00,0.0
Derrick Brown,2563629,DL,CAR,WAS,,,,,,,,,,,,,,,,,,4.32,35,0.00,-4.32
Earnest Brown IV,2566202,DL,LA,Bye,,,,,,,,,,,,,,,,,,,36,0.00,
Malcom Brown,2552483,DL,JAX,SF,,,,,,,,,,,,,,,,,,3.94,37,0.00,-3.94
Taven Bryan,2560983,DL,JAX,SF,,,,,,,,,,,,,,,,,,0.00,38,0.00,0.0
Austin Bryant,2562240,DL,DET,@CLE,,,,,,,,,,,,,,,,,,2.79,39,0.00,-2.79
Brandin Bryant,2556486,DL,BUF,IND,,,,,,,,,,,,,,,,,,0.00,40,0.00,0.0
DeForest Buckner,2555275,DL,IND,@BUF,,,,,,,,,,,,,,,,,,6.93,41,0.00,-6.93
Isaiah Buggs,2562241,DL,PIT,@LAC,,,,,,,,,,,,,,,,,,2.78,42,0.00,-2.78
Calvin Bundage,2565777,DL,FA,Bye,,,,,,,,,,,,,,,,,,,43,0.00,
Brian Burns,2562242,DL,CAR,WAS,,,,,,,,,,,,,,,,,,7.39,44,0.00,-7.39
Adam Butler,2558924,DL,MIA,@NYJ,,,,,,,,,,,,,,,,,,3.29,45,0.00,-3.29
Vernon Butler,2555243,DL,BUF,IND,,,,,,,,,,,,,,,,,,1.95,46,0.00,-1.95
Calais Campbell,744,DL,BAL,@CHI,,,,,,,,,,,,,,,,,,5.59,47,0.00,-5.59
Ron'Dell Carter,2563833,DL,ARI,@SEA,,,,,,,,,,,,,,,,,,0.00,48,0.00,0.0
K'Lavon Chaisson,2564166,DL,JAX,SF,,,,,,,,,,,,,,,,,,3.05,49,0.00,-3.05
Demarcus Christmas,2562246,DL,PIT,@LAC,,,,,,,,,,,,,,,,,,0.00,50,0.00,0.0
Frank Clark,2552629,DL,KC,DAL,,,,,,,,,,,,,,,,,,4.70,51,0.00,-4.7
Kenny Clark,2555282,DL,GB,@MIN,,,,,,,,,,,,,,,,,,5.48,52,0.00,-5.48
Tyler Clark,2563725,DL,FA,Bye,,,,,,,,,,,,,,,,,,,53,0.00,
Adrian Clayborn,2495140,DL,FA,Bye,,,,,,,,,,,,,,,,,,,54,0.00,
Kameron Cline,2564109,DL,IND,@BUF,,,,,,,,,,,,,,,,,,0.00,55,0.00,0.0
Jadeveon Clowney,2543456,DL,CLE,DET,,,,,,,,,,,,,,,,,,4.73,56,0.00,-4.73
Trevon Coley,2556504,DL,TEN,HOU,,,,,,,,,,,,,,,,,,,57,0.00,
L.J. Collier,2562248,DL,SEA,ARI,,,,,,,,,,,,,,,,,,1.58,58,0.00,-1.58
Maliek Collins,2555400,DL,HOU,@TEN,,,,,,,,,,,,,,,,,,3.07,59,0.00,-3.07
John Cominsky,2562249,DL,ATL,NE,,,,,,,,,,,,,,,,,,0.00,60,0.00,0.0
Jonathon Cooper,2566028,DL,DEN,Bye,,,,,,,,,,,,,,,,,,,61,0.00,
Marquise Copeland,2562877,DL,LA,Bye,,,,,,,,,,,,,,,,,,,62,0.00,
Jashon Cornell,2563929,DL,DET,@CLE,,,,,,,,,,,,,,,,,,0.00,63,0.00,0.0
Doug Costin,2564172,DL,JAX,SF,,,,,,,,,,,,,,,,,,0.00,64,0.00,0.0
Christian Covington,2552602,DL,LAC,PIT,,,,,,,,,,,,,,,,,,3.16,65,0.00,-3.16
Byron Cowart,2562392,DL,NE,@ATL,,,,,,,,,,,,,,,,,,,66,0.00,
Fletcher Cox,2533051,DL,PHI,NO,,,,,,,,,,,,,,,,,,4.70,67,0.00,-4.7
Jack Crawford,2532992,DL,ARI,@SEA,,,,,,,,,,,,,,,,,,,68,0.00,
Tyrone Crawford,2532821,DL,FA,Bye,,,,,,,,,,,,,,,,,,,69,0.00,
Maxx Crosby,2562439,DL,LV,CIN,,,,,,,,,,,,,,,,,,4.71,70,0.00,-4.71
Vinny Curry,2532825,DL,NYJ,MIA,,,,,,,,,,,,,,,,,,0.00,71,0.00,0.0
Jalen Dalton,2563120,DL,NO,@PHI,,,,,,,,,,,,,,,,,,,72,0.00,
Darrion Daniels,2565096,DL,SF,@JAX,,,,,,,,,,,,,,,,,,0.00,73,0.00,0.0
Michael Danna,2564262,DL,KC,DAL,,,,,,,,,,,,,,,,,,3.61,74,0.00,-3.61
Marcus Davenport,2561037,DL,NO,@PHI,,,,,,,,,,,,,,,,,,4.01,75,0.00,-4.01
Marlon Davidson,2563479,DL,ATL,NE,,,,,,,,,,,,,,,,,,2.90,76,0.00,-2.9
Carlos Davis,2564976,DL,PIT,@LAC,,,,,,,,,,,,,,,,,,,77,0.00,
Khalil Davis,2565210,DL,PIT,@LAC,,,,,,,,,,,,,,,,,,0.00,78,0.00,0.0
Raekwon Davis,2564445,DL,MIA,@NYJ,,,,,,,,,,,,,,,,,,3.21,79,0.00,-3.21
Tyeler Davison,2552329,DL,ATL,NE,,,,,,,,,,,,,,,,,,3.70,80,0.00,-3.7
Sheldon Day,2555241,DL,CLE,DET,,,,,,,,,,,,,,,,,,0.00,81,0.00,0.0
Matt Dickerson,2561044,DL,ARI,@SEA,,,,,,,,,,,,,,,,,,0.00,82,0.00,0.0
Victor Dimukeje,2566424,DL,ARI,@SEA,,,,,,,,,,,,,,,,,,0.00,83,0.00,0.0
Aaron Donald,2543485,DL,LA,Bye,,,,,,,,,,,,,,,,,,,84,0.00,
Carlos Dunlap,496780,DL,SEA,ARI,,,,,,,,,,,,,,,,,,2.85,85,0.00,-2.85
Mario Edwards,2553433,DL,CHI,BAL,,,,,,,,,,,,,,,,,,2.52,86,0.00,-2.52
Daniel Ekuale,2561458,DL,NE,@ATL,,,,,,,,,,,,,,,,,,0.00,87,0.00,0.0
Jordan Elliott,2563779,DL,CLE,DET,,,,,,,,,,,,,,,,,,2.68,88,0.00,-2.68
Justin Ellis,2543812,DL,BAL,@CHI,,,,,,,,,,,,,,,,,,1.83,89,0.00,-1.83
A.J. Epenesa,2563605,DL,BUF,IND,,,,,,,,,,,,,,,,,,2.14,90,0.00,-2.14
Foley Fatukasi,2560722,DL,NYJ,MIA,,,,,,,,,,,,,,,,,,4.89,91,0.00,-4.89
Clelin Ferrell,2562263,DL,LV,CIN,,,,,,,,,,,,,,,,,,1.87,92,0.00,-1.87
Trey Flowers,2552278,DL,DET,@CLE,,,,,,,,,,,,,,,,,,5.25,93,0.00,-5.25
Poona Ford,2561195,DL,SEA,ARI,,,,,,,,,,,,,,,,,,4.14,94,0.00,-4.14
Leki Fotu,2564910,DL,ARI,@SEA,,,,,,,,,,,,,,,,,,2.59,95,0.00,-2.59
Dante Fowler Jr.,2553431,DL,ATL,NE,,,,,,,,,,,,,,,,,,4.09,96,0.00,-4.09
Morgan Fox,2556529,DL,CAR,WAS,,,,,,,,,,,,,,,,,,3.48,97,0.00,-3.48
John Franklin-Myers,2560731,DL,NYJ,MIA,,,,,,,,,,,,,,,,,,3.67,98,0.00,-3.67
Greg Gaines,2562391,DL,LA,Bye,,,,,,,,,,,,,,,,,,,99,0.00,
Neville Gallimore,2563842,DL,DAL,@KC,,,,,,,,,,,,,,,,,,,100,0.00,
Myles Garrett,2557965,DL,CLE,DET,,,,,,,,,,,,,,,,,,5.78,101,0.00,-5.78
Joe Gaziano,2565036,DL,LAC,PIT,,,,,,,,,,,,,,,,,,1.35,102,0.00,-1.35
William Gholston,2540176,DL,TB,NYG,,,,,,,,,,,,,,,,,,2.49,103,0.00,-2.49
Kevin Givens,2562655,DL,SF,@JAX,,,,,,,,,,,,,,,,,,0.00,104,0.00,0.0
Ryan Glasgow,2557851,DL,FA,Bye,,,,,,,,,,,,,,,,,,,105,0.00,
Davon Godchaux,2558012,DL,NE,@ATL,,,,,,,,,,,,,,,,,,4.25,106,0.00,-4.25
Chauncey Golston,2566007,DL,DAL,@KC,,,,,,,,,,,,,,,,,,3.54,107,0.00,-3.54
Adam Gotsis,2555502,DL,JAX,SF,,,,,,,,,,,,,,,,,,2.75,108,0.00,-2.75
Brandon Graham,496788,DL,PHI,NO,,,,,,,,,,,,,,,,,,,109,0.00,
Carl Granderson,2562273,DL,NO,@PHI,,,,,,,,,,,,,,,,,,2.18,110,0.00,-2.18
Rasheem Green,2560998,DL,SEA,ARI,,,,,,,,,,,,,,,,,,3.65,111,0.00,-3.65
Jonathan Greenard,2564070,DL,HOU,@TEN,,,,,,,,,,,,,,,,,,4.89,112,0.00,-4.89
Randy Gregory,2552446,DL,DAL,@KC,,,,,,,,,,,,,,,,,,,113,0.00,
Everson Griffen,496790,DL,MIN,GB,,,,,,,,,,,,,,,,,,5.60,114,0.00,-5.6
Yetur Gross-Matos,2563641,DL,CAR,WAS,,,,,,,,,,,,,,,,,,2.12,115,0.00,-2.12
Porter Gustin,2562276,DL,CLE,DET,,,,,,,,,,,,,,,,,,0.00,116,0.00,0.0
Lawrence Guy,2495481,DL,NE,@ATL,,,,,,,,,,,,,,,,,,4.91,117,0.00,-4.91
DaVon Hamilton,2564190,DL,JAX,SF,,,,,,,,,,,,,,,,,,2.50,118,0.00,-2.5
Justin Hamilton,2553531,DL,DAL,@KC,,,,,,,,,,,,,,,,,,0.00,119,0.00,0.0
Woodrow Hamilton,2556546,DL,FA,Bye,,,,,,,,,,,,,,,,,,,120,0.00,
Johnathan Hankins,2540147,DL,LV,CIN,,,,,,,,,,,,,,,,,,3.90,121,0.00,-3.9
Javon Hargrave,2555239,DL,PHI,NO,,,,,,,,,,,,,,,,,,6.09,122,0.00,-6.09
Charles Harris,2558001,DL,DET,@CLE,,,,,,,,,,,,,,,,,,6.47,123,0.00,-6.47
Jonathan Harris,2562945,DL,DEN,Bye,,,,,,,,,,,,,,,,,,,124,0.00,
Shelby Harris,2549926,DL,DEN,Bye,,,,,,,,,,,,,,,,,,,125,0.00,
Damon Harrison,2535718,DL,FA,Bye,,,,,,,,,,,,,,,,,,,126,0.00,
Daelin Hayes,2565842,DL,BAL,@CHI,,,,,,,,,,,,,,,,,,,127,0.00,
Marquis Haynes,2561009,DL,CAR,WAS,,,,,,,,,,,,,,,,,,1.53,128,0.00,-1.53
Bruce Hector,2561338,DL,DET,@CLE,,,,,,,,,,,,,,,,,,0.00,129,0.00,0.0
Trey Hendrickson,2557943,DL,CIN,@LV,,,,,,,,,,,,,,,,,,4.50,130,0.00,-4.5
Cameron Heyward,2508109,DL,PIT,@LAC,,,,,,,,,,,,,,,,,,8.19,131,0.00,-8.19
Akiem Hicks,2533433,DL,CHI,BAL,,,,,,,,,,,,,,,,,,4.03,132,0.00,-4.03
B.J. Hill,2560740,DL,CIN,@LV,,,,,,,,,,,,,,,,,,3.21,133,0.00,-3.21
Trysten Hill,2562663,DL,DAL,@KC,,,,,,,,,,,,,,,,,,3.39,134,0.00,-3.39
Jalyn Holmes,2560744,DL,NO,@PHI,,,,,,,,,,,,,,,,,,0.00,135,0.00,0.0
Justin Houston,2495493,DL,BAL,@CHI,,,,,,,,,,,,,,,,,,4.34,136,0.00,-4.34
Braxton Hoyett,2563244,DL,FA,Bye,,,,,,,,,,,,,,,,,,,137,0.00,
Sam Hubbard,2560745,DL,CIN,@LV,,,,,,,,,,,,,,,,,,7.75,138,0.00,-7.75
Wyatt Hubert,2565950,DL,CIN,@LV,,,,,,,,,,,,,,,,,,0.00,139,0.00,0.0
Bryce Huff,2565510,DL,NYJ,MIA,,,,,,,,,,,,,,,,,,,140,0.00,
Albert Huggins,2562667,DL,NO,@PHI,,,,,,,,,,,,,,,,,,0.00,141,0.00,0.0
Jerry Hughes,496796,DL,BUF,IND,,,,,,,,,,,,,,,,,,2.92,142,0.00,-2.92
Margus Hunt,2539310,DL,CHI,BAL,,,,,,,,,,,,,,,,,,0.00,143,0.00,0.0
Danielle Hunter,2552603,DL,MIN,GB,,,,,,,,,,,,,,,,,,,144,0.00,
Maurice Hurst,2560748,DL,SF,@JAX,,,,,,,,,,,,,,,,,,0.00,145,0.00,0.0
Kerry Hyder,2550433,DL,SEA,ARI,,,,,,,,,,,,,,,,,,4.04,146,0.00,-4.04
Melvin Ingram,2532870,DL,KC,DAL,,,,,,,,,,,,,,,,,,2.28,147,0.00,-2.28
Matthew Ioannidis,2555240,DL,WAS,@CAR,,,,,,,,,,,,,,,,,,3.22,148,0.00,-3.22
David Irving,2553805,DL,FA,Bye,,,,,,,,,,,,,,,,,,,149,0.00,
Joe Jackson,2562432,DL,CLE,DET,,,,,,,,,,,,,,,,,,2.18,150,0.00,-2.18
Malik Jackson,2532873,DL,CLE,DET,,,,,,,,,,,,,,,,,,3.34,151,0.00,-3.34
Tarron Jackson,2566400,DL,PHI,NO,,,,,,,,,,,,,,,,,,1.57,152,0.00,-1.57
Grady Jarrett,2552327,DL,ATL,NE,,,,,,,,,,,,,,,,,,5.38,153,0.00,-5.38
Quinton Jefferson,2555358,DL,LV,CIN,,,,,,,,,,,,,,,,,,3.85,154,0.00,-3.85
John Jenkins,2539231,DL,MIA,@NYJ,,,,,,,,,,,,,,,,,,0.00,155,0.00,0.0
Austin Johnson,2556368,DL,NYG,@TB,,,,,,,,,,,,,,,,,,4.53,156,0.00,-4.53
Darryl Johnson,2562672,DL,CAR,WAS,,,,,,,,,,,,,,,,,,,157,0.00,
Jaleel Johnson,2557845,DL,HOU,@TEN,,,,,,,,,,,,,,,,,,2.07,158,0.00,-2.07
P.J. Johnson,2562923,DL,FA,Bye,,,,,,,,,,,,,,,,,,,159,0.00,
Patrick Johnson,2566403,DL,PHI,NO,,,,,,,,,,,,,,,,,,0.75,160,0.00,-0.75
Benito Jones,2564466,DL,MIA,@NYJ,,,,,,,,,,,,,,,,,,0.00,161,0.00,0.0
Chris Jones,2556369,DL,KC,DAL,,,,,,,,,,,,,,,,,,3.99,162,0.00,-3.99
D.J. Jones,2558265,DL,SF,@JAX,,,,,,,,,,,,,,,,,,4.36,163,0.00,-4.36
DaQuan Jones,2543504,DL,CAR,WAS,,,,,,,,,,,,,,,,,,3.06,164,0.00,-3.06
Dre'Mont Jones,2562412,DL,DEN,Bye,,,,,,,,,,,,,,,,,,,165,0.00,
Justin Jones,2560769,DL,LAC,PIT,,,,,,,,,,,,,,,,,,3.98,166,0.00,-3.98
Patrick Jones II,2566307,DL,MIN,GB,,,,,,,,,,,,,,,,,,0.00,167,0.00,0.0
Cameron Jordan,2495184,DL,NO,@PHI,,,,,,,,,,,,,,,,,,6.41,168,0.00,-6.41
Dion Jordan,2539288,DL,FA,Bye,,,,,,,,,,,,,,,,,,,169,0.00,
Linval Joseph,496802,DL,LAC,PIT,,,,,,,,,,,,,,,,,,6.43,170,0.00,-6.43
Sebastian Joseph-Day,2561079,DL,LA,Bye,,,,,,,,,,,,,,,,,,,171,0.00,
Joshua Kaindoh,2566184,DL,KC,DAL,,,,,,,,,,,,,,,,,,,172,0.00,
Khalid Kareem,2563734,DL,CIN,@LV,,,,,,,,,,,,,,,,,,1.23,173,0.00,-1.23
Kingsley Keke,2562300,DL,GB,@MIN,,,,,,,,,,,,,,,,,,3.98,174,0.00,-3.98
Zach Kerr,2550575,DL,ARI,@SEA,,,,,,,,,,,,,,,,,,2.18,175,0.00,-2.18
Ryan Kerrigan,2495190,DL,PHI,NO,,,,,,,,,,,,,,,,,,1.72,176,0.00,-1.72
Arden Key,2560779,DL,SF,@JAX,,,,,,,,,,,,,,,,,,1.99,177,0.00,-1.99
Javon Kinlaw,2565117,DL,SF,@JAX,,,,,,,,,,,,,,,,,,,178,0.00,
Malcolm Koonce,2566262,DL,LV,CIN,,,,,,,,,,,,,,,,,,0.00,179,0.00,0.0
Tanoh Kpassagnon,2558185,DL,NO,@PHI,,,,,,,,,,,,,,,,,,4.02,180,0.00,-4.02
Niko Lalos,2564745,DL,NYG,@TB,,,,,,,,,,,,,,,,,,0.00,181,0.00,0.0
Tyler Lancaster,2561227,DL,GB,@MIN,,,,,,,,,,,,,,,,,,1.64,182,0.00,-1.64
Austin Larkin,2561518,DL,CAR,WAS,,,,,,,,,,,,,,,,,,0.00,183,0.00,0.0
Demarcus Lawrence,2543490,DL,DAL,@KC,,,,,,,,,,,,,,,,,,,184,0.00,
Devaroe Lawrence,2559079,DL,FA,Bye,,,,,,,,,,,,,,,,,,,185,0.00,
Dexter Lawrence,2562301,DL,NYG,@TB,,,,,,,,,,,,,,,,,,5.11,186,0.00,-5.11
Rashard Lawrence,2564922,DL,ARI,@SEA,,,,,,,,,,,,,,,,,,,187,0.00,
Carl Lawson,2557901,DL,NYJ,MIA,,,,,,,,,,,,,,,,,,,188,0.00,
Jeremiah Ledbetter,2558124,DL,JAX,SF,,,,,,,,,,,,,,,,,,0.00,189,0.00,0.0
Jessie Lemonier,2565057,DL,DET,@CLE,,,,,,,,,,,,,,,,,,0.00,190,0.00,0.0
Tyquan Lewis,2560791,DL,IND,@BUF,,,,,,,,,,,,,,,,,,,191,0.00,
Star Lotulelei,2539329,DL,BUF,IND,,,,,,,,,,,,,,,,,,0.00,192,0.00,0.0
Isaiahh Loudermilk,2566457,DL,PIT,@LAC,,,,,,,,,,,,,,,,,,2.21,193,0.00,-2.21
Dean Lowry,2555274,DL,GB,@MIN,,,,,,,,,,,,,,,,,,4.38,194,0.00,-4.38
James Lynch,2564565,DL,MIN,GB,,,,,,,,,,,,,,,,,,2.54,195,0.00,-2.54
Daylon Mack,2562308,DL,FA,Bye,,,,,,,,,,,,,,,,,,,196,0.00,
Isaiah Mack,2563245,DL,PIT,@LAC,,,,,,,,,,,,,,,,,,0.00,197,0.00,0.0
Justin Madubuike,2563563,DL,BAL,@CHI,,,,,,,,,,,,,,,,,,3.27,198,0.00,-3.27
Hercules Mata'afa,2560799,DL,FA,Bye,,,,,,,,,,,,,,,,,,,199,0.00,
Benson Mayowa,2542009,DL,SEA,ARI,,,,,,,,,,,,,,,,,,2.59,200,0.00,-2.59
Dan McCullers,2550154,DL,FA,Bye,,,,,,,,,,,,,,,,,,,201,0.00,
T.Y. McGill,2553911,DL,MIN,GB,,,,,,,,,,,,,,,,,,0.00,202,0.00,0.0
R.J. McIntosh,2560806,DL,GB,@MIN,,,,,,,,,,,,,,,,,,0.00,203,0.00,0.0
Kahlil McKenzie,2560807,DL,BAL,@CHI,,,,,,,,,,,,,,,,,,0.00,204,0.00,0.0
Steve McLendon,2507590,DL,TB,NYG,,,,,,,,,,,,,,,,,,1.46,205,0.00,-1.46
Steven Means,2541310,DL,ATL,NE,,,,,,,,,,,,,,,,,,,206,0.00,
David Moa,2564571,DL,NYG,@TB,,,,,,,,,,,,,,,,,,0.00,207,0.00,0.0
Henry Mondeaux,2561243,DL,PIT,@LAC,,,,,,,,,,,,,,,,,,1.57,208,0.00,-1.57
Bryan Mone,2562914,DL,SEA,ARI,,,,,,,,,,,,,,,,,,3.17,209,0.00,-3.17
Damontre Moore,2540138,DL,CAR,WAS,,,,,,,,,,,,,,,,,,0.00,210,0.00,0.0
Al-Quadin Muhammad,2558131,DL,IND,@BUF,,,,,,,,,,,,,,,,,,5.60,211,0.00,-5.6
Larrell Murchison,2564055,DL,TEN,HOU,,,,,,,,,,,,,,,,,,1.65,212,0.00,-1.65
Trent Murphy,2543503,DL,FA,Bye,,,,,,,,,,,,,,,,,,,213,0.00,
Bill Murray,2564625,DL,NE,@ATL,,,,,,,,,,,,,,,,,,0.00,214,0.00,0.0
Carl Nassib,2555270,DL,LV,CIN,,,,,,,,,,,,,,,,,,2.25,215,0.00,-2.25
Yannick Ngakoue,2555421,DL,LV,CIN,,,,,,,,,,,,,,,,,,3.82,216,0.00,-3.82
Bilal Nichols,2560821,DL,CHI,BAL,,,,,,,,,,,,,,,,,,3.29,217,0.00,-3.29
Robert Nkemdiche,2555336,DL,SEA,ARI,,,,,,,,,,,,,,,,,,0.00,218,0.00,0.0
Derrick Nnadi,2560823,DL,KC,DAL,,,,,,,,,,,,,,,,,,2.66,219,0.00,-2.66
Rakeem Nunez-Roches,2552674,DL,TB,NYG,,,,,,,,,,,,,,,,,,2.00,220,0.00,-2.0
Pat O'Connor,2558863,DL,TB,NYG,,,,,,,,,,,,,,,,,,0.46,221,0.00,-0.46
Efe Obada,2553310,DL,BUF,IND,,,,,,,,,,,,,,,,,,3.05,222,0.00,-3.05
Ifeadi Odenigbo,2558278,DL,CLE,DET,,,,,,,,,,,,,,,,,,1.96,223,0.00,-1.96
Dayo Odeyingbo,2565609,DL,IND,@BUF,,,,,,,,,,,,,,,,,,2.25,224,0.00,-2.25
Osa Odighizuwa,2566016,DL,DAL,@KC,,,,,,,,,,,,,,,,,,3.88,225,0.00,-3.88
Emmanuel Ogbah,2555278,DL,MIA,@NYJ,,,,,,,,,,,,,,,,,,4.59,226,0.00,-4.59
Adetokunbo Ogundeji,2565827,DL,ATL,NE,,,,,,,,,,,,,,,,,,3.86,227,0.00,-3.86
Larry Ogunjobi,2557836,DL,CIN,@LV,,,,,,,,,,,,,,,,,,6.14,228,0.00,-6.14
Alex Okafor,2539319,DL,KC,DAL,,,,,,,,,,,,,,,,,,2.38,229,0.00,-2.38
Julian Okwara,2563947,DL,DET,@CLE,,,,,,,,,,,,,,,,,,2.82,230,0.00,-2.82
Romeo Okwara,2556641,DL,DET,@CLE,,,,,,,,,,,,,,,,,,,231,0.00,
Ed Oliver,2562322,DL,BUF,IND,,,,,,,,,,,,,,,,,,3.97,232,0.00,-3.97
Charles Omenihu,2562324,DL,SF,@JAX,,,,,,,,,,,,,,,,,,2.77,233,0.00,-2.77
David Onyemata,2556274,DL,NO,@PHI,,,,,,,,,,,,,,,,,,5.02,234,0.00,-5.02
Walter Palmore,2563229,DL,FA,Bye,,,,,,,,,,,,,,,,,,,235,0.00,
David Parry,2552438,DL,FA,Bye,,,,,,,,,,,,,,,,,,,236,0.00,
Aaron Patrick,2565630,DL,DEN,Bye,,,,,,,,,,,,,,,,,,,237,0.00,
Kwity Paye,2565612,DL,IND,@BUF,,,,,,,,,,,,,,,,,,5.06,238,0.00,-5.06
Daron Payne,2560834,DL,WAS,@CAR,,,,,,,,,,,,,,,,,,5.57,239,0.00,-5.57
Domata Peko Sr.,2506925,DL,FA,Bye,,,,,,,,,,,,,,,,,,,240,0.00,
John Penisini,2563950,DL,DET,@CLE,,,,,,,,,,,,,,,,,,1.74,241,0.00,-1.74
Mike Pennel,2550242,DL,ATL,NE,,,,,,,,,,,,,,,,,,1.82,242,0.00,-1.82
Ronnie Perkins,2566340,DL,NE,@ATL,,,,,,,,,,,,,,,,,,0.00,243,0.00,0.0
Harrison Phillips,2560840,DL,BUF,IND,,,,,,,,,,,,,,,,,,3.95,244,0.00,-3.95
Jordan Phillips,2552492,DL,ARI,@SEA,,,,,,,,,,,,,,,,,,3.39,245,0.00,-3.39
Darius Philon,2552676,DL,LV,CIN,,,,,,,,,,,,,,,,,,,246,0.00,
Michael Pierce,2556650,DL,MIN,GB,,,,,,,,,,,,,,,,,,,247,0.00,
Jason Pierre-Paul,496843,DL,TB,NYG,,,,,,,,,,,,,,,,,,6.34,248,0.00,-6.34
Willington Previlon,2564016,DL,TB,NYG,,,,,,,,,,,,,,,,,,0.00,249,0.00,0.0
Durval Queiroz,2562867,DL,MIA,@NYJ,,,,,,,,,,,,,,,,,,0.00,250,0.00,0.0
Sheldon Rankins,2555242,DL,NYJ,MIA,,,,,,,,,,,,,,,,,,3.34,251,0.00,-3.34
Wyatt Ray,2562709,DL,CIN,@LV,,,,,,,,,,,,,,,,,,1.57,252,0.00,-1.57
D.J. Reader,2555388,DL,CIN,@LV,,,,,,,,,,,,,,,,,,2.53,253,0.00,-2.53
Jarran Reed,2555238,DL,KC,DAL,,,,,,,,,,,,,,,,,,3.67,254,0.00,-3.67
Caraun Reid,2543748,DL,FA,Bye,,,,,,,,,,,,,,,,,,,255,0.00,
Sam Renner,2564391,DL,FA,Bye,,,,,,,,,,,,,,,,,,,256,0.00,
Sheldon Richardson,2540142,DL,MIN,GB,,,,,,,,,,,,,,,,,,5.32,257,0.00,-5.32
Hassan Ridgeway,2555514,DL,PHI,NO,,,,,,,,,,,,,,,,,,2.40,258,0.00,-2.4
Derek Rivers,2558040,DL,HOU,@TEN,,,,,,,,,,,,,,,,,,0.00,259,0.00,0.0
Malcolm Roach,2564688,DL,NO,@PHI,,,,,,,,,,,,,,,,,,2.21,260,0.00,-2.21
Max Roberts,2566238,DL,FA,Bye,,,,,,,,,,,,,,,,,,,261,0.00,
A'Shawn Robinson,2555265,DL,LA,Bye,,,,,,,,,,,,,,,,,,,262,0.00,
Alton Robinson,2565186,DL,SEA,ARI,,,,,,,,,,,,,,,,,,2.47,263,0.00,-2.47
Janarius Robinson,2566316,DL,MIN,GB,,,,,,,,,,,,,,,,,,,264,0.00,
Quincy Roche,2566466,DL,NYG,@TB,,,,,,,,,,,,,,,,,,2.58,265,0.00,-2.58
Isaac Rochell,2557860,DL,IND,@BUF,,,,,,,,,,,,,,,,,,0.00,266,0.00,0.0
Daniel Ross,2559240,DL,FA,Bye,,,,,,,,,,,,,,,,,,,267,0.00,
Greg Rousseau,2565875,DL,BUF,IND,,,,,,,,,,,,,,,,,,4.22,268,0.00,-4.22
Bravvion Roy,2563677,DL,CAR,WAS,,,,,,,,,,,,,,,,,,2.41,269,0.00,-2.41
Anthony Rush,2563200,DL,ATL,NE,,,,,,,,,,,,,,,,,,1.99,270,0.00,-1.99
Cameron Sample,2565959,DL,CIN,@LV,,,,,,,,,,,,,,,,,,2.46,271,0.00,-2.46
Khalen Saunders,2562723,DL,KC,DAL,,,,,,,,,,,,,,,,,,0.00,272,0.00,0.0
Deadrin Senat,2560869,DL,FA,Bye,,,,,,,,,,,,,,,,,,,273,0.00,
Tim Settle,2560871,DL,WAS,@CAR,,,,,,,,,,,,,,,,,,1.48,274,0.00,-1.48
Jabaal Sheard,2495228,DL,MIA,@NYJ,,,,,,,,,,,,,,,,,,0.00,275,0.00,0.0
Danny Shelton,2552325,DL,NYG,@TB,,,,,,,,,,,,,,,,,,2.13,276,0.00,-2.13
Nathan Shepherd,2560873,DL,NYJ,MIA,,,,,,,,,,,,,,,,,,1.87,277,0.00,-1.87
Zach Sieler,2561129,DL,MIA,@NYJ,,,,,,,,,,,,,,,,,,3.08,278,0.00,-3.08
Jeffery Simmons,2562733,DL,TEN,HOU,,,,,,,,,,,,,,,,,,6.07,279,0.00,-6.07
John Simon,2539280,DL,FA,Bye,,,,,,,,,,,,,,,,,,,280,0.00,
Deyon Sizer,2563254,DL,FA,Bye,,,,,,,,,,,,,,,,,,,281,0.00,
Chris Slayton,2562735,DL,FA,Bye,,,,,,,,,,,,,,,,,,,282,0.00,
Tanzel Smart,2558199,DL,NYJ,MIA,,,,,,,,,,,,,,,,,,0.00,283,0.00,0.0
Aldon Smith,2495487,DL,FA,Bye,,,,,,,,,,,,,,,,,,,284,0.00,
Chris Smith,2543692,DL,HOU,@TEN,,,,,,,,,,,,,,,,,,0.00,285,0.00,0.0
Elerson G. Smith,2566373,DL,NYG,@TB,,,,,,,,,,,,,,,,,,0.00,286,0.00,0.0
James Smith-Williams,2565291,DL,WAS,@CAR,,,,,,,,,,,,,,,,,,1.82,287,0.00,-1.82
Dawuane Smoot,2557839,DL,JAX,SF,,,,,,,,,,,,,,,,,,3.84,288,0.00,-3.84
Akeem Spence,2540201,DL,FA,Bye,,,,,,,,,,,,,,,,,,,289,0.00,
Marquiss Spencer,2566037,DL,DEN,Bye,,,,,,,,,,,,,,,,,,,290,0.00,
Damion Square,2540003,DL,LV,CIN,,,,,,,,,,,,,,,,,,1.53,291,0.00,-1.53
Taylor Stallworth,2560882,DL,IND,@BUF,,,,,,,,,,,,,,,,,,2.68,292,0.00,-2.68
Shamar Stephen,2543706,DL,DEN,Bye,,,,,,,,,,,,,,,,,,,293,0.00,
Grover Stewart,2558766,DL,IND,@BUF,,,,,,,,,,,,,,,,,,4.28,294,0.00,-4.28
Kentavius Street,2560885,DL,SF,@JAX,,,,,,,,,,,,,,,,,,3.51,295,0.00,-3.51
Kevin Strong,2563197,DL,DET,@CLE,,,,,,,,,,,,,,,,,,0.00,296,0.00,0.0
Jason Strowbridge,2564496,DL,FA,Bye,,,,,,,,,,,,,,,,,,,297,0.00,
Ndamukong Suh,496861,DL,TB,NYG,,,,,,,,,,,,,,,,,,3.88,298,0.00,-3.88
Josh Sweat,2560889,DL,PHI,NO,,,,,,,,,,,,,,,,,,5.33,299,0.00,-5.33
Montez Sweat,2562749,DL,WAS,@CAR,,,,,,,,,,,,,,,,,,,300,0.00,
Darrell Taylor,2565198,DL,SEA,ARI,,,,,,,,,,,,,,,,,,5.04,301,0.00,-5.04
Jullian Taylor,2561078,DL,FA,Bye,,,,,,,,,,,,,,,,,,,302,0.00,
Vincent Taylor,2558017,DL,HOU,@TEN,,,,,,,,,,,,,,,,,,,303,0.00,
Solomon Thomas,2558018,DL,LV,CIN,,,,,,,,,,,,,,,,,,2.94,304,0.00,-2.94
Jerry Tillery,2562763,DL,LAC,PIT,,,,,,,,,,,,,,,,,,5.51,305,0.00,-5.51
Dalvin Tomlinson,2557846,DL,MIN,GB,,,,,,,,,,,,,,,,,,3.67,306,0.00,-3.67
Shaka Toney,2566607,DL,WAS,@CAR,,,,,,,,,,,,,,,,,,0.00,307,0.00,0.0
Casey Toohill,2564868,DL,WAS,@CAR,,,,,,,,,,,,,,,,,,2.20,308,0.00,-2.2
Jacob Tuioti-Mariner,2561282,DL,PIT,@LAC,,,,,,,,,,,,,,,,,,0.00,309,0.00,0.0
Stephon Tuitt,2543483,DL,PIT,@LAC,,,,,,,,,,,,,,,,,,,310,0.00,
Josh Tupou,2559003,DL,CIN,@LV,,,,,,,,,,,,,,,,,,2.31,311,0.00,-2.31
Kemoko Turay,2560905,DL,IND,@BUF,,,,,,,,,,,,,,,,,,1.97,312,0.00,-1.97
Payton Turner,2566355,DL,NO,@PHI,,,,,,,,,,,,,,,,,,,313,0.00,
Shy Tuttle,2563242,DL,NO,@PHI,,,,,,,,,,,,,,,,,,4.65,314,0.00,-4.65
Brent Urban,2543765,DL,DAL,@KC,,,,,,,,,,,,,,,,,,,315,0.00,
Vita Vea,2560909,DL,TB,NYG,,,,,,,,,,,,,,,,,,4.51,316,0.00,-4.51
Kendal Vickers,2561416,DL,LV,CIN,,,,,,,,,,,,,,,,,,1.56,317,0.00,-1.56
DeMarcus Walker,2557894,DL,HOU,@TEN,,,,,,,,,,,,,,,,,,3.27,318,0.00,-3.27
Jihad Ward,2555248,DL,JAX,SF,,,,,,,,,,,,,,,,,,2.57,319,0.00,-2.57
Tim Ward,2562939,DL,NYJ,MIA,,,,,,,,,,,,,,,,,,2.16,320,0.00,-2.16
Broderick Washington,2563593,DL,BAL,@CHI,,,,,,,,,,,,,,,,,,1.58,321,0.00,-1.58
Carlos Watkins,2557877,DL,DAL,@KC,,,,,,,,,,,,,,,,,,2.96,322,0.00,-2.96
J.J. Watt,2495488,DL,ARI,@SEA,,,,,,,,,,,,,,,,,,,323,0.00,
Armon Watts,2562773,DL,MIN,GB,,,,,,,,,,,,,,,,,,3.02,324,0.00,-3.02
Stephen Weatherly,2555529,DL,DEN,Bye,,,,,,,,,,,,,,,,,,,325,0.00,
Rashad Weaver,2566124,DL,TEN,HOU,,,,,,,,,,,,,,,,,,,326,0.00,
Tershawn Wharton,2564310,DL,KC,DAL,,,,,,,,,,,,,,,,,,1.91,327,0.00,-1.91
Christian Wilkins,2562782,DL,MIA,@NYJ,,,,,,,,,,,,,,,,,,4.86,328,0.00,-4.86
Brandon Williams,2541302,DL,BAL,@CHI,,,,,,,,,,,,,,,,,,3.42,329,0.00,-3.42
Chris Williams,2564154,DL,IND,@BUF,,,,,,,,,,,,,,,,,,0.00,330,0.00,0.0
DeShawn Williams,2553623,DL,DEN,Bye,,,,,,,,,,,,,,,,,,,331,0.00,
Leonard Williams,2552486,DL,NYG,@TB,,,,,,,,,,,,,,,,,,6.63,332,0.00,-6.63
Milton Williams,2566418,DL,PHI,NO,,,,,,,,,,,,,,,,,,2.71,333,0.00,-2.71
Nick Williams,2541479,DL,DET,@CLE,,,,,,,,,,,,,,,,,,3.12,334,0.00,-3.12
Quinnen Williams,2562599,DL,NYJ,MIA,,,,,,,,,,,,,,,,,,5.88,335,0.00,-5.88
Raequan Williams,2564883,DL,PHI,NO,,,,,,,,,,,,,,,,,,0.00,336,0.00,0.0
Sylvester Williams,2539270,DL,FA,Bye,,,,,,,,,,,,,,,,,,,337,0.00,
Xavier Williams,2553764,DL,FA,Bye,,,,,,,,,,,,,,,,,,,338,0.00,
Rob Windsor,2564157,DL,IND,@BUF,,,,,,,,,,,,,,,,,,,339,0.00,
Chase Winovich,2562607,DL,NE,@ATL,,,,,,,,,,,,,,,,,,,340,0.00,
Daniel Wise,2562608,DL,WAS,@CAR,,,,,,,,,,,,,,,,,,0.00,341,0.00,0.0
Deatrich Wise,2558000,DL,NE,@ATL,,,,,,,,,,,,,,,,,,4.87,342,0.00,-4.87
Derek Wolfe,2533026,DL,BAL,@CHI,,,,,,,,,,,,,,,,,,,343,0.00,
D.J. Wonnum,2564583,DL,MIN,GB,,,,,,,,,,,,,,,,,,5.41,344,0.00,-5.41
Al Woods,496881,DL,SEA,ARI,,,,,,,,,,,,,,,,,,3.54,345,0.00,-3.54
Antwaun Woods,2556792,DL,IND,@BUF,,,,,,,,,,,,,,,,,,1.37,346,0.00,-1.37
Chris Wormley,2557862,DL,PIT,@LAC,,,,,,,,,,,,,,,,,,4.89,347,0.00,-4.89
Renell Wren,2562612,DL,CIN,@LV,,,,,,,,,,,,,,,,,,0.00,348,0.00,0.0
Chase Young,2565294,DL,WAS,@CAR,,,,,,,,,,,,,,,,,,,349,0.00,
Justin Zimmer,2556716,DL,BUF,IND,,,,,,,,,,,,,,,,,,,350,0.00,
