PlayerName,PlayerId,Pos,Team,PlayerOpponent,PatMade,PatMissed,FgMade_0-19,FgMade_20-29,FgMade_30-39,FgMade_40-49,FgMade_50,FgMiss_0-19,FgMiss_20-29,FgMiss_30-39,PlayerWeekProjectedPts,Rank,TotalPoints,ProjectionDiff
Roberto Aguayo,2555408,K,FA,Bye,,,,,,,,,,,,1,0.00,
Matt Ammendola,2565555,K,NYJ,MIA,,,,,,,,,,,0.00,2,0.00,0.0
Mike Badgley,2560965,K,IND,@BUF,,,,,,,,,,,6.45,3,0.00,-6.45
Dan Bailey,2495259,K,FA,Bye,,,,,,,,,,,,4,0.00,
Tyler Bass,2563596,K,BUF,IND,,,,,,,,,,,6.88,5,0.00,-6.88
Rodrigo Blankenship,2564106,K,IND,@BUF,,,,,,,,,,,,6,0.00,
Chris Blewitt,2562800,K,FA,Bye,,,,,,,,,,,,7,0.00,
Chris Boswell,2550545,K,PIT,@LAC,,,,,,,,,,,6.81,8,0.00,-6.81
Randy Bullock,2533444,K,TEN,HOU,,,,,,,,,,,7.77,9,0.00,-7.77
Harrison Butker,2558245,K,KC,DAL,,,,,,,,,,,7.51,10,0.00,-7.51
Daniel Carlson,2560993,K,LV,CIN,,,,,,,,,,,7.44,11,0.00,-7.44
Chandler Catanzaro,2550325,K,FA,Bye,,,,,,,,,,,,12,0.00,
Mason Crosby,2507232,K,GB,@MIN,,,,,,,,,,,7.72,13,0.00,-7.72
Dominik Eberle,2565360,K,FA,Bye,,,,,,,,,,,,14,0.00,
Jake Elliott,2558172,K,PHI,NO,,,,,,,,,,,5.80,15,0.00,-5.8
Ka'imi Fairbairn,2556521,K,HOU,@TEN,,,,,,,,,,,7.03,16,0.00,-7.03
Sam Ficken,2557430,K,TEN,HOU,,,,,,,,,,,,17,0.00,
Nick Folk,2507225,K,NE,@ATL,,,,,,,,,,,7.62,18,0.00,-7.62
Kai Forbath,2495150,K,FA,Bye,,,,,,,,,,,,19,0.00,
Graham Gano,71309,K,NYG,@TB,,,,,,,,,,,6.48,20,0.00,-6.48
Matt Gay,2562271,K,LA,Bye,,,,,,,,,,,,21,0.00,
Zane Gonzalez,2558178,K,CAR,WAS,,,,,,,,,,,6.33,22,0.00,-6.33
Stephen Gostkowski,2506922,K,FA,Bye,,,,,,,,,,,,23,0.00,
Robbie Gould,2506264,K,SF,@JAX,,,,,,,,,,,7.59,24,0.00,-7.59
Lirim Hajrullahu,2563449,K,DAL,@KC,,,,,,,,,,,0.00,25,0.00,0.0
Stephen Hauschka,2507374,K,FA,Bye,,,,,,,,,,,,26,0.00,
Dustin Hopkins,2539227,K,LAC,PIT,,,,,,,,,,,7.08,27,0.00,-7.08
Brian Johnson,2566740,K,NO,@PHI,,,,,,,,,,,6.56,28,0.00,-6.56
Greg Joseph,2561534,K,MIN,GB,,,,,,,,,,,7.81,29,0.00,-7.81
Alex Kessman,2566484,K,FA,Bye,,,,,,,,,,,,30,0.00,
Younghoe Koo,2559205,K,ATL,NE,,,,,,,,,,,7.76,31,0.00,-7.76
Josh Lambo,2553833,K,FA,Bye,,,,,,,,,,,,32,0.00,
Ty Long,2553555,K,LAC,PIT,,,,,,,,,,,0.00,33,0.00,0.0
Wil Lutz,2556601,K,NO,@PHI,,,,,,,,,,,,34,0.00,
Austin MacGinnis,2563452,K,FA,Bye,,,,,,,,,,,,35,0.00,
Brett Maher,2540243,K,FA,Bye,,,,,,,,,,,,36,0.00,
Tucker McCann,2565462,K,FA,Bye,,,,,,,,,,,,37,0.00,
Chase McLaughlin,2563203,K,CLE,DET,,,,,,,,,,,6.87,38,0.00,-6.87
Brandon McManus,2541556,K,DEN,Bye,,,,,,,,,,,,39,0.00,
Evan McPherson,2565953,K,CIN,@LV,,,,,,,,,,,6.26,40,0.00,-6.26
JJ Molson,2565550,K,GB,@MIN,,,,,,,,,,,0.00,41,0.00,0.0
Jason Myers,2553112,K,SEA,ARI,,,,,,,,,,,7.99,42,0.00,-7.99
Chris Naggar,2565744,K,CLE,DET,,,,,,,,,,,0.00,43,0.00,0.0
Quinn Nordin,2565684,K,NE,@ATL,,,,,,,,,,,,44,0.00,
Mike Nugent,2506386,K,FA,Bye,,,,,,,,,,,,45,0.00,
Cody Parkey,2550380,K,FA,Bye,,,,,,,,,,,,46,0.00,
Matt Prater,2506677,K,ARI,@SEA,,,,,,,,,,,6.94,47,0.00,-6.94
Aldrick Rosas,2556771,K,DET,@CLE,,,,,,,,,,,0.00,48,0.00,0.0
Jason Sanders,2561153,K,MIA,@NYJ,,,,,,,,,,,6.43,49,0.00,-6.43
Cairo Santos,2550636,K,CHI,BAL,,,,,,,,,,,6.64,50,0.00,-6.64
Ryan Santoso,2561269,K,FA,Bye,,,,,,,,,,,,51,0.00,
Austin Seibert,2562729,K,DET,@CLE,,,,,,,,,,,,52,0.00,
Joey Slye,2563132,K,WAS,@CAR,,,,,,,,,,,6.45,53,0.00,-6.45
Ryan Succop,89802,K,TB,NYG,,,,,,,,,,,8.30,54,0.00,-8.3
Giorgio Tavecchio,2535686,K,FA,Bye,,,,,,,,,,,,55,0.00,
Justin Tucker,2536340,K,BAL,@CHI,,,,,,,,,,,7.34,56,0.00,-7.34
Jake Verity,2566731,K,BAL,@CHI,,,,,,,,,,,,57,0.00,
Tristan Vizcaino,2562807,K,LAC,PIT,,,,,,,,,,,0.00,58,0.00,0.0
Brandon Wright,2564247,K,FA,Bye,,,,,,,,,,,,59,0.00,
Matthew Wright,2562968,K,JAX,SF,,,,,,,,,,,5.95,60,0.00,-5.95
Greg Zuerlein,2534797,K,DAL,@KC,,,,,,,,,,,0.00,61,0.00,0.0
