[{"PlayerName":"Brandon Allen","PlayerId":"2555365","Pos":"QB","Team":"CIN","PlayerOpponent":"@LV","PassingYDS":"","PassingTD":"","PassingInt":"","RushingYDS":"","RushingTD":"","ReceivingRec":"","ReceivingYDS":"","ReceivingTD":"","RetTD":"","FumTD":"","2PT":"","Fum":"","PlayerWeekProjectedPts":"0.91","Rank":1,"TotalPoints":"0.00","ProjectionDiff":-0.91},{"PlayerName":"Josh Allen","PlayerId":"2560955","Pos":"QB","Team":"BUF","PlayerOpponent":"IND","PassingYDS":"","PassingTD":"","PassingInt":"","RushingYDS":"","RushingTD":"","ReceivingRec":"","ReceivingYDS":"","ReceivingTD":"","RetTD":"","FumTD":"","2PT":"","Fum":"","PlayerWeekProjectedPts":"22.30","Rank":2,"TotalPoints":"0.00","ProjectionDiff":-22.3},{"PlayerName":"Kyle Allen","PlayerId":"2561177","Pos":"QB","Team":"WAS","PlayerOpponent":"@CAR","PassingYDS":"","PassingTD":"","PassingInt":"","RushingYDS":"","RushingTD":"","ReceivingRec":"","ReceivingYDS":"","ReceivingTD":"","RetTD":"","FumTD":"","2PT":"","Fum":"","PlayerWeekProjectedPts":"0.00","Rank":3,"TotalPoints":"0.00","ProjectionDiff":0.0},{"PlayerName":"Kenji Bahar","PlayerId":"2566608","Pos":"QB","Team":"FA","PlayerOpponent":"Bye","PassingYDS":"","PassingTD":"","PassingInt":"","RushingYDS":"","RushingTD":"","ReceivingRec":"","ReceivingYDS":"","ReceivingTD":"","RetTD":"","FumTD":"","2PT":"","Fum":"","PlayerWeekProjectedPts":"","Rank":4,"TotalPoints":"0.00","ProjectionDiff":null},{"PlayerName":"Matt Barkley","PlayerId":"2539308","Pos":"QB","Team":"CAR","PlayerOpponent":"WAS","PassingYDS":"","PassingTD":"","PassingInt":"","RushingYDS":"","RushingTD":"","ReceivingRec":"","ReceivingYDS":"","ReceivingTD":"","RetTD":"","FumTD":"","2PT":"","Fum":"","PlayerWeekProjectedPts":"0.43","Rank":5,"TotalPoints":"0.00","ProjectionDiff":-0.43},{"PlayerName":"C.J. Beathard","PlayerId":"2557922","Pos":"QB","Team":"JAX","PlayerOpponent":"SF","PassingYDS":"","PassingTD":"","PassingInt":"","RushingYDS":"","RushingTD":"","ReceivingRec":"","ReceivingYDS":"","ReceivingTD":"","RetTD":"","FumTD":"","2PT":"","Fum":"","PlayerWeekProjectedPts":"0.87","Rank":6,"TotalPoints":"0.00","ProjectionDiff":-0.87},{"PlayerName":"David Blough","PlayerId":"2563043","Pos":"QB","Team":"DET","PlayerOpponent":"@CLE","PassingYDS":"","PassingTD":"","PassingInt":"","RushingYDS":"","RushingTD":"","ReceivingRec":"","ReceivingYDS":"","ReceivingTD":"","RetTD":"","FumTD":"","2PT":"","Fum":"","PlayerWeekProjectedPts":"0.34","Rank":7,"TotalPoints":"0.00","ProjectionDiff":-0.34},{"PlayerName":"Ian Book","PlayerId":"2566352","Pos":"QB","Team":"NO","PlayerOpponent":"@PHI","PassingYDS":"","PassingTD":"","PassingInt":"","RushingYDS":"","RushingTD":"","ReceivingRec":"","ReceivingYDS":"","ReceivingTD":"","RetTD":"","FumTD":"","2PT":"","Fum":"","PlayerWeekProjectedPts":"0.00","Rank":8,"TotalPoints":"0.00","ProjectionDiff":0.0},{"PlayerName":"Blake Bortles","PlayerId":"2543477","Pos":"QB","Team":"GB","PlayerOpponent":"@MIN","PassingYDS":"","PassingTD":"","PassingInt":"","RushingYDS":"","RushingTD":"","ReceivingRec":"","ReceivingYDS":"","ReceivingTD":"","RetTD":"","FumTD":"","2PT":"","Fum":"","PlayerWeekProjectedPts":"0.00","Rank":9,"TotalPoints":"0.00","ProjectionDiff":0.0},{"PlayerName":"Tim Boyle","PlayerId":"2561187","Pos":"QB","Team":"DET","PlayerOpponent":"@CLE","PassingYDS":"","PassingTD":"","PassingInt":"","RushingYDS":"","RushingTD":"","ReceivingRec":"","ReceivingYDS":"","ReceivingTD":"","RetTD":"","FumTD":"","2PT":"","Fum":"","PlayerWeekProjectedPts":null,"Rank":10,"TotalPoints":"0.00","ProjectionDiff":null},{"PlayerName":"Tom Brady","PlayerId":"2504211","Pos":"QB","Team":"TB","PlayerOpponent":"NYG","PassingYDS":"","PassingTD":"","PassingInt":"","RushingYDS":"","RushingTD":"","ReceivingRec":"","ReceivingYDS":"","ReceivingTD":"","RetTD":"","FumTD":"","2PT":"","Fum":"","PlayerWeekProjectedPts":"21.40","Rank":11,"TotalPoints":"0.00","ProjectionDiff":-21.4},{"PlayerName":"Drew Brees","PlayerId":"2504775","Pos":"QB","Team":"FA","PlayerOpponent":"Bye","PassingYDS":"","PassingTD":"","PassingInt":"","RushingYDS":"","RushingTD":"","ReceivingRec":"","ReceivingYDS":"","ReceivingTD":"","RetTD":"","FumTD":"","2PT":"","Fum":"","PlayerWeekProjectedPts":"","Rank":12,"TotalPoints":"0.00","ProjectionDiff":null},{"PlayerName":"Teddy Bridgewater","PlayerId":"2543465","Pos":"QB","Team":"DEN","PlayerOpponent":"Bye","PassingYDS":"","PassingTD":"","PassingInt":"","RushingYDS":"","RushingTD":"","ReceivingRec":"","ReceivingYDS":"","ReceivingTD":"","RetTD":"","FumTD":"","2PT":"","Fum":"","PlayerWeekProjectedPts":"","Rank":13,"TotalPoints":"0.00","ProjectionDiff":null},{"PlayerName":"Jacoby Brissett","PlayerId":"2555261","Pos":"QB","Team":"MIA","PlayerOpponent":"@NYJ","PassingYDS":"","PassingTD":"","PassingInt":"","RushingYDS":"","RushingTD":"","ReceivingRec":"","ReceivingYDS":"","ReceivingTD":"","RetTD":"","FumTD":"","2PT":"","Fum":"","PlayerWeekProjectedPts":"0.29","Rank":14,"TotalPoints":"0.00","ProjectionDiff":-0.29},{"PlayerName":"Jake Browning","PlayerId":"2562634","Pos":"QB","Team":"CIN","PlayerOpponent":"@LV","PassingYDS":"","PassingTD":"","PassingInt":"","RushingYDS":"","RushingTD":"","ReceivingRec":"","ReceivingYDS":"","ReceivingTD":"","RetTD":"","FumTD":"","2PT":"","Fum":"","PlayerWeekProjectedPts":"0.00","Rank":15,"TotalPoints":"0.00","ProjectionDiff":0.0},{"PlayerName":"Shane Buechele","PlayerId":"2566983","Pos":"QB","Team":"KC","PlayerOpponent":"DAL","PassingYDS":"","PassingTD":"","PassingInt":"","RushingYDS":"","RushingTD":"","ReceivingRec":"","ReceivingYDS":"","ReceivingTD":"","RetTD":"","FumTD":"","2PT":"","Fum":"","PlayerWeekProjectedPts":"0.00","Rank":16,"TotalPoints":"0.00","ProjectionDiff":0.0},{"PlayerName":"Joe Burrow","PlayerId":"2563722","Pos":"QB","Team":"CIN","PlayerOpponent":"@LV","PassingYDS":"","PassingTD":"","PassingInt":"","RushingYDS":"","RushingTD":"","ReceivingRec":"","ReceivingYDS":"","ReceivingTD":"","RetTD":"","FumTD":"","2PT":"","Fum":"","PlayerWeekProjectedPts":"17.91","Rank":17,"TotalPoints":"0.00","ProjectionDiff":-17.91},{"PlayerName":"Derek Carr","PlayerId":"2543499","Pos":"QB","Team":"LV","PlayerOpponent":"CIN","PassingYDS":"","PassingTD":"","PassingInt":"","RushingYDS":"","RushingTD":"","ReceivingRec":"","ReceivingYDS":"","ReceivingTD":"","RetTD":"","FumTD":"","2PT":"","Fum":"","PlayerWeekProjectedPts":"19.08","Rank":18,"TotalPoints":"0.00","ProjectionDiff":-19.08},{"PlayerName":"Kirk Cousins","PlayerId":"2532820","Pos":"QB","Team":"MIN","PlayerOpponent":"GB","PassingYDS":"","PassingTD":"","PassingInt":"","RushingYDS":"","RushingTD":"","ReceivingRec":"","ReceivingYDS":"","ReceivingTD":"","RetTD":"","FumTD":"","2PT":"","Fum":"","PlayerWeekProjectedPts":"18.38","Rank":19,"TotalPoints":"0.00","ProjectionDiff":-18.38},{"PlayerName":"Andy Dalton","PlayerId":"2495143","Pos":"QB","Team":"CHI","PlayerOpponent":"BAL","PassingYDS":"","PassingTD":"","PassingInt":"","RushingYDS":"","RushingTD":"","ReceivingRec":"","ReceivingYDS":"","ReceivingTD":"","RetTD":"","FumTD":"","2PT":"","Fum":"","PlayerWeekProjectedPts":"0.56","Rank":20,"TotalPoints":"0.00","ProjectionDiff":-0.56},{"PlayerName":"Chase Daniel","PlayerId":"81284","Pos":"QB","Team":"LAC","PlayerOpponent":"PIT","PassingYDS":"","PassingTD":"","PassingInt":"","RushingYDS":"","RushingTD":"","ReceivingRec":"","ReceivingYDS":"","ReceivingTD":"","RetTD":"","FumTD":"","2PT":"","Fum":"","PlayerWeekProjectedPts":"0.51","Rank":21,"TotalPoints":"0.00","ProjectionDiff":-0.51},{"PlayerName":"Sam Darnold","PlayerId":"2561036","Pos":"QB","Team":"CAR","PlayerOpponent":"WAS","PassingYDS":"","PassingTD":"","PassingInt":"","RushingYDS":"","RushingTD":"","ReceivingRec":"","ReceivingYDS":"","ReceivingTD":"","RetTD":"","FumTD":"","2PT":"","Fum":"","PlayerWeekProjectedPts":null,"Rank":22,"TotalPoints":"0.00","ProjectionDiff":null},{"PlayerName":"Ben DiNucci","PlayerId":"2563839","Pos":"QB","Team":"DAL","PlayerOpponent":"@KC","PassingYDS":"","PassingTD":"","PassingInt":"","RushingYDS":"","RushingTD":"","ReceivingRec":"","ReceivingYDS":"","ReceivingTD":"","RetTD":"","FumTD":"","2PT":"","Fum":"","PlayerWeekProjectedPts":"0.00","Rank":23,"TotalPoints":"0.00","ProjectionDiff":0.0},{"PlayerName":"Joshua Dobbs","PlayerId":"2558167","Pos":"QB","Team":"PIT","PlayerOpponent":"@LAC","PassingYDS":"","PassingTD":"","PassingInt":"","RushingYDS":"","RushingTD":"","ReceivingRec":"","ReceivingYDS":"","ReceivingTD":"","RetTD":"","FumTD":"","2PT":"","Fum":"","PlayerWeekProjectedPts":null,"Rank":24,"TotalPoints":"0.00","ProjectionDiff":null},{"PlayerName":"Jeff Driskel","PlayerId":"2555262","Pos":"QB","Team":"HOU","PlayerOpponent":"@TEN","PassingYDS":"","PassingTD":"","PassingInt":"","RushingYDS":"","RushingTD":"","ReceivingRec":"","ReceivingYDS":"","ReceivingTD":"","RetTD":"","FumTD":"","2PT":"","Fum":"","PlayerWeekProjectedPts":"0.00","Rank":25,"TotalPoints":"0.00","ProjectionDiff":0.0},{"PlayerName":"Jacob Eason","PlayerId":"2564115","Pos":"QB","Team":"SEA","PlayerOpponent":"ARI","PassingYDS":"","PassingTD":"","PassingInt":"","RushingYDS":"","RushingTD":"","ReceivingRec":"","ReceivingYDS":"","ReceivingTD":"","RetTD":"","FumTD":"","2PT":"","Fum":"","PlayerWeekProjectedPts":"0.81","Rank":26,"TotalPoints":"0.00","ProjectionDiff":-0.81},{"PlayerName":"Sam Ehlinger","PlayerId":"2566142","Pos":"QB","Team":"IND","PlayerOpponent":"@BUF","PassingYDS":"","PassingTD":"","PassingInt":"","RushingYDS":"","RushingTD":"","ReceivingRec":"","ReceivingYDS":"","ReceivingTD":"","RetTD":"","FumTD":"","2PT":"","Fum":"","PlayerWeekProjectedPts":"0.95","Rank":27,"TotalPoints":"0.00","ProjectionDiff":-0.95},{"PlayerName":"Danny Etling","PlayerId":"2560717","Pos":"QB","Team":"FA","PlayerOpponent":"Bye","PassingYDS":"","PassingTD":"","PassingInt":"","RushingYDS":"","RushingTD":"","ReceivingRec":"","ReceivingYDS":"","ReceivingTD":"","RetTD":"","FumTD":"","2PT":"","Fum":"","PlayerWeekProjectedPts":"","Rank":28,"TotalPoints":"0.00","ProjectionDiff":null},{"PlayerName":"Justin Fields","PlayerId":"2565920","Pos":"QB","Team":"CHI","PlayerOpponent":"BAL","PassingYDS":"","PassingTD":"","PassingInt":"","RushingYDS":"","RushingTD":"","ReceivingRec":"","ReceivingYDS":"","ReceivingTD":"","RetTD":"","FumTD":"","2PT":"","Fum":"","PlayerWeekProjectedPts":"14.92","Rank":29,"TotalPoints":"0.00","ProjectionDiff":-14.92},{"PlayerName":"Ryan Finley","PlayerId":"2562651","Pos":"QB","Team":"FA","PlayerOpponent":"Bye","PassingYDS":"","PassingTD":"","PassingInt":"","RushingYDS":"","RushingTD":"","ReceivingRec":"","ReceivingYDS":"","ReceivingTD":"","RetTD":"","FumTD":"","2PT":"","Fum":"","PlayerWeekProjectedPts":"","Rank":30,"TotalPoints":"0.00","ProjectionDiff":null},{"PlayerName":"Ryan Fitzpatrick","PlayerId":"2506581","Pos":"QB","Team":"WAS","PlayerOpponent":"@CAR","PassingYDS":"","PassingTD":"","PassingInt":"","RushingYDS":"","RushingTD":"","ReceivingRec":"","ReceivingYDS":"","ReceivingTD":"","RetTD":"","FumTD":"","2PT":"","Fum":"","PlayerWeekProjectedPts":null,"Rank":31,"TotalPoints":"0.00","ProjectionDiff":null},{"PlayerName":"Joe Flacco","PlayerId":"382","Pos":"QB","Team":"NYJ","PlayerOpponent":"MIA","PassingYDS":"","PassingTD":"","PassingInt":"","RushingYDS":"","RushingTD":"","ReceivingRec":"","ReceivingYDS":"","ReceivingTD":"","RetTD":"","FumTD":"","2PT":"","Fum":"","PlayerWeekProjectedPts":"1.27","Rank":32,"TotalPoints":"0.00","ProjectionDiff":-1.27},{"PlayerName":"Nick Foles","PlayerId":"2532842","Pos":"QB","Team":"CHI","PlayerOpponent":"BAL","PassingYDS":"","PassingTD":"","PassingInt":"","RushingYDS":"","RushingTD":"","ReceivingRec":"","ReceivingYDS":"","ReceivingTD":"","RetTD":"","FumTD":"","2PT":"","Fum":"","PlayerWeekProjectedPts":"0.00","Rank":33,"TotalPoints":"0.00","ProjectionDiff":0.0},{"PlayerName":"Feleipe Franks","PlayerId":"2566683","Pos":"QB","Team":"ATL","PlayerOpponent":"NE","PassingYDS":"","PassingTD":"","PassingInt":"","RushingYDS":"","RushingTD":"","ReceivingRec":"","ReceivingYDS":"","ReceivingTD":"","RetTD":"","FumTD":"","2PT":"","Fum":"","PlayerWeekProjectedPts":"0.91","Rank":34,"TotalPoints":"0.00","ProjectionDiff":-0.91},{"PlayerName":"Jake Fromm","PlayerId":"2563608","Pos":"QB","Team":"BUF","PlayerOpponent":"IND","PassingYDS":"","PassingTD":"","PassingInt":"","RushingYDS":"","RushingTD":"","ReceivingRec":"","ReceivingYDS":"","ReceivingTD":"","RetTD":"","FumTD":"","2PT":"","Fum":"","PlayerWeekProjectedPts":"0.00","Rank":35,"TotalPoints":"0.00","ProjectionDiff":0.0},{"PlayerName":"Blaine Gabbert","PlayerId":"2495441","Pos":"QB","Team":"TB","PlayerOpponent":"NYG","PassingYDS":"","PassingTD":"","PassingInt":"","RushingYDS":"","RushingTD":"","ReceivingRec":"","ReceivingYDS":"","ReceivingTD":"","RetTD":"","FumTD":"","2PT":"","Fum":"","PlayerWeekProjectedPts":"0.81","Rank":36,"TotalPoints":"0.00","ProjectionDiff":-0.81},{"PlayerName":"Jimmy Garoppolo","PlayerId":"2543801","Pos":"QB","Team":"SF","PlayerOpponent":"@JAX","PassingYDS":"","PassingTD":"","PassingInt":"","RushingYDS":"","RushingTD":"","ReceivingRec":"","ReceivingYDS":"","ReceivingTD":"","RetTD":"","FumTD":"","2PT":"","Fum":"","PlayerWeekProjectedPts":"16.03","Rank":37,"TotalPoints":"0.00","ProjectionDiff":-16.03},{"PlayerName":"Garrett Gilbert","PlayerId":"2549982","Pos":"QB","Team":"NE","PlayerOpponent":"@ATL","PassingYDS":"","PassingTD":"","PassingInt":"","RushingYDS":"","RushingTD":"","ReceivingRec":"","ReceivingYDS":"","ReceivingTD":"","RetTD":"","FumTD":"","2PT":"","Fum":"","PlayerWeekProjectedPts":"0.00","Rank":38,"TotalPoints":"0.00","ProjectionDiff":0.0},{"PlayerName":"Mike Glennon","PlayerId":"2539275","Pos":"QB","Team":"NYG","PlayerOpponent":"@TB","PassingYDS":"","PassingTD":"","PassingInt":"","RushingYDS":"","RushingTD":"","ReceivingRec":"","ReceivingYDS":"","ReceivingTD":"","RetTD":"","FumTD":"","2PT":"","Fum":"","PlayerWeekProjectedPts":"0.43","Rank":39,"TotalPoints":"0.00","ProjectionDiff":-0.43},{"PlayerName":"Jared Goff","PlayerId":"2555334","Pos":"QB","Team":"DET","PlayerOpponent":"@CLE","PassingYDS":"","PassingTD":"","PassingInt":"","RushingYDS":"","RushingTD":"","ReceivingRec":"","ReceivingYDS":"","ReceivingTD":"","RetTD":"","FumTD":"","2PT":"","Fum":"","PlayerWeekProjectedPts":"13.91","Rank":40,"TotalPoints":"0.00","ProjectionDiff":-13.91},{"PlayerName":"Anthony Gordon","PlayerId":"2565153","Pos":"QB","Team":"FA","PlayerOpponent":"Bye","PassingYDS":"","PassingTD":"","PassingInt":"","RushingYDS":"","RushingTD":"","ReceivingRec":"","ReceivingYDS":"","ReceivingTD":"","RetTD":"","FumTD":"","2PT":"","Fum":"","PlayerWeekProjectedPts":"","Rank":41,"TotalPoints":"0.00","ProjectionDiff":null},{"PlayerName":"Will Grier","PlayerId":"2562404","Pos":"QB","Team":"DAL","PlayerOpponent":"@KC","PassingYDS":"","PassingTD":"","PassingInt":"","RushingYDS":"","RushingTD":"","ReceivingRec":"","ReceivingYDS":"","ReceivingTD":"","RetTD":"","FumTD":"","2PT":"","Fum":"","PlayerWeekProjectedPts":"0.64","Rank":42,"TotalPoints":"0.00","ProjectionDiff":-0.64},{"PlayerName":"Ryan Griffin","PlayerId":"2541185","Pos":"QB","Team":"TB","PlayerOpponent":"NYG","PassingYDS":"","PassingTD":"","PassingInt":"","RushingYDS":"","RushingTD":"","ReceivingRec":"","ReceivingYDS":"","ReceivingTD":"","RetTD":"","FumTD":"","2PT":"","Fum":"","PlayerWeekProjectedPts":"0.00","Rank":43,"TotalPoints":"0.00","ProjectionDiff":0.0},{"PlayerName":"Dwayne Haskins","PlayerId":"2562660","Pos":"QB","Team":"PIT","PlayerOpponent":"@LAC","PassingYDS":"","PassingTD":"","PassingInt":"","RushingYDS":"","RushingTD":"","ReceivingRec":"","ReceivingYDS":"","ReceivingTD":"","RetTD":"","FumTD":"","2PT":"","Fum":"","PlayerWeekProjectedPts":"1.54","Rank":44,"TotalPoints":"0.00","ProjectionDiff":-1.54},{"PlayerName":"Taylor Heinicke","PlayerId":"2553656","Pos":"QB","Team":"WAS","PlayerOpponent":"@CAR","PassingYDS":"","PassingTD":"","PassingInt":"","RushingYDS":"","RushingTD":"","ReceivingRec":"","ReceivingYDS":"","ReceivingTD":"","RetTD":"","FumTD":"","2PT":"","Fum":"","PlayerWeekProjectedPts":"0.98","Rank":45,"TotalPoints":"0.00","ProjectionDiff":-0.98},{"PlayerName":"Chad Henne","PlayerId":"252","Pos":"QB","Team":"KC","PlayerOpponent":"DAL","PassingYDS":"","PassingTD":"","PassingInt":"","RushingYDS":"","RushingTD":"","ReceivingRec":"","ReceivingYDS":"","ReceivingTD":"","RetTD":"","FumTD":"","2PT":"","Fum":"","PlayerWeekProjectedPts":"0.58","Rank":46,"TotalPoints":"0.00","ProjectionDiff":-0.58},{"PlayerName":"Justin Herbert","PlayerId":"2565045","Pos":"QB","Team":"LAC","PlayerOpponent":"PIT","PassingYDS":"","PassingTD":"","PassingInt":"","RushingYDS":"","RushingTD":"","ReceivingRec":"","ReceivingYDS":"","ReceivingTD":"","RetTD":"","FumTD":"","2PT":"","Fum":"","PlayerWeekProjectedPts":"18.66","Rank":47,"TotalPoints":"0.00","ProjectionDiff":-18.66},{"PlayerName":"Taysom Hill","PlayerId":"2558954","Pos":"QB","Team":"NO","PlayerOpponent":"@PHI","PassingYDS":"","PassingTD":"","PassingInt":"","RushingYDS":"","RushingTD":"","ReceivingRec":"","ReceivingYDS":"","ReceivingTD":"","RetTD":"","FumTD":"","2PT":"","Fum":"","PlayerWeekProjectedPts":"6.93","Rank":48,"TotalPoints":"0.00","ProjectionDiff":-6.93},{"PlayerName":"Devlin Hodges","PlayerId":"2563258","Pos":"QB","Team":"FA","PlayerOpponent":"Bye","PassingYDS":"","PassingTD":"","PassingInt":"","RushingYDS":"","RushingTD":"","ReceivingRec":"","ReceivingYDS":"","ReceivingTD":"","RetTD":"","FumTD":"","2PT":"","Fum":"","PlayerWeekProjectedPts":"","Rank":49,"TotalPoints":"0.00","ProjectionDiff":null},{"PlayerName":"Brian Hoyer","PlayerId":"81294","Pos":"QB","Team":"NE","PlayerOpponent":"@ATL","PassingYDS":"","PassingTD":"","PassingInt":"","RushingYDS":"","RushingTD":"","ReceivingRec":"","ReceivingYDS":"","ReceivingTD":"","RetTD":"","FumTD":"","2PT":"","Fum":"","PlayerWeekProjectedPts":"0.80","Rank":50,"TotalPoints":"0.00","ProjectionDiff":-0.8},{"PlayerName":"Brett Hundley","PlayerId":"2552588","Pos":"QB","Team":"IND","PlayerOpponent":"@BUF","PassingYDS":"","PassingTD":"","PassingInt":"","RushingYDS":"","RushingTD":"","ReceivingRec":"","ReceivingYDS":"","ReceivingTD":"","RetTD":"","FumTD":"","2PT":"","Fum":"","PlayerWeekProjectedPts":"0.00","Rank":51,"TotalPoints":"0.00","ProjectionDiff":0.0},{"PlayerName":"Tyler Huntley","PlayerId":"2563560","Pos":"QB","Team":"BAL","PlayerOpponent":"@CHI","PassingYDS":"","PassingTD":"","PassingInt":"","RushingYDS":"","RushingTD":"","ReceivingRec":"","ReceivingYDS":"","ReceivingTD":"","RetTD":"","FumTD":"","2PT":"","Fum":"","PlayerWeekProjectedPts":"1.14","Rank":52,"TotalPoints":"0.00","ProjectionDiff":-1.14},{"PlayerName":"Jalen Hurts","PlayerId":"2564832","Pos":"QB","Team":"PHI","PlayerOpponent":"NO","PassingYDS":"","PassingTD":"","PassingInt":"","RushingYDS":"","RushingTD":"","ReceivingRec":"","ReceivingYDS":"","ReceivingTD":"","RetTD":"","FumTD":"","2PT":"","Fum":"","PlayerWeekProjectedPts":"19.77","Rank":53,"TotalPoints":"0.00","ProjectionDiff":-19.77},{"PlayerName":"Lamar Jackson","PlayerId":"2560757","Pos":"QB","Team":"BAL","PlayerOpponent":"@CHI","PassingYDS":"","PassingTD":"","PassingInt":"","RushingYDS":"","RushingTD":"","ReceivingRec":"","ReceivingYDS":"","ReceivingTD":"","RetTD":"","FumTD":"","2PT":"","Fum":"","PlayerWeekProjectedPts":"23.21","Rank":54,"TotalPoints":"0.00","ProjectionDiff":-23.21},{"PlayerName":"Josh Johnson","PlayerId":"264","Pos":"QB","Team":"NYJ","PlayerOpponent":"MIA","PassingYDS":"","PassingTD":"","PassingInt":"","RushingYDS":"","RushingTD":"","ReceivingRec":"","ReceivingYDS":"","ReceivingTD":"","RetTD":"","FumTD":"","2PT":"","Fum":"","PlayerWeekProjectedPts":"0.00","Rank":55,"TotalPoints":"0.00","ProjectionDiff":0.0},{"PlayerName":"Daniel Jones","PlayerId":"2562299","Pos":"QB","Team":"NYG","PlayerOpponent":"@TB","PassingYDS":"","PassingTD":"","PassingInt":"","RushingYDS":"","RushingTD":"","ReceivingRec":"","ReceivingYDS":"","ReceivingTD":"","RetTD":"","FumTD":"","2PT":"","Fum":"","PlayerWeekProjectedPts":"16.30","Rank":56,"TotalPoints":"0.00","ProjectionDiff":-16.3},{"PlayerName":"Mac Jones","PlayerId":"2566334","Pos":"QB","Team":"NE","PlayerOpponent":"@ATL","PassingYDS":"","PassingTD":"","PassingInt":"","RushingYDS":"","RushingTD":"","ReceivingRec":"","ReceivingYDS":"","ReceivingTD":"","RetTD":"","FumTD":"","2PT":"","Fum":"","PlayerWeekProjectedPts":"16.69","Rank":57,"TotalPoints":"0.00","ProjectionDiff":-16.69},{"PlayerName":"Colin Kaepernick","PlayerId":"2495186","Pos":"QB","Team":"FA","PlayerOpponent":"Bye","PassingYDS":"","PassingTD":"","PassingInt":"","RushingYDS":"","RushingTD":"","ReceivingRec":"","ReceivingYDS":"","ReceivingTD":"","RetTD":"","FumTD":"","2PT":"","Fum":"","PlayerWeekProjectedPts":"","Rank":58,"TotalPoints":"0.00","ProjectionDiff":null},{"PlayerName":"Case Keenum","PlayerId":"2532888","Pos":"QB","Team":"CLE","PlayerOpponent":"DET","PassingYDS":"","PassingTD":"","PassingInt":"","RushingYDS":"","RushingTD":"","ReceivingRec":"","ReceivingYDS":"","ReceivingTD":"","RetTD":"","FumTD":"","2PT":"","Fum":"","PlayerWeekProjectedPts":"0.70","Rank":59,"TotalPoints":"0.00","ProjectionDiff":-0.7},{"PlayerName":"DeShone Kizer","PlayerId":"2557983","Pos":"QB","Team":"FA","PlayerOpponent":"Bye","PassingYDS":"","PassingTD":"","PassingInt":"","RushingYDS":"","RushingTD":"","ReceivingRec":"","ReceivingYDS":"","ReceivingTD":"","RetTD":"","FumTD":"","2PT":"","Fum":"","PlayerWeekProjectedPts":"","Rank":60,"TotalPoints":"0.00","ProjectionDiff":null},{"PlayerName":"Trey Lance","PlayerId":"2566532","Pos":"QB","Team":"SF","PlayerOpponent":"@JAX","PassingYDS":"","PassingTD":"","PassingInt":"","RushingYDS":"","RushingTD":"","ReceivingRec":"","ReceivingYDS":"","ReceivingTD":"","RetTD":"","FumTD":"","2PT":"","Fum":"","PlayerWeekProjectedPts":"2.95","Rank":61,"TotalPoints":"0.00","ProjectionDiff":-2.95},{"PlayerName":"Kyle Lauletta","PlayerId":"2560786","Pos":"QB","Team":"JAX","PlayerOpponent":"SF","PassingYDS":"","PassingTD":"","PassingInt":"","RushingYDS":"","RushingTD":"","ReceivingRec":"","ReceivingYDS":"","ReceivingTD":"","RetTD":"","FumTD":"","2PT":"","Fum":"","PlayerWeekProjectedPts":"0.00","Rank":62,"TotalPoints":"0.00","ProjectionDiff":0.0},{"PlayerName":"Trevor Lawrence","PlayerId":"2566163","Pos":"QB","Team":"JAX","PlayerOpponent":"SF","PassingYDS":"","PassingTD":"","PassingInt":"","RushingYDS":"","RushingTD":"","ReceivingRec":"","ReceivingYDS":"","ReceivingTD":"","RetTD":"","FumTD":"","2PT":"","Fum":"","PlayerWeekProjectedPts":"13.96","Rank":63,"TotalPoints":"0.00","ProjectionDiff":-13.96},{"PlayerName":"Drew Lock","PlayerId":"2562305","Pos":"QB","Team":"DEN","PlayerOpponent":"Bye","PassingYDS":"","PassingTD":"","PassingInt":"","RushingYDS":"","RushingTD":"","ReceivingRec":"","ReceivingYDS":"","ReceivingTD":"","RetTD":"","FumTD":"","2PT":"","Fum":"","PlayerWeekProjectedPts":"","Rank":64,"TotalPoints":"0.00","ProjectionDiff":null},{"PlayerName":"Jordan Love","PlayerId":"2564007","Pos":"QB","Team":"GB","PlayerOpponent":"@MIN","PassingYDS":"","PassingTD":"","PassingInt":"","RushingYDS":"","RushingTD":"","ReceivingRec":"","ReceivingYDS":"","ReceivingTD":"","RetTD":"","FumTD":"","2PT":"","Fum":"","PlayerWeekProjectedPts":"0.65","Rank":65,"TotalPoints":"0.00","ProjectionDiff":-0.65},{"PlayerName":"Jake Luton","PlayerId":"2564205","Pos":"QB","Team":"SEA","PlayerOpponent":"ARI","PassingYDS":"","PassingTD":"","PassingInt":"","RushingYDS":"","RushingTD":"","ReceivingRec":"","ReceivingYDS":"","ReceivingTD":"","RetTD":"","FumTD":"","2PT":"","Fum":"","PlayerWeekProjectedPts":"0.00","Rank":66,"TotalPoints":"0.00","ProjectionDiff":0.0},{"PlayerName":"Patrick Mahomes","PlayerId":"2558125","Pos":"QB","Team":"KC","PlayerOpponent":"DAL","PassingYDS":"","PassingTD":"","PassingInt":"","RushingYDS":"","RushingTD":"","ReceivingRec":"","ReceivingYDS":"","ReceivingTD":"","RetTD":"","FumTD":"","2PT":"","Fum":"","PlayerWeekProjectedPts":"21.63","Rank":67,"TotalPoints":"0.00","ProjectionDiff":-21.63},{"PlayerName":"Sean Mannion","PlayerId":"2552576","Pos":"QB","Team":"MIN","PlayerOpponent":"GB","PassingYDS":"","PassingTD":"","PassingInt":"","RushingYDS":"","RushingTD":"","ReceivingRec":"","ReceivingYDS":"","ReceivingTD":"","RetTD":"","FumTD":"","2PT":"","Fum":"","PlayerWeekProjectedPts":"0.39","Rank":68,"TotalPoints":"0.00","ProjectionDiff":-0.39},{"PlayerName":"Marcus Mariota","PlayerId":"2552466","Pos":"QB","Team":"LV","PlayerOpponent":"CIN","PassingYDS":"","PassingTD":"","PassingInt":"","RushingYDS":"","RushingTD":"","ReceivingRec":"","ReceivingYDS":"","ReceivingTD":"","RetTD":"","FumTD":"","2PT":"","Fum":"","PlayerWeekProjectedPts":"1.00","Rank":69,"TotalPoints":"0.00","ProjectionDiff":-1.0},{"PlayerName":"Baker Mayfield","PlayerId":"2560800","Pos":"QB","Team":"CLE","PlayerOpponent":"DET","PassingYDS":"","PassingTD":"","PassingInt":"","RushingYDS":"","RushingTD":"","ReceivingRec":"","ReceivingYDS":"","ReceivingTD":"","RetTD":"","FumTD":"","2PT":"","Fum":"","PlayerWeekProjectedPts":"18.85","Rank":70,"TotalPoints":"0.00","ProjectionDiff":-18.85},{"PlayerName":"AJ McCarron","PlayerId":"2543497","Pos":"QB","Team":"ATL","PlayerOpponent":"NE","PassingYDS":"","PassingTD":"","PassingInt":"","RushingYDS":"","RushingTD":"","ReceivingRec":"","ReceivingYDS":"","ReceivingTD":"","RetTD":"","FumTD":"","2PT":"","Fum":"","PlayerWeekProjectedPts":null,"Rank":71,"TotalPoints":"0.00","ProjectionDiff":null},{"PlayerName":"Josh McCown","PlayerId":"2505076","Pos":"QB","Team":"FA","PlayerOpponent":"Bye","PassingYDS":"","PassingTD":"","PassingInt":"","RushingYDS":"","RushingTD":"","ReceivingRec":"","ReceivingYDS":"","ReceivingTD":"","RetTD":"","FumTD":"","2PT":"","Fum":"","PlayerWeekProjectedPts":"","Rank":72,"TotalPoints":"0.00","ProjectionDiff":null},{"PlayerName":"Colt McCoy","PlayerId":"497123","Pos":"QB","Team":"ARI","PlayerOpponent":"@SEA","PassingYDS":"","PassingTD":"","PassingInt":"","RushingYDS":"","RushingTD":"","ReceivingRec":"","ReceivingYDS":"","ReceivingTD":"","RetTD":"","FumTD":"","2PT":"","Fum":"","PlayerWeekProjectedPts":"0.02","Rank":73,"TotalPoints":"0.00","ProjectionDiff":-0.02},{"PlayerName":"Cole McDonald","PlayerId":"2564052","Pos":"QB","Team":"FA","PlayerOpponent":"Bye","PassingYDS":"","PassingTD":"","PassingInt":"","RushingYDS":"","RushingTD":"","ReceivingRec":"","ReceivingYDS":"","ReceivingTD":"","RetTD":"","FumTD":"","2PT":"","Fum":"","PlayerWeekProjectedPts":"","Rank":74,"TotalPoints":"0.00","ProjectionDiff":null},{"PlayerName":"Alex McGough","PlayerId":"2561148","Pos":"QB","Team":"FA","PlayerOpponent":"Bye","PassingYDS":"","PassingTD":"","PassingInt":"","RushingYDS":"","RushingTD":"","ReceivingRec":"","ReceivingYDS":"","ReceivingTD":"","RetTD":"","FumTD":"","2PT":"","Fum":"","PlayerWeekProjectedPts":"","Rank":75,"TotalPoints":"0.00","ProjectionDiff":null},{"PlayerName":"Trace McSorley","PlayerId":"2562403","Pos":"QB","Team":"BAL","PlayerOpponent":"@CHI","PassingYDS":"","PassingTD":"","PassingInt":"","RushingYDS":"","RushingTD":"","ReceivingRec":"","ReceivingYDS":"","ReceivingTD":"","RetTD":"","FumTD":"","2PT":"","Fum":"","PlayerWeekProjectedPts":"0.00","Rank":76,"TotalPoints":"0.00","ProjectionDiff":0.0},{"PlayerName":"Davis Mills","PlayerId":"2566136","Pos":"QB","Team":"HOU","PlayerOpponent":"@TEN","PassingYDS":"","PassingTD":"","PassingInt":"","RushingYDS":"","RushingTD":"","ReceivingRec":"","ReceivingYDS":"","ReceivingTD":"","RetTD":"","FumTD":"","2PT":"","Fum":"","PlayerWeekProjectedPts":"0.86","Rank":77,"TotalPoints":"0.00","ProjectionDiff":-0.86},{"PlayerName":"Gardner Minshew","PlayerId":"2562796","Pos":"QB","Team":"PHI","PlayerOpponent":"NO","PassingYDS":"","PassingTD":"","PassingInt":"","RushingYDS":"","RushingTD":"","ReceivingRec":"","ReceivingYDS":"","ReceivingTD":"","RetTD":"","FumTD":"","2PT":"","Fum":"","PlayerWeekProjectedPts":"1.14","Rank":78,"TotalPoints":"0.00","ProjectionDiff":-1.14},{"PlayerName":"Kellen Mond","PlayerId":"2566310","Pos":"QB","Team":"MIN","PlayerOpponent":"GB","PassingYDS":"","PassingTD":"","PassingInt":"","RushingYDS":"","RushingTD":"","ReceivingRec":"","ReceivingYDS":"","ReceivingTD":"","RetTD":"","FumTD":"","2PT":"","Fum":"","PlayerWeekProjectedPts":"1.51","Rank":79,"TotalPoints":"0.00","ProjectionDiff":-1.51},{"PlayerName":"Steven Montez","PlayerId":"2565285","Pos":"QB","Team":"DET","PlayerOpponent":"@CLE","PassingYDS":"","PassingTD":"","PassingInt":"","RushingYDS":"","RushingTD":"","ReceivingRec":"","ReceivingYDS":"","ReceivingTD":"","RetTD":"","FumTD":"","2PT":"","Fum":"","PlayerWeekProjectedPts":"0.00","Rank":80,"TotalPoints":"0.00","ProjectionDiff":0.0},{"PlayerName":"Matt Moore","PlayerId":"2507282","Pos":"QB","Team":"FA","PlayerOpponent":"Bye","PassingYDS":"","PassingTD":"","PassingInt":"","RushingYDS":"","RushingTD":"","ReceivingRec":"","ReceivingYDS":"","ReceivingTD":"","RetTD":"","FumTD":"","2PT":"","Fum":"","PlayerWeekProjectedPts":"","Rank":81,"TotalPoints":"0.00","ProjectionDiff":null},{"PlayerName":"James Morgan","PlayerId":"2564805","Pos":"QB","Team":"FA","PlayerOpponent":"Bye","PassingYDS":"","PassingTD":"","PassingInt":"","RushingYDS":"","RushingTD":"","ReceivingRec":"","ReceivingYDS":"","ReceivingTD":"","RetTD":"","FumTD":"","2PT":"","Fum":"","PlayerWeekProjectedPts":"","Rank":82,"TotalPoints":"0.00","ProjectionDiff":null},{"PlayerName":"Jalen Morton","PlayerId":"2564013","Pos":"QB","Team":"FA","PlayerOpponent":"Bye","PassingYDS":"","PassingTD":"","PassingInt":"","RushingYDS":"","RushingTD":"","ReceivingRec":"","ReceivingYDS":"","ReceivingTD":"","RetTD":"","FumTD":"","2PT":"","Fum":"","PlayerWeekProjectedPts":"","Rank":83,"TotalPoints":"0.00","ProjectionDiff":null},{"PlayerName":"Kyler Murray","PlayerId":"2562382","Pos":"QB","Team":"ARI","PlayerOpponent":"@SEA","PassingYDS":"","PassingTD":"","PassingInt":"","RushingYDS":"","RushingTD":"","ReceivingRec":"","ReceivingYDS":"","ReceivingTD":"","RetTD":"","FumTD":"","2PT":"","Fum":"","PlayerWeekProjectedPts":"18.37","Rank":84,"TotalPoints":"0.00","ProjectionDiff":-18.37},{"PlayerName":"Jamie Newman","PlayerId":"2567058","Pos":"QB","Team":"FA","PlayerOpponent":"Bye","PassingYDS":"","PassingTD":"","PassingInt":"","RushingYDS":"","RushingTD":"","ReceivingRec":"","ReceivingYDS":"","ReceivingTD":"","RetTD":"","FumTD":"","2PT":"","Fum":"","PlayerWeekProjectedPts":"","Rank":85,"TotalPoints":"0.00","ProjectionDiff":null},{"PlayerName":"Cam Newton","PlayerId":"2495455","Pos":"QB","Team":"CAR","PlayerOpponent":"WAS","PassingYDS":"","PassingTD":"","PassingInt":"","RushingYDS":"","RushingTD":"","ReceivingRec":"","ReceivingYDS":"","ReceivingTD":"","RetTD":"","FumTD":"","2PT":"","Fum":"","PlayerWeekProjectedPts":"0.00","Rank":86,"TotalPoints":"0.00","ProjectionDiff":0.0},{"PlayerName":"Bryce Perkins","PlayerId":"2564382","Pos":"QB","Team":"LA","PlayerOpponent":"Bye","PassingYDS":"","PassingTD":"","PassingInt":"","RushingYDS":"","RushingTD":"","ReceivingRec":"","ReceivingYDS":"","ReceivingTD":"","RetTD":"","FumTD":"","2PT":"","Fum":"","PlayerWeekProjectedPts":"","Rank":87,"TotalPoints":"0.00","ProjectionDiff":null},{"PlayerName":"Nathan Peterman","PlayerId":"2558191","Pos":"QB","Team":"LV","PlayerOpponent":"CIN","PassingYDS":"","PassingTD":"","PassingInt":"","RushingYDS":"","RushingTD":"","ReceivingRec":"","ReceivingYDS":"","ReceivingTD":"","RetTD":"","FumTD":"","2PT":"","Fum":"","PlayerWeekProjectedPts":"0.00","Rank":88,"TotalPoints":"0.00","ProjectionDiff":0.0},{"PlayerName":"Dak Prescott","PlayerId":"2555260","Pos":"QB","Team":"DAL","PlayerOpponent":"@KC","PassingYDS":"","PassingTD":"","PassingInt":"","RushingYDS":"","RushingTD":"","ReceivingRec":"","ReceivingYDS":"","ReceivingTD":"","RetTD":"","FumTD":"","2PT":"","Fum":"","PlayerWeekProjectedPts":"20.25","Rank":89,"TotalPoints":"0.00","ProjectionDiff":-20.25},{"PlayerName":"Philip Rivers","PlayerId":"2506121","Pos":"QB","Team":"FA","PlayerOpponent":"Bye","PassingYDS":"","PassingTD":"","PassingInt":"","RushingYDS":"","RushingTD":"","ReceivingRec":"","ReceivingYDS":"","ReceivingTD":"","RetTD":"","FumTD":"","2PT":"","Fum":"","PlayerWeekProjectedPts":"","Rank":90,"TotalPoints":"0.00","ProjectionDiff":null},{"PlayerName":"Aaron Rodgers","PlayerId":"2506363","Pos":"QB","Team":"GB","PlayerOpponent":"@MIN","PassingYDS":"","PassingTD":"","PassingInt":"","RushingYDS":"","RushingTD":"","ReceivingRec":"","ReceivingYDS":"","ReceivingTD":"","RetTD":"","FumTD":"","2PT":"","Fum":"","PlayerWeekProjectedPts":"20.12","Rank":91,"TotalPoints":"0.00","ProjectionDiff":-20.12},{"PlayerName":"Ben Roethlisberger","PlayerId":"2506109","Pos":"QB","Team":"PIT","PlayerOpponent":"@LAC","PassingYDS":"","PassingTD":"","PassingInt":"","RushingYDS":"","RushingTD":"","ReceivingRec":"","ReceivingYDS":"","ReceivingTD":"","RetTD":"","FumTD":"","2PT":"","Fum":"","PlayerWeekProjectedPts":"0.00","Rank":92,"TotalPoints":"0.00","ProjectionDiff":0.0},{"PlayerName":"Josh Rosen","PlayerId":"2560858","Pos":"QB","Team":"ATL","PlayerOpponent":"NE","PassingYDS":"","PassingTD":"","PassingInt":"","RushingYDS":"","RushingTD":"","ReceivingRec":"","ReceivingYDS":"","ReceivingTD":"","RetTD":"","FumTD":"","2PT":"","Fum":"","PlayerWeekProjectedPts":"0.39","Rank":93,"TotalPoints":"0.00","ProjectionDiff":-0.39},{"PlayerName":"Jake Rudock","PlayerId":"2556232","Pos":"QB","Team":"FA","PlayerOpponent":"Bye","PassingYDS":"","PassingTD":"","PassingInt":"","RushingYDS":"","RushingTD":"","ReceivingRec":"","ReceivingYDS":"","ReceivingTD":"","RetTD":"","FumTD":"","2PT":"","Fum":"","PlayerWeekProjectedPts":"","Rank":94,"TotalPoints":"0.00","ProjectionDiff":null},{"PlayerName":"Mason Rudolph","PlayerId":"2560860","Pos":"QB","Team":"PIT","PlayerOpponent":"@LAC","PassingYDS":"","PassingTD":"","PassingInt":"","RushingYDS":"","RushingTD":"","ReceivingRec":"","ReceivingYDS":"","ReceivingTD":"","RetTD":"","FumTD":"","2PT":"","Fum":"","PlayerWeekProjectedPts":"13.94","Rank":95,"TotalPoints":"0.00","ProjectionDiff":-13.94},{"PlayerName":"Cooper Rush","PlayerId":"2559242","Pos":"QB","Team":"DAL","PlayerOpponent":"@KC","PassingYDS":"","PassingTD":"","PassingInt":"","RushingYDS":"","RushingTD":"","ReceivingRec":"","ReceivingYDS":"","ReceivingTD":"","RetTD":"","FumTD":"","2PT":"","Fum":"","PlayerWeekProjectedPts":"0.61","Rank":96,"TotalPoints":"0.00","ProjectionDiff":-0.61},{"PlayerName":"Matt Ryan","PlayerId":"310","Pos":"QB","Team":"ATL","PlayerOpponent":"NE","PassingYDS":"","PassingTD":"","PassingInt":"","RushingYDS":"","RushingTD":"","ReceivingRec":"","ReceivingYDS":"","ReceivingTD":"","RetTD":"","FumTD":"","2PT":"","Fum":"","PlayerWeekProjectedPts":"16.60","Rank":97,"TotalPoints":"0.00","ProjectionDiff":-16.6},{"PlayerName":"Brett Rypien","PlayerId":"2562718","Pos":"QB","Team":"DEN","PlayerOpponent":"Bye","PassingYDS":"","PassingTD":"","PassingInt":"","RushingYDS":"","RushingTD":"","ReceivingRec":"","ReceivingYDS":"","ReceivingTD":"","RetTD":"","FumTD":"","2PT":"","Fum":"","PlayerWeekProjectedPts":"","Rank":98,"TotalPoints":"0.00","ProjectionDiff":null},{"PlayerName":"Matt Schaub","PlayerId":"2505982","Pos":"QB","Team":"FA","PlayerOpponent":"Bye","PassingYDS":"","PassingTD":"","PassingInt":"","RushingYDS":"","RushingTD":"","ReceivingRec":"","ReceivingYDS":"","ReceivingTD":"","RetTD":"","FumTD":"","2PT":"","Fum":"","PlayerWeekProjectedPts":"","Rank":99,"TotalPoints":"0.00","ProjectionDiff":null},{"PlayerName":"Kyle Shurmur","PlayerId":"2562731","Pos":"QB","Team":"WAS","PlayerOpponent":"@CAR","PassingYDS":"","PassingTD":"","PassingInt":"","RushingYDS":"","RushingTD":"","ReceivingRec":"","ReceivingYDS":"","ReceivingTD":"","RetTD":"","FumTD":"","2PT":"","Fum":"","PlayerWeekProjectedPts":"0.00","Rank":100,"TotalPoints":"0.00","ProjectionDiff":0.0},{"PlayerName":"Trevor Siemian","PlayerId":"2553457","Pos":"QB","Team":"NO","PlayerOpponent":"@PHI","PassingYDS":"","PassingTD":"","PassingInt":"","RushingYDS":"","RushingTD":"","ReceivingRec":"","ReceivingYDS":"","ReceivingTD":"","RetTD":"","FumTD":"","2PT":"","Fum":"","PlayerWeekProjectedPts":"0.85","Rank":101,"TotalPoints":"0.00","ProjectionDiff":-0.85},{"PlayerName":"Reid Sinnett","PlayerId":"2565255","Pos":"QB","Team":"PHI","PlayerOpponent":"NO","PassingYDS":"","PassingTD":"","PassingInt":"","RushingYDS":"","RushingTD":"","ReceivingRec":"","ReceivingYDS":"","ReceivingTD":"","RetTD":"","FumTD":"","2PT":"","Fum":"","PlayerWeekProjectedPts":"0.00","Rank":102,"TotalPoints":"0.00","ProjectionDiff":0.0},{"PlayerName":"Alex Smith","PlayerId":"2506340","Pos":"QB","Team":"FA","PlayerOpponent":"Bye","PassingYDS":"","PassingTD":"","PassingInt":"","RushingYDS":"","RushingTD":"","ReceivingRec":"","ReceivingYDS":"","ReceivingTD":"","RetTD":"","FumTD":"","2PT":"","Fum":"","PlayerWeekProjectedPts":"","Rank":103,"TotalPoints":"0.00","ProjectionDiff":null},{"PlayerName":"Geno Smith","PlayerId":"2539335","Pos":"QB","Team":"SEA","PlayerOpponent":"ARI","PassingYDS":"","PassingTD":"","PassingInt":"","RushingYDS":"","RushingTD":"","ReceivingRec":"","ReceivingYDS":"","ReceivingTD":"","RetTD":"","FumTD":"","2PT":"","Fum":"","PlayerWeekProjectedPts":"1.22","Rank":104,"TotalPoints":"0.00","ProjectionDiff":-1.22},{"PlayerName":"Matthew Stafford","PlayerId":"79860","Pos":"QB","Team":"LA","PlayerOpponent":"Bye","PassingYDS":"","PassingTD":"","PassingInt":"","RushingYDS":"","RushingTD":"","ReceivingRec":"","ReceivingYDS":"","ReceivingTD":"","RetTD":"","FumTD":"","2PT":"","Fum":"","PlayerWeekProjectedPts":"","Rank":105,"TotalPoints":"0.00","ProjectionDiff":null},{"PlayerName":"Nate Stanley","PlayerId":"2564577","Pos":"QB","Team":"MIN","PlayerOpponent":"GB","PassingYDS":"","PassingTD":"","PassingInt":"","RushingYDS":"","RushingTD":"","ReceivingRec":"","ReceivingYDS":"","ReceivingTD":"","RetTD":"","FumTD":"","2PT":"","Fum":"","PlayerWeekProjectedPts":null,"Rank":106,"TotalPoints":"0.00","ProjectionDiff":null},{"PlayerName":"Drew Stanton","PlayerId":"2495748","Pos":"QB","Team":"FA","PlayerOpponent":"Bye","PassingYDS":"","PassingTD":"","PassingInt":"","RushingYDS":"","RushingTD":"","ReceivingRec":"","ReceivingYDS":"","ReceivingTD":"","RetTD":"","FumTD":"","2PT":"","Fum":"","PlayerWeekProjectedPts":"","Rank":107,"TotalPoints":"0.00","ProjectionDiff":null},{"PlayerName":"Tommy Stevens","PlayerId":"2564697","Pos":"QB","Team":"FA","PlayerOpponent":"Bye","PassingYDS":"","PassingTD":"","PassingInt":"","RushingYDS":"","RushingTD":"","ReceivingRec":"","ReceivingYDS":"","ReceivingTD":"","RetTD":"","FumTD":"","2PT":"","Fum":"","PlayerWeekProjectedPts":"","Rank":108,"TotalPoints":"0.00","ProjectionDiff":null},{"PlayerName":"Easton Stick","PlayerId":"2562745","Pos":"QB","Team":"LAC","PlayerOpponent":"PIT","PassingYDS":"","PassingTD":"","PassingInt":"","RushingYDS":"","RushingTD":"","ReceivingRec":"","ReceivingYDS":"","ReceivingTD":"","RetTD":"","FumTD":"","2PT":"","Fum":"","PlayerWeekProjectedPts":"0.00","Rank":109,"TotalPoints":"0.00","ProjectionDiff":0.0},{"PlayerName":"Jarrett Stidham","PlayerId":"2562746","Pos":"QB","Team":"NE","PlayerOpponent":"@ATL","PassingYDS":"","PassingTD":"","PassingInt":"","RushingYDS":"","RushingTD":"","ReceivingRec":"","ReceivingYDS":"","ReceivingTD":"","RetTD":"","FumTD":"","2PT":"","Fum":"","PlayerWeekProjectedPts":"0.00","Rank":110,"TotalPoints":"0.00","ProjectionDiff":0.0},{"PlayerName":"Chris Streveler","PlayerId":"2563458","Pos":"QB","Team":"ARI","PlayerOpponent":"@SEA","PassingYDS":"","PassingTD":"","PassingInt":"","RushingYDS":"","RushingTD":"","ReceivingRec":"","ReceivingYDS":"","ReceivingTD":"","RetTD":"","FumTD":"","2PT":"","Fum":"","PlayerWeekProjectedPts":"0.82","Rank":111,"TotalPoints":"0.00","ProjectionDiff":-0.82},{"PlayerName":"Nate Sudfeld","PlayerId":"2555427","Pos":"QB","Team":"SF","PlayerOpponent":"@JAX","PassingYDS":"","PassingTD":"","PassingInt":"","RushingYDS":"","RushingTD":"","ReceivingRec":"","ReceivingYDS":"","ReceivingTD":"","RetTD":"","FumTD":"","2PT":"","Fum":"","PlayerWeekProjectedPts":"0.00","Rank":112,"TotalPoints":"0.00","ProjectionDiff":0.0},{"PlayerName":"Tua Tagovailoa","PlayerId":"2564499","Pos":"QB","Team":"MIA","PlayerOpponent":"@NYJ","PassingYDS":"","PassingTD":"","PassingInt":"","RushingYDS":"","RushingTD":"","ReceivingRec":"","ReceivingYDS":"","ReceivingTD":"","RetTD":"","FumTD":"","2PT":"","Fum":"","PlayerWeekProjectedPts":"20.75","Rank":113,"TotalPoints":"0.00","ProjectionDiff":-20.75},{"PlayerName":"Ryan Tannehill","PlayerId":"2532956","Pos":"QB","Team":"TEN","PlayerOpponent":"HOU","PassingYDS":"","PassingTD":"","PassingInt":"","RushingYDS":"","RushingTD":"","ReceivingRec":"","ReceivingYDS":"","ReceivingTD":"","RetTD":"","FumTD":"","2PT":"","Fum":"","PlayerWeekProjectedPts":"19.58","Rank":114,"TotalPoints":"0.00","ProjectionDiff":-19.58},{"PlayerName":"Tyrod Taylor","PlayerId":"2495240","Pos":"QB","Team":"HOU","PlayerOpponent":"@TEN","PassingYDS":"","PassingTD":"","PassingInt":"","RushingYDS":"","RushingTD":"","ReceivingRec":"","ReceivingYDS":"","ReceivingTD":"","RetTD":"","FumTD":"","2PT":"","Fum":"","PlayerWeekProjectedPts":"14.22","Rank":115,"TotalPoints":"0.00","ProjectionDiff":-14.22},{"PlayerName":"Clayton Thorson","PlayerId":"2562762","Pos":"QB","Team":"FA","PlayerOpponent":"Bye","PassingYDS":"","PassingTD":"","PassingInt":"","RushingYDS":"","RushingTD":"","ReceivingRec":"","ReceivingYDS":"","ReceivingTD":"","RetTD":"","FumTD":"","2PT":"","Fum":"","PlayerWeekProjectedPts":"","Rank":116,"TotalPoints":"0.00","ProjectionDiff":null},{"PlayerName":"Kyle Trask","PlayerId":"2566571","Pos":"QB","Team":"TB","PlayerOpponent":"NYG","PassingYDS":"","PassingTD":"","PassingInt":"","RushingYDS":"","RushingTD":"","ReceivingRec":"","ReceivingYDS":"","ReceivingTD":"","RetTD":"","FumTD":"","2PT":"","Fum":"","PlayerWeekProjectedPts":"0.00","Rank":117,"TotalPoints":"0.00","ProjectionDiff":0.0},{"PlayerName":"Mitchell Trubisky","PlayerId":"2558008","Pos":"QB","Team":"BUF","PlayerOpponent":"IND","PassingYDS":"","PassingTD":"","PassingInt":"","RushingYDS":"","RushingTD":"","ReceivingRec":"","ReceivingYDS":"","ReceivingTD":"","RetTD":"","FumTD":"","2PT":"","Fum":"","PlayerWeekProjectedPts":"0.59","Rank":118,"TotalPoints":"0.00","ProjectionDiff":-0.59},{"PlayerName":"P.J. Walker","PlayerId":"2558904","Pos":"QB","Team":"CAR","PlayerOpponent":"WAS","PassingYDS":"","PassingTD":"","PassingInt":"","RushingYDS":"","RushingTD":"","ReceivingRec":"","ReceivingYDS":"","ReceivingTD":"","RetTD":"","FumTD":"","2PT":"","Fum":"","PlayerWeekProjectedPts":"13.29","Rank":119,"TotalPoints":"0.00","ProjectionDiff":-13.29},{"PlayerName":"Deshaun Watson","PlayerId":"2558063","Pos":"QB","Team":"HOU","PlayerOpponent":"@TEN","PassingYDS":"","PassingTD":"","PassingInt":"","RushingYDS":"","RushingTD":"","ReceivingRec":"","ReceivingYDS":"","ReceivingTD":"","RetTD":"","FumTD":"","2PT":"","Fum":"","PlayerWeekProjectedPts":"0.00","Rank":120,"TotalPoints":"0.00","ProjectionDiff":0.0},{"PlayerName":"Davis Webb","PlayerId":"2557897","Pos":"QB","Team":"BUF","PlayerOpponent":"IND","PassingYDS":"","PassingTD":"","PassingInt":"","RushingYDS":"","RushingTD":"","ReceivingRec":"","ReceivingYDS":"","ReceivingTD":"","RetTD":"","FumTD":"","2PT":"","Fum":"","PlayerWeekProjectedPts":"0.00","Rank":121,"TotalPoints":"0.00","ProjectionDiff":0.0},{"PlayerName":"Carson Wentz","PlayerId":"2555259","Pos":"QB","Team":"IND","PlayerOpponent":"@BUF","PassingYDS":"","PassingTD":"","PassingInt":"","RushingYDS":"","RushingTD":"","ReceivingRec":"","ReceivingYDS":"","ReceivingTD":"","RetTD":"","FumTD":"","2PT":"","Fum":"","PlayerWeekProjectedPts":"14.16","Rank":122,"TotalPoints":"0.00","ProjectionDiff":-14.16},{"PlayerName":"Mike White","PlayerId":"2560929","Pos":"QB","Team":"NYJ","PlayerOpponent":"MIA","PassingYDS":"","PassingTD":"","PassingInt":"","RushingYDS":"","RushingTD":"","ReceivingRec":"","ReceivingYDS":"","ReceivingTD":"","RetTD":"","FumTD":"","2PT":"","Fum":"","PlayerWeekProjectedPts":"14.91","Rank":123,"TotalPoints":"0.00","ProjectionDiff":-14.91},{"PlayerName":"Russell Wilson","PlayerId":"2532975","Pos":"QB","Team":"SEA","PlayerOpponent":"ARI","PassingYDS":"","PassingTD":"","PassingInt":"","RushingYDS":"","RushingTD":"","ReceivingRec":"","ReceivingYDS":"","ReceivingTD":"","RetTD":"","FumTD":"","2PT":"","Fum":"","PlayerWeekProjectedPts":"16.96","Rank":124,"TotalPoints":"0.00","ProjectionDiff":-16.96},{"PlayerName":"Zach Wilson","PlayerId":"2566391","Pos":"QB","Team":"NYJ","PlayerOpponent":"MIA","PassingYDS":"","PassingTD":"","PassingInt":"","RushingYDS":"","RushingTD":"","ReceivingRec":"","ReceivingYDS":"","ReceivingTD":"","RetTD":"","FumTD":"","2PT":"","Fum":"","PlayerWeekProjectedPts":"0.00","Rank":125,"TotalPoints":"0.00","ProjectionDiff":0.0},{"PlayerName":"Jameis Winston","PlayerId":"2552033","Pos":"QB","Team":"NO","PlayerOpponent":"@PHI","PassingYDS":"","PassingTD":"","PassingInt":"","RushingYDS":"","RushingTD":"","ReceivingRec":"","ReceivingYDS":"","ReceivingTD":"","RetTD":"","FumTD":"","2PT":"","Fum":"","PlayerWeekProjectedPts":null,"Rank":126,"TotalPoints":"0.00","ProjectionDiff":null},{"PlayerName":"John Wolford","PlayerId":"2561718","Pos":"QB","Team":"LA","PlayerOpponent":"Bye","PassingYDS":"","PassingTD":"","PassingInt":"","RushingYDS":"","RushingTD":"","ReceivingRec":"","ReceivingYDS":"","ReceivingTD":"","RetTD":"","FumTD":"","2PT":"","Fum":"","PlayerWeekProjectedPts":"","Rank":127,"TotalPoints":"0.00","ProjectionDiff":null},{"PlayerName":"Logan Woodside","PlayerId":"2560942","Pos":"QB","Team":"TEN","PlayerOpponent":"HOU","PassingYDS":"","PassingTD":"","PassingInt":"","RushingYDS":"","RushingTD":"","ReceivingRec":"","ReceivingYDS":"","ReceivingTD":"","RetTD":"","FumTD":"","2PT":"","Fum":"","PlayerWeekProjectedPts":"0.89","Rank":128,"TotalPoints":"0.00","ProjectionDiff":-0.89}]