[{"PlayerName":"Ameer Abdullah","PlayerId":"2552374","Pos":"RB","Team":"CAR","PlayerOpponent":"WAS","PassingYDS":"","PassingTD":"","PassingInt":"","RushingYDS":"","RushingTD":"","ReceivingRec":"","ReceivingYDS":"","ReceivingTD":"","RetTD":"","FumTD":"","2PT":"","Fum":"","PlayerWeekProjectedPts":"4.12","Rank":1,"TotalPoints":"0.00","ProjectionDiff":-4.12},{"PlayerName":"Josh Adams","PlayerId":"2560949","Pos":"RB","Team":"NO","PlayerOpponent":"@PHI","PassingYDS":"","PassingTD":"","PassingInt":"","RushingYDS":"","RushingTD":"","ReceivingRec":"","ReceivingYDS":"","ReceivingTD":"","RetTD":"","FumTD":"","2PT":"","Fum":"","PlayerWeekProjectedPts":"0.00","Rank":2,"TotalPoints":"0.00","ProjectionDiff":0.0},{"PlayerName":"Salvon Ahmed","PlayerId":"2565090","Pos":"RB","Team":"MIA","PlayerOpponent":"@NYJ","PassingYDS":"","PassingTD":"","PassingInt":"","RushingYDS":"","RushingTD":"","ReceivingRec":"","ReceivingYDS":"","ReceivingTD":"","RetTD":"","FumTD":"","2PT":"","Fum":"","PlayerWeekProjectedPts":"4.06","Rank":3,"TotalPoints":"0.00","ProjectionDiff":-4.06},{"PlayerName":"Cam Akers","PlayerId":"2564319","Pos":"RB","Team":"LA","PlayerOpponent":"Bye","PassingYDS":"","PassingTD":"","PassingInt":"","RushingYDS":"","RushingTD":"","ReceivingRec":"","ReceivingYDS":"","ReceivingTD":"","RetTD":"","FumTD":"","2PT":"","Fum":"","PlayerWeekProjectedPts":"","Rank":4,"TotalPoints":"0.00","ProjectionDiff":null},{"PlayerName":"Darius Anderson","PlayerId":"2563824","Pos":"RB","Team":"FA","PlayerOpponent":"Bye","PassingYDS":"","PassingTD":"","PassingInt":"","RushingYDS":"","RushingTD":"","ReceivingRec":"","ReceivingYDS":"","ReceivingTD":"","RetTD":"","FumTD":"","2PT":"","Fum":"","PlayerWeekProjectedPts":"","Rank":5,"TotalPoints":"0.00","ProjectionDiff":null},{"PlayerName":"Alex Armah","PlayerId":"2558833","Pos":"RB","Team":"NO","PlayerOpponent":"@PHI","PassingYDS":"","PassingTD":"","PassingInt":"","RushingYDS":"","RushingTD":"","ReceivingRec":"","ReceivingYDS":"","ReceivingTD":"","RetTD":"","FumTD":"","2PT":"","Fum":"","PlayerWeekProjectedPts":"0.27","Rank":6,"TotalPoints":"0.00","ProjectionDiff":-0.27},{"PlayerName":"Ryquell Armstead","PlayerId":"2562622","Pos":"RB","Team":"GB","PlayerOpponent":"@MIN","PassingYDS":"","PassingTD":"","PassingInt":"","RushingYDS":"","RushingTD":"","ReceivingRec":"","ReceivingYDS":"","ReceivingTD":"","RetTD":"","FumTD":"","2PT":"","Fum":"","PlayerWeekProjectedPts":"0.00","Rank":7,"TotalPoints":"0.00","ProjectionDiff":0.0},{"PlayerName":"Kalen Ballage","PlayerId":"2560967","Pos":"RB","Team":"PIT","PlayerOpponent":"@LAC","PassingYDS":"","PassingTD":"","PassingInt":"","RushingYDS":"","RushingTD":"","ReceivingRec":"","ReceivingYDS":"","ReceivingTD":"","RetTD":"","FumTD":"","2PT":"","Fum":"","PlayerWeekProjectedPts":"1.03","Rank":8,"TotalPoints":"0.00","ProjectionDiff":-1.03},{"PlayerName":"Peyton Barber","PlayerId":"2556466","Pos":"RB","Team":"LV","PlayerOpponent":"CIN","PassingYDS":"","PassingTD":"","PassingInt":"","RushingYDS":"","RushingTD":"","ReceivingRec":"","ReceivingYDS":"","ReceivingTD":"","RetTD":"","FumTD":"","2PT":"","Fum":"","PlayerWeekProjectedPts":"0.00","Rank":9,"TotalPoints":"0.00","ProjectionDiff":0.0},{"PlayerName":"Jake Bargas","PlayerId":"2564508","Pos":"RB","Team":"MIN","PlayerOpponent":"GB","PassingYDS":"","PassingTD":"","PassingInt":"","RushingYDS":"","RushingTD":"","ReceivingRec":"","ReceivingYDS":"","ReceivingTD":"","RetTD":"","FumTD":"","2PT":"","Fum":"","PlayerWeekProjectedPts":null,"Rank":10,"TotalPoints":"0.00","ProjectionDiff":null},{"PlayerName":"Saquon Barkley","PlayerId":"2560968","Pos":"RB","Team":"NYG","PlayerOpponent":"@TB","PassingYDS":"","PassingTD":"","PassingInt":"","RushingYDS":"","RushingTD":"","ReceivingRec":"","ReceivingYDS":"","ReceivingTD":"","RetTD":"","FumTD":"","2PT":"","Fum":"","PlayerWeekProjectedPts":"10.77","Rank":11,"TotalPoints":"0.00","ProjectionDiff":-10.77},{"PlayerName":"Nick Bawden","PlayerId":"2560972","Pos":"RB","Team":"NYJ","PlayerOpponent":"MIA","PassingYDS":"","PassingTD":"","PassingInt":"","RushingYDS":"","RushingTD":"","ReceivingRec":"","ReceivingYDS":"","ReceivingTD":"","RetTD":"","FumTD":"","2PT":"","Fum":"","PlayerWeekProjectedPts":"0.00","Rank":12,"TotalPoints":"0.00","ProjectionDiff":0.0},{"PlayerName":"Le'Veon Bell","PlayerId":"2540175","Pos":"RB","Team":"FA","PlayerOpponent":"Bye","PassingYDS":"","PassingTD":"","PassingInt":"","RushingYDS":"","RushingTD":"","ReceivingRec":"","ReceivingYDS":"","ReceivingTD":"","RetTD":"","FumTD":"","2PT":"","Fum":"","PlayerWeekProjectedPts":"","Rank":13,"TotalPoints":"0.00","ProjectionDiff":null},{"PlayerName":"Levante Bellamy","PlayerId":"2563878","Pos":"RB","Team":"DEN","PlayerOpponent":"Bye","PassingYDS":"","PassingTD":"","PassingInt":"","RushingYDS":"","RushingTD":"","ReceivingRec":"","ReceivingYDS":"","ReceivingTD":"","RetTD":"","FumTD":"","2PT":"","Fum":"","PlayerWeekProjectedPts":null,"Rank":14,"TotalPoints":"0.00","ProjectionDiff":null},{"PlayerName":"Nick Bellore","PlayerId":"2495262","Pos":"RB","Team":"SEA","PlayerOpponent":"ARI","PassingYDS":"","PassingTD":"","PassingInt":"","RushingYDS":"","RushingTD":"","ReceivingRec":"","ReceivingYDS":"","ReceivingTD":"","RetTD":"","FumTD":"","2PT":"","Fum":"","PlayerWeekProjectedPts":"0.00","Rank":15,"TotalPoints":"0.00","ProjectionDiff":0.0},{"PlayerName":"Eno Benjamin","PlayerId":"2564889","Pos":"RB","Team":"ARI","PlayerOpponent":"@SEA","PassingYDS":"","PassingTD":"","PassingInt":"","RushingYDS":"","RushingTD":"","ReceivingRec":"","ReceivingYDS":"","ReceivingTD":"","RetTD":"","FumTD":"","2PT":"","Fum":"","PlayerWeekProjectedPts":"3.68","Rank":16,"TotalPoints":"0.00","ProjectionDiff":-3.68},{"PlayerName":"Giovani Bernard","PlayerId":"2540156","Pos":"RB","Team":"TB","PlayerOpponent":"NYG","PassingYDS":"","PassingTD":"","PassingInt":"","RushingYDS":"","RushingTD":"","ReceivingRec":"","ReceivingYDS":"","ReceivingTD":"","RetTD":"","FumTD":"","2PT":"","Fum":"","PlayerWeekProjectedPts":"0.00","Rank":17,"TotalPoints":"0.00","ProjectionDiff":0.0},{"PlayerName":"Khari Blasingame","PlayerId":"2562869","Pos":"RB","Team":"TEN","PlayerOpponent":"HOU","PassingYDS":"","PassingTD":"","PassingInt":"","RushingYDS":"","RushingTD":"","ReceivingRec":"","ReceivingYDS":"","ReceivingTD":"","RetTD":"","FumTD":"","2PT":"","Fum":"","PlayerWeekProjectedPts":null,"Rank":18,"TotalPoints":"0.00","ProjectionDiff":null},{"PlayerName":"Brandon Bolden","PlayerId":"2532797","Pos":"RB","Team":"NE","PlayerOpponent":"@ATL","PassingYDS":"","PassingTD":"","PassingInt":"","RushingYDS":"","RushingTD":"","ReceivingRec":"","ReceivingYDS":"","ReceivingTD":"","RetTD":"","FumTD":"","2PT":"","Fum":"","PlayerWeekProjectedPts":"4.68","Rank":19,"TotalPoints":"0.00","ProjectionDiff":-4.68},{"PlayerName":"Reggie Bonnafon","PlayerId":"2561184","Pos":"RB","Team":"CAR","PlayerOpponent":"WAS","PassingYDS":"","PassingTD":"","PassingInt":"","RushingYDS":"","RushingTD":"","ReceivingRec":"","ReceivingYDS":"","ReceivingTD":"","RetTD":"","FumTD":"","2PT":"","Fum":"","PlayerWeekProjectedPts":"0.00","Rank":20,"TotalPoints":"0.00","ProjectionDiff":0.0},{"PlayerName":"Devontae Booker","PlayerId":"2555223","Pos":"RB","Team":"NYG","PlayerOpponent":"@TB","PassingYDS":"","PassingTD":"","PassingInt":"","RushingYDS":"","RushingTD":"","ReceivingRec":"","ReceivingYDS":"","ReceivingTD":"","RetTD":"","FumTD":"","2PT":"","Fum":"","PlayerWeekProjectedPts":"6.11","Rank":21,"TotalPoints":"0.00","ProjectionDiff":-6.11},{"PlayerName":"Mike Boone","PlayerId":"2561099","Pos":"RB","Team":"DEN","PlayerOpponent":"Bye","PassingYDS":"","PassingTD":"","PassingInt":"","RushingYDS":"","RushingTD":"","ReceivingRec":"","ReceivingYDS":"","ReceivingTD":"","RetTD":"","FumTD":"","2PT":"","Fum":"","PlayerWeekProjectedPts":"","Rank":22,"TotalPoints":"0.00","ProjectionDiff":null},{"PlayerName":"Darius Bradwell","PlayerId":"2565015","Pos":"RB","Team":"LAC","PlayerOpponent":"PIT","PassingYDS":"","PassingTD":"","PassingInt":"","RushingYDS":"","RushingTD":"","ReceivingRec":"","ReceivingYDS":"","ReceivingTD":"","RetTD":"","FumTD":"","2PT":"","Fum":"","PlayerWeekProjectedPts":"0.00","Rank":23,"TotalPoints":"0.00","ProjectionDiff":0.0},{"PlayerName":"Matt Breida","PlayerId":"2558918","Pos":"RB","Team":"BUF","PlayerOpponent":"IND","PassingYDS":"","PassingTD":"","PassingInt":"","RushingYDS":"","RushingTD":"","ReceivingRec":"","ReceivingYDS":"","ReceivingTD":"","RetTD":"","FumTD":"","2PT":"","Fum":"","PlayerWeekProjectedPts":"0.00","Rank":24,"TotalPoints":"0.00","ProjectionDiff":0.0},{"PlayerName":"Gary Brightwell","PlayerId":"2566364","Pos":"RB","Team":"NYG","PlayerOpponent":"@TB","PassingYDS":"","PassingTD":"","PassingInt":"","RushingYDS":"","RushingTD":"","ReceivingRec":"","ReceivingYDS":"","ReceivingTD":"","RetTD":"","FumTD":"","2PT":"","Fum":"","PlayerWeekProjectedPts":"0.68","Rank":25,"TotalPoints":"0.00","ProjectionDiff":-0.68},{"PlayerName":"Tony Brooks-James","PlayerId":"2563300","Pos":"RB","Team":"FA","PlayerOpponent":"Bye","PassingYDS":"","PassingTD":"","PassingInt":"","RushingYDS":"","RushingTD":"","ReceivingRec":"","ReceivingYDS":"","ReceivingTD":"","RetTD":"","FumTD":"","2PT":"","Fum":"","PlayerWeekProjectedPts":"","Rank":26,"TotalPoints":"0.00","ProjectionDiff":null},{"PlayerName":"Malcolm Brown","PlayerId":"2552382","Pos":"RB","Team":"MIA","PlayerOpponent":"@NYJ","PassingYDS":"","PassingTD":"","PassingInt":"","RushingYDS":"","RushingTD":"","ReceivingRec":"","ReceivingYDS":"","ReceivingTD":"","RetTD":"","FumTD":"","2PT":"","Fum":"","PlayerWeekProjectedPts":null,"Rank":27,"TotalPoints":"0.00","ProjectionDiff":null},{"PlayerName":"Spencer Brown","PlayerId":"2565558","Pos":"RB","Team":"CAR","PlayerOpponent":"WAS","PassingYDS":"","PassingTD":"","PassingInt":"","RushingYDS":"","RushingTD":"","ReceivingRec":"","ReceivingYDS":"","ReceivingTD":"","RetTD":"","FumTD":"","2PT":"","Fum":"","PlayerWeekProjectedPts":"0.00","Rank":28,"TotalPoints":"0.00","ProjectionDiff":0.0},{"PlayerName":"Rex Burkhead","PlayerId":"2539265","Pos":"RB","Team":"HOU","PlayerOpponent":"@TEN","PassingYDS":"","PassingTD":"","PassingInt":"","RushingYDS":"","RushingTD":"","ReceivingRec":"","ReceivingYDS":"","ReceivingTD":"","RetTD":"","FumTD":"","2PT":"","Fum":"","PlayerWeekProjectedPts":"1.95","Rank":29,"TotalPoints":"0.00","ProjectionDiff":-1.95},{"PlayerName":"Michael Burton","PlayerId":"2552636","Pos":"RB","Team":"KC","PlayerOpponent":"DAL","PassingYDS":"","PassingTD":"","PassingInt":"","RushingYDS":"","RushingTD":"","ReceivingRec":"","ReceivingYDS":"","ReceivingTD":"","RetTD":"","FumTD":"","2PT":"","Fum":"","PlayerWeekProjectedPts":"0.42","Rank":30,"TotalPoints":"0.00","ProjectionDiff":-0.42},{"PlayerName":"Jason Cabinda","PlayerId":"2560986","Pos":"RB","Team":"DET","PlayerOpponent":"@CLE","PassingYDS":"","PassingTD":"","PassingInt":"","RushingYDS":"","RushingTD":"","ReceivingRec":"","ReceivingYDS":"","ReceivingTD":"","RetTD":"","FumTD":"","2PT":"","Fum":"","PlayerWeekProjectedPts":"0.29","Rank":31,"TotalPoints":"0.00","ProjectionDiff":-0.29},{"PlayerName":"Raymond Calais","PlayerId":"2565207","Pos":"RB","Team":"LA","PlayerOpponent":"Bye","PassingYDS":"","PassingTD":"","PassingInt":"","RushingYDS":"","RushingTD":"","ReceivingRec":"","ReceivingYDS":"","ReceivingTD":"","RetTD":"","FumTD":"","2PT":"","Fum":"","PlayerWeekProjectedPts":null,"Rank":32,"TotalPoints":"0.00","ProjectionDiff":null},{"PlayerName":"Trenton Cannon","PlayerId":"2561137","Pos":"RB","Team":"SF","PlayerOpponent":"@JAX","PassingYDS":"","PassingTD":"","PassingInt":"","RushingYDS":"","RushingTD":"","ReceivingRec":"","ReceivingYDS":"","ReceivingTD":"","RetTD":"","FumTD":"","2PT":"","Fum":"","PlayerWeekProjectedPts":"0.43","Rank":33,"TotalPoints":"0.00","ProjectionDiff":-0.43},{"PlayerName":"Patrick Carr","PlayerId":"2565138","Pos":"RB","Team":"FA","PlayerOpponent":"Bye","PassingYDS":"","PassingTD":"","PassingInt":"","RushingYDS":"","RushingTD":"","ReceivingRec":"","ReceivingYDS":"","ReceivingTD":"","RetTD":"","FumTD":"","2PT":"","Fum":"","PlayerWeekProjectedPts":"","Rank":34,"TotalPoints":"0.00","ProjectionDiff":null},{"PlayerName":"Chris Carson","PlayerId":"2558865","Pos":"RB","Team":"SEA","PlayerOpponent":"ARI","PassingYDS":"","PassingTD":"","PassingInt":"","RushingYDS":"","RushingTD":"","ReceivingRec":"","ReceivingYDS":"","ReceivingTD":"","RetTD":"","FumTD":"","2PT":"","Fum":"","PlayerWeekProjectedPts":null,"Rank":35,"TotalPoints":"0.00","ProjectionDiff":null},{"PlayerName":"Michael Carter","PlayerId":"2566382","Pos":"RB","Team":"NYJ","PlayerOpponent":"MIA","PassingYDS":"","PassingTD":"","PassingInt":"","RushingYDS":"","RushingTD":"","ReceivingRec":"","ReceivingYDS":"","ReceivingTD":"","RetTD":"","FumTD":"","2PT":"","Fum":"","PlayerWeekProjectedPts":"13.44","Rank":36,"TotalPoints":"0.00","ProjectionDiff":-13.44},{"PlayerName":"Nick Chubb","PlayerId":"2561021","Pos":"RB","Team":"CLE","PlayerOpponent":"DET","PassingYDS":"","PassingTD":"","PassingInt":"","RushingYDS":"","RushingTD":"","ReceivingRec":"","ReceivingYDS":"","ReceivingTD":"","RetTD":"","FumTD":"","2PT":"","Fum":"","PlayerWeekProjectedPts":"0.00","Rank":37,"TotalPoints":"0.00","ProjectionDiff":0.0},{"PlayerName":"Jordan Chunn","PlayerId":"2561308","Pos":"RB","Team":"FA","PlayerOpponent":"Bye","PassingYDS":"","PassingTD":"","PassingInt":"","RushingYDS":"","RushingTD":"","ReceivingRec":"","ReceivingYDS":"","ReceivingTD":"","RetTD":"","FumTD":"","2PT":"","Fum":"","PlayerWeekProjectedPts":"","Rank":38,"TotalPoints":"0.00","ProjectionDiff":null},{"PlayerName":"Darius Clark","PlayerId":"2565561","Pos":"RB","Team":"FA","PlayerOpponent":"Bye","PassingYDS":"","PassingTD":"","PassingInt":"","RushingYDS":"","RushingTD":"","ReceivingRec":"","ReceivingYDS":"","ReceivingTD":"","RetTD":"","FumTD":"","2PT":"","Fum":"","PlayerWeekProjectedPts":"","Rank":39,"TotalPoints":"0.00","ProjectionDiff":null},{"PlayerName":"Corey Clement","PlayerId":"2559150","Pos":"RB","Team":"DAL","PlayerOpponent":"@KC","PassingYDS":"","PassingTD":"","PassingInt":"","RushingYDS":"","RushingTD":"","ReceivingRec":"","ReceivingYDS":"","ReceivingTD":"","RetTD":"","FumTD":"","2PT":"","Fum":"","PlayerWeekProjectedPts":"1.38","Rank":40,"TotalPoints":"0.00","ProjectionDiff":-1.38},{"PlayerName":"Tarik Cohen","PlayerId":"2558250","Pos":"RB","Team":"CHI","PlayerOpponent":"BAL","PassingYDS":"","PassingTD":"","PassingInt":"","RushingYDS":"","RushingTD":"","ReceivingRec":"","ReceivingYDS":"","ReceivingTD":"","RetTD":"","FumTD":"","2PT":"","Fum":"","PlayerWeekProjectedPts":null,"Rank":41,"TotalPoints":"0.00","ProjectionDiff":null},{"PlayerName":"Tevin Coleman","PlayerId":"2552453","Pos":"RB","Team":"NYJ","PlayerOpponent":"MIA","PassingYDS":"","PassingTD":"","PassingInt":"","RushingYDS":"","RushingTD":"","ReceivingRec":"","ReceivingYDS":"","ReceivingTD":"","RetTD":"","FumTD":"","2PT":"","Fum":"","PlayerWeekProjectedPts":"2.60","Rank":42,"TotalPoints":"0.00","ProjectionDiff":-2.6},{"PlayerName":"Alex Collins","PlayerId":"2555430","Pos":"RB","Team":"SEA","PlayerOpponent":"ARI","PassingYDS":"","PassingTD":"","PassingInt":"","RushingYDS":"","RushingTD":"","ReceivingRec":"","ReceivingYDS":"","ReceivingTD":"","RetTD":"","FumTD":"","2PT":"","Fum":"","PlayerWeekProjectedPts":"4.07","Rank":43,"TotalPoints":"0.00","ProjectionDiff":-4.07},{"PlayerName":"James Conner","PlayerId":"2557978","Pos":"RB","Team":"ARI","PlayerOpponent":"@SEA","PassingYDS":"","PassingTD":"","PassingInt":"","RushingYDS":"","RushingTD":"","ReceivingRec":"","ReceivingYDS":"","ReceivingTD":"","RetTD":"","FumTD":"","2PT":"","Fum":"","PlayerWeekProjectedPts":"13.80","Rank":44,"TotalPoints":"0.00","ProjectionDiff":-13.8},{"PlayerName":"Dalvin Cook","PlayerId":"2557991","Pos":"RB","Team":"MIN","PlayerOpponent":"GB","PassingYDS":"","PassingTD":"","PassingInt":"","RushingYDS":"","RushingTD":"","ReceivingRec":"","ReceivingYDS":"","ReceivingTD":"","RetTD":"","FumTD":"","2PT":"","Fum":"","PlayerWeekProjectedPts":"16.03","Rank":45,"TotalPoints":"0.00","ProjectionDiff":-16.03},{"PlayerName":"Nathan Cottrell","PlayerId":"2564175","Pos":"RB","Team":"JAX","PlayerOpponent":"SF","PassingYDS":"","PassingTD":"","PassingInt":"","RushingYDS":"","RushingTD":"","ReceivingRec":"","ReceivingYDS":"","ReceivingTD":"","RetTD":"","FumTD":"","2PT":"","Fum":"","PlayerWeekProjectedPts":"0.00","Rank":46,"TotalPoints":"0.00","ProjectionDiff":0.0},{"PlayerName":"Damarea Crockett","PlayerId":"2563223","Pos":"RB","Team":"DEN","PlayerOpponent":"Bye","PassingYDS":"","PassingTD":"","PassingInt":"","RushingYDS":"","RushingTD":"","ReceivingRec":"","ReceivingYDS":"","ReceivingTD":"","RetTD":"","FumTD":"","2PT":"","Fum":"","PlayerWeekProjectedPts":"","Rank":47,"TotalPoints":"0.00","ProjectionDiff":null},{"PlayerName":"DeeJay Dallas","PlayerId":"2565144","Pos":"RB","Team":"SEA","PlayerOpponent":"ARI","PassingYDS":"","PassingTD":"","PassingInt":"","RushingYDS":"","RushingTD":"","ReceivingRec":"","ReceivingYDS":"","ReceivingTD":"","RetTD":"","FumTD":"","2PT":"","Fum":"","PlayerWeekProjectedPts":"0.00","Rank":48,"TotalPoints":"0.00","ProjectionDiff":0.0},{"PlayerName":"Mikey Daniel","PlayerId":"2563476","Pos":"RB","Team":"FA","PlayerOpponent":"Bye","PassingYDS":"","PassingTD":"","PassingInt":"","RushingYDS":"","RushingTD":"","ReceivingRec":"","ReceivingYDS":"","ReceivingTD":"","RetTD":"","FumTD":"","2PT":"","Fum":"","PlayerWeekProjectedPts":"","Rank":49,"TotalPoints":"0.00","ProjectionDiff":null},{"PlayerName":"Mike Davis","PlayerId":"2553439","Pos":"RB","Team":"ATL","PlayerOpponent":"NE","PassingYDS":"","PassingTD":"","PassingInt":"","RushingYDS":"","RushingTD":"","ReceivingRec":"","ReceivingYDS":"","ReceivingTD":"","RetTD":"","FumTD":"","2PT":"","Fum":"","PlayerWeekProjectedPts":"10.69","Rank":50,"TotalPoints":"0.00","ProjectionDiff":-10.69},{"PlayerName":"Matt Dayes","PlayerId":"2557987","Pos":"RB","Team":"FA","PlayerOpponent":"Bye","PassingYDS":"","PassingTD":"","PassingInt":"","RushingYDS":"","RushingTD":"","ReceivingRec":"","ReceivingYDS":"","ReceivingTD":"","RetTD":"","FumTD":"","2PT":"","Fum":"","PlayerWeekProjectedPts":"","Rank":51,"TotalPoints":"0.00","ProjectionDiff":null},{"PlayerName":"A.J. Dillon","PlayerId":"2563986","Pos":"RB","Team":"GB","PlayerOpponent":"@MIN","PassingYDS":"","PassingTD":"","PassingInt":"","RushingYDS":"","RushingTD":"","ReceivingRec":"","ReceivingYDS":"","ReceivingTD":"","RetTD":"","FumTD":"","2PT":"","Fum":"","PlayerWeekProjectedPts":"9.33","Rank":52,"TotalPoints":"0.00","ProjectionDiff":-9.33},{"PlayerName":"Gerrid Doaks","PlayerId":"2566277","Pos":"RB","Team":"MIA","PlayerOpponent":"@NYJ","PassingYDS":"","PassingTD":"","PassingInt":"","RushingYDS":"","RushingTD":"","ReceivingRec":"","ReceivingYDS":"","ReceivingTD":"","RetTD":"","FumTD":"","2PT":"","Fum":"","PlayerWeekProjectedPts":"0.00","Rank":53,"TotalPoints":"0.00","ProjectionDiff":0.0},{"PlayerName":"J.K. Dobbins","PlayerId":"2563548","Pos":"RB","Team":"BAL","PlayerOpponent":"@CHI","PassingYDS":"","PassingTD":"","PassingInt":"","RushingYDS":"","RushingTD":"","ReceivingRec":"","ReceivingYDS":"","ReceivingTD":"","RetTD":"","FumTD":"","2PT":"","Fum":"","PlayerWeekProjectedPts":null,"Rank":54,"TotalPoints":"0.00","ProjectionDiff":null},{"PlayerName":"Rico Dowdle","PlayerId":"2565295","Pos":"RB","Team":"DAL","PlayerOpponent":"@KC","PassingYDS":"","PassingTD":"","PassingInt":"","RushingYDS":"","RushingTD":"","ReceivingRec":"","ReceivingYDS":"","ReceivingTD":"","RetTD":"","FumTD":"","2PT":"","Fum":"","PlayerWeekProjectedPts":null,"Rank":55,"TotalPoints":"0.00","ProjectionDiff":null},{"PlayerName":"Kenyan Drake","PlayerId":"2555230","Pos":"RB","Team":"LV","PlayerOpponent":"CIN","PassingYDS":"","PassingTD":"","PassingInt":"","RushingYDS":"","RushingTD":"","ReceivingRec":"","ReceivingYDS":"","ReceivingTD":"","RetTD":"","FumTD":"","2PT":"","Fum":"","PlayerWeekProjectedPts":"10.03","Rank":56,"TotalPoints":"0.00","ProjectionDiff":-10.03},{"PlayerName":"Chase Edmonds","PlayerId":"2560711","Pos":"RB","Team":"ARI","PlayerOpponent":"@SEA","PassingYDS":"","PassingTD":"","PassingInt":"","RushingYDS":"","RushingTD":"","ReceivingRec":"","ReceivingYDS":"","ReceivingTD":"","RetTD":"","FumTD":"","2PT":"","Fum":"","PlayerWeekProjectedPts":null,"Rank":57,"TotalPoints":"0.00","ProjectionDiff":null},{"PlayerName":"Trey Edmunds","PlayerId":"2559325","Pos":"RB","Team":"PIT","PlayerOpponent":"@LAC","PassingYDS":"","PassingTD":"","PassingInt":"","RushingYDS":"","RushingTD":"","ReceivingRec":"","ReceivingYDS":"","ReceivingTD":"","RetTD":"","FumTD":"","2PT":"","Fum":"","PlayerWeekProjectedPts":"0.00","Rank":58,"TotalPoints":"0.00","ProjectionDiff":0.0},{"PlayerName":"Gus Edwards","PlayerId":"2561324","Pos":"RB","Team":"BAL","PlayerOpponent":"@CHI","PassingYDS":"","PassingTD":"","PassingInt":"","RushingYDS":"","RushingTD":"","ReceivingRec":"","ReceivingYDS":"","ReceivingTD":"","RetTD":"","FumTD":"","2PT":"","Fum":"","PlayerWeekProjectedPts":null,"Rank":59,"TotalPoints":"0.00","ProjectionDiff":null},{"PlayerName":"Clyde Edwards-Helaire","PlayerId":"2564271","Pos":"RB","Team":"KC","PlayerOpponent":"DAL","PassingYDS":"","PassingTD":"","PassingInt":"","RushingYDS":"","RushingTD":"","ReceivingRec":"","ReceivingYDS":"","ReceivingTD":"","RetTD":"","FumTD":"","2PT":"","Fum":"","PlayerWeekProjectedPts":null,"Rank":60,"TotalPoints":"0.00","ProjectionDiff":null},{"PlayerName":"Austin Ekeler","PlayerId":"2559169","Pos":"RB","Team":"LAC","PlayerOpponent":"PIT","PassingYDS":"","PassingTD":"","PassingInt":"","RushingYDS":"","RushingTD":"","ReceivingRec":"","ReceivingYDS":"","ReceivingTD":"","RetTD":"","FumTD":"","2PT":"","Fum":"","PlayerWeekProjectedPts":"15.28","Rank":61,"TotalPoints":"0.00","ProjectionDiff":-15.28},{"PlayerName":"Ezekiel Elliott","PlayerId":"2555224","Pos":"RB","Team":"DAL","PlayerOpponent":"@KC","PassingYDS":"","PassingTD":"","PassingInt":"","RushingYDS":"","RushingTD":"","ReceivingRec":"","ReceivingYDS":"","ReceivingTD":"","RetTD":"","FumTD":"","2PT":"","Fum":"","PlayerWeekProjectedPts":"13.82","Rank":62,"TotalPoints":"0.00","ProjectionDiff":-13.82},{"PlayerName":"Travis Etienne","PlayerId":"2566157","Pos":"RB","Team":"JAX","PlayerOpponent":"SF","PassingYDS":"","PassingTD":"","PassingInt":"","RushingYDS":"","RushingTD":"","ReceivingRec":"","ReceivingYDS":"","ReceivingTD":"","RetTD":"","FumTD":"","2PT":"","Fum":"","PlayerWeekProjectedPts":null,"Rank":63,"TotalPoints":"0.00","ProjectionDiff":null},{"PlayerName":"Chris Evans","PlayerId":"2565944","Pos":"RB","Team":"CIN","PlayerOpponent":"@LV","PassingYDS":"","PassingTD":"","PassingInt":"","RushingYDS":"","RushingTD":"","ReceivingRec":"","ReceivingYDS":"","ReceivingTD":"","RetTD":"","FumTD":"","2PT":"","Fum":"","PlayerWeekProjectedPts":"1.39","Rank":64,"TotalPoints":"0.00","ProjectionDiff":-1.39},{"PlayerName":"Darrynton Evans","PlayerId":"2564043","Pos":"RB","Team":"TEN","PlayerOpponent":"HOU","PassingYDS":"","PassingTD":"","PassingInt":"","RushingYDS":"","RushingTD":"","ReceivingRec":"","ReceivingYDS":"","ReceivingTD":"","RetTD":"","FumTD":"","2PT":"","Fum":"","PlayerWeekProjectedPts":null,"Rank":65,"TotalPoints":"0.00","ProjectionDiff":null},{"PlayerName":"Tavien Feaster","PlayerId":"2564187","Pos":"RB","Team":"ARI","PlayerOpponent":"@SEA","PassingYDS":"","PassingTD":"","PassingInt":"","RushingYDS":"","RushingTD":"","ReceivingRec":"","ReceivingYDS":"","ReceivingTD":"","RetTD":"","FumTD":"","2PT":"","Fum":"","PlayerWeekProjectedPts":"0.00","Rank":66,"TotalPoints":"0.00","ProjectionDiff":0.0},{"PlayerName":"Demetric Felton","PlayerId":"2565968","Pos":"RB","Team":"CLE","PlayerOpponent":"DET","PassingYDS":"","PassingTD":"","PassingInt":"","RushingYDS":"","RushingTD":"","ReceivingRec":"","ReceivingYDS":"","ReceivingTD":"","RetTD":"","FumTD":"","2PT":"","Fum":"","PlayerWeekProjectedPts":"0.00","Rank":67,"TotalPoints":"0.00","ProjectionDiff":0.0},{"PlayerName":"D'Onta Foreman","PlayerId":"2557994","Pos":"RB","Team":"TEN","PlayerOpponent":"HOU","PassingYDS":"","PassingTD":"","PassingInt":"","RushingYDS":"","RushingTD":"","ReceivingRec":"","ReceivingYDS":"","ReceivingTD":"","RetTD":"","FumTD":"","2PT":"","Fum":"","PlayerWeekProjectedPts":"4.31","Rank":68,"TotalPoints":"0.00","ProjectionDiff":-4.31},{"PlayerName":"D.J. Foster","PlayerId":"2556528","Pos":"RB","Team":"FA","PlayerOpponent":"Bye","PassingYDS":"","PassingTD":"","PassingInt":"","RushingYDS":"","RushingTD":"","ReceivingRec":"","ReceivingYDS":"","ReceivingTD":"","RetTD":"","FumTD":"","2PT":"","Fum":"","PlayerWeekProjectedPts":"","Rank":69,"TotalPoints":"0.00","ProjectionDiff":null},{"PlayerName":"Leonard Fournette","PlayerId":"2557973","Pos":"RB","Team":"TB","PlayerOpponent":"NYG","PassingYDS":"","PassingTD":"","PassingInt":"","RushingYDS":"","RushingTD":"","ReceivingRec":"","ReceivingYDS":"","ReceivingTD":"","RetTD":"","FumTD":"","2PT":"","Fum":"","PlayerWeekProjectedPts":"15.49","Rank":70,"TotalPoints":"0.00","ProjectionDiff":-15.49},{"PlayerName":"Devonta Freeman","PlayerId":"2543583","Pos":"RB","Team":"BAL","PlayerOpponent":"@CHI","PassingYDS":"","PassingTD":"","PassingInt":"","RushingYDS":"","RushingTD":"","ReceivingRec":"","ReceivingYDS":"","ReceivingTD":"","RetTD":"","FumTD":"","2PT":"","Fum":"","PlayerWeekProjectedPts":"4.22","Rank":71,"TotalPoints":"0.00","ProjectionDiff":-4.22},{"PlayerName":"Royce Freeman","PlayerId":"2560733","Pos":"RB","Team":"HOU","PlayerOpponent":"@TEN","PassingYDS":"","PassingTD":"","PassingInt":"","RushingYDS":"","RushingTD":"","ReceivingRec":"","ReceivingYDS":"","ReceivingTD":"","RetTD":"","FumTD":"","2PT":"","Fum":"","PlayerWeekProjectedPts":"2.07","Rank":72,"TotalPoints":"0.00","ProjectionDiff":-2.07},{"PlayerName":"Jake Funk","PlayerId":"2566208","Pos":"RB","Team":"LA","PlayerOpponent":"Bye","PassingYDS":"","PassingTD":"","PassingInt":"","RushingYDS":"","RushingTD":"","ReceivingRec":"","ReceivingYDS":"","ReceivingTD":"","RetTD":"","FumTD":"","2PT":"","Fum":"","PlayerWeekProjectedPts":null,"Rank":73,"TotalPoints":"0.00","ProjectionDiff":null},{"PlayerName":"Tyler Gaffney","PlayerId":"2543655","Pos":"RB","Team":"FA","PlayerOpponent":"Bye","PassingYDS":"","PassingTD":"","PassingInt":"","RushingYDS":"","RushingTD":"","ReceivingRec":"","ReceivingYDS":"","ReceivingTD":"","RetTD":"","FumTD":"","2PT":"","Fum":"","PlayerWeekProjectedPts":"","Rank":74,"TotalPoints":"0.00","ProjectionDiff":null},{"PlayerName":"Kenneth Gainwell","PlayerId":"2566397","Pos":"RB","Team":"PHI","PlayerOpponent":"NO","PassingYDS":"","PassingTD":"","PassingInt":"","RushingYDS":"","RushingTD":"","ReceivingRec":"","ReceivingYDS":"","ReceivingTD":"","RetTD":"","FumTD":"","2PT":"","Fum":"","PlayerWeekProjectedPts":"4.54","Rank":75,"TotalPoints":"0.00","ProjectionDiff":-4.54},{"PlayerName":"Wayne Gallman","PlayerId":"2557952","Pos":"RB","Team":"ATL","PlayerOpponent":"NE","PassingYDS":"","PassingTD":"","PassingInt":"","RushingYDS":"","RushingTD":"","ReceivingRec":"","ReceivingYDS":"","ReceivingTD":"","RetTD":"","FumTD":"","2PT":"","Fum":"","PlayerWeekProjectedPts":"4.97","Rank":76,"TotalPoints":"0.00","ProjectionDiff":-4.97},{"PlayerName":"Myles Gaskin","PlayerId":"2562270","Pos":"RB","Team":"MIA","PlayerOpponent":"@NYJ","PassingYDS":"","PassingTD":"","PassingInt":"","RushingYDS":"","RushingTD":"","ReceivingRec":"","ReceivingYDS":"","ReceivingTD":"","RetTD":"","FumTD":"","2PT":"","Fum":"","PlayerWeekProjectedPts":"12.66","Rank":77,"TotalPoints":"0.00","ProjectionDiff":-12.66},{"PlayerName":"Antonio Gibson","PlayerId":"2565276","Pos":"RB","Team":"WAS","PlayerOpponent":"@CAR","PassingYDS":"","PassingTD":"","PassingInt":"","RushingYDS":"","RushingTD":"","ReceivingRec":"","ReceivingYDS":"","ReceivingTD":"","RetTD":"","FumTD":"","2PT":"","Fum":"","PlayerWeekProjectedPts":"10.71","Rank":78,"TotalPoints":"0.00","ProjectionDiff":-10.71},{"PlayerName":"Cullen Gillaspia","PlayerId":"2562906","Pos":"RB","Team":"NYG","PlayerOpponent":"@TB","PassingYDS":"","PassingTD":"","PassingInt":"","RushingYDS":"","RushingTD":"","ReceivingRec":"","ReceivingYDS":"","ReceivingTD":"","RetTD":"","FumTD":"","2PT":"","Fum":"","PlayerWeekProjectedPts":"0.00","Rank":79,"TotalPoints":"0.00","ProjectionDiff":0.0},{"PlayerName":"Melvin Gordon","PlayerId":"2552469","Pos":"RB","Team":"DEN","PlayerOpponent":"Bye","PassingYDS":"","PassingTD":"","PassingInt":"","RushingYDS":"","RushingTD":"","ReceivingRec":"","ReceivingYDS":"","ReceivingTD":"","RetTD":"","FumTD":"","2PT":"","Fum":"","PlayerWeekProjectedPts":"","Rank":80,"TotalPoints":"0.00","ProjectionDiff":null},{"PlayerName":"Derrick Gore","PlayerId":"2563347","Pos":"RB","Team":"KC","PlayerOpponent":"DAL","PassingYDS":"","PassingTD":"","PassingInt":"","RushingYDS":"","RushingTD":"","ReceivingRec":"","ReceivingYDS":"","ReceivingTD":"","RetTD":"","FumTD":"","2PT":"","Fum":"","PlayerWeekProjectedPts":"2.41","Rank":81,"TotalPoints":"0.00","ProjectionDiff":-2.41},{"PlayerName":"Garrett Groshek","PlayerId":"2565645","Pos":"RB","Team":"FA","PlayerOpponent":"Bye","PassingYDS":"","PassingTD":"","PassingInt":"","RushingYDS":"","RushingTD":"","ReceivingRec":"","ReceivingYDS":"","ReceivingTD":"","RetTD":"","FumTD":"","2PT":"","Fum":"","PlayerWeekProjectedPts":"","Rank":82,"TotalPoints":"0.00","ProjectionDiff":null},{"PlayerName":"Pete Guerrerio","PlayerId":"2565539","Pos":"RB","Team":"FA","PlayerOpponent":"Bye","PassingYDS":"","PassingTD":"","PassingInt":"","RushingYDS":"","RushingTD":"","ReceivingRec":"","ReceivingYDS":"","ReceivingTD":"","RetTD":"","FumTD":"","2PT":"","Fum":"","PlayerWeekProjectedPts":"","Rank":83,"TotalPoints":"0.00","ProjectionDiff":null},{"PlayerName":"Todd Gurley","PlayerId":"2552475","Pos":"RB","Team":"FA","PlayerOpponent":"Bye","PassingYDS":"","PassingTD":"","PassingInt":"","RushingYDS":"","RushingTD":"","ReceivingRec":"","ReceivingYDS":"","ReceivingTD":"","RetTD":"","FumTD":"","2PT":"","Fum":"","PlayerWeekProjectedPts":"","Rank":84,"TotalPoints":"0.00","ProjectionDiff":null},{"PlayerName":"C.J. Ham","PlayerId":"2556803","Pos":"RB","Team":"MIN","PlayerOpponent":"GB","PassingYDS":"","PassingTD":"","PassingInt":"","RushingYDS":"","RushingTD":"","ReceivingRec":"","ReceivingYDS":"","ReceivingTD":"","RetTD":"","FumTD":"","2PT":"","Fum":"","PlayerWeekProjectedPts":"1.78","Rank":85,"TotalPoints":"0.00","ProjectionDiff":-1.78},{"PlayerName":"Damien Harris","PlayerId":"2562281","Pos":"RB","Team":"NE","PlayerOpponent":"@ATL","PassingYDS":"","PassingTD":"","PassingInt":"","RushingYDS":"","RushingTD":"","ReceivingRec":"","ReceivingYDS":"","ReceivingTD":"","RetTD":"","FumTD":"","2PT":"","Fum":"","PlayerWeekProjectedPts":"10.68","Rank":86,"TotalPoints":"0.00","ProjectionDiff":-10.68},{"PlayerName":"Najee Harris","PlayerId":"2566448","Pos":"RB","Team":"PIT","PlayerOpponent":"@LAC","PassingYDS":"","PassingTD":"","PassingInt":"","RushingYDS":"","RushingTD":"","ReceivingRec":"","ReceivingYDS":"","ReceivingTD":"","RetTD":"","FumTD":"","2PT":"","Fum":"","PlayerWeekProjectedPts":"15.76","Rank":87,"TotalPoints":"0.00","ProjectionDiff":-15.76},{"PlayerName":"JaMycal Hasty","PlayerId":"2565108","Pos":"RB","Team":"SF","PlayerOpponent":"@JAX","PassingYDS":"","PassingTD":"","PassingInt":"","RushingYDS":"","RushingTD":"","ReceivingRec":"","ReceivingYDS":"","ReceivingTD":"","RetTD":"","FumTD":"","2PT":"","Fum":"","PlayerWeekProjectedPts":"3.59","Rank":88,"TotalPoints":"0.00","ProjectionDiff":-3.59},{"PlayerName":"Javian Hawkins","PlayerId":"2566689","Pos":"RB","Team":"LA","PlayerOpponent":"Bye","PassingYDS":"","PassingTD":"","PassingInt":"","RushingYDS":"","RushingTD":"","ReceivingRec":"","ReceivingYDS":"","ReceivingTD":"","RetTD":"","FumTD":"","2PT":"","Fum":"","PlayerWeekProjectedPts":"","Rank":89,"TotalPoints":"0.00","ProjectionDiff":null},{"PlayerName":"Darrell Henderson","PlayerId":"2562574","Pos":"RB","Team":"LA","PlayerOpponent":"Bye","PassingYDS":"","PassingTD":"","PassingInt":"","RushingYDS":"","RushingTD":"","ReceivingRec":"","ReceivingYDS":"","ReceivingTD":"","RetTD":"","FumTD":"","2PT":"","Fum":"","PlayerWeekProjectedPts":"","Rank":90,"TotalPoints":"0.00","ProjectionDiff":null},{"PlayerName":"Derrick Henry","PlayerId":"2556075","Pos":"RB","Team":"TEN","PlayerOpponent":"HOU","PassingYDS":"","PassingTD":"","PassingInt":"","RushingYDS":"","RushingTD":"","ReceivingRec":"","ReceivingYDS":"","ReceivingTD":"","RetTD":"","FumTD":"","2PT":"","Fum":"","PlayerWeekProjectedPts":null,"Rank":91,"TotalPoints":"0.00","ProjectionDiff":null},{"PlayerName":"Khalil Herbert","PlayerId":"2565926","Pos":"RB","Team":"CHI","PlayerOpponent":"BAL","PassingYDS":"","PassingTD":"","PassingInt":"","RushingYDS":"","RushingTD":"","ReceivingRec":"","ReceivingYDS":"","ReceivingTD":"","RetTD":"","FumTD":"","2PT":"","Fum":"","PlayerWeekProjectedPts":"4.14","Rank":92,"TotalPoints":"0.00","ProjectionDiff":-4.14},{"PlayerName":"Brian Hill","PlayerId":"2558112","Pos":"RB","Team":"CLE","PlayerOpponent":"DET","PassingYDS":"","PassingTD":"","PassingInt":"","RushingYDS":"","RushingTD":"","ReceivingRec":"","ReceivingYDS":"","ReceivingTD":"","RetTD":"","FumTD":"","2PT":"","Fum":"","PlayerWeekProjectedPts":"0.00","Rank":93,"TotalPoints":"0.00","ProjectionDiff":0.0},{"PlayerName":"Justice Hill","PlayerId":"2562407","Pos":"RB","Team":"BAL","PlayerOpponent":"@CHI","PassingYDS":"","PassingTD":"","PassingInt":"","RushingYDS":"","RushingTD":"","ReceivingRec":"","ReceivingYDS":"","ReceivingTD":"","RetTD":"","FumTD":"","2PT":"","Fum":"","PlayerWeekProjectedPts":null,"Rank":94,"TotalPoints":"0.00","ProjectionDiff":null},{"PlayerName":"Kylin Hill","PlayerId":"2566076","Pos":"RB","Team":"GB","PlayerOpponent":"@MIN","PassingYDS":"","PassingTD":"","PassingInt":"","RushingYDS":"","RushingTD":"","ReceivingRec":"","ReceivingYDS":"","ReceivingTD":"","RetTD":"","FumTD":"","2PT":"","Fum":"","PlayerWeekProjectedPts":null,"Rank":95,"TotalPoints":"0.00","ProjectionDiff":null},{"PlayerName":"Dontrell Hilliard","PlayerId":"2561461","Pos":"RB","Team":"TEN","PlayerOpponent":"HOU","PassingYDS":"","PassingTD":"","PassingInt":"","RushingYDS":"","RushingTD":"","ReceivingRec":"","ReceivingYDS":"","ReceivingTD":"","RetTD":"","FumTD":"","2PT":"","Fum":"","PlayerWeekProjectedPts":"0.00","Rank":96,"TotalPoints":"0.00","ProjectionDiff":0.0},{"PlayerName":"Nyheim Hines","PlayerId":"2560742","Pos":"RB","Team":"IND","PlayerOpponent":"@BUF","PassingYDS":"","PassingTD":"","PassingInt":"","RushingYDS":"","RushingTD":"","ReceivingRec":"","ReceivingYDS":"","ReceivingTD":"","RetTD":"","FumTD":"","2PT":"","Fum":"","PlayerWeekProjectedPts":"6.05","Rank":97,"TotalPoints":"0.00","ProjectionDiff":-6.05},{"PlayerName":"Josh Hokit","PlayerId":"2565111","Pos":"RB","Team":"SF","PlayerOpponent":"@JAX","PassingYDS":"","PassingTD":"","PassingInt":"","RushingYDS":"","RushingTD":"","ReceivingRec":"","ReceivingYDS":"","ReceivingTD":"","RetTD":"","FumTD":"","2PT":"","Fum":"","PlayerWeekProjectedPts":"0.00","Rank":98,"TotalPoints":"0.00","ProjectionDiff":0.0},{"PlayerName":"Elijah Holyfield","PlayerId":"2562664","Pos":"RB","Team":"CIN","PlayerOpponent":"@LV","PassingYDS":"","PassingTD":"","PassingInt":"","RushingYDS":"","RushingTD":"","ReceivingRec":"","ReceivingYDS":"","ReceivingTD":"","RetTD":"","FumTD":"","2PT":"","Fum":"","PlayerWeekProjectedPts":"0.00","Rank":99,"TotalPoints":"0.00","ProjectionDiff":0.0},{"PlayerName":"Travis Homer","PlayerId":"2562665","Pos":"RB","Team":"SEA","PlayerOpponent":"ARI","PassingYDS":"","PassingTD":"","PassingInt":"","RushingYDS":"","RushingTD":"","ReceivingRec":"","ReceivingYDS":"","ReceivingTD":"","RetTD":"","FumTD":"","2PT":"","Fum":"","PlayerWeekProjectedPts":"3.17","Rank":100,"TotalPoints":"0.00","ProjectionDiff":-3.17},{"PlayerName":"Jordan Howard","PlayerId":"2555418","Pos":"RB","Team":"PHI","PlayerOpponent":"NO","PassingYDS":"","PassingTD":"","PassingInt":"","RushingYDS":"","RushingTD":"","ReceivingRec":"","ReceivingYDS":"","ReceivingTD":"","RetTD":"","FumTD":"","2PT":"","Fum":"","PlayerWeekProjectedPts":"4.29","Rank":101,"TotalPoints":"0.00","ProjectionDiff":-4.29},{"PlayerName":"Buddy Howell","PlayerId":"2561344","Pos":"RB","Team":"LA","PlayerOpponent":"Bye","PassingYDS":"","PassingTD":"","PassingInt":"","RushingYDS":"","RushingTD":"","ReceivingRec":"","ReceivingYDS":"","ReceivingTD":"","RetTD":"","FumTD":"","2PT":"","Fum":"","PlayerWeekProjectedPts":"","Rank":102,"TotalPoints":"0.00","ProjectionDiff":null},{"PlayerName":"Chuba Hubbard","PlayerId":"2565899","Pos":"RB","Team":"CAR","PlayerOpponent":"WAS","PassingYDS":"","PassingTD":"","PassingInt":"","RushingYDS":"","RushingTD":"","ReceivingRec":"","ReceivingYDS":"","ReceivingTD":"","RetTD":"","FumTD":"","2PT":"","Fum":"","PlayerWeekProjectedPts":"5.15","Rank":103,"TotalPoints":"0.00","ProjectionDiff":-5.15},{"PlayerName":"Kareem Hunt","PlayerId":"2557917","Pos":"RB","Team":"CLE","PlayerOpponent":"DET","PassingYDS":"","PassingTD":"","PassingInt":"","RushingYDS":"","RushingTD":"","ReceivingRec":"","ReceivingYDS":"","ReceivingTD":"","RetTD":"","FumTD":"","2PT":"","Fum":"","PlayerWeekProjectedPts":null,"Rank":104,"TotalPoints":"0.00","ProjectionDiff":null},{"PlayerName":"Caleb Huntley","PlayerId":"2566692","Pos":"RB","Team":"ATL","PlayerOpponent":"NE","PassingYDS":"","PassingTD":"","PassingInt":"","RushingYDS":"","RushingTD":"","ReceivingRec":"","ReceivingYDS":"","ReceivingTD":"","RetTD":"","FumTD":"","2PT":"","Fum":"","PlayerWeekProjectedPts":"0.00","Rank":105,"TotalPoints":"0.00","ProjectionDiff":0.0},{"PlayerName":"Jason Huntley","PlayerId":"2563938","Pos":"RB","Team":"PHI","PlayerOpponent":"NO","PassingYDS":"","PassingTD":"","PassingInt":"","RushingYDS":"","RushingTD":"","ReceivingRec":"","ReceivingYDS":"","ReceivingTD":"","RetTD":"","FumTD":"","2PT":"","Fum":"","PlayerWeekProjectedPts":"0.00","Rank":106,"TotalPoints":"0.00","ProjectionDiff":0.0},{"PlayerName":"Carlos Hyde","PlayerId":"2543743","Pos":"RB","Team":"JAX","PlayerOpponent":"SF","PassingYDS":"","PassingTD":"","PassingInt":"","RushingYDS":"","RushingTD":"","ReceivingRec":"","ReceivingYDS":"","ReceivingTD":"","RetTD":"","FumTD":"","2PT":"","Fum":"","PlayerWeekProjectedPts":"5.20","Rank":107,"TotalPoints":"0.00","ProjectionDiff":-5.2},{"PlayerName":"Godwin Igwebuike","PlayerId":"2560749","Pos":"RB","Team":"DET","PlayerOpponent":"@CLE","PassingYDS":"","PassingTD":"","PassingInt":"","RushingYDS":"","RushingTD":"","ReceivingRec":"","ReceivingYDS":"","ReceivingTD":"","RetTD":"","FumTD":"","2PT":"","Fum":"","PlayerWeekProjectedPts":"0.09","Rank":108,"TotalPoints":"0.00","ProjectionDiff":-0.09},{"PlayerName":"Alec Ingold","PlayerId":"2562288","Pos":"RB","Team":"LV","PlayerOpponent":"CIN","PassingYDS":"","PassingTD":"","PassingInt":"","RushingYDS":"","RushingTD":"","ReceivingRec":"","ReceivingYDS":"","ReceivingTD":"","RetTD":"","FumTD":"","2PT":"","Fum":"","PlayerWeekProjectedPts":null,"Rank":109,"TotalPoints":"0.00","ProjectionDiff":null},{"PlayerName":"Mark Ingram","PlayerId":"2495466","Pos":"RB","Team":"NO","PlayerOpponent":"@PHI","PassingYDS":"","PassingTD":"","PassingInt":"","RushingYDS":"","RushingTD":"","ReceivingRec":"","ReceivingYDS":"","ReceivingTD":"","RetTD":"","FumTD":"","2PT":"","Fum":"","PlayerWeekProjectedPts":"3.35","Rank":110,"TotalPoints":"0.00","ProjectionDiff":-3.35},{"PlayerName":"Deon Jackson","PlayerId":"2565603","Pos":"RB","Team":"IND","PlayerOpponent":"@BUF","PassingYDS":"","PassingTD":"","PassingInt":"","RushingYDS":"","RushingTD":"","ReceivingRec":"","ReceivingYDS":"","ReceivingTD":"","RetTD":"","FumTD":"","2PT":"","Fum":"","PlayerWeekProjectedPts":"0.00","Rank":111,"TotalPoints":"0.00","ProjectionDiff":0.0},{"PlayerName":"Justin Jackson","PlayerId":"2560756","Pos":"RB","Team":"LAC","PlayerOpponent":"PIT","PassingYDS":"","PassingTD":"","PassingInt":"","RushingYDS":"","RushingTD":"","ReceivingRec":"","ReceivingYDS":"","ReceivingTD":"","RetTD":"","FumTD":"","2PT":"","Fum":"","PlayerWeekProjectedPts":"2.48","Rank":112,"TotalPoints":"0.00","ProjectionDiff":-2.48},{"PlayerName":"Josh Jacobs","PlayerId":"2562377","Pos":"RB","Team":"LV","PlayerOpponent":"CIN","PassingYDS":"","PassingTD":"","PassingInt":"","RushingYDS":"","RushingTD":"","ReceivingRec":"","ReceivingYDS":"","ReceivingTD":"","RetTD":"","FumTD":"","2PT":"","Fum":"","PlayerWeekProjectedPts":"11.93","Rank":113,"TotalPoints":"0.00","ProjectionDiff":-11.93},{"PlayerName":"Andy Janovich","PlayerId":"2555432","Pos":"RB","Team":"CLE","PlayerOpponent":"DET","PassingYDS":"","PassingTD":"","PassingInt":"","RushingYDS":"","RushingTD":"","ReceivingRec":"","ReceivingYDS":"","ReceivingTD":"","RetTD":"","FumTD":"","2PT":"","Fum":"","PlayerWeekProjectedPts":"0.33","Rank":114,"TotalPoints":"0.00","ProjectionDiff":-0.33},{"PlayerName":"Jermar Jefferson","PlayerId":"2566058","Pos":"RB","Team":"DET","PlayerOpponent":"@CLE","PassingYDS":"","PassingTD":"","PassingInt":"","RushingYDS":"","RushingTD":"","ReceivingRec":"","ReceivingYDS":"","ReceivingTD":"","RetTD":"","FumTD":"","2PT":"","Fum":"","PlayerWeekProjectedPts":"2.55","Rank":115,"TotalPoints":"0.00","ProjectionDiff":-2.55},{"PlayerName":"D'Ernest Johnson","PlayerId":"2563327","Pos":"RB","Team":"CLE","PlayerOpponent":"DET","PassingYDS":"","PassingTD":"","PassingInt":"","RushingYDS":"","RushingTD":"","ReceivingRec":"","ReceivingYDS":"","ReceivingTD":"","RetTD":"","FumTD":"","2PT":"","Fum":"","PlayerWeekProjectedPts":"6.18","Rank":116,"TotalPoints":"0.00","ProjectionDiff":-6.18},{"PlayerName":"David Johnson","PlayerId":"2553435","Pos":"RB","Team":"HOU","PlayerOpponent":"@TEN","PassingYDS":"","PassingTD":"","PassingInt":"","RushingYDS":"","RushingTD":"","ReceivingRec":"","ReceivingYDS":"","ReceivingTD":"","RetTD":"","FumTD":"","2PT":"","Fum":"","PlayerWeekProjectedPts":"10.35","Rank":117,"TotalPoints":"0.00","ProjectionDiff":-10.35},{"PlayerName":"Duke Johnson","PlayerId":"2552461","Pos":"RB","Team":"MIA","PlayerOpponent":"@NYJ","PassingYDS":"","PassingTD":"","PassingInt":"","RushingYDS":"","RushingTD":"","ReceivingRec":"","ReceivingYDS":"","ReceivingTD":"","RetTD":"","FumTD":"","2PT":"","Fum":"","PlayerWeekProjectedPts":"0.00","Rank":118,"TotalPoints":"0.00","ProjectionDiff":0.0},{"PlayerName":"Jakob Johnson","PlayerId":"2562890","Pos":"RB","Team":"NE","PlayerOpponent":"@ATL","PassingYDS":"","PassingTD":"","PassingInt":"","RushingYDS":"","RushingTD":"","ReceivingRec":"","ReceivingYDS":"","ReceivingTD":"","RetTD":"","FumTD":"","2PT":"","Fum":"","PlayerWeekProjectedPts":"0.49","Rank":119,"TotalPoints":"0.00","ProjectionDiff":-0.49},{"PlayerName":"Kerryon Johnson","PlayerId":"2560765","Pos":"RB","Team":"FA","PlayerOpponent":"Bye","PassingYDS":"","PassingTD":"","PassingInt":"","RushingYDS":"","RushingTD":"","ReceivingRec":"","ReceivingYDS":"","ReceivingTD":"","RetTD":"","FumTD":"","2PT":"","Fum":"","PlayerWeekProjectedPts":"","Rank":120,"TotalPoints":"0.00","ProjectionDiff":null},{"PlayerName":"Ty Johnson","PlayerId":"2562293","Pos":"RB","Team":"NYJ","PlayerOpponent":"MIA","PassingYDS":"","PassingTD":"","PassingInt":"","RushingYDS":"","RushingTD":"","ReceivingRec":"","ReceivingYDS":"","ReceivingTD":"","RetTD":"","FumTD":"","2PT":"","Fum":"","PlayerWeekProjectedPts":"7.06","Rank":121,"TotalPoints":"0.00","ProjectionDiff":-7.06},{"PlayerName":"Aaron Jones","PlayerId":"2558116","Pos":"RB","Team":"GB","PlayerOpponent":"@MIN","PassingYDS":"","PassingTD":"","PassingInt":"","RushingYDS":"","RushingTD":"","ReceivingRec":"","ReceivingYDS":"","ReceivingTD":"","RetTD":"","FumTD":"","2PT":"","Fum":"","PlayerWeekProjectedPts":"12.53","Rank":122,"TotalPoints":"0.00","ProjectionDiff":-12.53},{"PlayerName":"Ronald Jones","PlayerId":"2560770","Pos":"RB","Team":"TB","PlayerOpponent":"NYG","PassingYDS":"","PassingTD":"","PassingInt":"","RushingYDS":"","RushingTD":"","ReceivingRec":"","ReceivingYDS":"","ReceivingTD":"","RetTD":"","FumTD":"","2PT":"","Fum":"","PlayerWeekProjectedPts":"5.12","Rank":123,"TotalPoints":"0.00","ProjectionDiff":-5.12},{"PlayerName":"Taiwan Jones","PlayerId":"2495467","Pos":"RB","Team":"BUF","PlayerOpponent":"IND","PassingYDS":"","PassingTD":"","PassingInt":"","RushingYDS":"","RushingTD":"","ReceivingRec":"","ReceivingYDS":"","ReceivingTD":"","RetTD":"","FumTD":"","2PT":"","Fum":"","PlayerWeekProjectedPts":"1.21","Rank":124,"TotalPoints":"0.00","ProjectionDiff":-1.21},{"PlayerName":"Tony Jones","PlayerId":"2564679","Pos":"RB","Team":"NO","PlayerOpponent":"@PHI","PassingYDS":"","PassingTD":"","PassingInt":"","RushingYDS":"","RushingTD":"","ReceivingRec":"","ReceivingYDS":"","ReceivingTD":"","RetTD":"","FumTD":"","2PT":"","Fum":"","PlayerWeekProjectedPts":null,"Rank":125,"TotalPoints":"0.00","ProjectionDiff":null},{"PlayerName":"Xavier Jones","PlayerId":"2564364","Pos":"RB","Team":"LA","PlayerOpponent":"Bye","PassingYDS":"","PassingTD":"","PassingInt":"","RushingYDS":"","RushingTD":"","ReceivingRec":"","ReceivingYDS":"","ReceivingTD":"","RetTD":"","FumTD":"","2PT":"","Fum":"","PlayerWeekProjectedPts":null,"Rank":126,"TotalPoints":"0.00","ProjectionDiff":null},{"PlayerName":"Kyle Juszczyk","PlayerId":"2540230","Pos":"RB","Team":"SF","PlayerOpponent":"@JAX","PassingYDS":"","PassingTD":"","PassingInt":"","RushingYDS":"","RushingTD":"","ReceivingRec":"","ReceivingYDS":"","ReceivingTD":"","RetTD":"","FumTD":"","2PT":"","Fum":"","PlayerWeekProjectedPts":"3.04","Rank":127,"TotalPoints":"0.00","ProjectionDiff":-3.04},{"PlayerName":"Alvin Kamara","PlayerId":"2558019","Pos":"RB","Team":"NO","PlayerOpponent":"@PHI","PassingYDS":"","PassingTD":"","PassingInt":"","RushingYDS":"","RushingTD":"","ReceivingRec":"","ReceivingYDS":"","ReceivingTD":"","RetTD":"","FumTD":"","2PT":"","Fum":"","PlayerWeekProjectedPts":"13.48","Rank":128,"TotalPoints":"0.00","ProjectionDiff":-13.48},{"PlayerName":"Joshua Kelley","PlayerId":"2565054","Pos":"RB","Team":"LAC","PlayerOpponent":"PIT","PassingYDS":"","PassingTD":"","PassingInt":"","RushingYDS":"","RushingTD":"","ReceivingRec":"","ReceivingYDS":"","ReceivingTD":"","RetTD":"","FumTD":"","2PT":"","Fum":"","PlayerWeekProjectedPts":"2.20","Rank":129,"TotalPoints":"0.00","ProjectionDiff":-2.2},{"PlayerName":"John Kelly","PlayerId":"2560777","Pos":"RB","Team":"CLE","PlayerOpponent":"DET","PassingYDS":"","PassingTD":"","PassingInt":"","RushingYDS":"","RushingTD":"","ReceivingRec":"","ReceivingYDS":"","ReceivingTD":"","RetTD":"","FumTD":"","2PT":"","Fum":"","PlayerWeekProjectedPts":"0.00","Rank":130,"TotalPoints":"0.00","ProjectionDiff":0.0},{"PlayerName":"Adrian Killins Jr.","PlayerId":"2564841","Pos":"RB","Team":"DEN","PlayerOpponent":"Bye","PassingYDS":"","PassingTD":"","PassingInt":"","RushingYDS":"","RushingTD":"","ReceivingRec":"","ReceivingYDS":"","ReceivingTD":"","RetTD":"","FumTD":"","2PT":"","Fum":"","PlayerWeekProjectedPts":null,"Rank":131,"TotalPoints":"0.00","ProjectionDiff":null},{"PlayerName":"Patrick Laird","PlayerId":"2563296","Pos":"RB","Team":"MIA","PlayerOpponent":"@NYJ","PassingYDS":"","PassingTD":"","PassingInt":"","RushingYDS":"","RushingTD":"","ReceivingRec":"","ReceivingYDS":"","ReceivingTD":"","RetTD":"","FumTD":"","2PT":"","Fum":"","PlayerWeekProjectedPts":"0.95","Rank":132,"TotalPoints":"0.00","ProjectionDiff":-0.95},{"PlayerName":"Benny LeMay","PlayerId":"2563794","Pos":"RB","Team":"FA","PlayerOpponent":"Bye","PassingYDS":"","PassingTD":"","PassingInt":"","RushingYDS":"","RushingTD":"","ReceivingRec":"","ReceivingYDS":"","ReceivingTD":"","RetTD":"","FumTD":"","2PT":"","Fum":"","PlayerWeekProjectedPts":"","Rank":133,"TotalPoints":"0.00","ProjectionDiff":null},{"PlayerName":"Dion Lewis","PlayerId":"2495469","Pos":"RB","Team":"FA","PlayerOpponent":"Bye","PassingYDS":"","PassingTD":"","PassingInt":"","RushingYDS":"","RushingTD":"","ReceivingRec":"","ReceivingYDS":"","ReceivingTD":"","RetTD":"","FumTD":"","2PT":"","Fum":"","PlayerWeekProjectedPts":"","Rank":134,"TotalPoints":"0.00","ProjectionDiff":null},{"PlayerName":"Phillip Lindsay","PlayerId":"2559947","Pos":"RB","Team":"HOU","PlayerOpponent":"@TEN","PassingYDS":"","PassingTD":"","PassingInt":"","RushingYDS":"","RushingTD":"","ReceivingRec":"","ReceivingYDS":"","ReceivingTD":"","RetTD":"","FumTD":"","2PT":"","Fum":"","PlayerWeekProjectedPts":"1.90","Rank":135,"TotalPoints":"0.00","ProjectionDiff":-1.9},{"PlayerName":"Marlon Mack","PlayerId":"2558123","Pos":"RB","Team":"IND","PlayerOpponent":"@BUF","PassingYDS":"","PassingTD":"","PassingInt":"","RushingYDS":"","RushingTD":"","ReceivingRec":"","ReceivingYDS":"","ReceivingTD":"","RetTD":"","FumTD":"","2PT":"","Fum":"","PlayerWeekProjectedPts":"2.65","Rank":136,"TotalPoints":"0.00","ProjectionDiff":-2.65},{"PlayerName":"Ben Mason","PlayerId":"2565845","Pos":"RB","Team":"FA","PlayerOpponent":"Bye","PassingYDS":"","PassingTD":"","PassingInt":"","RushingYDS":"","RushingTD":"","ReceivingRec":"","ReceivingYDS":"","ReceivingTD":"","RetTD":"","FumTD":"","2PT":"","Fum":"","PlayerWeekProjectedPts":"","Rank":137,"TotalPoints":"0.00","ProjectionDiff":null},{"PlayerName":"Alexander Mattison","PlayerId":"2562682","Pos":"RB","Team":"MIN","PlayerOpponent":"GB","PassingYDS":"","PassingTD":"","PassingInt":"","RushingYDS":"","RushingTD":"","ReceivingRec":"","ReceivingYDS":"","ReceivingTD":"","RetTD":"","FumTD":"","2PT":"","Fum":"","PlayerWeekProjectedPts":"4.18","Rank":138,"TotalPoints":"0.00","ProjectionDiff":-4.18},{"PlayerName":"Christian McCaffrey","PlayerId":"2557997","Pos":"RB","Team":"CAR","PlayerOpponent":"WAS","PassingYDS":"","PassingTD":"","PassingInt":"","RushingYDS":"","RushingTD":"","ReceivingRec":"","ReceivingYDS":"","ReceivingTD":"","RetTD":"","FumTD":"","2PT":"","Fum":"","PlayerWeekProjectedPts":"17.07","Rank":139,"TotalPoints":"0.00","ProjectionDiff":-17.07},{"PlayerName":"LeSean McCoy","PlayerId":"79607","Pos":"RB","Team":"FA","PlayerOpponent":"Bye","PassingYDS":"","PassingTD":"","PassingInt":"","RushingYDS":"","RushingTD":"","ReceivingRec":"","ReceivingYDS":"","ReceivingTD":"","RetTD":"","FumTD":"","2PT":"","Fum":"","PlayerWeekProjectedPts":"","Rank":140,"TotalPoints":"0.00","ProjectionDiff":null},{"PlayerName":"Nate McCrary","PlayerId":"2566617","Pos":"RB","Team":"BAL","PlayerOpponent":"@CHI","PassingYDS":"","PassingTD":"","PassingInt":"","RushingYDS":"","RushingTD":"","ReceivingRec":"","ReceivingYDS":"","ReceivingTD":"","RetTD":"","FumTD":"","2PT":"","Fum":"","PlayerWeekProjectedPts":"0.00","Rank":141,"TotalPoints":"0.00","ProjectionDiff":0.0},{"PlayerName":"Anthony McFarland","PlayerId":"2564994","Pos":"RB","Team":"PIT","PlayerOpponent":"@LAC","PassingYDS":"","PassingTD":"","PassingInt":"","RushingYDS":"","RushingTD":"","ReceivingRec":"","ReceivingYDS":"","ReceivingTD":"","RetTD":"","FumTD":"","2PT":"","Fum":"","PlayerWeekProjectedPts":"2.22","Rank":142,"TotalPoints":"0.00","ProjectionDiff":-2.22},{"PlayerName":"Elijah McGuire","PlayerId":"2557934","Pos":"RB","Team":"KC","PlayerOpponent":"DAL","PassingYDS":"","PassingTD":"","PassingInt":"","RushingYDS":"","RushingTD":"","ReceivingRec":"","ReceivingYDS":"","ReceivingTD":"","RetTD":"","FumTD":"","2PT":"","Fum":"","PlayerWeekProjectedPts":"0.00","Rank":143,"TotalPoints":"0.00","ProjectionDiff":0.0},{"PlayerName":"Jerick McKinnon","PlayerId":"2543715","Pos":"RB","Team":"KC","PlayerOpponent":"DAL","PassingYDS":"","PassingTD":"","PassingInt":"","RushingYDS":"","RushingTD":"","ReceivingRec":"","ReceivingYDS":"","ReceivingTD":"","RetTD":"","FumTD":"","2PT":"","Fum":"","PlayerWeekProjectedPts":"7.11","Rank":144,"TotalPoints":"0.00","ProjectionDiff":-7.11},{"PlayerName":"J.D. McKissic","PlayerId":"2556440","Pos":"RB","Team":"WAS","PlayerOpponent":"@CAR","PassingYDS":"","PassingTD":"","PassingInt":"","RushingYDS":"","RushingTD":"","ReceivingRec":"","ReceivingYDS":"","ReceivingTD":"","RetTD":"","FumTD":"","2PT":"","Fum":"","PlayerWeekProjectedPts":"9.01","Rank":145,"TotalPoints":"0.00","ProjectionDiff":-9.01},{"PlayerName":"Jeremy McNichols","PlayerId":"2557977","Pos":"RB","Team":"TEN","PlayerOpponent":"HOU","PassingYDS":"","PassingTD":"","PassingInt":"","RushingYDS":"","RushingTD":"","ReceivingRec":"","ReceivingYDS":"","ReceivingTD":"","RetTD":"","FumTD":"","2PT":"","Fum":"","PlayerWeekProjectedPts":"6.44","Rank":146,"TotalPoints":"0.00","ProjectionDiff":-6.44},{"PlayerName":"Sony Michel","PlayerId":"2560809","Pos":"RB","Team":"LA","PlayerOpponent":"Bye","PassingYDS":"","PassingTD":"","PassingInt":"","RushingYDS":"","RushingTD":"","ReceivingRec":"","ReceivingYDS":"","ReceivingTD":"","RetTD":"","FumTD":"","2PT":"","Fum":"","PlayerWeekProjectedPts":"","Rank":147,"TotalPoints":"0.00","ProjectionDiff":null},{"PlayerName":"Lamar Miller","PlayerId":"2533034","Pos":"RB","Team":"NO","PlayerOpponent":"@PHI","PassingYDS":"","PassingTD":"","PassingInt":"","RushingYDS":"","RushingTD":"","ReceivingRec":"","ReceivingYDS":"","ReceivingTD":"","RetTD":"","FumTD":"","2PT":"","Fum":"","PlayerWeekProjectedPts":"0.00","Rank":148,"TotalPoints":"0.00","ProjectionDiff":0.0},{"PlayerName":"Dedrick Mills","PlayerId":"2566905","Pos":"RB","Team":"FA","PlayerOpponent":"Bye","PassingYDS":"","PassingTD":"","PassingInt":"","RushingYDS":"","RushingTD":"","ReceivingRec":"","ReceivingYDS":"","ReceivingTD":"","RetTD":"","FumTD":"","2PT":"","Fum":"","PlayerWeekProjectedPts":"","Rank":149,"TotalPoints":"0.00","ProjectionDiff":null},{"PlayerName":"Eli Mitchell","PlayerId":"2566538","Pos":"RB","Team":"SF","PlayerOpponent":"@JAX","PassingYDS":"","PassingTD":"","PassingInt":"","RushingYDS":"","RushingTD":"","ReceivingRec":"","ReceivingYDS":"","ReceivingTD":"","RetTD":"","FumTD":"","2PT":"","Fum":"","PlayerWeekProjectedPts":"9.33","Rank":150,"TotalPoints":"0.00","ProjectionDiff":-9.33},{"PlayerName":"Joe Mixon","PlayerId":"2557976","Pos":"RB","Team":"CIN","PlayerOpponent":"@LV","PassingYDS":"","PassingTD":"","PassingInt":"","RushingYDS":"","RushingTD":"","ReceivingRec":"","ReceivingYDS":"","ReceivingTD":"","RetTD":"","FumTD":"","2PT":"","Fum":"","PlayerWeekProjectedPts":"13.22","Rank":151,"TotalPoints":"0.00","ProjectionDiff":-13.22},{"PlayerName":"Taquan Mizzell","PlayerId":"2558975","Pos":"RB","Team":"FA","PlayerOpponent":"Bye","PassingYDS":"","PassingTD":"","PassingInt":"","RushingYDS":"","RushingTD":"","ReceivingRec":"","ReceivingYDS":"","ReceivingTD":"","RetTD":"","FumTD":"","2PT":"","Fum":"","PlayerWeekProjectedPts":"","Rank":152,"TotalPoints":"0.00","ProjectionDiff":null},{"PlayerName":"David Montgomery","PlayerId":"2562502","Pos":"RB","Team":"CHI","PlayerOpponent":"BAL","PassingYDS":"","PassingTD":"","PassingInt":"","RushingYDS":"","RushingTD":"","ReceivingRec":"","ReceivingYDS":"","ReceivingTD":"","RetTD":"","FumTD":"","2PT":"","Fum":"","PlayerWeekProjectedPts":"12.67","Rank":153,"TotalPoints":"0.00","ProjectionDiff":-12.67},{"PlayerName":"Ty Montgomery","PlayerId":"2552429","Pos":"RB","Team":"NO","PlayerOpponent":"@PHI","PassingYDS":"","PassingTD":"","PassingInt":"","RushingYDS":"","RushingTD":"","ReceivingRec":"","ReceivingYDS":"","ReceivingTD":"","RetTD":"","FumTD":"","2PT":"","Fum":"","PlayerWeekProjectedPts":"0.72","Rank":154,"TotalPoints":"0.00","ProjectionDiff":-0.72},{"PlayerName":"Alfred Morris","PlayerId":"2533457","Pos":"RB","Team":"FA","PlayerOpponent":"Bye","PassingYDS":"","PassingTD":"","PassingInt":"","RushingYDS":"","RushingTD":"","ReceivingRec":"","ReceivingYDS":"","ReceivingTD":"","RetTD":"","FumTD":"","2PT":"","Fum":"","PlayerWeekProjectedPts":"","Rank":155,"TotalPoints":"0.00","ProjectionDiff":null},{"PlayerName":"Zack Moss","PlayerId":"2563617","Pos":"RB","Team":"BUF","PlayerOpponent":"IND","PassingYDS":"","PassingTD":"","PassingInt":"","RushingYDS":"","RushingTD":"","ReceivingRec":"","ReceivingYDS":"","ReceivingTD":"","RetTD":"","FumTD":"","2PT":"","Fum":"","PlayerWeekProjectedPts":"8.13","Rank":156,"TotalPoints":"0.00","ProjectionDiff":-8.13},{"PlayerName":"Raheem Mostert","PlayerId":"2553728","Pos":"RB","Team":"SF","PlayerOpponent":"@JAX","PassingYDS":"","PassingTD":"","PassingInt":"","RushingYDS":"","RushingTD":"","ReceivingRec":"","ReceivingYDS":"","ReceivingTD":"","RetTD":"","FumTD":"","2PT":"","Fum":"","PlayerWeekProjectedPts":null,"Rank":157,"TotalPoints":"0.00","ProjectionDiff":null},{"PlayerName":"Khalfani Muhammad","PlayerId":"2558861","Pos":"RB","Team":"FA","PlayerOpponent":"Bye","PassingYDS":"","PassingTD":"","PassingInt":"","RushingYDS":"","RushingTD":"","ReceivingRec":"","ReceivingYDS":"","ReceivingTD":"","RetTD":"","FumTD":"","2PT":"","Fum":"","PlayerWeekProjectedPts":"","Rank":158,"TotalPoints":"0.00","ProjectionDiff":null},{"PlayerName":"Latavius Murray","PlayerId":"2541161","Pos":"RB","Team":"BAL","PlayerOpponent":"@CHI","PassingYDS":"","PassingTD":"","PassingInt":"","RushingYDS":"","RushingTD":"","ReceivingRec":"","ReceivingYDS":"","ReceivingTD":"","RetTD":"","FumTD":"","2PT":"","Fum":"","PlayerWeekProjectedPts":"8.97","Rank":159,"TotalPoints":"0.00","ProjectionDiff":-8.97},{"PlayerName":"Gabe Nabers","PlayerId":"2565066","Pos":"RB","Team":"LAC","PlayerOpponent":"PIT","PassingYDS":"","PassingTD":"","PassingInt":"","RushingYDS":"","RushingTD":"","ReceivingRec":"","ReceivingYDS":"","ReceivingTD":"","RetTD":"","FumTD":"","2PT":"","Fum":"","PlayerWeekProjectedPts":"0.57","Rank":160,"TotalPoints":"0.00","ProjectionDiff":-0.57},{"PlayerName":"Ryan Nall","PlayerId":"2560817","Pos":"RB","Team":"CHI","PlayerOpponent":"BAL","PassingYDS":"","PassingTD":"","PassingInt":"","RushingYDS":"","RushingTD":"","ReceivingRec":"","ReceivingYDS":"","ReceivingTD":"","RetTD":"","FumTD":"","2PT":"","Fum":"","PlayerWeekProjectedPts":"0.00","Rank":161,"TotalPoints":"0.00","ProjectionDiff":0.0},{"PlayerName":"Kene Nwangwu","PlayerId":"2566313","Pos":"RB","Team":"MIN","PlayerOpponent":"GB","PassingYDS":"","PassingTD":"","PassingInt":"","RushingYDS":"","RushingTD":"","ReceivingRec":"","ReceivingYDS":"","ReceivingTD":"","RetTD":"","FumTD":"","2PT":"","Fum":"","PlayerWeekProjectedPts":"1.45","Rank":162,"TotalPoints":"0.00","ProjectionDiff":-1.45},{"PlayerName":"Dare Ogunbowale","PlayerId":"2559362","Pos":"RB","Team":"JAX","PlayerOpponent":"SF","PassingYDS":"","PassingTD":"","PassingInt":"","RushingYDS":"","RushingTD":"","ReceivingRec":"","ReceivingYDS":"","ReceivingTD":"","RetTD":"","FumTD":"","2PT":"","Fum":"","PlayerWeekProjectedPts":"0.00","Rank":163,"TotalPoints":"0.00","ProjectionDiff":0.0},{"PlayerName":"Qadree Ollison","PlayerId":"2562797","Pos":"RB","Team":"ATL","PlayerOpponent":"NE","PassingYDS":"","PassingTD":"","PassingInt":"","RushingYDS":"","RushingTD":"","ReceivingRec":"","ReceivingYDS":"","ReceivingTD":"","RetTD":"","FumTD":"","2PT":"","Fum":"","PlayerWeekProjectedPts":"0.00","Rank":164,"TotalPoints":"0.00","ProjectionDiff":0.0},{"PlayerName":"Sewo Olonilua","PlayerId":"2563857","Pos":"RB","Team":"DAL","PlayerOpponent":"@KC","PassingYDS":"","PassingTD":"","PassingInt":"","RushingYDS":"","RushingTD":"","ReceivingRec":"","ReceivingYDS":"","ReceivingTD":"","RetTD":"","FumTD":"","2PT":"","Fum":"","PlayerWeekProjectedPts":null,"Rank":165,"TotalPoints":"0.00","ProjectionDiff":null},{"PlayerName":"Devine Ozigbo","PlayerId":"2562409","Pos":"RB","Team":"JAX","PlayerOpponent":"SF","PassingYDS":"","PassingTD":"","PassingInt":"","RushingYDS":"","RushingTD":"","ReceivingRec":"","ReceivingYDS":"","ReceivingTD":"","RetTD":"","FumTD":"","2PT":"","Fum":"","PlayerWeekProjectedPts":"1.66","Rank":166,"TotalPoints":"0.00","ProjectionDiff":-1.66},{"PlayerName":"Jacques Patrick","PlayerId":"2563737","Pos":"RB","Team":"FA","PlayerOpponent":"Bye","PassingYDS":"","PassingTD":"","PassingInt":"","RushingYDS":"","RushingTD":"","ReceivingRec":"","ReceivingYDS":"","ReceivingTD":"","RetTD":"","FumTD":"","2PT":"","Fum":"","PlayerWeekProjectedPts":"","Rank":167,"TotalPoints":"0.00","ProjectionDiff":null},{"PlayerName":"Cordarrelle Patterson","PlayerId":"2540145","Pos":"RB","Team":"ATL","PlayerOpponent":"NE","PassingYDS":"","PassingTD":"","PassingInt":"","RushingYDS":"","RushingTD":"","ReceivingRec":"","ReceivingYDS":"","ReceivingTD":"","RetTD":"","FumTD":"","2PT":"","Fum":"","PlayerWeekProjectedPts":"0.00","Rank":168,"TotalPoints":"0.00","ProjectionDiff":0.0},{"PlayerName":"Jaret Patterson","PlayerId":"2567160","Pos":"RB","Team":"WAS","PlayerOpponent":"@CAR","PassingYDS":"","PassingTD":"","PassingInt":"","RushingYDS":"","RushingTD":"","ReceivingRec":"","ReceivingYDS":"","ReceivingTD":"","RetTD":"","FumTD":"","2PT":"","Fum":"","PlayerWeekProjectedPts":"2.19","Rank":169,"TotalPoints":"0.00","ProjectionDiff":-2.19},{"PlayerName":"Elijhaa Penny","PlayerId":"2556762","Pos":"RB","Team":"NYG","PlayerOpponent":"@TB","PassingYDS":"","PassingTD":"","PassingInt":"","RushingYDS":"","RushingTD":"","ReceivingRec":"","ReceivingYDS":"","ReceivingTD":"","RetTD":"","FumTD":"","2PT":"","Fum":"","PlayerWeekProjectedPts":"2.03","Rank":170,"TotalPoints":"0.00","ProjectionDiff":-2.03},{"PlayerName":"Rashaad Penny","PlayerId":"2560835","Pos":"RB","Team":"SEA","PlayerOpponent":"ARI","PassingYDS":"","PassingTD":"","PassingInt":"","RushingYDS":"","RushingTD":"","ReceivingRec":"","ReceivingYDS":"","ReceivingTD":"","RetTD":"","FumTD":"","2PT":"","Fum":"","PlayerWeekProjectedPts":"2.81","Rank":171,"TotalPoints":"0.00","ProjectionDiff":-2.81},{"PlayerName":"La'Mical Perine","PlayerId":"2564808","Pos":"RB","Team":"NYJ","PlayerOpponent":"MIA","PassingYDS":"","PassingTD":"","PassingInt":"","RushingYDS":"","RushingTD":"","ReceivingRec":"","ReceivingYDS":"","ReceivingTD":"","RetTD":"","FumTD":"","2PT":"","Fum":"","PlayerWeekProjectedPts":"2.60","Rank":172,"TotalPoints":"0.00","ProjectionDiff":-2.6},{"PlayerName":"Samaje Perine","PlayerId":"2558138","Pos":"RB","Team":"CIN","PlayerOpponent":"@LV","PassingYDS":"","PassingTD":"","PassingInt":"","RushingYDS":"","RushingTD":"","ReceivingRec":"","ReceivingYDS":"","ReceivingTD":"","RetTD":"","FumTD":"","2PT":"","Fum":"","PlayerWeekProjectedPts":"4.93","Rank":173,"TotalPoints":"0.00","ProjectionDiff":-4.93},{"PlayerName":"Malcolm Perry","PlayerId":"2564484","Pos":"RB","Team":"NE","PlayerOpponent":"@ATL","PassingYDS":"","PassingTD":"","PassingInt":"","RushingYDS":"","RushingTD":"","ReceivingRec":"","ReceivingYDS":"","ReceivingTD":"","RetTD":"","FumTD":"","2PT":"","Fum":"","PlayerWeekProjectedPts":null,"Rank":174,"TotalPoints":"0.00","ProjectionDiff":null},{"PlayerName":"Senorise Perry","PlayerId":"2550633","Pos":"RB","Team":"FA","PlayerOpponent":"Bye","PassingYDS":"","PassingTD":"","PassingInt":"","RushingYDS":"","RushingTD":"","ReceivingRec":"","ReceivingYDS":"","ReceivingTD":"","RetTD":"","FumTD":"","2PT":"","Fum":"","PlayerWeekProjectedPts":"","Rank":175,"TotalPoints":"0.00","ProjectionDiff":null},{"PlayerName":"Adrian Peterson","PlayerId":"2507164","Pos":"RB","Team":"TEN","PlayerOpponent":"HOU","PassingYDS":"","PassingTD":"","PassingInt":"","RushingYDS":"","RushingTD":"","ReceivingRec":"","ReceivingYDS":"","ReceivingTD":"","RetTD":"","FumTD":"","2PT":"","Fum":"","PlayerWeekProjectedPts":"12.55","Rank":176,"TotalPoints":"0.00","ProjectionDiff":-12.55},{"PlayerName":"Scottie Phillips","PlayerId":"2564085","Pos":"RB","Team":"HOU","PlayerOpponent":"@TEN","PassingYDS":"","PassingTD":"","PassingInt":"","RushingYDS":"","RushingTD":"","ReceivingRec":"","ReceivingYDS":"","ReceivingTD":"","RetTD":"","FumTD":"","2PT":"","Fum":"","PlayerWeekProjectedPts":null,"Rank":177,"TotalPoints":"0.00","ProjectionDiff":null},{"PlayerName":"Artavis Pierce","PlayerId":"2565417","Pos":"RB","Team":"CHI","PlayerOpponent":"BAL","PassingYDS":"","PassingTD":"","PassingInt":"","RushingYDS":"","RushingTD":"","ReceivingRec":"","ReceivingYDS":"","ReceivingTD":"","RetTD":"","FumTD":"","2PT":"","Fum":"","PlayerWeekProjectedPts":"0.00","Rank":178,"TotalPoints":"0.00","ProjectionDiff":0.0},{"PlayerName":"Sandro Platzgummer","PlayerId":"2565523","Pos":"RB","Team":"NYG","PlayerOpponent":"@TB","PassingYDS":"","PassingTD":"","PassingInt":"","RushingYDS":"","RushingTD":"","ReceivingRec":"","ReceivingYDS":"","ReceivingTD":"","RetTD":"","FumTD":"","2PT":"","Fum":"","PlayerWeekProjectedPts":"0.00","Rank":179,"TotalPoints":"0.00","ProjectionDiff":0.0},{"PlayerName":"Tony Pollard","PlayerId":"2562699","Pos":"RB","Team":"DAL","PlayerOpponent":"@KC","PassingYDS":"","PassingTD":"","PassingInt":"","RushingYDS":"","RushingTD":"","ReceivingRec":"","ReceivingYDS":"","ReceivingTD":"","RetTD":"","FumTD":"","2PT":"","Fum":"","PlayerWeekProjectedPts":"9.01","Rank":180,"TotalPoints":"0.00","ProjectionDiff":-9.01},{"PlayerName":"C.J. Prosise","PlayerId":"2555417","Pos":"RB","Team":"FA","PlayerOpponent":"Bye","PassingYDS":"","PassingTD":"","PassingInt":"","RushingYDS":"","RushingTD":"","ReceivingRec":"","ReceivingYDS":"","ReceivingTD":"","RetTD":"","FumTD":"","2PT":"","Fum":"","PlayerWeekProjectedPts":"","Rank":181,"TotalPoints":"0.00","ProjectionDiff":null},{"PlayerName":"Trey Ragas","PlayerId":"2565654","Pos":"RB","Team":"LV","PlayerOpponent":"CIN","PassingYDS":"","PassingTD":"","PassingInt":"","RushingYDS":"","RushingTD":"","ReceivingRec":"","ReceivingYDS":"","ReceivingTD":"","RetTD":"","FumTD":"","2PT":"","Fum":"","PlayerWeekProjectedPts":"0.00","Rank":182,"TotalPoints":"0.00","ProjectionDiff":0.0},{"PlayerName":"Craig Reynolds","PlayerId":"2562834","Pos":"RB","Team":"DET","PlayerOpponent":"@CLE","PassingYDS":"","PassingTD":"","PassingInt":"","RushingYDS":"","RushingTD":"","ReceivingRec":"","ReceivingYDS":"","ReceivingTD":"","RetTD":"","FumTD":"","2PT":"","Fum":"","PlayerWeekProjectedPts":"0.00","Rank":183,"TotalPoints":"0.00","ProjectionDiff":0.0},{"PlayerName":"Patrick Ricard","PlayerId":"2558990","Pos":"RB","Team":"BAL","PlayerOpponent":"@CHI","PassingYDS":"","PassingTD":"","PassingInt":"","RushingYDS":"","RushingTD":"","ReceivingRec":"","ReceivingYDS":"","ReceivingTD":"","RetTD":"","FumTD":"","2PT":"","Fum":"","PlayerWeekProjectedPts":"1.15","Rank":184,"TotalPoints":"0.00","ProjectionDiff":-1.15},{"PlayerName":"Jalen Richard","PlayerId":"2556885","Pos":"RB","Team":"LV","PlayerOpponent":"CIN","PassingYDS":"","PassingTD":"","PassingInt":"","RushingYDS":"","RushingTD":"","ReceivingRec":"","ReceivingYDS":"","ReceivingTD":"","RetTD":"","FumTD":"","2PT":"","Fum":"","PlayerWeekProjectedPts":"2.76","Rank":185,"TotalPoints":"0.00","ProjectionDiff":-2.76},{"PlayerName":"Theo Riddick","PlayerId":"2540020","Pos":"RB","Team":"FA","PlayerOpponent":"Bye","PassingYDS":"","PassingTD":"","PassingInt":"","RushingYDS":"","RushingTD":"","ReceivingRec":"","ReceivingYDS":"","ReceivingTD":"","RetTD":"","FumTD":"","2PT":"","Fum":"","PlayerWeekProjectedPts":"","Rank":186,"TotalPoints":"0.00","ProjectionDiff":null},{"PlayerName":"James Robinson","PlayerId":"2564223","Pos":"RB","Team":"JAX","PlayerOpponent":"SF","PassingYDS":"","PassingTD":"","PassingInt":"","RushingYDS":"","RushingTD":"","ReceivingRec":"","ReceivingYDS":"","ReceivingTD":"","RetTD":"","FumTD":"","2PT":"","Fum":"","PlayerWeekProjectedPts":"12.67","Rank":187,"TotalPoints":"0.00","ProjectionDiff":-12.67},{"PlayerName":"Larry Rountree III","PlayerId":"2566505","Pos":"RB","Team":"LAC","PlayerOpponent":"PIT","PassingYDS":"","PassingTD":"","PassingInt":"","RushingYDS":"","RushingTD":"","ReceivingRec":"","ReceivingYDS":"","ReceivingTD":"","RetTD":"","FumTD":"","2PT":"","Fum":"","PlayerWeekProjectedPts":"0.00","Rank":188,"TotalPoints":"0.00","ProjectionDiff":0.0},{"PlayerName":"Jaylen Samuels","PlayerId":"2560862","Pos":"RB","Team":"HOU","PlayerOpponent":"@TEN","PassingYDS":"","PassingTD":"","PassingInt":"","RushingYDS":"","RushingTD":"","ReceivingRec":"","ReceivingYDS":"","ReceivingTD":"","RetTD":"","FumTD":"","2PT":"","Fum":"","PlayerWeekProjectedPts":"0.00","Rank":189,"TotalPoints":"0.00","ProjectionDiff":0.0},{"PlayerName":"Miles Sanders","PlayerId":"2562722","Pos":"RB","Team":"PHI","PlayerOpponent":"NO","PassingYDS":"","PassingTD":"","PassingInt":"","RushingYDS":"","RushingTD":"","ReceivingRec":"","ReceivingYDS":"","ReceivingTD":"","RetTD":"","FumTD":"","2PT":"","Fum":"","PlayerWeekProjectedPts":null,"Rank":190,"TotalPoints":"0.00","ProjectionDiff":null},{"PlayerName":"Mekhi Sargent","PlayerId":"2566962","Pos":"RB","Team":"LA","PlayerOpponent":"Bye","PassingYDS":"","PassingTD":"","PassingInt":"","RushingYDS":"","RushingTD":"","ReceivingRec":"","ReceivingYDS":"","ReceivingTD":"","RetTD":"","FumTD":"","2PT":"","Fum":"","PlayerWeekProjectedPts":"","Rank":191,"TotalPoints":"0.00","ProjectionDiff":null},{"PlayerName":"Jordan Scarlett","PlayerId":"2562725","Pos":"RB","Team":"FA","PlayerOpponent":"Bye","PassingYDS":"","PassingTD":"","PassingInt":"","RushingYDS":"","RushingTD":"","ReceivingRec":"","ReceivingYDS":"","ReceivingTD":"","RetTD":"","FumTD":"","2PT":"","Fum":"","PlayerWeekProjectedPts":"","Rank":192,"TotalPoints":"0.00","ProjectionDiff":null},{"PlayerName":"Boston Scott","PlayerId":"2561146","Pos":"RB","Team":"PHI","PlayerOpponent":"NO","PassingYDS":"","PassingTD":"","PassingInt":"","RushingYDS":"","RushingTD":"","ReceivingRec":"","ReceivingYDS":"","ReceivingTD":"","RetTD":"","FumTD":"","2PT":"","Fum":"","PlayerWeekProjectedPts":"8.54","Rank":193,"TotalPoints":"0.00","ProjectionDiff":-8.54},{"PlayerName":"Stevie Scott III","PlayerId":"2565705","Pos":"RB","Team":"FA","PlayerOpponent":"Bye","PassingYDS":"","PassingTD":"","PassingInt":"","RushingYDS":"","RushingTD":"","ReceivingRec":"","ReceivingYDS":"","ReceivingTD":"","RetTD":"","FumTD":"","2PT":"","Fum":"","PlayerWeekProjectedPts":"","Rank":194,"TotalPoints":"0.00","ProjectionDiff":null},{"PlayerName":"Trey Sermon","PlayerId":"2566544","Pos":"RB","Team":"SF","PlayerOpponent":"@JAX","PassingYDS":"","PassingTD":"","PassingInt":"","RushingYDS":"","RushingTD":"","ReceivingRec":"","ReceivingYDS":"","ReceivingTD":"","RetTD":"","FumTD":"","2PT":"","Fum":"","PlayerWeekProjectedPts":"2.18","Rank":195,"TotalPoints":"0.00","ProjectionDiff":-2.18},{"PlayerName":"Anthony Sherman","PlayerId":"2495340","Pos":"RB","Team":"FA","PlayerOpponent":"Bye","PassingYDS":"","PassingTD":"","PassingInt":"","RushingYDS":"","RushingTD":"","ReceivingRec":"","ReceivingYDS":"","ReceivingTD":"","RetTD":"","FumTD":"","2PT":"","Fum":"","PlayerWeekProjectedPts":"","Rank":196,"TotalPoints":"0.00","ProjectionDiff":null},{"PlayerName":"Devin Singletary","PlayerId":"2562734","Pos":"RB","Team":"BUF","PlayerOpponent":"IND","PassingYDS":"","PassingTD":"","PassingInt":"","RushingYDS":"","RushingTD":"","ReceivingRec":"","ReceivingYDS":"","ReceivingTD":"","RetTD":"","FumTD":"","2PT":"","Fum":"","PlayerWeekProjectedPts":"9.23","Rank":197,"TotalPoints":"0.00","ProjectionDiff":-9.23},{"PlayerName":"Ito Smith","PlayerId":"2559924","Pos":"RB","Team":"FA","PlayerOpponent":"Bye","PassingYDS":"","PassingTD":"","PassingInt":"","RushingYDS":"","RushingTD":"","ReceivingRec":"","ReceivingYDS":"","ReceivingTD":"","RetTD":"","FumTD":"","2PT":"","Fum":"","PlayerWeekProjectedPts":"","Rank":198,"TotalPoints":"0.00","ProjectionDiff":null},{"PlayerName":"Keith Smith","PlayerId":"2550400","Pos":"RB","Team":"ATL","PlayerOpponent":"NE","PassingYDS":"","PassingTD":"","PassingInt":"","RushingYDS":"","RushingTD":"","ReceivingRec":"","ReceivingYDS":"","ReceivingTD":"","RetTD":"","FumTD":"","2PT":"","Fum":"","PlayerWeekProjectedPts":"0.70","Rank":199,"TotalPoints":"0.00","ProjectionDiff":-0.7},{"PlayerName":"Rodney Smith","PlayerId":"2563680","Pos":"RB","Team":"FA","PlayerOpponent":"Bye","PassingYDS":"","PassingTD":"","PassingInt":"","RushingYDS":"","RushingTD":"","ReceivingRec":"","ReceivingYDS":"","ReceivingTD":"","RetTD":"","FumTD":"","2PT":"","Fum":"","PlayerWeekProjectedPts":"","Rank":200,"TotalPoints":"0.00","ProjectionDiff":null},{"PlayerName":"Benny Snell","PlayerId":"2562743","Pos":"RB","Team":"PIT","PlayerOpponent":"@LAC","PassingYDS":"","PassingTD":"","PassingInt":"","RushingYDS":"","RushingTD":"","ReceivingRec":"","ReceivingYDS":"","ReceivingTD":"","RetTD":"","FumTD":"","2PT":"","Fum":"","PlayerWeekProjectedPts":"1.04","Rank":201,"TotalPoints":"0.00","ProjectionDiff":-1.04},{"PlayerName":"Johnny Stanton","PlayerId":"2561489","Pos":"RB","Team":"CLE","PlayerOpponent":"DET","PassingYDS":"","PassingTD":"","PassingInt":"","RushingYDS":"","RushingTD":"","ReceivingRec":"","ReceivingYDS":"","ReceivingTD":"","RetTD":"","FumTD":"","2PT":"","Fum":"","PlayerWeekProjectedPts":"0.00","Rank":202,"TotalPoints":"0.00","ProjectionDiff":0.0},{"PlayerName":"Rhamondre Stevenson","PlayerId":"2566343","Pos":"RB","Team":"NE","PlayerOpponent":"@ATL","PassingYDS":"","PassingTD":"","PassingInt":"","RushingYDS":"","RushingTD":"","ReceivingRec":"","ReceivingYDS":"","ReceivingTD":"","RetTD":"","FumTD":"","2PT":"","Fum":"","PlayerWeekProjectedPts":"8.07","Rank":203,"TotalPoints":"0.00","ProjectionDiff":-8.07},{"PlayerName":"Mason Stokke","PlayerId":"2565579","Pos":"RB","Team":"FA","PlayerOpponent":"Bye","PassingYDS":"","PassingTD":"","PassingInt":"","RushingYDS":"","RushingTD":"","ReceivingRec":"","ReceivingYDS":"","ReceivingTD":"","RetTD":"","FumTD":"","2PT":"","Fum":"","PlayerWeekProjectedPts":"","Rank":204,"TotalPoints":"0.00","ProjectionDiff":null},{"PlayerName":"D'Andre Swift","PlayerId":"2563965","Pos":"RB","Team":"DET","PlayerOpponent":"@CLE","PassingYDS":"","PassingTD":"","PassingInt":"","RushingYDS":"","RushingTD":"","ReceivingRec":"","ReceivingYDS":"","ReceivingTD":"","RetTD":"","FumTD":"","2PT":"","Fum":"","PlayerWeekProjectedPts":"16.03","Rank":205,"TotalPoints":"0.00","ProjectionDiff":-16.03},{"PlayerName":"J.J. Taylor","PlayerId":"2564640","Pos":"RB","Team":"NE","PlayerOpponent":"@ATL","PassingYDS":"","PassingTD":"","PassingInt":"","RushingYDS":"","RushingTD":"","ReceivingRec":"","ReceivingYDS":"","ReceivingTD":"","RetTD":"","FumTD":"","2PT":"","Fum":"","PlayerWeekProjectedPts":"3.21","Rank":206,"TotalPoints":"0.00","ProjectionDiff":-3.21},{"PlayerName":"Jonathan Taylor","PlayerId":"2564148","Pos":"RB","Team":"IND","PlayerOpponent":"@BUF","PassingYDS":"","PassingTD":"","PassingInt":"","RushingYDS":"","RushingTD":"","ReceivingRec":"","ReceivingYDS":"","ReceivingTD":"","RetTD":"","FumTD":"","2PT":"","Fum":"","PlayerWeekProjectedPts":"15.94","Rank":207,"TotalPoints":"0.00","ProjectionDiff":-15.94},{"PlayerName":"Patrick Taylor","PlayerId":"2564040","Pos":"RB","Team":"GB","PlayerOpponent":"@MIN","PassingYDS":"","PassingTD":"","PassingInt":"","RushingYDS":"","RushingTD":"","ReceivingRec":"","ReceivingYDS":"","ReceivingTD":"","RetTD":"","FumTD":"","2PT":"","Fum":"","PlayerWeekProjectedPts":"1.39","Rank":208,"TotalPoints":"0.00","ProjectionDiff":-1.39},{"PlayerName":"Chris Thompson","PlayerId":"2540011","Pos":"RB","Team":"FA","PlayerOpponent":"Bye","PassingYDS":"","PassingTD":"","PassingInt":"","RushingYDS":"","RushingTD":"","ReceivingRec":"","ReceivingYDS":"","ReceivingTD":"","RetTD":"","FumTD":"","2PT":"","Fum":"","PlayerWeekProjectedPts":"","Rank":209,"TotalPoints":"0.00","ProjectionDiff":null},{"PlayerName":"Darwin Thompson","PlayerId":"2562832","Pos":"RB","Team":"TB","PlayerOpponent":"NYG","PassingYDS":"","PassingTD":"","PassingInt":"","RushingYDS":"","RushingTD":"","ReceivingRec":"","ReceivingYDS":"","ReceivingTD":"","RetTD":"","FumTD":"","2PT":"","Fum":"","PlayerWeekProjectedPts":"0.00","Rank":210,"TotalPoints":"0.00","ProjectionDiff":0.0},{"PlayerName":"Ke'Shawn Vaughn","PlayerId":"2565258","Pos":"RB","Team":"TB","PlayerOpponent":"NYG","PassingYDS":"","PassingTD":"","PassingInt":"","RushingYDS":"","RushingTD":"","ReceivingRec":"","ReceivingYDS":"","ReceivingTD":"","RetTD":"","FumTD":"","2PT":"","Fum":"","PlayerWeekProjectedPts":"0.00","Rank":211,"TotalPoints":"0.00","ProjectionDiff":0.0},{"PlayerName":"Danny Vitale","PlayerId":"2555218","Pos":"RB","Team":"FA","PlayerOpponent":"Bye","PassingYDS":"","PassingTD":"","PassingInt":"","RushingYDS":"","RushingTD":"","ReceivingRec":"","ReceivingYDS":"","ReceivingTD":"","RetTD":"","FumTD":"","2PT":"","Fum":"","PlayerWeekProjectedPts":"","Rank":212,"TotalPoints":"0.00","ProjectionDiff":null},{"PlayerName":"Christian Wade","PlayerId":"2562896","Pos":"RB","Team":"BUF","PlayerOpponent":"IND","PassingYDS":"","PassingTD":"","PassingInt":"","RushingYDS":"","RushingTD":"","ReceivingRec":"","ReceivingYDS":"","ReceivingTD":"","RetTD":"","FumTD":"","2PT":"","Fum":"","PlayerWeekProjectedPts":null,"Rank":213,"TotalPoints":"0.00","ProjectionDiff":null},{"PlayerName":"Austin Walter","PlayerId":"2563138","Pos":"RB","Team":"NYJ","PlayerOpponent":"MIA","PassingYDS":"","PassingTD":"","PassingInt":"","RushingYDS":"","RushingTD":"","ReceivingRec":"","ReceivingYDS":"","ReceivingTD":"","RetTD":"","FumTD":"","2PT":"","Fum":"","PlayerWeekProjectedPts":"0.00","Rank":214,"TotalPoints":"0.00","ProjectionDiff":0.0},{"PlayerName":"Jonathan Ward","PlayerId":"2564949","Pos":"RB","Team":"ARI","PlayerOpponent":"@SEA","PassingYDS":"","PassingTD":"","PassingInt":"","RushingYDS":"","RushingTD":"","ReceivingRec":"","ReceivingYDS":"","ReceivingTD":"","RetTD":"","FumTD":"","2PT":"","Fum":"","PlayerWeekProjectedPts":"0.97","Rank":215,"TotalPoints":"0.00","ProjectionDiff":-0.97},{"PlayerName":"DeAndre Washington","PlayerId":"2555464","Pos":"RB","Team":"FA","PlayerOpponent":"Bye","PassingYDS":"","PassingTD":"","PassingInt":"","RushingYDS":"","RushingTD":"","ReceivingRec":"","ReceivingYDS":"","ReceivingTD":"","RetTD":"","FumTD":"","2PT":"","Fum":"","PlayerWeekProjectedPts":"","Rank":216,"TotalPoints":"0.00","ProjectionDiff":null},{"PlayerName":"Dwayne Washington","PlayerId":"2556118","Pos":"RB","Team":"NO","PlayerOpponent":"@PHI","PassingYDS":"","PassingTD":"","PassingInt":"","RushingYDS":"","RushingTD":"","ReceivingRec":"","ReceivingYDS":"","ReceivingTD":"","RetTD":"","FumTD":"","2PT":"","Fum":"","PlayerWeekProjectedPts":"0.00","Rank":217,"TotalPoints":"0.00","ProjectionDiff":0.0},{"PlayerName":"Derek Watt","PlayerId":"2555220","Pos":"RB","Team":"PIT","PlayerOpponent":"@LAC","PassingYDS":"","PassingTD":"","PassingInt":"","RushingYDS":"","RushingTD":"","ReceivingRec":"","ReceivingYDS":"","ReceivingTD":"","RetTD":"","FumTD":"","2PT":"","Fum":"","PlayerWeekProjectedPts":"0.34","Rank":218,"TotalPoints":"0.00","ProjectionDiff":-0.34},{"PlayerName":"Mike Weber","PlayerId":"2562775","Pos":"RB","Team":"FA","PlayerOpponent":"Bye","PassingYDS":"","PassingTD":"","PassingInt":"","RushingYDS":"","RushingTD":"","ReceivingRec":"","ReceivingYDS":"","ReceivingTD":"","RetTD":"","FumTD":"","2PT":"","Fum":"","PlayerWeekProjectedPts":"","Rank":219,"TotalPoints":"0.00","ProjectionDiff":null},{"PlayerName":"James White","PlayerId":"2543773","Pos":"RB","Team":"NE","PlayerOpponent":"@ATL","PassingYDS":"","PassingTD":"","PassingInt":"","RushingYDS":"","RushingTD":"","ReceivingRec":"","ReceivingYDS":"","ReceivingTD":"","RetTD":"","FumTD":"","2PT":"","Fum":"","PlayerWeekProjectedPts":null,"Rank":220,"TotalPoints":"0.00","ProjectionDiff":null},{"PlayerName":"Jordan Wilkins","PlayerId":"2560933","Pos":"RB","Team":"JAX","PlayerOpponent":"SF","PassingYDS":"","PassingTD":"","PassingInt":"","RushingYDS":"","RushingTD":"","ReceivingRec":"","ReceivingYDS":"","ReceivingTD":"","RetTD":"","FumTD":"","2PT":"","Fum":"","PlayerWeekProjectedPts":"0.00","Rank":221,"TotalPoints":"0.00","ProjectionDiff":0.0},{"PlayerName":"Antonio Williams","PlayerId":"2565393","Pos":"RB","Team":"BUF","PlayerOpponent":"IND","PassingYDS":"","PassingTD":"","PassingInt":"","RushingYDS":"","RushingTD":"","ReceivingRec":"","ReceivingYDS":"","ReceivingTD":"","RetTD":"","FumTD":"","2PT":"","Fum":"","PlayerWeekProjectedPts":"0.00","Rank":222,"TotalPoints":"0.00","ProjectionDiff":0.0},{"PlayerName":"Damien Williams","PlayerId":"2550512","Pos":"RB","Team":"CHI","PlayerOpponent":"BAL","PassingYDS":"","PassingTD":"","PassingInt":"","RushingYDS":"","RushingTD":"","ReceivingRec":"","ReceivingYDS":"","ReceivingTD":"","RetTD":"","FumTD":"","2PT":"","Fum":"","PlayerWeekProjectedPts":"3.28","Rank":223,"TotalPoints":"0.00","ProjectionDiff":-3.28},{"PlayerName":"Darrel Williams","PlayerId":"2560935","Pos":"RB","Team":"KC","PlayerOpponent":"DAL","PassingYDS":"","PassingTD":"","PassingInt":"","RushingYDS":"","RushingTD":"","ReceivingRec":"","ReceivingYDS":"","ReceivingTD":"","RetTD":"","FumTD":"","2PT":"","Fum":"","PlayerWeekProjectedPts":"6.38","Rank":224,"TotalPoints":"0.00","ProjectionDiff":-6.38},{"PlayerName":"Dexter Williams","PlayerId":"2562784","Pos":"RB","Team":"CLE","PlayerOpponent":"DET","PassingYDS":"","PassingTD":"","PassingInt":"","RushingYDS":"","RushingTD":"","ReceivingRec":"","ReceivingYDS":"","ReceivingTD":"","RetTD":"","FumTD":"","2PT":"","Fum":"","PlayerWeekProjectedPts":"0.00","Rank":225,"TotalPoints":"0.00","ProjectionDiff":0.0},{"PlayerName":"Jamaal Williams","PlayerId":"2558204","Pos":"RB","Team":"DET","PlayerOpponent":"@CLE","PassingYDS":"","PassingTD":"","PassingInt":"","RushingYDS":"","RushingTD":"","ReceivingRec":"","ReceivingYDS":"","ReceivingTD":"","RetTD":"","FumTD":"","2PT":"","Fum":"","PlayerWeekProjectedPts":"6.44","Rank":226,"TotalPoints":"0.00","ProjectionDiff":-6.44},{"PlayerName":"Javonte Williams","PlayerId":"2566049","Pos":"RB","Team":"DEN","PlayerOpponent":"Bye","PassingYDS":"","PassingTD":"","PassingInt":"","RushingYDS":"","RushingTD":"","ReceivingRec":"","ReceivingYDS":"","ReceivingTD":"","RetTD":"","FumTD":"","2PT":"","Fum":"","PlayerWeekProjectedPts":"","Rank":227,"TotalPoints":"0.00","ProjectionDiff":null},{"PlayerName":"Jonathan Williams","PlayerId":"2555227","Pos":"RB","Team":"FA","PlayerOpponent":"Bye","PassingYDS":"","PassingTD":"","PassingInt":"","RushingYDS":"","RushingTD":"","ReceivingRec":"","ReceivingYDS":"","ReceivingTD":"","RetTD":"","FumTD":"","2PT":"","Fum":"","PlayerWeekProjectedPts":"","Rank":228,"TotalPoints":"0.00","ProjectionDiff":null},{"PlayerName":"Pooka Williams Jr.","PlayerId":"2566788","Pos":"RB","Team":"CIN","PlayerOpponent":"@LV","PassingYDS":"","PassingTD":"","PassingInt":"","RushingYDS":"","RushingTD":"","ReceivingRec":"","ReceivingYDS":"","ReceivingTD":"","RetTD":"","FumTD":"","2PT":"","Fum":"","PlayerWeekProjectedPts":"0.00","Rank":229,"TotalPoints":"0.00","ProjectionDiff":0.0},{"PlayerName":"Trayveon Williams","PlayerId":"2562600","Pos":"RB","Team":"CIN","PlayerOpponent":"@LV","PassingYDS":"","PassingTD":"","PassingInt":"","RushingYDS":"","RushingTD":"","ReceivingRec":"","ReceivingYDS":"","ReceivingTD":"","RetTD":"","FumTD":"","2PT":"","Fum":"","PlayerWeekProjectedPts":"0.00","Rank":230,"TotalPoints":"0.00","ProjectionDiff":0.0},{"PlayerName":"Ty'Son Williams","PlayerId":"2565542","Pos":"RB","Team":"BAL","PlayerOpponent":"@CHI","PassingYDS":"","PassingTD":"","PassingInt":"","RushingYDS":"","RushingTD":"","ReceivingRec":"","ReceivingYDS":"","ReceivingTD":"","RetTD":"","FumTD":"","2PT":"","Fum":"","PlayerWeekProjectedPts":"2.48","Rank":231,"TotalPoints":"0.00","ProjectionDiff":-2.48},{"PlayerName":"Jeff Wilson","PlayerId":"2560938","Pos":"RB","Team":"SF","PlayerOpponent":"@JAX","PassingYDS":"","PassingTD":"","PassingInt":"","RushingYDS":"","RushingTD":"","ReceivingRec":"","ReceivingYDS":"","ReceivingTD":"","RetTD":"","FumTD":"","2PT":"","Fum":"","PlayerWeekProjectedPts":"6.34","Rank":232,"TotalPoints":"0.00","ProjectionDiff":-6.34},{"PlayerName":"T.J. Yeldon","PlayerId":"2552471","Pos":"RB","Team":"FA","PlayerOpponent":"Bye","PassingYDS":"","PassingTD":"","PassingInt":"","RushingYDS":"","RushingTD":"","ReceivingRec":"","ReceivingYDS":"","ReceivingTD":"","RetTD":"","FumTD":"","2PT":"","Fum":"","PlayerWeekProjectedPts":"","Rank":233,"TotalPoints":"0.00","ProjectionDiff":null}]