[{"PlayerName":"Jordan Akins","PlayerId":"2560951","Pos":"TE","Team":"HOU","PlayerOpponent":"@TEN","PassingYDS":"","PassingTD":"","PassingInt":"","RushingYDS":"","RushingTD":"","ReceivingRec":"","ReceivingYDS":"","ReceivingTD":"","RetTD":"","FumTD":"","2PT":"","Fum":"","PlayerWeekProjectedPts":"3.26","Rank":1,"TotalPoints":"0.00","ProjectionDiff":-3.26},{"PlayerName":"Mo Alie-Cox","PlayerId":"2558832","Pos":"TE","Team":"IND","PlayerOpponent":"@BUF","PassingYDS":"","PassingTD":"","PassingInt":"","RushingYDS":"","RushingTD":"","ReceivingRec":"","ReceivingYDS":"","ReceivingTD":"","RetTD":"","FumTD":"","2PT":"","Fum":"","PlayerWeekProjectedPts":"3.74","Rank":2,"TotalPoints":"0.00","ProjectionDiff":-3.74},{"PlayerName":"Stephen Anderson","PlayerId":"2556463","Pos":"TE","Team":"LAC","PlayerOpponent":"PIT","PassingYDS":"","PassingTD":"","PassingInt":"","RushingYDS":"","RushingTD":"","ReceivingRec":"","ReceivingYDS":"","ReceivingTD":"","RetTD":"","FumTD":"","2PT":"","Fum":"","PlayerWeekProjectedPts":"1.34","Rank":3,"TotalPoints":"0.00","ProjectionDiff":-1.34},{"PlayerName":"Mark Andrews","PlayerId":"2560957","Pos":"TE","Team":"BAL","PlayerOpponent":"@CHI","PassingYDS":"","PassingTD":"","PassingInt":"","RushingYDS":"","RushingTD":"","ReceivingRec":"","ReceivingYDS":"","ReceivingTD":"","RetTD":"","FumTD":"","2PT":"","Fum":"","PlayerWeekProjectedPts":"9.10","Rank":4,"TotalPoints":"0.00","ProjectionDiff":-9.1},{"PlayerName":"Dan Arnold","PlayerId":"2559385","Pos":"TE","Team":"JAX","PlayerOpponent":"SF","PassingYDS":"","PassingTD":"","PassingInt":"","RushingYDS":"","RushingTD":"","ReceivingRec":"","ReceivingYDS":"","ReceivingTD":"","RetTD":"","FumTD":"","2PT":"","Fum":"","PlayerWeekProjectedPts":"7.19","Rank":5,"TotalPoints":"0.00","ProjectionDiff":-7.19},{"PlayerName":"Devin Asiasi","PlayerId":"2564586","Pos":"TE","Team":"NE","PlayerOpponent":"@ATL","PassingYDS":"","PassingTD":"","PassingInt":"","RushingYDS":"","RushingTD":"","ReceivingRec":"","ReceivingYDS":"","ReceivingTD":"","RetTD":"","FumTD":"","2PT":"","Fum":"","PlayerWeekProjectedPts":"0.70","Rank":6,"TotalPoints":"0.00","ProjectionDiff":-0.7},{"PlayerName":"Antony Auclair","PlayerId":"2559044","Pos":"TE","Team":"HOU","PlayerOpponent":"@TEN","PassingYDS":"","PassingTD":"","PassingInt":"","RushingYDS":"","RushingTD":"","ReceivingRec":"","ReceivingYDS":"","ReceivingTD":"","RetTD":"","FumTD":"","2PT":"","Fum":"","PlayerWeekProjectedPts":"0.28","Rank":7,"TotalPoints":"0.00","ProjectionDiff":-0.28},{"PlayerName":"John Bates","PlayerId":"2566580","Pos":"TE","Team":"WAS","PlayerOpponent":"@CAR","PassingYDS":"","PassingTD":"","PassingInt":"","RushingYDS":"","RushingTD":"","ReceivingRec":"","ReceivingYDS":"","ReceivingTD":"","RetTD":"","FumTD":"","2PT":"","Fum":"","PlayerWeekProjectedPts":"0.75","Rank":8,"TotalPoints":"0.00","ProjectionDiff":-0.75},{"PlayerName":"Marcus Baugh","PlayerId":"2560971","Pos":"TE","Team":"FA","PlayerOpponent":"Bye","PassingYDS":"","PassingTD":"","PassingInt":"","RushingYDS":"","RushingTD":"","ReceivingRec":"","ReceivingYDS":"","ReceivingTD":"","RetTD":"","FumTD":"","2PT":"","Fum":"","PlayerWeekProjectedPts":"","Rank":9,"TotalPoints":"0.00","ProjectionDiff":null},{"PlayerName":"Evan Baylis","PlayerId":"2559299","Pos":"TE","Team":"FA","PlayerOpponent":"Bye","PassingYDS":"","PassingTD":"","PassingInt":"","RushingYDS":"","RushingTD":"","ReceivingRec":"","ReceivingYDS":"","ReceivingTD":"","RetTD":"","FumTD":"","2PT":"","Fum":"","PlayerWeekProjectedPts":"","Rank":10,"TotalPoints":"0.00","ProjectionDiff":null},{"PlayerName":"Andrew Beck","PlayerId":"2562626","Pos":"TE","Team":"DEN","PlayerOpponent":"Bye","PassingYDS":"","PassingTD":"","PassingInt":"","RushingYDS":"","RushingTD":"","ReceivingRec":"","ReceivingYDS":"","ReceivingTD":"","RetTD":"","FumTD":"","2PT":"","Fum":"","PlayerWeekProjectedPts":"","Rank":11,"TotalPoints":"0.00","ProjectionDiff":null},{"PlayerName":"Nate Becker","PlayerId":"2563191","Pos":"TE","Team":"FA","PlayerOpponent":"Bye","PassingYDS":"","PassingTD":"","PassingInt":"","RushingYDS":"","RushingTD":"","ReceivingRec":"","ReceivingYDS":"","ReceivingTD":"","RetTD":"","FumTD":"","2PT":"","Fum":"","PlayerWeekProjectedPts":"","Rank":12,"TotalPoints":"0.00","ProjectionDiff":null},{"PlayerName":"Ryan Becker","PlayerId":"2564886","Pos":"TE","Team":"FA","PlayerOpponent":"Bye","PassingYDS":"","PassingTD":"","PassingInt":"","RushingYDS":"","RushingTD":"","ReceivingRec":"","ReceivingYDS":"","ReceivingTD":"","RetTD":"","FumTD":"","2PT":"","Fum":"","PlayerWeekProjectedPts":"","Rank":13,"TotalPoints":"0.00","ProjectionDiff":null},{"PlayerName":"Blake Bell","PlayerId":"2552478","Pos":"TE","Team":"KC","PlayerOpponent":"DAL","PassingYDS":"","PassingTD":"","PassingInt":"","RushingYDS":"","RushingTD":"","ReceivingRec":"","ReceivingYDS":"","ReceivingTD":"","RetTD":"","FumTD":"","2PT":"","Fum":"","PlayerWeekProjectedPts":"1.13","Rank":14,"TotalPoints":"0.00","ProjectionDiff":-1.13},{"PlayerName":"Kelvin Benjamin","PlayerId":"2543471","Pos":"TE","Team":"FA","PlayerOpponent":"Bye","PassingYDS":"","PassingTD":"","PassingInt":"","RushingYDS":"","RushingTD":"","ReceivingRec":"","ReceivingYDS":"","ReceivingTD":"","RetTD":"","FumTD":"","2PT":"","Fum":"","PlayerWeekProjectedPts":"","Rank":15,"TotalPoints":"0.00","ProjectionDiff":null},{"PlayerName":"Kendall Blanton","PlayerId":"2562234","Pos":"TE","Team":"LA","PlayerOpponent":"Bye","PassingYDS":"","PassingTD":"","PassingInt":"","RushingYDS":"","RushingTD":"","ReceivingRec":"","ReceivingYDS":"","ReceivingTD":"","RetTD":"","FumTD":"","2PT":"","Fum":"","PlayerWeekProjectedPts":"","Rank":16,"TotalPoints":"0.00","ProjectionDiff":null},{"PlayerName":"Jibri Blount","PlayerId":"2565672","Pos":"TE","Team":"FA","PlayerOpponent":"Bye","PassingYDS":"","PassingTD":"","PassingInt":"","RushingYDS":"","RushingTD":"","ReceivingRec":"","ReceivingYDS":"","ReceivingTD":"","RetTD":"","FumTD":"","2PT":"","Fum":"","PlayerWeekProjectedPts":"","Rank":17,"TotalPoints":"0.00","ProjectionDiff":null},{"PlayerName":"Nick Bowers","PlayerId":"2564415","Pos":"TE","Team":"LV","PlayerOpponent":"CIN","PassingYDS":"","PassingTD":"","PassingInt":"","RushingYDS":"","RushingTD":"","ReceivingRec":"","ReceivingYDS":"","ReceivingTD":"","RetTD":"","FumTD":"","2PT":"","Fum":"","PlayerWeekProjectedPts":null,"Rank":18,"TotalPoints":"0.00","ProjectionDiff":null},{"PlayerName":"Nick Boyle","PlayerId":"2552402","Pos":"TE","Team":"BAL","PlayerOpponent":"@CHI","PassingYDS":"","PassingTD":"","PassingInt":"","RushingYDS":"","RushingTD":"","ReceivingRec":"","ReceivingYDS":"","ReceivingTD":"","RetTD":"","FumTD":"","2PT":"","Fum":"","PlayerWeekProjectedPts":"1.78","Rank":19,"TotalPoints":"0.00","ProjectionDiff":-1.78},{"PlayerName":"Cameron Brate","PlayerId":"2550656","Pos":"TE","Team":"TB","PlayerOpponent":"NYG","PassingYDS":"","PassingTD":"","PassingInt":"","RushingYDS":"","RushingTD":"","ReceivingRec":"","ReceivingYDS":"","ReceivingTD":"","RetTD":"","FumTD":"","2PT":"","Fum":"","PlayerWeekProjectedPts":"3.55","Rank":20,"TotalPoints":"0.00","ProjectionDiff":-3.55},{"PlayerName":"Jacob Breeland","PlayerId":"2565321","Pos":"TE","Team":"FA","PlayerOpponent":"Bye","PassingYDS":"","PassingTD":"","PassingInt":"","RushingYDS":"","RushingTD":"","ReceivingRec":"","ReceivingYDS":"","ReceivingTD":"","RetTD":"","FumTD":"","2PT":"","Fum":"","PlayerWeekProjectedPts":"","Rank":21,"TotalPoints":"0.00","ProjectionDiff":null},{"PlayerName":"Daniel Brown","PlayerId":"2553900","Pos":"TE","Team":"KC","PlayerOpponent":"DAL","PassingYDS":"","PassingTD":"","PassingInt":"","RushingYDS":"","RushingTD":"","ReceivingRec":"","ReceivingYDS":"","ReceivingTD":"","RetTD":"","FumTD":"","2PT":"","Fum":"","PlayerWeekProjectedPts":"0.00","Rank":22,"TotalPoints":"0.00","ProjectionDiff":0.0},{"PlayerName":"Pharaoh Brown","PlayerId":"2559018","Pos":"TE","Team":"HOU","PlayerOpponent":"@TEN","PassingYDS":"","PassingTD":"","PassingInt":"","RushingYDS":"","RushingTD":"","ReceivingRec":"","ReceivingYDS":"","ReceivingTD":"","RetTD":"","FumTD":"","2PT":"","Fum":"","PlayerWeekProjectedPts":"3.30","Rank":23,"TotalPoints":"0.00","ProjectionDiff":-3.3},{"PlayerName":"Harrison Bryant","PlayerId":"2563767","Pos":"TE","Team":"CLE","PlayerOpponent":"DET","PassingYDS":"","PassingTD":"","PassingInt":"","RushingYDS":"","RushingTD":"","ReceivingRec":"","ReceivingYDS":"","ReceivingTD":"","RetTD":"","FumTD":"","2PT":"","Fum":"","PlayerWeekProjectedPts":"2.62","Rank":24,"TotalPoints":"0.00","ProjectionDiff":-2.62},{"PlayerName":"Hunter Bryant","PlayerId":"2563923","Pos":"TE","Team":"DET","PlayerOpponent":"@CLE","PassingYDS":"","PassingTD":"","PassingInt":"","RushingYDS":"","RushingTD":"","ReceivingRec":"","ReceivingYDS":"","ReceivingTD":"","RetTD":"","FumTD":"","2PT":"","Fum":"","PlayerWeekProjectedPts":"0.00","Rank":25,"TotalPoints":"0.00","ProjectionDiff":0.0},{"PlayerName":"Ian Bunting","PlayerId":"2563073","Pos":"TE","Team":"DAL","PlayerOpponent":"@KC","PassingYDS":"","PassingTD":"","PassingInt":"","RushingYDS":"","RushingTD":"","ReceivingRec":"","ReceivingYDS":"","ReceivingTD":"","RetTD":"","FumTD":"","2PT":"","Fum":"","PlayerWeekProjectedPts":"0.00","Rank":26,"TotalPoints":"0.00","ProjectionDiff":0.0},{"PlayerName":"Trey Burton","PlayerId":"2550284","Pos":"TE","Team":"FA","PlayerOpponent":"Bye","PassingYDS":"","PassingTD":"","PassingInt":"","RushingYDS":"","RushingTD":"","ReceivingRec":"","ReceivingYDS":"","ReceivingTD":"","RetTD":"","FumTD":"","2PT":"","Fum":"","PlayerWeekProjectedPts":"","Rank":27,"TotalPoints":"0.00","ProjectionDiff":null},{"PlayerName":"Matt Bushman","PlayerId":"2565639","Pos":"TE","Team":"LV","PlayerOpponent":"CIN","PassingYDS":"","PassingTD":"","PassingInt":"","RushingYDS":"","RushingTD":"","ReceivingRec":"","ReceivingYDS":"","ReceivingTD":"","RetTD":"","FumTD":"","2PT":"","Fum":"","PlayerWeekProjectedPts":"0.00","Rank":28,"TotalPoints":"0.00","ProjectionDiff":0.0},{"PlayerName":"Jake Butt","PlayerId":"2557859","Pos":"TE","Team":"FA","PlayerOpponent":"Bye","PassingYDS":"","PassingTD":"","PassingInt":"","RushingYDS":"","RushingTD":"","ReceivingRec":"","ReceivingYDS":"","ReceivingTD":"","RetTD":"","FumTD":"","2PT":"","Fum":"","PlayerWeekProjectedPts":"","Rank":29,"TotalPoints":"0.00","ProjectionDiff":null},{"PlayerName":"Stephen Carlson","PlayerId":"2563044","Pos":"TE","Team":"CLE","PlayerOpponent":"DET","PassingYDS":"","PassingTD":"","PassingInt":"","RushingYDS":"","RushingTD":"","ReceivingRec":"","ReceivingYDS":"","ReceivingTD":"","RetTD":"","FumTD":"","2PT":"","Fum":"","PlayerWeekProjectedPts":null,"Rank":30,"TotalPoints":"0.00","ProjectionDiff":null},{"PlayerName":"Derek Carrier","PlayerId":"2534241","Pos":"TE","Team":"LV","PlayerOpponent":"CIN","PassingYDS":"","PassingTD":"","PassingInt":"","RushingYDS":"","RushingTD":"","ReceivingRec":"","ReceivingYDS":"","ReceivingTD":"","RetTD":"","FumTD":"","2PT":"","Fum":"","PlayerWeekProjectedPts":null,"Rank":31,"TotalPoints":"0.00","ProjectionDiff":null},{"PlayerName":"Cethan Carter","PlayerId":"2558929","Pos":"TE","Team":"MIA","PlayerOpponent":"@NYJ","PassingYDS":"","PassingTD":"","PassingInt":"","RushingYDS":"","RushingTD":"","ReceivingRec":"","ReceivingYDS":"","ReceivingTD":"","RetTD":"","FumTD":"","2PT":"","Fum":"","PlayerWeekProjectedPts":"0.00","Rank":32,"TotalPoints":"0.00","ProjectionDiff":0.0},{"PlayerName":"Darion Clark","PlayerId":"2563434","Pos":"TE","Team":"FA","PlayerOpponent":"Bye","PassingYDS":"","PassingTD":"","PassingInt":"","RushingYDS":"","RushingTD":"","ReceivingRec":"","ReceivingYDS":"","ReceivingTD":"","RetTD":"","FumTD":"","2PT":"","Fum":"","PlayerWeekProjectedPts":"","Rank":33,"TotalPoints":"0.00","ProjectionDiff":null},{"PlayerName":"Tyler Conklin","PlayerId":"2561027","Pos":"TE","Team":"MIN","PlayerOpponent":"GB","PassingYDS":"","PassingTD":"","PassingInt":"","RushingYDS":"","RushingTD":"","ReceivingRec":"","ReceivingYDS":"","ReceivingTD":"","RetTD":"","FumTD":"","2PT":"","Fum":"","PlayerWeekProjectedPts":"6.94","Rank":34,"TotalPoints":"0.00","ProjectionDiff":-6.94},{"PlayerName":"Jared Cook","PlayerId":"71265","Pos":"TE","Team":"LAC","PlayerOpponent":"PIT","PassingYDS":"","PassingTD":"","PassingInt":"","RushingYDS":"","RushingTD":"","ReceivingRec":"","ReceivingYDS":"","ReceivingTD":"","RetTD":"","FumTD":"","2PT":"","Fum":"","PlayerWeekProjectedPts":"7.40","Rank":35,"TotalPoints":"0.00","ProjectionDiff":-7.4},{"PlayerName":"Jason Croom","PlayerId":"2559159","Pos":"TE","Team":"PHI","PlayerOpponent":"NO","PassingYDS":"","PassingTD":"","PassingInt":"","RushingYDS":"","RushingTD":"","ReceivingRec":"","ReceivingYDS":"","ReceivingTD":"","RetTD":"","FumTD":"","2PT":"","Fum":"","PlayerWeekProjectedPts":null,"Rank":36,"TotalPoints":"0.00","ProjectionDiff":null},{"PlayerName":"Dominique Dafney","PlayerId":"2565540","Pos":"TE","Team":"GB","PlayerOpponent":"@MIN","PassingYDS":"","PassingTD":"","PassingInt":"","RushingYDS":"","RushingTD":"","ReceivingRec":"","ReceivingYDS":"","ReceivingTD":"","RetTD":"","FumTD":"","2PT":"","Fum":"","PlayerWeekProjectedPts":"0.27","Rank":37,"TotalPoints":"0.00","ProjectionDiff":-0.27},{"PlayerName":"Darrell Daniels","PlayerId":"2558886","Pos":"TE","Team":"ARI","PlayerOpponent":"@SEA","PassingYDS":"","PassingTD":"","PassingInt":"","RushingYDS":"","RushingTD":"","ReceivingRec":"","ReceivingYDS":"","ReceivingTD":"","RetTD":"","FumTD":"","2PT":"","Fum":"","PlayerWeekProjectedPts":"0.70","Rank":38,"TotalPoints":"0.00","ProjectionDiff":-0.7},{"PlayerName":"Zach Davidson","PlayerId":"2566301","Pos":"TE","Team":"MIN","PlayerOpponent":"GB","PassingYDS":"","PassingTD":"","PassingInt":"","RushingYDS":"","RushingTD":"","ReceivingRec":"","ReceivingYDS":"","ReceivingTD":"","RetTD":"","FumTD":"","2PT":"","Fum":"","PlayerWeekProjectedPts":"0.00","Rank":39,"TotalPoints":"0.00","ProjectionDiff":0.0},{"PlayerName":"Tyler Davis","PlayerId":"2564178","Pos":"TE","Team":"GB","PlayerOpponent":"@MIN","PassingYDS":"","PassingTD":"","PassingInt":"","RushingYDS":"","RushingTD":"","ReceivingRec":"","ReceivingYDS":"","ReceivingTD":"","RetTD":"","FumTD":"","2PT":"","Fum":"","PlayerWeekProjectedPts":"0.00","Rank":40,"TotalPoints":"0.00","ProjectionDiff":0.0},{"PlayerName":"Josiah Deguara","PlayerId":"2563980","Pos":"TE","Team":"GB","PlayerOpponent":"@MIN","PassingYDS":"","PassingTD":"","PassingInt":"","RushingYDS":"","RushingTD":"","ReceivingRec":"","ReceivingYDS":"","ReceivingTD":"","RetTD":"","FumTD":"","2PT":"","Fum":"","PlayerWeekProjectedPts":"1.94","Rank":41,"TotalPoints":"0.00","ProjectionDiff":-1.94},{"PlayerName":"Seth DeValve","PlayerId":"2556365","Pos":"TE","Team":"FA","PlayerOpponent":"Bye","PassingYDS":"","PassingTD":"","PassingInt":"","RushingYDS":"","RushingTD":"","ReceivingRec":"","ReceivingYDS":"","ReceivingTD":"","RetTD":"","FumTD":"","2PT":"","Fum":"","PlayerWeekProjectedPts":"","Rank":42,"TotalPoints":"0.00","ProjectionDiff":null},{"PlayerName":"Brandon Dillon","PlayerId":"2562984","Pos":"TE","Team":"MIN","PlayerOpponent":"GB","PassingYDS":"","PassingTD":"","PassingInt":"","RushingYDS":"","RushingTD":"","ReceivingRec":"","ReceivingYDS":"","ReceivingTD":"","RetTD":"","FumTD":"","2PT":"","Fum":"","PlayerWeekProjectedPts":"0.00","Rank":43,"TotalPoints":"0.00","ProjectionDiff":0.0},{"PlayerName":"Will Dissly","PlayerId":"2561046","Pos":"TE","Team":"SEA","PlayerOpponent":"ARI","PassingYDS":"","PassingTD":"","PassingInt":"","RushingYDS":"","RushingTD":"","ReceivingRec":"","ReceivingYDS":"","ReceivingTD":"","RetTD":"","FumTD":"","2PT":"","Fum":"","PlayerWeekProjectedPts":"2.91","Rank":44,"TotalPoints":"0.00","ProjectionDiff":-2.91},{"PlayerName":"Jack Doyle","PlayerId":"2540232","Pos":"TE","Team":"IND","PlayerOpponent":"@BUF","PassingYDS":"","PassingTD":"","PassingInt":"","RushingYDS":"","RushingTD":"","ReceivingRec":"","ReceivingYDS":"","ReceivingTD":"","RetTD":"","FumTD":"","2PT":"","Fum":"","PlayerWeekProjectedPts":"4.07","Rank":45,"TotalPoints":"0.00","ProjectionDiff":-4.07},{"PlayerName":"Ross Dwelley","PlayerId":"2561060","Pos":"TE","Team":"SF","PlayerOpponent":"@JAX","PassingYDS":"","PassingTD":"","PassingInt":"","RushingYDS":"","RushingTD":"","ReceivingRec":"","ReceivingYDS":"","ReceivingTD":"","RetTD":"","FumTD":"","2PT":"","Fum":"","PlayerWeekProjectedPts":"0.65","Rank":46,"TotalPoints":"0.00","ProjectionDiff":-0.65},{"PlayerName":"Eric Ebron","PlayerId":"2543466","Pos":"TE","Team":"PIT","PlayerOpponent":"@LAC","PassingYDS":"","PassingTD":"","PassingInt":"","RushingYDS":"","RushingTD":"","ReceivingRec":"","ReceivingYDS":"","ReceivingTD":"","RetTD":"","FumTD":"","2PT":"","Fum":"","PlayerWeekProjectedPts":"3.17","Rank":47,"TotalPoints":"0.00","ProjectionDiff":-3.17},{"PlayerName":"Tyler Eifert","PlayerId":"2540148","Pos":"TE","Team":"FA","PlayerOpponent":"Bye","PassingYDS":"","PassingTD":"","PassingInt":"","RushingYDS":"","RushingTD":"","ReceivingRec":"","ReceivingYDS":"","ReceivingTD":"","RetTD":"","FumTD":"","2PT":"","Fum":"","PlayerWeekProjectedPts":"","Rank":48,"TotalPoints":"0.00","ProjectionDiff":null},{"PlayerName":"Ben Ellefson","PlayerId":"2564181","Pos":"TE","Team":"MIN","PlayerOpponent":"GB","PassingYDS":"","PassingTD":"","PassingInt":"","RushingYDS":"","RushingTD":"","ReceivingRec":"","ReceivingYDS":"","ReceivingTD":"","RetTD":"","FumTD":"","2PT":"","Fum":"","PlayerWeekProjectedPts":null,"Rank":49,"TotalPoints":"0.00","ProjectionDiff":null},{"PlayerName":"Evan Engram","PlayerId":"2557858","Pos":"TE","Team":"NYG","PlayerOpponent":"@TB","PassingYDS":"","PassingTD":"","PassingInt":"","RushingYDS":"","RushingTD":"","ReceivingRec":"","ReceivingYDS":"","ReceivingTD":"","RetTD":"","FumTD":"","2PT":"","Fum":"","PlayerWeekProjectedPts":"6.27","Rank":50,"TotalPoints":"0.00","ProjectionDiff":-6.27},{"PlayerName":"Zach Ertz","PlayerId":"2540158","Pos":"TE","Team":"ARI","PlayerOpponent":"@SEA","PassingYDS":"","PassingTD":"","PassingInt":"","RushingYDS":"","RushingTD":"","ReceivingRec":"","ReceivingYDS":"","ReceivingTD":"","RetTD":"","FumTD":"","2PT":"","Fum":"","PlayerWeekProjectedPts":"8.93","Rank":51,"TotalPoints":"0.00","ProjectionDiff":-8.93},{"PlayerName":"Gerald Everett","PlayerId":"2557889","Pos":"TE","Team":"SEA","PlayerOpponent":"ARI","PassingYDS":"","PassingTD":"","PassingInt":"","RushingYDS":"","RushingTD":"","ReceivingRec":"","ReceivingYDS":"","ReceivingTD":"","RetTD":"","FumTD":"","2PT":"","Fum":"","PlayerWeekProjectedPts":"4.52","Rank":52,"TotalPoints":"0.00","ProjectionDiff":-4.52},{"PlayerName":"Noah Fant","PlayerId":"2562383","Pos":"TE","Team":"DEN","PlayerOpponent":"Bye","PassingYDS":"","PassingTD":"","PassingInt":"","RushingYDS":"","RushingTD":"","ReceivingRec":"","ReceivingYDS":"","ReceivingTD":"","RetTD":"","FumTD":"","2PT":"","Fum":"","PlayerWeekProjectedPts":"","Rank":53,"TotalPoints":"0.00","ProjectionDiff":null},{"PlayerName":"Luke Farrell","PlayerId":"2566160","Pos":"TE","Team":"JAX","PlayerOpponent":"SF","PassingYDS":"","PassingTD":"","PassingInt":"","RushingYDS":"","RushingTD":"","ReceivingRec":"","ReceivingYDS":"","ReceivingTD":"","RetTD":"","FumTD":"","2PT":"","Fum":"","PlayerWeekProjectedPts":"1.16","Rank":54,"TotalPoints":"0.00","ProjectionDiff":-1.16},{"PlayerName":"Darren Fells","PlayerId":"2540928","Pos":"TE","Team":"TB","PlayerOpponent":"NYG","PassingYDS":"","PassingTD":"","PassingInt":"","RushingYDS":"","RushingTD":"","ReceivingRec":"","ReceivingYDS":"","ReceivingTD":"","RetTD":"","FumTD":"","2PT":"","Fum":"","PlayerWeekProjectedPts":"0.00","Rank":55,"TotalPoints":"0.00","ProjectionDiff":0.0},{"PlayerName":"Anthony Firkser","PlayerId":"2558942","Pos":"TE","Team":"TEN","PlayerOpponent":"HOU","PassingYDS":"","PassingTD":"","PassingInt":"","RushingYDS":"","RushingTD":"","ReceivingRec":"","ReceivingYDS":"","ReceivingTD":"","RetTD":"","FumTD":"","2PT":"","Fum":"","PlayerWeekProjectedPts":"2.35","Rank":56,"TotalPoints":"0.00","ProjectionDiff":-2.35},{"PlayerName":"Austin Fort","PlayerId":"2563037","Pos":"TE","Team":"TEN","PlayerOpponent":"HOU","PassingYDS":"","PassingTD":"","PassingInt":"","RushingYDS":"","RushingTD":"","ReceivingRec":"","ReceivingYDS":"","ReceivingTD":"","RetTD":"","FumTD":"","2PT":"","Fum":"","PlayerWeekProjectedPts":"0.00","Rank":57,"TotalPoints":"0.00","ProjectionDiff":0.0},{"PlayerName":"Jody Fortson","PlayerId":"2563259","Pos":"TE","Team":"KC","PlayerOpponent":"DAL","PassingYDS":"","PassingTD":"","PassingInt":"","RushingYDS":"","RushingTD":"","ReceivingRec":"","ReceivingYDS":"","ReceivingTD":"","RetTD":"","FumTD":"","2PT":"","Fum":"","PlayerWeekProjectedPts":null,"Rank":58,"TotalPoints":"0.00","ProjectionDiff":null},{"PlayerName":"Jordan Franks","PlayerId":"2561330","Pos":"TE","Team":"FA","PlayerOpponent":"Bye","PassingYDS":"","PassingTD":"","PassingInt":"","RushingYDS":"","RushingTD":"","ReceivingRec":"","ReceivingYDS":"","ReceivingTD":"","RetTD":"","FumTD":"","2PT":"","Fum":"","PlayerWeekProjectedPts":"","Rank":59,"TotalPoints":"0.00","ProjectionDiff":null},{"PlayerName":"Pat Freiermuth","PlayerId":"2566442","Pos":"TE","Team":"PIT","PlayerOpponent":"@LAC","PassingYDS":"","PassingTD":"","PassingInt":"","RushingYDS":"","RushingTD":"","ReceivingRec":"","ReceivingYDS":"","ReceivingTD":"","RetTD":"","FumTD":"","2PT":"","Fum":"","PlayerWeekProjectedPts":"7.01","Rank":60,"TotalPoints":"0.00","ProjectionDiff":-7.01},{"PlayerName":"Troy Fumagalli","PlayerId":"2560734","Pos":"TE","Team":"NE","PlayerOpponent":"@ATL","PassingYDS":"","PassingTD":"","PassingInt":"","RushingYDS":"","RushingTD":"","ReceivingRec":"","ReceivingYDS":"","ReceivingTD":"","RetTD":"","FumTD":"","2PT":"","Fum":"","PlayerWeekProjectedPts":null,"Rank":61,"TotalPoints":"0.00","ProjectionDiff":null},{"PlayerName":"Zach Gentry","PlayerId":"2562654","Pos":"TE","Team":"PIT","PlayerOpponent":"@LAC","PassingYDS":"","PassingTD":"","PassingInt":"","RushingYDS":"","RushingTD":"","ReceivingRec":"","ReceivingYDS":"","ReceivingTD":"","RetTD":"","FumTD":"","2PT":"","Fum":"","PlayerWeekProjectedPts":"0.64","Rank":62,"TotalPoints":"0.00","ProjectionDiff":-0.64},{"PlayerName":"Mike Gesicki","PlayerId":"2560994","Pos":"TE","Team":"MIA","PlayerOpponent":"@NYJ","PassingYDS":"","PassingTD":"","PassingInt":"","RushingYDS":"","RushingTD":"","ReceivingRec":"","ReceivingYDS":"","ReceivingTD":"","RetTD":"","FumTD":"","2PT":"","Fum":"","PlayerWeekProjectedPts":"8.94","Rank":63,"TotalPoints":"0.00","ProjectionDiff":-8.94},{"PlayerName":"Reggie Gilliam","PlayerId":"2565378","Pos":"TE","Team":"BUF","PlayerOpponent":"IND","PassingYDS":"","PassingTD":"","PassingInt":"","RushingYDS":"","RushingTD":"","ReceivingRec":"","ReceivingYDS":"","ReceivingTD":"","RetTD":"","FumTD":"","2PT":"","Fum":"","PlayerWeekProjectedPts":"0.47","Rank":64,"TotalPoints":"0.00","ProjectionDiff":-0.47},{"PlayerName":"Dallas Goedert","PlayerId":"2560995","Pos":"TE","Team":"PHI","PlayerOpponent":"NO","PassingYDS":"","PassingTD":"","PassingInt":"","RushingYDS":"","RushingTD":"","ReceivingRec":"","ReceivingYDS":"","ReceivingTD":"","RetTD":"","FumTD":"","2PT":"","Fum":"","PlayerWeekProjectedPts":"8.14","Rank":65,"TotalPoints":"0.00","ProjectionDiff":-8.14},{"PlayerName":"Jaeden Graham","PlayerId":"2561622","Pos":"TE","Team":"ATL","PlayerOpponent":"NE","PassingYDS":"","PassingTD":"","PassingInt":"","RushingYDS":"","RushingTD":"","ReceivingRec":"","ReceivingYDS":"","ReceivingTD":"","RetTD":"","FumTD":"","2PT":"","Fum":"","PlayerWeekProjectedPts":null,"Rank":66,"TotalPoints":"0.00","ProjectionDiff":null},{"PlayerName":"Jimmy Graham","PlayerId":"497236","Pos":"TE","Team":"CHI","PlayerOpponent":"BAL","PassingYDS":"","PassingTD":"","PassingInt":"","RushingYDS":"","RushingTD":"","ReceivingRec":"","ReceivingYDS":"","ReceivingTD":"","RetTD":"","FumTD":"","2PT":"","Fum":"","PlayerWeekProjectedPts":"1.83","Rank":67,"TotalPoints":"0.00","ProjectionDiff":-1.83},{"PlayerName":"Kylen Granson","PlayerId":"2566145","Pos":"TE","Team":"IND","PlayerOpponent":"@BUF","PassingYDS":"","PassingTD":"","PassingInt":"","RushingYDS":"","RushingTD":"","ReceivingRec":"","ReceivingYDS":"","ReceivingTD":"","RetTD":"","FumTD":"","2PT":"","Fum":"","PlayerWeekProjectedPts":"0.86","Rank":68,"TotalPoints":"0.00","ProjectionDiff":-0.86},{"PlayerName":"Noah Gray","PlayerId":"2566178","Pos":"TE","Team":"KC","PlayerOpponent":"DAL","PassingYDS":"","PassingTD":"","PassingInt":"","RushingYDS":"","RushingTD":"","ReceivingRec":"","ReceivingYDS":"","ReceivingTD":"","RetTD":"","FumTD":"","2PT":"","Fum":"","PlayerWeekProjectedPts":"1.19","Rank":69,"TotalPoints":"0.00","ProjectionDiff":-1.19},{"PlayerName":"Farrod Green","PlayerId":"2564121","Pos":"TE","Team":"IND","PlayerOpponent":"@BUF","PassingYDS":"","PassingTD":"","PassingInt":"","RushingYDS":"","RushingTD":"","ReceivingRec":"","ReceivingYDS":"","ReceivingTD":"","RetTD":"","FumTD":"","2PT":"","Fum":"","PlayerWeekProjectedPts":"0.00","Rank":70,"TotalPoints":"0.00","ProjectionDiff":0.0},{"PlayerName":"Garrett Griffin","PlayerId":"2557033","Pos":"TE","Team":"NO","PlayerOpponent":"@PHI","PassingYDS":"","PassingTD":"","PassingInt":"","RushingYDS":"","RushingTD":"","ReceivingRec":"","ReceivingYDS":"","ReceivingTD":"","RetTD":"","FumTD":"","2PT":"","Fum":"","PlayerWeekProjectedPts":"0.28","Rank":71,"TotalPoints":"0.00","ProjectionDiff":-0.28},{"PlayerName":"Ryan Griffin","PlayerId":"2541316","Pos":"TE","Team":"NYJ","PlayerOpponent":"MIA","PassingYDS":"","PassingTD":"","PassingInt":"","RushingYDS":"","RushingTD":"","ReceivingRec":"","ReceivingYDS":"","ReceivingTD":"","RetTD":"","FumTD":"","2PT":"","Fum":"","PlayerWeekProjectedPts":"3.72","Rank":72,"TotalPoints":"0.00","ProjectionDiff":-3.72},{"PlayerName":"Nakie Griffin-Stewart","PlayerId":"2564544","Pos":"TE","Team":"FA","PlayerOpponent":"Bye","PassingYDS":"","PassingTD":"","PassingInt":"","RushingYDS":"","RushingTD":"","ReceivingRec":"","ReceivingYDS":"","ReceivingTD":"","RetTD":"","FumTD":"","2PT":"","Fum":"","PlayerWeekProjectedPts":"","Rank":73,"TotalPoints":"0.00","ProjectionDiff":null},{"PlayerName":"Rob Gronkowski","PlayerId":"497240","Pos":"TE","Team":"TB","PlayerOpponent":"NYG","PassingYDS":"","PassingTD":"","PassingInt":"","RushingYDS":"","RushingTD":"","ReceivingRec":"","ReceivingYDS":"","ReceivingTD":"","RetTD":"","FumTD":"","2PT":"","Fum":"","PlayerWeekProjectedPts":"7.22","Rank":74,"TotalPoints":"0.00","ProjectionDiff":-7.22},{"PlayerName":"Nick Guggemos","PlayerId":"2565804","Pos":"TE","Team":"FA","PlayerOpponent":"Bye","PassingYDS":"","PassingTD":"","PassingInt":"","RushingYDS":"","RushingTD":"","ReceivingRec":"","ReceivingYDS":"","ReceivingTD":"","RetTD":"","FumTD":"","2PT":"","Fum":"","PlayerWeekProjectedPts":"","Rank":75,"TotalPoints":"0.00","ProjectionDiff":null},{"PlayerName":"Demetrius Harris","PlayerId":"2541187","Pos":"TE","Team":"ARI","PlayerOpponent":"@SEA","PassingYDS":"","PassingTD":"","PassingInt":"","RushingYDS":"","RushingTD":"","ReceivingRec":"","ReceivingYDS":"","ReceivingTD":"","RetTD":"","FumTD":"","2PT":"","Fum":"","PlayerWeekProjectedPts":"0.21","Rank":76,"TotalPoints":"0.00","ProjectionDiff":-0.21},{"PlayerName":"Jacob Harris","PlayerId":"2566220","Pos":"TE","Team":"LA","PlayerOpponent":"Bye","PassingYDS":"","PassingTD":"","PassingInt":"","RushingYDS":"","RushingTD":"","ReceivingRec":"","ReceivingYDS":"","ReceivingTD":"","RetTD":"","FumTD":"","2PT":"","Fum":"","PlayerWeekProjectedPts":null,"Rank":77,"TotalPoints":"0.00","ProjectionDiff":null},{"PlayerName":"Daniel Helm","PlayerId":"2562284","Pos":"TE","Team":"LV","PlayerOpponent":"CIN","PassingYDS":"","PassingTD":"","PassingInt":"","RushingYDS":"","RushingTD":"","ReceivingRec":"","ReceivingYDS":"","ReceivingTD":"","RetTD":"","FumTD":"","2PT":"","Fum":"","PlayerWeekProjectedPts":"0.35","Rank":78,"TotalPoints":"0.00","ProjectionDiff":-0.35},{"PlayerName":"Temarrick Hemingway","PlayerId":"2555486","Pos":"TE","Team":"FA","PlayerOpponent":"Bye","PassingYDS":"","PassingTD":"","PassingInt":"","RushingYDS":"","RushingTD":"","ReceivingRec":"","ReceivingYDS":"","ReceivingTD":"","RetTD":"","FumTD":"","2PT":"","Fum":"","PlayerWeekProjectedPts":"","Rank":79,"TotalPoints":"0.00","ProjectionDiff":null},{"PlayerName":"Hunter Henry","PlayerId":"2555341","Pos":"TE","Team":"NE","PlayerOpponent":"@ATL","PassingYDS":"","PassingTD":"","PassingInt":"","RushingYDS":"","RushingTD":"","ReceivingRec":"","ReceivingYDS":"","ReceivingTD":"","RetTD":"","FumTD":"","2PT":"","Fum":"","PlayerWeekProjectedPts":"4.78","Rank":80,"TotalPoints":"0.00","ProjectionDiff":-4.78},{"PlayerName":"Hale Hentges","PlayerId":"2563066","Pos":"TE","Team":"FA","PlayerOpponent":"Bye","PassingYDS":"","PassingTD":"","PassingInt":"","RushingYDS":"","RushingTD":"","ReceivingRec":"","ReceivingYDS":"","ReceivingTD":"","RetTD":"","FumTD":"","2PT":"","Fum":"","PlayerWeekProjectedPts":"","Rank":81,"TotalPoints":"0.00","ProjectionDiff":null},{"PlayerName":"Chris Herndon","PlayerId":"2560738","Pos":"TE","Team":"MIN","PlayerOpponent":"GB","PassingYDS":"","PassingTD":"","PassingInt":"","RushingYDS":"","RushingTD":"","ReceivingRec":"","ReceivingYDS":"","ReceivingTD":"","RetTD":"","FumTD":"","2PT":"","Fum":"","PlayerWeekProjectedPts":"1.16","Rank":82,"TotalPoints":"0.00","ProjectionDiff":-1.16},{"PlayerName":"Tyler Higbee","PlayerId":"2555364","Pos":"TE","Team":"LA","PlayerOpponent":"Bye","PassingYDS":"","PassingTD":"","PassingInt":"","RushingYDS":"","RushingTD":"","ReceivingRec":"","ReceivingYDS":"","ReceivingTD":"","RetTD":"","FumTD":"","2PT":"","Fum":"","PlayerWeekProjectedPts":"","Rank":83,"TotalPoints":"0.00","ProjectionDiff":null},{"PlayerName":"Cole Hikutini","PlayerId":"2558953","Pos":"TE","Team":"FA","PlayerOpponent":"Bye","PassingYDS":"","PassingTD":"","PassingInt":"","RushingYDS":"","RushingTD":"","ReceivingRec":"","ReceivingYDS":"","ReceivingTD":"","RetTD":"","FumTD":"","2PT":"","Fum":"","PlayerWeekProjectedPts":"","Rank":84,"TotalPoints":"0.00","ProjectionDiff":null},{"PlayerName":"Josh Hill","PlayerId":"2541834","Pos":"TE","Team":"FA","PlayerOpponent":"Bye","PassingYDS":"","PassingTD":"","PassingInt":"","RushingYDS":"","RushingTD":"","ReceivingRec":"","ReceivingYDS":"","ReceivingTD":"","RetTD":"","FumTD":"","2PT":"","Fum":"","PlayerWeekProjectedPts":"","Rank":85,"TotalPoints":"0.00","ProjectionDiff":null},{"PlayerName":"T.J. Hockenson","PlayerId":"2562378","Pos":"TE","Team":"DET","PlayerOpponent":"@CLE","PassingYDS":"","PassingTD":"","PassingInt":"","RushingYDS":"","RushingTD":"","ReceivingRec":"","ReceivingYDS":"","ReceivingTD":"","RetTD":"","FumTD":"","2PT":"","Fum":"","PlayerWeekProjectedPts":"9.38","Rank":86,"TotalPoints":"0.00","ProjectionDiff":-9.38},{"PlayerName":"Jacob Hollister","PlayerId":"2558956","Pos":"TE","Team":"JAX","PlayerOpponent":"SF","PassingYDS":"","PassingTD":"","PassingInt":"","RushingYDS":"","RushingTD":"","ReceivingRec":"","ReceivingYDS":"","ReceivingTD":"","RetTD":"","FumTD":"","2PT":"","Fum":"","PlayerWeekProjectedPts":"1.34","Rank":87,"TotalPoints":"0.00","ProjectionDiff":-1.34},{"PlayerName":"J.P. Holtz","PlayerId":"2556852","Pos":"TE","Team":"CHI","PlayerOpponent":"BAL","PassingYDS":"","PassingTD":"","PassingInt":"","RushingYDS":"","RushingTD":"","ReceivingRec":"","ReceivingYDS":"","ReceivingTD":"","RetTD":"","FumTD":"","2PT":"","Fum":"","PlayerWeekProjectedPts":"0.00","Rank":88,"TotalPoints":"0.00","ProjectionDiff":0.0},{"PlayerName":"Austin Hooper","PlayerId":"2555415","Pos":"TE","Team":"CLE","PlayerOpponent":"DET","PassingYDS":"","PassingTD":"","PassingInt":"","RushingYDS":"","RushingTD":"","ReceivingRec":"","ReceivingYDS":"","ReceivingTD":"","RetTD":"","FumTD":"","2PT":"","Fum":"","PlayerWeekProjectedPts":"6.27","Rank":89,"TotalPoints":"0.00","ProjectionDiff":-6.27},{"PlayerName":"Brycen Hopkins","PlayerId":"2564349","Pos":"TE","Team":"LA","PlayerOpponent":"Bye","PassingYDS":"","PassingTD":"","PassingInt":"","RushingYDS":"","RushingTD":"","ReceivingRec":"","ReceivingYDS":"","ReceivingTD":"","RetTD":"","FumTD":"","2PT":"","Fum":"","PlayerWeekProjectedPts":"","Rank":90,"TotalPoints":"0.00","ProjectionDiff":null},{"PlayerName":"Jesper Horsted","PlayerId":"2563270","Pos":"TE","Team":"CHI","PlayerOpponent":"BAL","PassingYDS":"","PassingTD":"","PassingInt":"","RushingYDS":"","RushingTD":"","ReceivingRec":"","ReceivingYDS":"","ReceivingTD":"","RetTD":"","FumTD":"","2PT":"","Fum":"","PlayerWeekProjectedPts":"0.75","Rank":91,"TotalPoints":"0.00","ProjectionDiff":-0.75},{"PlayerName":"O.J. Howard","PlayerId":"2557856","Pos":"TE","Team":"TB","PlayerOpponent":"NYG","PassingYDS":"","PassingTD":"","PassingInt":"","RushingYDS":"","RushingTD":"","ReceivingRec":"","ReceivingYDS":"","ReceivingTD":"","RetTD":"","FumTD":"","2PT":"","Fum":"","PlayerWeekProjectedPts":"3.37","Rank":92,"TotalPoints":"0.00","ProjectionDiff":-3.37},{"PlayerName":"Tanner Hudson","PlayerId":"2561215","Pos":"TE","Team":"SF","PlayerOpponent":"@JAX","PassingYDS":"","PassingTD":"","PassingInt":"","RushingYDS":"","RushingTD":"","ReceivingRec":"","ReceivingYDS":"","ReceivingTD":"","RetTD":"","FumTD":"","2PT":"","Fum":"","PlayerWeekProjectedPts":"0.00","Rank":93,"TotalPoints":"0.00","ProjectionDiff":0.0},{"PlayerName":"Tommy Hudson","PlayerId":"2565450","Pos":"TE","Team":"TEN","PlayerOpponent":"HOU","PassingYDS":"","PassingTD":"","PassingInt":"","RushingYDS":"","RushingTD":"","ReceivingRec":"","ReceivingYDS":"","ReceivingTD":"","RetTD":"","FumTD":"","2PT":"","Fum":"","PlayerWeekProjectedPts":null,"Rank":94,"TotalPoints":"0.00","ProjectionDiff":null},{"PlayerName":"Hayden Hurst","PlayerId":"2560747","Pos":"TE","Team":"ATL","PlayerOpponent":"NE","PassingYDS":"","PassingTD":"","PassingInt":"","RushingYDS":"","RushingTD":"","ReceivingRec":"","ReceivingYDS":"","ReceivingTD":"","RetTD":"","FumTD":"","2PT":"","Fum":"","PlayerWeekProjectedPts":"4.46","Rank":95,"TotalPoints":"0.00","ProjectionDiff":-4.46},{"PlayerName":"Ryan Izzo","PlayerId":"2560751","Pos":"TE","Team":"SEA","PlayerOpponent":"ARI","PassingYDS":"","PassingTD":"","PassingInt":"","RushingYDS":"","RushingTD":"","ReceivingRec":"","ReceivingYDS":"","ReceivingTD":"","RetTD":"","FumTD":"","2PT":"","Fum":"","PlayerWeekProjectedPts":"0.00","Rank":96,"TotalPoints":"0.00","ProjectionDiff":0.0},{"PlayerName":"Tyree Jackson","PlayerId":"2562435","Pos":"TE","Team":"PHI","PlayerOpponent":"NO","PassingYDS":"","PassingTD":"","PassingInt":"","RushingYDS":"","RushingTD":"","ReceivingRec":"","ReceivingYDS":"","ReceivingTD":"","RetTD":"","FumTD":"","2PT":"","Fum":"","PlayerWeekProjectedPts":"0.76","Rank":97,"TotalPoints":"0.00","ProjectionDiff":-0.76},{"PlayerName":"Jesse James","PlayerId":"2552633","Pos":"TE","Team":"CHI","PlayerOpponent":"BAL","PassingYDS":"","PassingTD":"","PassingInt":"","RushingYDS":"","RushingTD":"","ReceivingRec":"","ReceivingYDS":"","ReceivingTD":"","RetTD":"","FumTD":"","2PT":"","Fum":"","PlayerWeekProjectedPts":"1.67","Rank":98,"TotalPoints":"0.00","ProjectionDiff":-1.67},{"PlayerName":"Blake Jarwin","PlayerId":"2559193","Pos":"TE","Team":"DAL","PlayerOpponent":"@KC","PassingYDS":"","PassingTD":"","PassingInt":"","RushingYDS":"","RushingTD":"","ReceivingRec":"","ReceivingYDS":"","ReceivingTD":"","RetTD":"","FumTD":"","2PT":"","Fum":"","PlayerWeekProjectedPts":null,"Rank":99,"TotalPoints":"0.00","ProjectionDiff":null},{"PlayerName":"Rysen John","PlayerId":"2564742","Pos":"TE","Team":"NYG","PlayerOpponent":"@TB","PassingYDS":"","PassingTD":"","PassingInt":"","RushingYDS":"","RushingTD":"","ReceivingRec":"","ReceivingYDS":"","ReceivingTD":"","RetTD":"","FumTD":"","2PT":"","Fum":"","PlayerWeekProjectedPts":null,"Rank":100,"TotalPoints":"0.00","ProjectionDiff":null},{"PlayerName":"Juwan Johnson","PlayerId":"2564676","Pos":"TE","Team":"NO","PlayerOpponent":"@PHI","PassingYDS":"","PassingTD":"","PassingInt":"","RushingYDS":"","RushingTD":"","ReceivingRec":"","ReceivingYDS":"","ReceivingTD":"","RetTD":"","FumTD":"","2PT":"","Fum":"","PlayerWeekProjectedPts":"3.39","Rank":101,"TotalPoints":"0.00","ProjectionDiff":-3.39},{"PlayerName":"Brevin Jordan","PlayerId":"2566130","Pos":"TE","Team":"HOU","PlayerOpponent":"@TEN","PassingYDS":"","PassingTD":"","PassingInt":"","RushingYDS":"","RushingTD":"","ReceivingRec":"","ReceivingYDS":"","ReceivingTD":"","RetTD":"","FumTD":"","2PT":"","Fum":"","PlayerWeekProjectedPts":"1.92","Rank":102,"TotalPoints":"0.00","ProjectionDiff":-1.92},{"PlayerName":"Hunter Kampmoyer","PlayerId":"2566481","Pos":"TE","Team":"LAC","PlayerOpponent":"PIT","PassingYDS":"","PassingTD":"","PassingInt":"","RushingYDS":"","RushingTD":"","ReceivingRec":"","ReceivingYDS":"","ReceivingTD":"","RetTD":"","FumTD":"","2PT":"","Fum":"","PlayerWeekProjectedPts":"0.00","Rank":103,"TotalPoints":"0.00","ProjectionDiff":0.0},{"PlayerName":"Dalton Keene","PlayerId":"2564616","Pos":"TE","Team":"NE","PlayerOpponent":"@ATL","PassingYDS":"","PassingTD":"","PassingInt":"","RushingYDS":"","RushingTD":"","ReceivingRec":"","ReceivingYDS":"","ReceivingTD":"","RetTD":"","FumTD":"","2PT":"","Fum":"","PlayerWeekProjectedPts":null,"Rank":104,"TotalPoints":"0.00","ProjectionDiff":null},{"PlayerName":"Nick Keizer","PlayerId":"2561115","Pos":"TE","Team":"FA","PlayerOpponent":"Bye","PassingYDS":"","PassingTD":"","PassingInt":"","RushingYDS":"","RushingTD":"","ReceivingRec":"","ReceivingYDS":"","ReceivingTD":"","RetTD":"","FumTD":"","2PT":"","Fum":"","PlayerWeekProjectedPts":"","Rank":105,"TotalPoints":"0.00","ProjectionDiff":null},{"PlayerName":"Travis Kelce","PlayerId":"2540258","Pos":"TE","Team":"KC","PlayerOpponent":"DAL","PassingYDS":"","PassingTD":"","PassingInt":"","RushingYDS":"","RushingTD":"","ReceivingRec":"","ReceivingYDS":"","ReceivingTD":"","RetTD":"","FumTD":"","2PT":"","Fum":"","PlayerWeekProjectedPts":"12.19","Rank":106,"TotalPoints":"0.00","ProjectionDiff":-12.19},{"PlayerName":"George Kittle","PlayerId":"2558266","Pos":"TE","Team":"SF","PlayerOpponent":"@JAX","PassingYDS":"","PassingTD":"","PassingInt":"","RushingYDS":"","RushingTD":"","ReceivingRec":"","ReceivingYDS":"","ReceivingTD":"","RetTD":"","FumTD":"","2PT":"","Fum":"","PlayerWeekProjectedPts":"10.09","Rank":107,"TotalPoints":"0.00","ProjectionDiff":-10.09},{"PlayerName":"Cole Kmet","PlayerId":"2563704","Pos":"TE","Team":"CHI","PlayerOpponent":"BAL","PassingYDS":"","PassingTD":"","PassingInt":"","RushingYDS":"","RushingTD":"","ReceivingRec":"","ReceivingYDS":"","ReceivingTD":"","RetTD":"","FumTD":"","2PT":"","Fum":"","PlayerWeekProjectedPts":"7.06","Rank":108,"TotalPoints":"0.00","ProjectionDiff":-7.06},{"PlayerName":"Dawson Knox","PlayerId":"2562681","Pos":"TE","Team":"BUF","PlayerOpponent":"IND","PassingYDS":"","PassingTD":"","PassingInt":"","RushingYDS":"","RushingTD":"","ReceivingRec":"","ReceivingYDS":"","ReceivingTD":"","RetTD":"","FumTD":"","2PT":"","Fum":"","PlayerWeekProjectedPts":"8.87","Rank":109,"TotalPoints":"0.00","ProjectionDiff":-8.87},{"PlayerName":"Tyler Kroft","PlayerId":"2552586","Pos":"TE","Team":"NYJ","PlayerOpponent":"MIA","PassingYDS":"","PassingTD":"","PassingInt":"","RushingYDS":"","RushingTD":"","ReceivingRec":"","ReceivingYDS":"","ReceivingTD":"","RetTD":"","FumTD":"","2PT":"","Fum":"","PlayerWeekProjectedPts":null,"Rank":110,"TotalPoints":"0.00","ProjectionDiff":null},{"PlayerName":"Matt LaCosse","PlayerId":"2553667","Pos":"TE","Team":"NE","PlayerOpponent":"@ATL","PassingYDS":"","PassingTD":"","PassingInt":"","RushingYDS":"","RushingTD":"","ReceivingRec":"","ReceivingYDS":"","ReceivingTD":"","RetTD":"","FumTD":"","2PT":"","Fum":"","PlayerWeekProjectedPts":"0.00","Rank":111,"TotalPoints":"0.00","ProjectionDiff":0.0},{"PlayerName":"Marcedes Lewis","PlayerId":"2495888","Pos":"TE","Team":"GB","PlayerOpponent":"@MIN","PassingYDS":"","PassingTD":"","PassingInt":"","RushingYDS":"","RushingTD":"","ReceivingRec":"","ReceivingYDS":"","ReceivingTD":"","RetTD":"","FumTD":"","2PT":"","Fum":"","PlayerWeekProjectedPts":"2.71","Rank":112,"TotalPoints":"0.00","ProjectionDiff":-2.71},{"PlayerName":"Hunter Long","PlayerId":"2566286","Pos":"TE","Team":"MIA","PlayerOpponent":"@NYJ","PassingYDS":"","PassingTD":"","PassingInt":"","RushingYDS":"","RushingTD":"","ReceivingRec":"","ReceivingYDS":"","ReceivingTD":"","RetTD":"","FumTD":"","2PT":"","Fum":"","PlayerWeekProjectedPts":"0.00","Rank":113,"TotalPoints":"0.00","ProjectionDiff":0.0},{"PlayerName":"Tyler Mabry","PlayerId":"2565168","Pos":"TE","Team":"FA","PlayerOpponent":"Bye","PassingYDS":"","PassingTD":"","PassingInt":"","RushingYDS":"","RushingTD":"","ReceivingRec":"","ReceivingYDS":"","ReceivingTD":"","RetTD":"","FumTD":"","2PT":"","Fum":"","PlayerWeekProjectedPts":"","Rank":114,"TotalPoints":"0.00","ProjectionDiff":null},{"PlayerName":"Alize Mack","PlayerId":"2562307","Pos":"TE","Team":"FA","PlayerOpponent":"Bye","PassingYDS":"","PassingTD":"","PassingInt":"","RushingYDS":"","RushingTD":"","ReceivingRec":"","ReceivingYDS":"","ReceivingTD":"","RetTD":"","FumTD":"","2PT":"","Fum":"","PlayerWeekProjectedPts":"","Rank":115,"TotalPoints":"0.00","ProjectionDiff":null},{"PlayerName":"Chris Manhertz","PlayerId":"2552622","Pos":"TE","Team":"JAX","PlayerOpponent":"SF","PassingYDS":"","PassingTD":"","PassingInt":"","RushingYDS":"","RushingTD":"","ReceivingRec":"","ReceivingYDS":"","ReceivingTD":"","RetTD":"","FumTD":"","2PT":"","Fum":"","PlayerWeekProjectedPts":"0.35","Rank":116,"TotalPoints":"0.00","ProjectionDiff":-0.35},{"PlayerName":"Kyle Markway","PlayerId":"2564763","Pos":"TE","Team":"FA","PlayerOpponent":"Bye","PassingYDS":"","PassingTD":"","PassingInt":"","RushingYDS":"","RushingTD":"","ReceivingRec":"","ReceivingYDS":"","ReceivingTD":"","RetTD":"","FumTD":"","2PT":"","Fum":"","PlayerWeekProjectedPts":"","Rank":117,"TotalPoints":"0.00","ProjectionDiff":null},{"PlayerName":"Tyree Mayfield","PlayerId":"2563145","Pos":"TE","Team":"FA","PlayerOpponent":"Bye","PassingYDS":"","PassingTD":"","PassingInt":"","RushingYDS":"","RushingTD":"","ReceivingRec":"","ReceivingYDS":"","ReceivingTD":"","RetTD":"","FumTD":"","2PT":"","Fum":"","PlayerWeekProjectedPts":"","Rank":118,"TotalPoints":"0.00","ProjectionDiff":null},{"PlayerName":"Vance McDonald","PlayerId":"2540215","Pos":"TE","Team":"FA","PlayerOpponent":"Bye","PassingYDS":"","PassingTD":"","PassingInt":"","RushingYDS":"","RushingTD":"","ReceivingRec":"","ReceivingYDS":"","ReceivingTD":"","RetTD":"","FumTD":"","2PT":"","Fum":"","PlayerWeekProjectedPts":"","Rank":119,"TotalPoints":"0.00","ProjectionDiff":null},{"PlayerName":"Codey McElroy","PlayerId":"2561239","Pos":"TE","Team":"TB","PlayerOpponent":"NYG","PassingYDS":"","PassingTD":"","PassingInt":"","RushingYDS":"","RushingTD":"","ReceivingRec":"","ReceivingYDS":"","ReceivingTD":"","RetTD":"","FumTD":"","2PT":"","Fum":"","PlayerWeekProjectedPts":"0.00","Rank":120,"TotalPoints":"0.00","ProjectionDiff":0.0},{"PlayerName":"Sean McKeon","PlayerId":"2563854","Pos":"TE","Team":"DAL","PlayerOpponent":"@KC","PassingYDS":"","PassingTD":"","PassingInt":"","RushingYDS":"","RushingTD":"","ReceivingRec":"","ReceivingYDS":"","ReceivingTD":"","RetTD":"","FumTD":"","2PT":"","Fum":"","PlayerWeekProjectedPts":"1.24","Rank":121,"TotalPoints":"0.00","ProjectionDiff":-1.24},{"PlayerName":"Tre' McKitty","PlayerId":"2566490","Pos":"TE","Team":"LAC","PlayerOpponent":"PIT","PassingYDS":"","PassingTD":"","PassingInt":"","RushingYDS":"","RushingTD":"","ReceivingRec":"","ReceivingYDS":"","ReceivingTD":"","RetTD":"","FumTD":"","2PT":"","Fum":"","PlayerWeekProjectedPts":"0.61","Rank":122,"TotalPoints":"0.00","ProjectionDiff":-0.61},{"PlayerName":"Briley Moore-McKinney","PlayerId":"2566956","Pos":"TE","Team":"TEN","PlayerOpponent":"HOU","PassingYDS":"","PassingTD":"","PassingInt":"","RushingYDS":"","RushingTD":"","ReceivingRec":"","ReceivingYDS":"","ReceivingTD":"","RetTD":"","FumTD":"","2PT":"","Fum":"","PlayerWeekProjectedPts":"0.00","Rank":123,"TotalPoints":"0.00","ProjectionDiff":0.0},{"PlayerName":"Foster Moreau","PlayerId":"2562317","Pos":"TE","Team":"LV","PlayerOpponent":"CIN","PassingYDS":"","PassingTD":"","PassingInt":"","RushingYDS":"","RushingTD":"","ReceivingRec":"","ReceivingYDS":"","ReceivingTD":"","RetTD":"","FumTD":"","2PT":"","Fum":"","PlayerWeekProjectedPts":"1.66","Rank":124,"TotalPoints":"0.00","ProjectionDiff":-1.66},{"PlayerName":"Quintin Morris","PlayerId":"2566641","Pos":"TE","Team":"BUF","PlayerOpponent":"IND","PassingYDS":"","PassingTD":"","PassingInt":"","RushingYDS":"","RushingTD":"","ReceivingRec":"","ReceivingYDS":"","ReceivingTD":"","RetTD":"","FumTD":"","2PT":"","Fum":"","PlayerWeekProjectedPts":"0.00","Rank":125,"TotalPoints":"0.00","ProjectionDiff":0.0},{"PlayerName":"Thaddeus Moss","PlayerId":"2565288","Pos":"TE","Team":"CIN","PlayerOpponent":"@LV","PassingYDS":"","PassingTD":"","PassingInt":"","RushingYDS":"","RushingTD":"","ReceivingRec":"","ReceivingYDS":"","ReceivingTD":"","RetTD":"","FumTD":"","2PT":"","Fum":"","PlayerWeekProjectedPts":"0.00","Rank":126,"TotalPoints":"0.00","ProjectionDiff":0.0},{"PlayerName":"Johnny Mundt","PlayerId":"2558875","Pos":"TE","Team":"LA","PlayerOpponent":"Bye","PassingYDS":"","PassingTD":"","PassingInt":"","RushingYDS":"","RushingTD":"","ReceivingRec":"","ReceivingYDS":"","ReceivingTD":"","RetTD":"","FumTD":"","2PT":"","Fum":"","PlayerWeekProjectedPts":null,"Rank":127,"TotalPoints":"0.00","ProjectionDiff":null},{"PlayerName":"Chris Myarick","PlayerId":"2563210","Pos":"TE","Team":"NYG","PlayerOpponent":"@TB","PassingYDS":"","PassingTD":"","PassingInt":"","RushingYDS":"","RushingTD":"","ReceivingRec":"","ReceivingYDS":"","ReceivingTD":"","RetTD":"","FumTD":"","2PT":"","Fum":"","PlayerWeekProjectedPts":"0.00","Rank":128,"TotalPoints":"0.00","ProjectionDiff":0.0},{"PlayerName":"Isaac Nauta","PlayerId":"2562691","Pos":"TE","Team":"FA","PlayerOpponent":"Bye","PassingYDS":"","PassingTD":"","PassingInt":"","RushingYDS":"","RushingTD":"","ReceivingRec":"","ReceivingYDS":"","ReceivingTD":"","RetTD":"","FumTD":"","2PT":"","Fum":"","PlayerWeekProjectedPts":"","Rank":129,"TotalPoints":"0.00","ProjectionDiff":null},{"PlayerName":"David Njoku","PlayerId":"2557986","Pos":"TE","Team":"CLE","PlayerOpponent":"DET","PassingYDS":"","PassingTD":"","PassingInt":"","RushingYDS":"","RushingTD":"","ReceivingRec":"","ReceivingYDS":"","ReceivingTD":"","RetTD":"","FumTD":"","2PT":"","Fum":"","PlayerWeekProjectedPts":"5.48","Rank":130,"TotalPoints":"0.00","ProjectionDiff":-5.48},{"PlayerName":"James O'Shaughnessy","PlayerId":"2553318","Pos":"TE","Team":"JAX","PlayerOpponent":"SF","PassingYDS":"","PassingTD":"","PassingInt":"","RushingYDS":"","RushingTD":"","ReceivingRec":"","ReceivingYDS":"","ReceivingTD":"","RetTD":"","FumTD":"","2PT":"","Fum":"","PlayerWeekProjectedPts":null,"Rank":131,"TotalPoints":"0.00","ProjectionDiff":null},{"PlayerName":"Albert Okwuegbunam","PlayerId":"2563911","Pos":"TE","Team":"DEN","PlayerOpponent":"Bye","PassingYDS":"","PassingTD":"","PassingInt":"","RushingYDS":"","RushingTD":"","ReceivingRec":"","ReceivingYDS":"","ReceivingTD":"","RetTD":"","FumTD":"","2PT":"","Fum":"","PlayerWeekProjectedPts":"","Rank":132,"TotalPoints":"0.00","ProjectionDiff":null},{"PlayerName":"Josh Oliver","PlayerId":"2562693","Pos":"TE","Team":"BAL","PlayerOpponent":"@CHI","PassingYDS":"","PassingTD":"","PassingInt":"","RushingYDS":"","RushingTD":"","ReceivingRec":"","ReceivingYDS":"","ReceivingTD":"","RetTD":"","FumTD":"","2PT":"","Fum":"","PlayerWeekProjectedPts":"1.17","Rank":133,"TotalPoints":"0.00","ProjectionDiff":-1.17},{"PlayerName":"Greg Olsen","PlayerId":"2495700","Pos":"TE","Team":"FA","PlayerOpponent":"Bye","PassingYDS":"","PassingTD":"","PassingInt":"","RushingYDS":"","RushingTD":"","ReceivingRec":"","ReceivingYDS":"","ReceivingTD":"","RetTD":"","FumTD":"","2PT":"","Fum":"","PlayerWeekProjectedPts":"","Rank":134,"TotalPoints":"0.00","ProjectionDiff":null},{"PlayerName":"Donald Parham","PlayerId":"2562394","Pos":"TE","Team":"LAC","PlayerOpponent":"PIT","PassingYDS":"","PassingTD":"","PassingInt":"","RushingYDS":"","RushingTD":"","ReceivingRec":"","ReceivingYDS":"","ReceivingTD":"","RetTD":"","FumTD":"","2PT":"","Fum":"","PlayerWeekProjectedPts":"3.05","Rank":135,"TotalPoints":"0.00","ProjectionDiff":-3.05},{"PlayerName":"Colby Parkinson","PlayerId":"2565180","Pos":"TE","Team":"SEA","PlayerOpponent":"ARI","PassingYDS":"","PassingTD":"","PassingInt":"","RushingYDS":"","RushingTD":"","ReceivingRec":"","ReceivingYDS":"","ReceivingTD":"","RetTD":"","FumTD":"","2PT":"","Fum":"","PlayerWeekProjectedPts":"0.49","Rank":136,"TotalPoints":"0.00","ProjectionDiff":-0.49},{"PlayerName":"Jared Pinkney","PlayerId":"2563518","Pos":"TE","Team":"LA","PlayerOpponent":"Bye","PassingYDS":"","PassingTD":"","PassingInt":"","RushingYDS":"","RushingTD":"","ReceivingRec":"","ReceivingYDS":"","ReceivingTD":"","RetTD":"","FumTD":"","2PT":"","Fum":"","PlayerWeekProjectedPts":"","Rank":137,"TotalPoints":"0.00","ProjectionDiff":null},{"PlayerName":"Kyle Pitts","PlayerId":"2565830","Pos":"TE","Team":"ATL","PlayerOpponent":"NE","PassingYDS":"","PassingTD":"","PassingInt":"","RushingYDS":"","RushingTD":"","ReceivingRec":"","ReceivingYDS":"","ReceivingTD":"","RetTD":"","FumTD":"","2PT":"","Fum":"","PlayerWeekProjectedPts":"11.36","Rank":138,"TotalPoints":"0.00","ProjectionDiff":-11.36},{"PlayerName":"Tony Poljan","PlayerId":"2566620","Pos":"TE","Team":"BAL","PlayerOpponent":"@CHI","PassingYDS":"","PassingTD":"","PassingInt":"","RushingYDS":"","RushingTD":"","ReceivingRec":"","ReceivingYDS":"","ReceivingTD":"","RetTD":"","FumTD":"","2PT":"","Fum":"","PlayerWeekProjectedPts":"0.00","Rank":139,"TotalPoints":"0.00","ProjectionDiff":0.0},{"PlayerName":"Jake Powell","PlayerId":"2563134","Pos":"TE","Team":"FA","PlayerOpponent":"Bye","PassingYDS":"","PassingTD":"","PassingInt":"","RushingYDS":"","RushingTD":"","ReceivingRec":"","ReceivingYDS":"","ReceivingTD":"","RetTD":"","FumTD":"","2PT":"","Fum":"","PlayerWeekProjectedPts":"","Rank":140,"TotalPoints":"0.00","ProjectionDiff":null},{"PlayerName":"MyCole Pruitt","PlayerId":"2552401","Pos":"TE","Team":"TEN","PlayerOpponent":"HOU","PassingYDS":"","PassingTD":"","PassingInt":"","RushingYDS":"","RushingTD":"","ReceivingRec":"","ReceivingYDS":"","ReceivingTD":"","RetTD":"","FumTD":"","2PT":"","Fum":"","PlayerWeekProjectedPts":"1.66","Rank":141,"TotalPoints":"0.00","ProjectionDiff":-1.66},{"PlayerName":"Paul Quessenberry","PlayerId":"2565531","Pos":"TE","Team":"HOU","PlayerOpponent":"@TEN","PassingYDS":"","PassingTD":"","PassingInt":"","RushingYDS":"","RushingTD":"","ReceivingRec":"","ReceivingYDS":"","ReceivingTD":"","RetTD":"","FumTD":"","2PT":"","Fum":"","PlayerWeekProjectedPts":"0.00","Rank":142,"TotalPoints":"0.00","ProjectionDiff":0.0},{"PlayerName":"Kevin Rader","PlayerId":"2561264","Pos":"TE","Team":"PIT","PlayerOpponent":"@LAC","PassingYDS":"","PassingTD":"","PassingInt":"","RushingYDS":"","RushingTD":"","ReceivingRec":"","ReceivingYDS":"","ReceivingTD":"","RetTD":"","FumTD":"","2PT":"","Fum":"","PlayerWeekProjectedPts":"0.00","Rank":143,"TotalPoints":"0.00","ProjectionDiff":0.0},{"PlayerName":"Dax Raymond","PlayerId":"2562710","Pos":"TE","Team":"FA","PlayerOpponent":"Bye","PassingYDS":"","PassingTD":"","PassingInt":"","RushingYDS":"","RushingTD":"","ReceivingRec":"","ReceivingYDS":"","ReceivingTD":"","RetTD":"","FumTD":"","2PT":"","Fum":"","PlayerWeekProjectedPts":"","Rank":144,"TotalPoints":"0.00","ProjectionDiff":null},{"PlayerName":"Jordan Reed","PlayerId":"2540160","Pos":"TE","Team":"FA","PlayerOpponent":"Bye","PassingYDS":"","PassingTD":"","PassingInt":"","RushingYDS":"","RushingTD":"","ReceivingRec":"","ReceivingYDS":"","ReceivingTD":"","RetTD":"","FumTD":"","2PT":"","Fum":"","PlayerWeekProjectedPts":"","Rank":145,"TotalPoints":"0.00","ProjectionDiff":null},{"PlayerName":"Sammis Reyes","PlayerId":"2565807","Pos":"TE","Team":"WAS","PlayerOpponent":"@CAR","PassingYDS":"","PassingTD":"","PassingInt":"","RushingYDS":"","RushingTD":"","ReceivingRec":"","ReceivingYDS":"","ReceivingTD":"","RetTD":"","FumTD":"","2PT":"","Fum":"","PlayerWeekProjectedPts":"0.00","Rank":146,"TotalPoints":"0.00","ProjectionDiff":0.0},{"PlayerName":"Giovanni Ricci","PlayerId":"2563668","Pos":"TE","Team":"CAR","PlayerOpponent":"WAS","PassingYDS":"","PassingTD":"","PassingInt":"","RushingYDS":"","RushingTD":"","ReceivingRec":"","ReceivingYDS":"","ReceivingTD":"","RetTD":"","FumTD":"","2PT":"","Fum":"","PlayerWeekProjectedPts":"0.34","Rank":147,"TotalPoints":"0.00","ProjectionDiff":-0.34},{"PlayerName":"Ellis Richardson","PlayerId":"2563081","Pos":"TE","Team":"FA","PlayerOpponent":"Bye","PassingYDS":"","PassingTD":"","PassingInt":"","RushingYDS":"","RushingTD":"","ReceivingRec":"","ReceivingYDS":"","ReceivingTD":"","RetTD":"","FumTD":"","2PT":"","Fum":"","PlayerWeekProjectedPts":"","Rank":148,"TotalPoints":"0.00","ProjectionDiff":null},{"PlayerName":"Richard Rodgers","PlayerId":"2550313","Pos":"TE","Team":"PHI","PlayerOpponent":"NO","PassingYDS":"","PassingTD":"","PassingInt":"","RushingYDS":"","RushingTD":"","ReceivingRec":"","ReceivingYDS":"","ReceivingTD":"","RetTD":"","FumTD":"","2PT":"","Fum":"","PlayerWeekProjectedPts":"0.00","Rank":149,"TotalPoints":"0.00","ProjectionDiff":0.0},{"PlayerName":"Kyle Rudolph","PlayerId":"2495438","Pos":"TE","Team":"NYG","PlayerOpponent":"@TB","PassingYDS":"","PassingTD":"","PassingInt":"","RushingYDS":"","RushingTD":"","ReceivingRec":"","ReceivingYDS":"","ReceivingTD":"","RetTD":"","FumTD":"","2PT":"","Fum":"","PlayerWeekProjectedPts":"3.27","Rank":150,"TotalPoints":"0.00","ProjectionDiff":-3.27},{"PlayerName":"Drew Sample","PlayerId":"2562720","Pos":"TE","Team":"CIN","PlayerOpponent":"@LV","PassingYDS":"","PassingTD":"","PassingInt":"","RushingYDS":"","RushingTD":"","ReceivingRec":"","ReceivingYDS":"","ReceivingTD":"","RetTD":"","FumTD":"","2PT":"","Fum":"","PlayerWeekProjectedPts":"1.55","Rank":151,"TotalPoints":"0.00","ProjectionDiff":-1.55},{"PlayerName":"Eric Saubert","PlayerId":"2558023","Pos":"TE","Team":"DEN","PlayerOpponent":"Bye","PassingYDS":"","PassingTD":"","PassingInt":"","RushingYDS":"","RushingTD":"","ReceivingRec":"","ReceivingYDS":"","ReceivingTD":"","RetTD":"","FumTD":"","2PT":"","Fum":"","PlayerWeekProjectedPts":"","Rank":152,"TotalPoints":"0.00","ProjectionDiff":null},{"PlayerName":"Mason Schreck","PlayerId":"2558864","Pos":"TE","Team":"CIN","PlayerOpponent":"@LV","PassingYDS":"","PassingTD":"","PassingInt":"","RushingYDS":"","RushingTD":"","ReceivingRec":"","ReceivingYDS":"","ReceivingTD":"","RetTD":"","FumTD":"","2PT":"","Fum":"","PlayerWeekProjectedPts":"0.00","Rank":153,"TotalPoints":"0.00","ProjectionDiff":0.0},{"PlayerName":"Dalton Schultz","PlayerId":"2560866","Pos":"TE","Team":"DAL","PlayerOpponent":"@KC","PassingYDS":"","PassingTD":"","PassingInt":"","RushingYDS":"","RushingTD":"","ReceivingRec":"","ReceivingYDS":"","ReceivingTD":"","RetTD":"","FumTD":"","2PT":"","Fum":"","PlayerWeekProjectedPts":"8.25","Rank":154,"TotalPoints":"0.00","ProjectionDiff":-8.25},{"PlayerName":"Ricky Seals-Jones","PlayerId":"2559248","Pos":"TE","Team":"WAS","PlayerOpponent":"@CAR","PassingYDS":"","PassingTD":"","PassingInt":"","RushingYDS":"","RushingTD":"","ReceivingRec":"","ReceivingYDS":"","ReceivingTD":"","RetTD":"","FumTD":"","2PT":"","Fum":"","PlayerWeekProjectedPts":"2.79","Rank":155,"TotalPoints":"0.00","ProjectionDiff":-2.79},{"PlayerName":"Adam Shaheen","PlayerId":"2558144","Pos":"TE","Team":"MIA","PlayerOpponent":"@NYJ","PassingYDS":"","PassingTD":"","PassingInt":"","RushingYDS":"","RushingTD":"","ReceivingRec":"","ReceivingYDS":"","ReceivingTD":"","RetTD":"","FumTD":"","2PT":"","Fum":"","PlayerWeekProjectedPts":"2.09","Rank":156,"TotalPoints":"0.00","ProjectionDiff":-2.09},{"PlayerName":"Irv Smith","PlayerId":"2562738","Pos":"TE","Team":"MIN","PlayerOpponent":"GB","PassingYDS":"","PassingTD":"","PassingInt":"","RushingYDS":"","RushingTD":"","ReceivingRec":"","ReceivingYDS":"","ReceivingTD":"","RetTD":"","FumTD":"","2PT":"","Fum":"","PlayerWeekProjectedPts":null,"Rank":157,"TotalPoints":"0.00","ProjectionDiff":null},{"PlayerName":"Jonnu Smith","PlayerId":"2558207","Pos":"TE","Team":"NE","PlayerOpponent":"@ATL","PassingYDS":"","PassingTD":"","PassingInt":"","RushingYDS":"","RushingTD":"","ReceivingRec":"","ReceivingYDS":"","ReceivingTD":"","RetTD":"","FumTD":"","2PT":"","Fum":"","PlayerWeekProjectedPts":"5.10","Rank":158,"TotalPoints":"0.00","ProjectionDiff":-5.1},{"PlayerName":"Kaden Smith","PlayerId":"2562740","Pos":"TE","Team":"NYG","PlayerOpponent":"@TB","PassingYDS":"","PassingTD":"","PassingInt":"","RushingYDS":"","RushingTD":"","ReceivingRec":"","ReceivingYDS":"","ReceivingTD":"","RetTD":"","FumTD":"","2PT":"","Fum":"","PlayerWeekProjectedPts":"0.43","Rank":159,"TotalPoints":"0.00","ProjectionDiff":-0.43},{"PlayerName":"Lee Smith","PlayerId":"2495347","Pos":"TE","Team":"ATL","PlayerOpponent":"NE","PassingYDS":"","PassingTD":"","PassingInt":"","RushingYDS":"","RushingTD":"","ReceivingRec":"","ReceivingYDS":"","ReceivingTD":"","RetTD":"","FumTD":"","2PT":"","Fum":"","PlayerWeekProjectedPts":"0.98","Rank":160,"TotalPoints":"0.00","ProjectionDiff":-0.98},{"PlayerName":"Durham Smythe","PlayerId":"2560880","Pos":"TE","Team":"MIA","PlayerOpponent":"@NYJ","PassingYDS":"","PassingTD":"","PassingInt":"","RushingYDS":"","RushingTD":"","ReceivingRec":"","ReceivingYDS":"","ReceivingTD":"","RetTD":"","FumTD":"","2PT":"","Fum":"","PlayerWeekProjectedPts":"3.09","Rank":161,"TotalPoints":"0.00","ProjectionDiff":-3.09},{"PlayerName":"Dylan Soehner","PlayerId":"2565711","Pos":"TE","Team":"NO","PlayerOpponent":"@PHI","PassingYDS":"","PassingTD":"","PassingInt":"","RushingYDS":"","RushingTD":"","ReceivingRec":"","ReceivingYDS":"","ReceivingTD":"","RetTD":"","FumTD":"","2PT":"","Fum":"","PlayerWeekProjectedPts":null,"Rank":162,"TotalPoints":"0.00","ProjectionDiff":null},{"PlayerName":"Matt Sokol","PlayerId":"2562980","Pos":"TE","Team":"JAX","PlayerOpponent":"SF","PassingYDS":"","PassingTD":"","PassingInt":"","RushingYDS":"","RushingTD":"","ReceivingRec":"","ReceivingYDS":"","ReceivingTD":"","RetTD":"","FumTD":"","2PT":"","Fum":"","PlayerWeekProjectedPts":"0.00","Rank":163,"TotalPoints":"0.00","ProjectionDiff":0.0},{"PlayerName":"Jeremy Sprinkle","PlayerId":"2557886","Pos":"TE","Team":"DAL","PlayerOpponent":"@KC","PassingYDS":"","PassingTD":"","PassingInt":"","RushingYDS":"","RushingTD":"","ReceivingRec":"","ReceivingYDS":"","ReceivingTD":"","RetTD":"","FumTD":"","2PT":"","Fum":"","PlayerWeekProjectedPts":"0.07","Rank":164,"TotalPoints":"0.00","ProjectionDiff":-0.07},{"PlayerName":"Jace Sternberger","PlayerId":"2562744","Pos":"TE","Team":"FA","PlayerOpponent":"Bye","PassingYDS":"","PassingTD":"","PassingInt":"","RushingYDS":"","RushingTD":"","ReceivingRec":"","ReceivingYDS":"","ReceivingTD":"","RetTD":"","FumTD":"","2PT":"","Fum":"","PlayerWeekProjectedPts":"","Rank":165,"TotalPoints":"0.00","ProjectionDiff":null},{"PlayerName":"Luke Stocker","PlayerId":"2495234","Pos":"TE","Team":"MIN","PlayerOpponent":"GB","PassingYDS":"","PassingTD":"","PassingInt":"","RushingYDS":"","RushingTD":"","ReceivingRec":"","ReceivingYDS":"","ReceivingTD":"","RetTD":"","FumTD":"","2PT":"","Fum":"","PlayerWeekProjectedPts":"0.98","Rank":166,"TotalPoints":"0.00","ProjectionDiff":-0.98},{"PlayerName":"Jack Stoll","PlayerId":"2567061","Pos":"TE","Team":"PHI","PlayerOpponent":"NO","PassingYDS":"","PassingTD":"","PassingInt":"","RushingYDS":"","RushingTD":"","ReceivingRec":"","ReceivingYDS":"","ReceivingTD":"","RetTD":"","FumTD":"","2PT":"","Fum":"","PlayerWeekProjectedPts":"1.00","Rank":167,"TotalPoints":"0.00","ProjectionDiff":-1.0},{"PlayerName":"Stephen Sullivan","PlayerId":"2565192","Pos":"TE","Team":"CAR","PlayerOpponent":"WAS","PassingYDS":"","PassingTD":"","PassingInt":"","RushingYDS":"","RushingTD":"","ReceivingRec":"","ReceivingYDS":"","ReceivingTD":"","RetTD":"","FumTD":"","2PT":"","Fum":"","PlayerWeekProjectedPts":"0.00","Rank":168,"TotalPoints":"0.00","ProjectionDiff":0.0},{"PlayerName":"Geoff Swaim","PlayerId":"2553454","Pos":"TE","Team":"TEN","PlayerOpponent":"HOU","PassingYDS":"","PassingTD":"","PassingInt":"","RushingYDS":"","RushingTD":"","ReceivingRec":"","ReceivingYDS":"","ReceivingTD":"","RetTD":"","FumTD":"","2PT":"","Fum":"","PlayerWeekProjectedPts":"4.08","Rank":169,"TotalPoints":"0.00","ProjectionDiff":-4.08},{"PlayerName":"Tommy Sweeney","PlayerId":"2562750","Pos":"TE","Team":"BUF","PlayerOpponent":"IND","PassingYDS":"","PassingTD":"","PassingInt":"","RushingYDS":"","RushingTD":"","ReceivingRec":"","ReceivingYDS":"","ReceivingTD":"","RetTD":"","FumTD":"","2PT":"","Fum":"","PlayerWeekProjectedPts":"1.18","Rank":170,"TotalPoints":"0.00","ProjectionDiff":-1.18},{"PlayerName":"Tyrone Swoopes","PlayerId":"2559263","Pos":"TE","Team":"FA","PlayerOpponent":"Bye","PassingYDS":"","PassingTD":"","PassingInt":"","RushingYDS":"","RushingTD":"","ReceivingRec":"","ReceivingYDS":"","ReceivingTD":"","RetTD":"","FumTD":"","2PT":"","Fum":"","PlayerWeekProjectedPts":"","Rank":171,"TotalPoints":"0.00","ProjectionDiff":null},{"PlayerName":"Tim Tebow","PlayerId":"497135","Pos":"TE","Team":"FA","PlayerOpponent":"Bye","PassingYDS":"","PassingTD":"","PassingInt":"","RushingYDS":"","RushingTD":"","ReceivingRec":"","ReceivingYDS":"","ReceivingTD":"","RetTD":"","FumTD":"","2PT":"","Fum":"","PlayerWeekProjectedPts":"","Rank":172,"TotalPoints":"0.00","ProjectionDiff":null},{"PlayerName":"Hunter Thedford","PlayerId":"2565585","Pos":"TE","Team":"FA","PlayerOpponent":"Bye","PassingYDS":"","PassingTD":"","PassingInt":"","RushingYDS":"","RushingTD":"","ReceivingRec":"","ReceivingYDS":"","ReceivingTD":"","RetTD":"","FumTD":"","2PT":"","Fum":"","PlayerWeekProjectedPts":"","Rank":173,"TotalPoints":"0.00","ProjectionDiff":null},{"PlayerName":"Ian Thomas","PlayerId":"2560894","Pos":"TE","Team":"CAR","PlayerOpponent":"WAS","PassingYDS":"","PassingTD":"","PassingInt":"","RushingYDS":"","RushingTD":"","ReceivingRec":"","ReceivingYDS":"","ReceivingTD":"","RetTD":"","FumTD":"","2PT":"","Fum":"","PlayerWeekProjectedPts":"1.84","Rank":174,"TotalPoints":"0.00","ProjectionDiff":-1.84},{"PlayerName":"Jordan Thomas","PlayerId":"2560896","Pos":"TE","Team":"FA","PlayerOpponent":"Bye","PassingYDS":"","PassingTD":"","PassingInt":"","RushingYDS":"","RushingTD":"","ReceivingRec":"","ReceivingYDS":"","ReceivingTD":"","RetTD":"","FumTD":"","2PT":"","Fum":"","PlayerWeekProjectedPts":"","Rank":175,"TotalPoints":"0.00","ProjectionDiff":null},{"PlayerName":"Logan Thomas","PlayerId":"2543767","Pos":"TE","Team":"WAS","PlayerOpponent":"@CAR","PassingYDS":"","PassingTD":"","PassingInt":"","RushingYDS":"","RushingTD":"","ReceivingRec":"","ReceivingYDS":"","ReceivingTD":"","RetTD":"","FumTD":"","2PT":"","Fum":"","PlayerWeekProjectedPts":null,"Rank":176,"TotalPoints":"0.00","ProjectionDiff":null},{"PlayerName":"Colin Thompson","PlayerId":"2559268","Pos":"TE","Team":"CAR","PlayerOpponent":"WAS","PassingYDS":"","PassingTD":"","PassingInt":"","RushingYDS":"","RushingTD":"","ReceivingRec":"","ReceivingYDS":"","ReceivingTD":"","RetTD":"","FumTD":"","2PT":"","Fum":"","PlayerWeekProjectedPts":"0.30","Rank":177,"TotalPoints":"0.00","ProjectionDiff":-0.3},{"PlayerName":"Noah Togiai","PlayerId":"2564865","Pos":"TE","Team":"PHI","PlayerOpponent":"NO","PassingYDS":"","PassingTD":"","PassingInt":"","RushingYDS":"","RushingTD":"","ReceivingRec":"","ReceivingYDS":"","ReceivingTD":"","RetTD":"","FumTD":"","2PT":"","Fum":"","PlayerWeekProjectedPts":"0.00","Rank":178,"TotalPoints":"0.00","ProjectionDiff":0.0},{"PlayerName":"Levine Toilolo","PlayerId":"2540203","Pos":"TE","Team":"NYG","PlayerOpponent":"@TB","PassingYDS":"","PassingTD":"","PassingInt":"","RushingYDS":"","RushingTD":"","ReceivingRec":"","ReceivingYDS":"","ReceivingTD":"","RetTD":"","FumTD":"","2PT":"","Fum":"","PlayerWeekProjectedPts":null,"Rank":179,"TotalPoints":"0.00","ProjectionDiff":null},{"PlayerName":"Eric Tomlinson","PlayerId":"2553744","Pos":"TE","Team":"BAL","PlayerOpponent":"@CHI","PassingYDS":"","PassingTD":"","PassingInt":"","RushingYDS":"","RushingTD":"","ReceivingRec":"","ReceivingYDS":"","ReceivingTD":"","RetTD":"","FumTD":"","2PT":"","Fum":"","PlayerWeekProjectedPts":"0.00","Rank":180,"TotalPoints":"0.00","ProjectionDiff":0.0},{"PlayerName":"Robert Tonyan","PlayerId":"2559270","Pos":"TE","Team":"GB","PlayerOpponent":"@MIN","PassingYDS":"","PassingTD":"","PassingInt":"","RushingYDS":"","RushingTD":"","ReceivingRec":"","ReceivingYDS":"","ReceivingTD":"","RetTD":"","FumTD":"","2PT":"","Fum":"","PlayerWeekProjectedPts":null,"Rank":181,"TotalPoints":"0.00","ProjectionDiff":null},{"PlayerName":"Adam Trautman","PlayerId":"2564703","Pos":"TE","Team":"NO","PlayerOpponent":"@PHI","PassingYDS":"","PassingTD":"","PassingInt":"","RushingYDS":"","RushingTD":"","ReceivingRec":"","ReceivingYDS":"","ReceivingTD":"","RetTD":"","FumTD":"","2PT":"","Fum":"","PlayerWeekProjectedPts":"3.41","Rank":182,"TotalPoints":"0.00","ProjectionDiff":-3.41},{"PlayerName":"Ross Travis","PlayerId":"2554630","Pos":"TE","Team":"FA","PlayerOpponent":"Bye","PassingYDS":"","PassingTD":"","PassingInt":"","RushingYDS":"","RushingTD":"","ReceivingRec":"","ReceivingYDS":"","ReceivingTD":"","RetTD":"","FumTD":"","2PT":"","Fum":"","PlayerWeekProjectedPts":"","Rank":183,"TotalPoints":"0.00","ProjectionDiff":null},{"PlayerName":"Tommy Tremble","PlayerId":"2565914","Pos":"TE","Team":"CAR","PlayerOpponent":"WAS","PassingYDS":"","PassingTD":"","PassingInt":"","RushingYDS":"","RushingTD":"","ReceivingRec":"","ReceivingYDS":"","ReceivingTD":"","RetTD":"","FumTD":"","2PT":"","Fum":"","PlayerWeekProjectedPts":"3.09","Rank":184,"TotalPoints":"0.00","ProjectionDiff":-3.09},{"PlayerName":"Carl Tucker","PlayerId":"2566665","Pos":"TE","Team":"FA","PlayerOpponent":"Bye","PassingYDS":"","PassingTD":"","PassingInt":"","RushingYDS":"","RushingTD":"","ReceivingRec":"","ReceivingYDS":"","ReceivingTD":"","RetTD":"","FumTD":"","2PT":"","Fum":"","PlayerWeekProjectedPts":"","Rank":185,"TotalPoints":"0.00","ProjectionDiff":null},{"PlayerName":"C.J. Uzomah","PlayerId":"2552559","Pos":"TE","Team":"CIN","PlayerOpponent":"@LV","PassingYDS":"","PassingTD":"","PassingInt":"","RushingYDS":"","RushingTD":"","ReceivingRec":"","ReceivingYDS":"","ReceivingTD":"","RetTD":"","FumTD":"","2PT":"","Fum":"","PlayerWeekProjectedPts":"6.50","Rank":186,"TotalPoints":"0.00","ProjectionDiff":-6.5},{"PlayerName":"Nick Vannett","PlayerId":"2555289","Pos":"TE","Team":"NO","PlayerOpponent":"@PHI","PassingYDS":"","PassingTD":"","PassingInt":"","RushingYDS":"","RushingTD":"","ReceivingRec":"","ReceivingYDS":"","ReceivingTD":"","RetTD":"","FumTD":"","2PT":"","Fum":"","PlayerWeekProjectedPts":"1.00","Rank":187,"TotalPoints":"0.00","ProjectionDiff":-1.0},{"PlayerName":"Andrew Vollert","PlayerId":"2561284","Pos":"TE","Team":"FA","PlayerOpponent":"Bye","PassingYDS":"","PassingTD":"","PassingInt":"","RushingYDS":"","RushingTD":"","ReceivingRec":"","ReceivingYDS":"","ReceivingTD":"","RetTD":"","FumTD":"","2PT":"","Fum":"","PlayerWeekProjectedPts":"","Rank":188,"TotalPoints":"0.00","ProjectionDiff":null},{"PlayerName":"Delanie Walker","PlayerId":"2495966","Pos":"TE","Team":"FA","PlayerOpponent":"Bye","PassingYDS":"","PassingTD":"","PassingInt":"","RushingYDS":"","RushingTD":"","ReceivingRec":"","ReceivingYDS":"","ReceivingTD":"","RetTD":"","FumTD":"","2PT":"","Fum":"","PlayerWeekProjectedPts":"","Rank":189,"TotalPoints":"0.00","ProjectionDiff":null},{"PlayerName":"Darren Waller","PlayerId":"2552408","Pos":"TE","Team":"LV","PlayerOpponent":"CIN","PassingYDS":"","PassingTD":"","PassingInt":"","RushingYDS":"","RushingTD":"","ReceivingRec":"","ReceivingYDS":"","ReceivingTD":"","RetTD":"","FumTD":"","2PT":"","Fum":"","PlayerWeekProjectedPts":"13.39","Rank":190,"TotalPoints":"0.00","ProjectionDiff":-13.39},{"PlayerName":"Kahale Warring","PlayerId":"2562771","Pos":"TE","Team":"BUF","PlayerOpponent":"IND","PassingYDS":"","PassingTD":"","PassingInt":"","RushingYDS":"","RushingTD":"","ReceivingRec":"","ReceivingYDS":"","ReceivingTD":"","RetTD":"","FumTD":"","2PT":"","Fum":"","PlayerWeekProjectedPts":"0.00","Rank":191,"TotalPoints":"0.00","ProjectionDiff":0.0},{"PlayerName":"Trevon Wesco","PlayerId":"2562777","Pos":"TE","Team":"NYJ","PlayerOpponent":"MIA","PassingYDS":"","PassingTD":"","PassingInt":"","RushingYDS":"","RushingTD":"","ReceivingRec":"","ReceivingYDS":"","ReceivingTD":"","RetTD":"","FumTD":"","2PT":"","Fum":"","PlayerWeekProjectedPts":"0.85","Rank":192,"TotalPoints":"0.00","ProjectionDiff":-0.85},{"PlayerName":"Nate Wieting","PlayerId":"2563815","Pos":"TE","Team":"FA","PlayerOpponent":"Bye","PassingYDS":"","PassingTD":"","PassingInt":"","RushingYDS":"","RushingTD":"","ReceivingRec":"","ReceivingYDS":"","ReceivingTD":"","RetTD":"","FumTD":"","2PT":"","Fum":"","PlayerWeekProjectedPts":"","Rank":193,"TotalPoints":"0.00","ProjectionDiff":null},{"PlayerName":"Mitchell Wilcox","PlayerId":"2563749","Pos":"TE","Team":"CIN","PlayerOpponent":"@LV","PassingYDS":"","PassingTD":"","PassingInt":"","RushingYDS":"","RushingTD":"","ReceivingRec":"","ReceivingYDS":"","ReceivingTD":"","RetTD":"","FumTD":"","2PT":"","Fum":"","PlayerWeekProjectedPts":"0.00","Rank":194,"TotalPoints":"0.00","ProjectionDiff":0.0},{"PlayerName":"Carson Williams","PlayerId":"2565669","Pos":"TE","Team":"FA","PlayerOpponent":"Bye","PassingYDS":"","PassingTD":"","PassingInt":"","RushingYDS":"","RushingTD":"","ReceivingRec":"","ReceivingYDS":"","ReceivingTD":"","RetTD":"","FumTD":"","2PT":"","Fum":"","PlayerWeekProjectedPts":"","Rank":195,"TotalPoints":"0.00","ProjectionDiff":null},{"PlayerName":"Maxx Williams","PlayerId":"2552468","Pos":"TE","Team":"ARI","PlayerOpponent":"@SEA","PassingYDS":"","PassingTD":"","PassingInt":"","RushingYDS":"","RushingTD":"","ReceivingRec":"","ReceivingYDS":"","ReceivingTD":"","RetTD":"","FumTD":"","2PT":"","Fum":"","PlayerWeekProjectedPts":null,"Rank":196,"TotalPoints":"0.00","ProjectionDiff":null},{"PlayerName":"Luke Willson","PlayerId":"2541199","Pos":"TE","Team":"FA","PlayerOpponent":"Bye","PassingYDS":"","PassingTD":"","PassingInt":"","RushingYDS":"","RushingTD":"","ReceivingRec":"","ReceivingYDS":"","ReceivingTD":"","RetTD":"","FumTD":"","2PT":"","Fum":"","PlayerWeekProjectedPts":"","Rank":197,"TotalPoints":"0.00","ProjectionDiff":null},{"PlayerName":"Caleb Wilson","PlayerId":"2562603","Pos":"TE","Team":"FA","PlayerOpponent":"Bye","PassingYDS":"","PassingTD":"","PassingInt":"","RushingYDS":"","RushingTD":"","ReceivingRec":"","ReceivingYDS":"","ReceivingTD":"","RetTD":"","FumTD":"","2PT":"","Fum":"","PlayerWeekProjectedPts":"","Rank":198,"TotalPoints":"0.00","ProjectionDiff":null},{"PlayerName":"Jason Witten","PlayerId":"2505629","Pos":"TE","Team":"FA","PlayerOpponent":"Bye","PassingYDS":"","PassingTD":"","PassingInt":"","RushingYDS":"","RushingTD":"","ReceivingRec":"","ReceivingYDS":"","ReceivingTD":"","RetTD":"","FumTD":"","2PT":"","Fum":"","PlayerWeekProjectedPts":"","Rank":199,"TotalPoints":"0.00","ProjectionDiff":null},{"PlayerName":"Charlie Woerner","PlayerId":"2565129","Pos":"TE","Team":"SF","PlayerOpponent":"@JAX","PassingYDS":"","PassingTD":"","PassingInt":"","RushingYDS":"","RushingTD":"","ReceivingRec":"","ReceivingYDS":"","ReceivingTD":"","RetTD":"","FumTD":"","2PT":"","Fum":"","PlayerWeekProjectedPts":"0.81","Rank":200,"TotalPoints":"0.00","ProjectionDiff":-0.81},{"PlayerName":"Eli Wolf","PlayerId":"2565354","Pos":"TE","Team":"IND","PlayerOpponent":"@BUF","PassingYDS":"","PassingTD":"","PassingInt":"","RushingYDS":"","RushingTD":"","ReceivingRec":"","ReceivingYDS":"","ReceivingTD":"","RetTD":"","FumTD":"","2PT":"","Fum":"","PlayerWeekProjectedPts":"0.00","Rank":201,"TotalPoints":"0.00","ProjectionDiff":0.0},{"PlayerName":"Ethan Wolf","PlayerId":"2561422","Pos":"TE","Team":"NO","PlayerOpponent":"@PHI","PassingYDS":"","PassingTD":"","PassingInt":"","RushingYDS":"","RushingTD":"","ReceivingRec":"","ReceivingYDS":"","ReceivingTD":"","RetTD":"","FumTD":"","2PT":"","Fum":"","PlayerWeekProjectedPts":"0.00","Rank":202,"TotalPoints":"0.00","ProjectionDiff":0.0},{"PlayerName":"Kenny Yeboah","PlayerId":"2565768","Pos":"TE","Team":"NYJ","PlayerOpponent":"MIA","PassingYDS":"","PassingTD":"","PassingInt":"","RushingYDS":"","RushingTD":"","ReceivingRec":"","ReceivingYDS":"","ReceivingTD":"","RetTD":"","FumTD":"","2PT":"","Fum":"","PlayerWeekProjectedPts":"0.00","Rank":203,"TotalPoints":"0.00","ProjectionDiff":0.0},{"PlayerName":"Deon Yelder","PlayerId":"2561293","Pos":"TE","Team":"FA","PlayerOpponent":"Bye","PassingYDS":"","PassingTD":"","PassingInt":"","RushingYDS":"","RushingTD":"","ReceivingRec":"","ReceivingYDS":"","ReceivingTD":"","RetTD":"","FumTD":"","2PT":"","Fum":"","PlayerWeekProjectedPts":"","Rank":204,"TotalPoints":"0.00","ProjectionDiff":null}]