PlayerName,PlayerId,Pos,Team,PlayerOpponent,TacklesTot,TacklesAst,TacklesSck,TacklesTfl,TurnoverInt,TurnoverFrcFum,TurnoverFumRec,ScoreIntTd,ScoreFumTd,ScoreBlkTd,ScoreSaf,ScoreDef2ptRet,Blk,PDef,QBHit,ReturnIntYds,ReturnFumYds,PlayerWeekProjectedPts,Rank,TotalPoints,ProjectionDiff
Ronnie Harrison,2561008,DB,CLE,@BAL,12,2,,,1,,,,,,,,,1,,,,7.79,1,28.00,20.21
Rasul Douglas,2558168,DB,GB,LA,3,3,,,1,,,1,,,,,,4,,33,,6.76,2,26.10,19.34
Pat Surtain II,2566043,DB,DEN,LAC,4,1,,,2,,,1,,,,,,2,,70,,,3,25.93,
Harrison Smith,2532948,DB,MIN,@SF,6,5,,,1,,,,,,,,,2,,10,,10.37,4,23.03,12.66
Kevin Byard,2555158,DB,TEN,@NE,9,3,1,1,,,,,,,,,,,2,,,10.43,5,22.20,11.77
Jamal Adams,2557979,DB,SEA,@WAS,6,3,,,1,,,,,,,,,2,,,,,6,21.10,
Jayron Kearse,2555156,DB,DAL,LV,6,5,,1,,,,,,,,,,2,,,,10.58,7,20.70,10.12
Donte Jackson,2560753,DB,CAR,@MIA,10,1,,,,,,,,,,,,1,,,,,8,20.30,
Derwin James,2560760,DB,LAC,@DEN,5,2,,2,1,,,,,,,,,1,1,5,,11.30,9,19.77,8.47
Justin Simmons,2555550,DB,DEN,LAC,7,1,,1,,,,,,,,,,2,,,,9.95,10,19.20,9.25
Bradley Roby,2543505,DB,NO,BUF,7,1,,,1,,,,,,,,,1,,2,,3.62,11,18.77,15.15
Xavier McKinney,2564766,DB,NYG,PHI,4,4,,,1,,,,,,,,,2,,,,10.35,12,18.50,8.15
Minkah Fitzpatrick,2560725,DB,PIT,@CIN,5,4,,,1,,,,,,,,,1,,18,,10.37,13,18.30,7.93
Marlon Humphrey,2558067,DB,BAL,CLE,7,1,,,,,,,,,,,,2,,,,,14,17.70,
Antoine Winfield Jr.,2565261,DB,TB,@IND,5,2,,,1,,,,,,,,,1,,30,,10.55,15,17.10,6.55
Avonte Maddox,2560795,DB,PHI,@NYG,8,,,,,,,,,,,,,1,,,,6.08,16,16.10,10.02
Kyle Fuller,2543681,DB,DEN,LAC,8,1,,1,,,,,,,,,,,,,,1.28,17,15.90,14.62
Dean Marlowe,2553562,DB,DET,CHI,6,4,,,,,,,,,,,,1,,,,5.25,18,15.90,10.65
Mike Hilton,2556559,DB,CIN,PIT,2,2,,,1,,,1,,,,,,1,,24,,7.02,19,15.80,8.78
Pierre Desir,2543811,DB,TB,@IND,5,1,,,1,,,,,,,,,1,,,,2.00,20,15.30,13.3
Tyson Campbell,2566151,DB,JAX,ATL,2,1,,,1,,,,,,,,,3,,,,9.41,21,15.20,5.79
Landon Collins,2552454,DB,WAS,SEA,5,2,,1,,1,,,,,,,,,,,,,22,15.10,
John Johnson,2558183,DB,CLE,@BAL,4,2,,,1,,,,,,,,,1,,,,8.45,23,14.40,5.95
Darious Williams,2561469,DB,LA,@GB,7,,,,,,,,,,,,,1,,,,9.50,24,14.40,4.9
Johnathan Abram,2562616,DB,LV,@DAL,7,3,,,,,,,,,,,,,,,,,25,14.30,
Jaylon Johnson,2563701,DB,CHI,@DET,5,1,,1,,1,,,,,,,,,,,,7.25,26,14.30,7.05
Aaron Robinson,2566370,DB,NYG,PHI,4,2,,,,,,,,,,,,2,1,,,2.35,27,13.90,11.55
Kyle Dugger,2564601,DB,NE,TEN,6,3,,,,,1,,,,,,,,,,,7.49,28,13.60,6.11
Jordan Fuller,2564340,DB,LA,@GB,3,4,,,,,,,,,,,,2,,,,,29,13.30,
J.C. Jackson,2560754,DB,NE,TEN,2,,,,1,1,,,,,,,,1,,,,8.79,30,12.90,4.11
Mike Edwards,2562259,DB,TB,@IND,2,1,,,,1,,,,,,,,2,,,,4.74,31,12.70,7.96
Rayshawn Jenkins,2558182,DB,JAX,ATL,7,1,,,,,,,,,,,,,,,,,32,12.70,
Amani Oruwariye,2562390,DB,DET,CHI,2,1,,,1,,,,,,,,,2,,,,,33,12.70,
Jeremy Chinn,2563632,DB,CAR,@MIA,5,2,,,,,,,,,,,,1,,,,11.01,34,12.60,1.59
Will Harris,2562395,DB,DET,CHI,5,2,,,,,,,,,,,,1,,,,8.27,35,12.60,4.33
Jourdan Lewis,2557920,DB,DAL,LV,5,2,1,,,,,,,,,,,,,,,5.26,36,12.10,6.84
Tavierre Thomas,2561278,DB,HOU,NYJ,3,1,,,1,,,,,,,,,1,,,,6.39,37,11.90,5.51
Quandre Diggs,2552262,DB,SEA,@WAS,6,2,,,,,,,,,,,,,,,,,38,11.80,
A.J. Terrell,2563527,DB,ATL,@JAX,5,1,,,,,,,,,,,,1,,,,10.39,39,11.80,1.41
Jordan Whitehead,2560930,DB,TB,@IND,6,2,,,,,,,,,,,,,,,,9.10,40,11.80,2.7
Julian Love,2562414,DB,NYG,PHI,2,4,0.5,,,,1,,,,,,,1,1,,,7.98,41,11.60,3.62
Eli Apple,2555277,DB,CIN,PIT,2,,,,1,,,,,,,,,1,,50,,8.05,42,11.07,3.02
Nik Needham,2563220,DB,MIA,CAR,2,2,,,1,,,,,,,,,1,,,,4.54,43,11.00,6.46
Eric Murray,2555173,DB,HOU,NYJ,5,3,,,,,,,,,,,,,,,,8.95,44,10.90,1.95
Steven Nelson,2552265,DB,PHI,@NYG,4,2,,,,,,,,,,,,1,,,,7.43,45,10.90,3.47
Tracy Walker III,2560913,DB,DET,CHI,4,2,,,,,,,,,,,,1,,,,11.12,46,10.90,-0.22
Xavier Woods,2558159,DB,MIN,@SF,4,2,,,,,,,,,,,,1,,,,9.42,47,10.90,1.48
Kamren Curl,2565270,DB,WAS,SEA,4,,1,1,,,,,,,,,,,1,,,10.61,48,10.80,0.19
Terrell Edmunds,2560712,DB,PIT,@CIN,5,1,,1,,,,,,,,,,,,,,9.00,49,10.80,1.8
Sean Murphy-Bunting,2562635,DB,TB,@IND,2,3,,,,,,,,,,,,2,,,,10.08,50,10.80,0.72
Marcus Williams,2558847,DB,NO,BUF,4,5,,,,,,,,,,,,,,,,9.01,51,10.80,1.79
Marshon Lattimore,2558061,DB,NO,BUF,4,1,,,,,,,,,,,,1,,,,9.33,52,10.10,0.77
Xavier Rhodes,2540155,DB,IND,TB,4,1,,,,,,,,,,,,1,,,,7.54,53,10.10,2.56
Eric Stokes,2566097,DB,GB,LA,3,,,,,,,,,,,,,2,,,,8.95,54,10.10,1.15
Chuck Clark,2558248,DB,BAL,CLE,2,2,,,,,,,,,,,,2,,,,8.88,55,10.00,1.12
Nevin Lawson,2543872,DB,JAX,ATL,3,3,,,,,,,,,,,,1,,,,7.21,56,10.00,2.79
George Odum,2561131,DB,IND,TB,4,4,,,,,,,,,,,,,,,,9.26,57,10.00,0.74
Patrick Peterson,2495504,DB,MIN,@SF,5,,,1,,,,,,,,,,,,,,6.19,58,10.00,3.81
Richie Grant,2565818,DB,ATL,@JAX,4,,,2,,,,,,,,,,,,,,3.11,59,9.80,6.69
Darnay Holmes,2564739,DB,NYG,PHI,1,2,,,1,,,,,,,,,1,,15,,,60,9.80,
Duron Harmon,2541243,DB,ATL,@JAX,2,,,,1,,,,,,,,,1,,,,7.44,61,9.40,1.96
Jalen Mills,2555383,DB,NE,TEN,2,,,,,,1,,,,,,,2,,,,7.30,62,9.40,2.1
Isaiah Rodgers,2564142,DB,IND,TB,2,,,,1,,,,,,,,,1,,,,4.32,63,9.40,5.08
Brandon Facyson,2560719,DB,LV,@DAL,5,1,,,,,,,,,,,,,,,,11.09,64,9.30,-1.79
Casey Hayward,2532861,DB,LV,@DAL,5,1,,,,,,,,,,,,,,,,6.03,65,9.30,3.27
Jalen Ramsey,2555280,DB,LA,@GB,5,1,,,,,,,,,,,,,,,,9.40,66,9.30,-0.1
D.J. Reed,2560850,DB,SEA,@WAS,5,1,,,,,,,,,,,,,,,,9.59,67,9.30,-0.29
Nasir Adderley,2562617,DB,LAC,@DEN,4,3,,,,,,,,,,,,,,,,10.53,68,9.20,-1.33
Kendall Fuller,2555349,DB,WAS,SEA,1,,,,,,,,,,,,,3,,,,10.06,69,9.20,-0.86
Terrance Mitchell,2543637,DB,HOU,NYJ,2,1,,,,,,,,,,,,2,,,,9.32,70,9.20,-0.12
Nick Scott,2562905,DB,LA,@GB,3,2,,,,,,,,,,,,1,,,,2.47,71,9.20,6.73
Bryce Hall,2564796,DB,NYJ,@HOU,3,,,1,,,,,,,,,,1,,,,9.00,72,9.10,0.1
Jordan Poyer,2539290,DB,BUF,@NO,1,1,,,1,,,,,,,,,1,,18,,10.71,73,9.10,-1.61
Grant Delpit,2563773,DB,CLE,@BAL,1,1,,,1,,,,,,,,,1,,5,,4.23,74,8.67,4.44
Josh Norman,2532920,DB,SF,MIN,3,,,,,1,,,,,,,,,,,,8.39,75,8.60,0.21
Nate Hobbs,2566259,DB,LV,@DAL,5,,,,,,,,,,,,,,,,,5.03,76,8.50,3.47
Andrew Sendejo,2525323,DB,IND,TB,3,3,,,,,1,,,,,,,,,,,8.63,77,8.50,-0.13
Andrew Wingard,2562606,DB,JAX,ATL,5,,,,,,,,,,,,,,,,,3.91,78,8.50,4.59
Michael Carter II,2565717,DB,NYJ,@HOU,4,2,,,,,,,,,,,,,,,,9.42,79,8.40,-1.02
Kristian Fulton,2564046,DB,TEN,@NE,3,1,,,,,,,,,,,,1,,,,9.13,80,8.40,-0.73
Erik Harris,2555568,DB,ATL,@JAX,4,2,,,,,,,,,,,,,,,,,81,8.40,
Paulson Adebo,2566346,DB,NO,BUF,4,,,1,,,,,,,,,,,,,,7.09,82,8.30,1.21
Brandon Stephens,2565851,DB,BAL,CLE,2,3,,,,,,,,,,,,1,,,,9.87,83,8.30,-1.57
Xavien Howard,2555539,DB,MIA,CAR,1,,,,1,,,,,,,,,1,,16,,8.41,84,8.23,-0.18
Darren Hall,2565821,DB,ATL,@JAX,2,1,,1,,,,,,,,,,1,,,,2.10,85,8.20,6.1
Elijah Riley,2564853,DB,NYJ,@HOU,3,2,,1,,,,,,,,,,,,,,8.65,86,8.20,-0.45
Rudy Ford,2558174,DB,JAX,ATL,4,1,,,,,,,,,,,,,1,,,9.24,87,8.10,-1.14
Denzel Ward,2560916,DB,CLE,@BAL,1,,,,1,,,,,,,,,1,,4,,8.51,88,7.83,-0.68
James Bradberry,2555175,DB,NYG,PHI,3,,,,,,,,,,,,,1,,,,8.39,89,7.60,-0.79
Javelin Guidry,2565504,DB,NYJ,@HOU,3,,,,,,,,,,,,,1,,,,2.34,90,7.60,5.26
Rock Ya-Sin,2562614,DB,IND,TB,3,,,,,,,,,,,,,1,,,,5.86,91,7.60,1.74
Michael Davis,2559164,DB,LAC,@DEN,2,2,,,,,,,,,,,,1,,,,8.32,92,7.50,-0.82
Arthur Maulet,2559087,DB,PIT,@CIN,3,3,,,,,,,,,,,,,,,,3.28,93,7.50,4.22
Devin McCourty,494287,DB,NE,TEN,2,2,,,,,,,,,,,,1,,,,8.18,94,7.50,-0.68
Myles Hartsfield,2563644,DB,CAR,@MIA,3,1,,1,,,,,,,,,,,,,,3.83,95,7.40,3.57
Adrian Phillips,2550842,DB,NE,TEN,2,5,,,,,,,,,,,,,,,,8.86,96,7.40,-1.46
Eric Rowe,2552255,DB,MIA,CAR,1,4,,,,,,,,,,,,1,,,,8.78,97,7.40,-1.38
P.J. Williams,2552484,DB,NO,BUF,3,1,,1,,,,,,,,,,,,,,4.75,98,7.40,2.65
Jaquiski Tartt,2552391,DB,SF,MIN,4,,,,,,,,,,,,,,1,,,7.43,99,7.30,-0.13
Adrian Amos,2552385,DB,GB,LA,4,,,,,,,,,,,,,,,,,10.46,100,6.80,-3.66
Henry Black,2563974,DB,GB,LA,3,2,,,,,,,,,,,,,,,,2.11,101,6.70,4.59
Terrence Brooks,2543712,DB,HOU,NYJ,3,2,,,,,,,,,,,,,,,,5.24,102,6.70,1.46
Amani Hooker,2562666,DB,TEN,@NE,3,2,,,,,,,,,,,,,,,,10.49,103,6.70,-3.79
Malik Hooker,2558060,DB,DAL,LV,3,2,,,,,,,,,,,,,,,,3.35,104,6.70,3.35
Desmond King,2557927,DB,HOU,NYJ,3,2,,,,,,,,,,,,,,,,9.75,105,6.70,-3.05
J.R. Reed,2564220,DB,NYG,PHI,2,4,,,,,,,,,,,,,,,,0.00,106,6.60,6.6
Artie Burns,2555344,DB,CHI,@DET,2,,,,,,,,,,,,,1,,,,0.00,107,5.90,5.9
Juston Burris,2555313,DB,CAR,@MIA,3,1,,,,,,,,,,,,,,,,6.74,108,5.90,-0.84
Xavier Crawford,2562515,DB,CHI,@DET,3,1,,,,,,,,,,,,,,,,,109,5.90,
Ronald Darby,2552689,DB,DEN,LAC,2,,,,,,,,,,,,,1,,,,,110,5.90,
Javaris Davis,2564265,DB,MIA,CAR,2,,,,,,,,,,,,,1,,,,2.01,111,5.90,3.89
Talanoa Hufanga,2566529,DB,SF,MIN,2,,,,,,,,,,,,,1,,,,2.95,112,5.90,2.95
Damontae Kazee,2558184,DB,DAL,LV,3,1,,,,,,,,,,,,,,,,6.10,113,5.90,-0.2
Fabian Moreau,2558136,DB,ATL,@JAX,2,,,,,,,,,,,,,1,,,,8.42,114,5.90,-2.52
James Pierre,2565003,DB,PIT,@CIN,3,1,,,,,,,,,,,,,,,,10.55,115,5.90,-4.65
Cameron Sutton,2558849,DB,PIT,@CIN,3,1,,,,,,,,,,,,,,,,7.69,116,5.90,-1.79
Jimmie Ward,2543741,DB,SF,MIN,3,1,,,,,,,,,,,,,,,,9.01,117,5.90,-3.11
Tevaughn Campbell,2562806,DB,LAC,@DEN,2,3,,,,,,,,,,,,,,,,3.37,118,5.80,2.43
Trevon Diggs,2563836,DB,DAL,LV,2,3,,,,,,,,,,,,,,,,9.51,119,5.80,-3.71
Jaylinn Hawkins,2563500,DB,ATL,@JAX,2,3,,,,,,,,,,,,,,,,1.84,120,5.80,3.96
Jevon Holland,2566283,DB,MIA,CAR,,1,,,1,,1,,,,,,,1,,,,9.56,121,5.80,-3.76
Steven Parker,2561256,DB,NYG,PHI,1,2,,,,,,,,,,,,1,,,,0.00,122,5.80,5.8
Ahkello Witherspoon,2558157,DB,PIT,@CIN,1,,,1,,,,,,,,,,1,,,,2.43,123,5.70,3.27
Taron Johnson,2560766,DB,BUF,@NO,1,3,,1,,,,,,,,,,,,,,11.05,124,5.60,-5.45
Vonn Bell,2555530,DB,CIN,PIT,3,,,,,,,,,,,,,,,,,10.83,125,5.10,-5.73
Anthony Brown,2555531,DB,DAL,LV,3,,,,,,,,,,,,,,,,,10.05,126,5.10,-4.95
Ashtyn Davis,2564793,DB,NYJ,@HOU,3,,,,,,,,,,,,,,,,,9.84,127,5.10,-4.74
C.J. Henderson,2564199,DB,CAR,@MIA,3,,,,,,,,,,,,,,,,,3.00,128,5.10,2.1
William Jackson,2556367,DB,WAS,SEA,3,,,,,,,,,,,,,,,,,7.48,129,5.10,-2.38
Rodney McLeod,2534832,DB,PHI,@NYG,3,,,,,,,,,,,,,,,,,8.24,130,5.10,-3.14
Greg Newsome II,2565980,DB,CLE,@BAL,3,,,,,,,,,,,,,,,,,8.05,131,5.10,-2.95
Tre Flowers,2560728,DB,CIN,PIT,2,2,,,,,,,,,,,,,,,,1.09,132,5.00,3.91
Janoris Jenkins,2532875,DB,TEN,@NE,2,2,,,,,,,,,,,,,,,,8.58,133,5.00,-3.58
Emmanuel Moseley,2561072,DB,SF,MIN,2,2,,,,,,,,,,,,,,,,9.28,134,5.00,-4.28
Bashaud Breeland,2543571,DB,ARI,Bye,2,1,,,,,,,,,,,,,,,,,135,4.20,
Nate Hairston,2558108,DB,DEN,LAC,1,,,,,,,,,,,,,1,,,,1.14,136,4.20,3.06
Adoree' Jackson,2558065,DB,NYG,PHI,1,,,,,,,,,,,,,1,,,,10.15,137,4.20,-5.95
Dane Jackson,2563614,DB,BUF,@NO,2,1,,,,,,,,,,,,,,,,1.81,138,4.20,2.39
Eddie Jackson,2558176,DB,CHI,@DET,2,1,,,,,,,,,,,,,,,,9.26,139,4.20,-5.06
Malcolm Jenkins,79848,DB,NO,BUF,2,1,,,,,,,,,,,,,,,,10.99,140,4.20,-6.79
Darius Phillips,2560839,DB,CIN,PIT,1,,,,,,,,,,,,,1,,,,,141,4.20,
Donte' Deayon,2556512,DB,LA,@GB,1,3,,,,,,,,,,,,,,,,4.88,142,4.10,-0.78
Trevon Moehrig,2566268,DB,LV,@DAL,1,3,,,,,,,,,,,,,,,,6.89,143,4.10,-2.79
Justin Coleman,2553637,DB,MIA,CAR,,,,,,,,,,1,,,,,,,,3.91,144,4.00,0.09
Anthony Harris,2553655,DB,PHI,@NYG,2,,,,,,,,,,,,,,1,,,7.92,145,3.90,-4.02
Ricardo Allen,2543850,DB,CIN,PIT,2,,,,,,,,,,,,,,,,,1.78,146,3.40,1.62
Matthias Farley,2556429,DB,TEN,@NE,2,,,,,,,,,,,,,,,,,0.77,147,3.40,2.63
Stephon Gilmore,2533062,DB,CAR,@MIA,2,,,,,,,,,,,,,,,,,4.01,148,3.40,-0.61
Tashaun Gipson,2532848,DB,CHI,@DET,2,,,,,,,,,,,,,,,,,7.66,149,3.40,-4.26
DeAndre Houston-Carson,2555381,DB,CHI,@DET,2,,,,,,,,,,,,,,,,,,150,3.40,
C.J. Moore,2563193,DB,DET,CHI,2,,,,,,,,,,,,,,,,,0.67,151,3.40,2.73
Taylor Rapp,2562707,DB,LA,@GB,2,,,,,,,,,,,,,,,,,9.72,152,3.40,-6.32
Buster Skrine,2495343,DB,TEN,@NE,2,,,,,,,,,,,,,,,,,3.41,153,3.40,-0.01
Ugo Amadi,2562464,DB,SEA,@WAS,1,2,,,,,,,,,,,,,,,,5.00,154,3.30,-1.7
Caden Sterns,2566040,DB,DEN,LAC,,1,,,,,,,,,,,,1,,,,3.02,155,3.30,0.28
Levi Wallace,2560914,DB,BUF,@NO,1,2,,,,,,,,,,,,,,,,9.21,156,3.30,-5.91
Tre Norwood,2566463,DB,PIT,@CIN,1,,,1,,,,,,,,,,,,,,2.96,157,3.20,0.24
Sean Chandler,2561017,DB,CAR,@MIA,1,,,,,,,,,,,,,,,,,2.03,158,3.10,1.07
Micah Hyde,2539240,DB,BUF,@NO,1,1,,,,,,,,,,,,,1,,,8.65,159,3.00,-5.65
Jessie Bates,2560970,DB,CIN,PIT,,,,,,,,,,,,,,1,,,,11.15,160,2.50,-8.65
A.J. Bouye,2541162,DB,CAR,@MIA,1,1,,,,,,,,,,,,,,,,,161,2.50,
Antoine Brooks Jr.,2564967,DB,LA,@GB,1,1,,,,,,,,,,,,,,,,0.53,162,2.50,1.97
Ross Cockrell,2543799,DB,TB,@IND,,,,,,,,,,,,,,1,,,,2.69,163,2.50,-0.19
Sam Franklin,2563638,DB,CAR,@MIA,1,1,,,,,,,,,,,,,,,,0.64,164,2.50,1.86
Byron Jones,2552568,DB,MIA,CAR,1,1,,,,,,,,,,,,,,,,8.85,165,2.50,-6.35
Josh Jones,2558119,DB,SEA,@WAS,1,1,,,,,,,,,,,,,,,,1.67,166,2.50,0.83
Dallin Leavitt,2561585,DB,LV,@DAL,1,1,,,,,,,,,,,,,,,,2.65,167,2.50,-0.15
Josh Metellus,2564568,DB,MIN,@SF,1,1,,,,,,,,,,,,,,,,0.00,168,2.50,2.5
Kenny Moore II,2558976,DB,IND,TB,1,1,,,,,,,,,,,,,,,,11.26,169,2.50,-8.76
Siran Neal,2560818,DB,BUF,@NO,1,1,,,,,,,,,,,,,,,,1.64,170,2.50,0.86
Darius Slay,2540288,DB,PHI,@NYG,,,,,,,,,,,,,,1,,,,7.37,171,2.50,-4.87
Geno Stone,2563584,DB,BAL,CLE,1,1,,,,,,,,,,,,,,,,1.59,172,2.50,0.91
Desmond Trufant,2539334,DB,LV,@DAL,,,,,,,,,,,,,,1,,,,1.62,173,2.50,0.88
Tre'Davious White,2557867,DB,BUF,@NO,,,,,,,,,,,,,,1,,,,,174,2.50,
Joejuan Williams,2562787,DB,NE,TEN,1,1,,,,,,,,,,,,,,,,4.27,175,2.50,-1.77
K'Waun Williams,2550654,DB,SF,MIN,,,,,,,,,,,,,,1,,,,7.35,176,2.50,-4.85
Tavon Young,2555378,DB,BAL,CLE,1,1,,,,,,,,,,,,,,,,4.89,177,2.50,-2.39
Chidobe Awuzie,2557840,DB,CIN,PIT,1,,,,,,,,,,,,,,,,,9.42,178,1.70,-7.72
Kris Boyd,2562630,DB,MIN,@SF,1,,,,,,,,,,,,,,,,,1.54,179,1.70,0.16
Myles Bryant,2564592,DB,NE,TEN,1,,,,,,,,,,,,,,,,,4.45,180,1.70,-2.75
Deon Bush,2555155,DB,CHI,@DET,1,,,,,,,,,,,,,,,,,1.92,181,1.70,-0.22
T.J. Carrie,2550164,DB,IND,TB,1,,,,,,,,,,,,,,,,,3.11,182,1.70,-1.41
Cody Davis,2541135,DB,NE,TEN,1,,,,,,,,,,,,,,,,,0.42,183,1.70,1.28
Jamel Dean,2562556,DB,TB,@IND,1,,,,,,,,,,,,,,,,,9.56,184,1.70,-7.86
Clayton Fejedelem,2555355,DB,MIA,CAR,1,,,,,,,,,,,,,,,,,0.42,185,1.70,1.28
J.T. Gray,2561206,DB,NO,BUF,1,,,,,,,,,,,,,,,,,0.78,186,1.70,0.92
A.J. Green,2563782,DB,CLE,@BAL,1,,,,,,,,,,,,,,,,,1.91,187,1.70,-0.21
Chris Harris,2530510,DB,LAC,@DEN,1,,,,,,,,,,,,,,,,,6.67,188,1.70,-4.97
Jeff Heath,2541832,DB,NO,BUF,1,,,,,,,,,,,,,,,,,0.54,189,1.70,1.16
Jaquan Johnson,2562676,DB,BUF,@NO,1,,,,,,,,,,,,,,,,,0.86,190,1.70,0.84
Chris Jones,2560767,DB,TEN,@NE,1,,,,,,,,,,,,,,,,,2.66,191,1.70,-0.96
Justin Layne,2562479,DB,PIT,@CIN,1,,,,,,,,,,,,,,,,,0.86,192,1.70,0.84
Deommodore Lenoir,2566535,DB,SF,MIN,1,,,,,,,,,,,,,,,,,1.49,193,1.70,0.21
Bobby McCain,2552434,DB,WAS,SEA,1,,,,,,,,,,,,,,,,,7.61,194,1.70,-5.91
Jonathan Owens,2561255,DB,HOU,NYJ,1,,,,,,,,,,,,,,,,,,195,1.70,
Jason Pinnock,2565753,DB,NYJ,@HOU,1,,,,,,,,,,,,,,,,,1.06,196,1.70,0.64
Sheldrick Redwine,2562711,DB,MIA,CAR,1,,,,,,,,,,,,,,,,,1.34,197,1.70,0.36
Darnell Savage,2562724,DB,GB,LA,,2,,,,,,,,,,,,,,,,8.55,198,1.60,-6.95
Chris Claybrooks,2564169,DB,JAX,ATL,,,,,,,1,,,,,,,,,,,1.49,199,1.00,-0.49
Robert Rochell,2566241,DB,LA,@GB,,,,,,,1,,,,,,,,,,,,200,1.00,
Marqui Christian,2556277,DB,CHI,@DET,,1,,,,,,,,,,,,,,,,1.47,201,0.80,-0.67
Jalen Davis,2561316,DB,CIN,PIT,,1,,,,,,,,,,,,,,,,1.35,202,0.80,-0.55
Isaiah Dunn,2565720,DB,NYJ,@HOU,,,,,,,,,,,,,,,,,,9.61,203,0.80,-8.81
C.J. Goodwin,2550767,DB,DAL,LV,,1,,,,,,,,,,,,,,,,0.25,204,0.80,0.55
Troy Hill,2553536,DB,CLE,@BAL,,1,,,,,,,,,,,,,,,,4.53,205,0.80,-3.73
Shemar Jean-Charles,2566079,DB,GB,LA,,1,,,,,,,,,,,,,,,,2.02,206,0.80,-1.22
Trey Marshall,2561370,DB,LAC,@DEN,,1,,,,,,,,,,,,,,,,1.93,207,0.80,-1.13
Jimmy Moreland,2562858,DB,HOU,NYJ,,1,,,,,,,,,,,,,,,,1.08,208,0.80,-0.28
Roderic Teamer,2562981,DB,LV,@DAL,,1,,,,,,,,,,,,,,,,1.25,209,0.80,-0.45
Shaun Wade,2565854,DB,NE,TEN,,1,,,,,,,,,,,,,,,,0.00,210,0.80,0.8
Avery Williams,2565833,DB,ATL,@JAX,,1,,,,,,,,,,,,,,,,1.98,211,0.80,-1.18
Delrick Abrams,2563464,DB,FA,Bye,,,,,,,,,,,,,,,,,,,212,0.00,
DeMarkus Acy,2565087,DB,PIT,@CIN,,,,,,,,,,,,,,,,,,,213,0.00,
Andrew Adams,2556456,DB,TB,@IND,,,,,,,,,,,,,,,,,,0.00,214,0.00,0.0
Jahleel Addae,2541958,DB,IND,TB,,,,,,,,,,,,,,,,,,2.49,215,0.00,-2.49
Jaire Alexander,2560952,DB,GB,LA,,,,,,,,,,,,,,,,,,0.00,216,0.00,0.0
Mackensie Alexander,2555177,DB,MIN,@SF,,,,,,,,,,,,,,,,,,5.21,217,0.00,-5.21
Robert Alford,2539653,DB,ARI,Bye,,,,,,,,,,,,,,,,,,,218,0.00,
Brian Allen,2558237,DB,CLE,@BAL,,,,,,,,,,,,,,,,,,0.00,219,0.00,0.0
Marcus Allen,2560956,DB,PIT,@CIN,,,,,,,,,,,,,,,,,,0.58,220,0.00,-0.58
Johnathan Alston,2561520,DB,FA,Bye,,,,,,,,,,,,,,,,,,,221,0.00,
Troy Apke,2560958,DB,WAS,SEA,,,,,,,,,,,,,,,,,,0.51,222,0.00,-0.51
Cornell Armstrong,2561147,DB,ATL,@JAX,,,,,,,,,,,,,,,,,,0.00,223,0.00,0.0
Damon Arnette,2564409,DB,MIA,CAR,,,,,,,,,,,,,,,,,,0.00,224,0.00,0.0
Grayland Arnold,2564814,DB,HOU,NYJ,,,,,,,,,,,,,,,,,,,225,0.00,
Jaytlin Askew,2566656,DB,FA,Bye,,,,,,,,,,,,,,,,,,,226,0.00,
Blessuan Austin,2562468,DB,SEA,@WAS,,,,,,,,,,,,,,,,,,3.39,227,0.00,-3.39
Anthony Averett,2560963,DB,BAL,CLE,,,,,,,,,,,,,,,,,,9.98,228,0.00,-9.98
Budda Baker,2558009,DB,ARI,Bye,,,,,,,,,,,,,,,,,,,229,0.00,
Deandre Baker,2562227,DB,KC,Bye,,,,,,,,,,,,,,,,,,,230,0.00,
Corey Ballentine,2562228,DB,DET,CHI,,,,,,,,,,,,,,,,,,0.00,231,0.00,0.0
Chris Banjo,2541192,DB,ARI,Bye,,,,,,,,,,,,,,,,,,,232,0.00,
Luq Barcoo,2564160,DB,SF,MIN,,,,,,,,,,,,,,,,,,0.00,233,0.00,0.0
Essang Bassey,2563875,DB,FA,Bye,,,,,,,,,,,,,,,,,,,234,0.00,
DeVante Bausby,2553790,DB,NE,TEN,,,,,,,,,,,,,,,,,,0.00,235,0.00,0.0
Sam Beal,2561643,DB,FA,Bye,,,,,,,,,,,,,,,,,,,236,0.00,
Elijah Benton,2563758,DB,FA,Bye,,,,,,,,,,,,,,,,,,,237,0.00,
Justin Bethel,2532792,DB,NE,TEN,,,,,,,,,,,,,,,,,,0.98,238,0.00,-0.98
Julian Blackmon,2564103,DB,IND,TB,,,,,,,,,,,,,,,,,,,239,0.00,
Marquise Blair,2562233,DB,SEA,@WAS,,,,,,,,,,,,,,,,,,,240,0.00,
Joshuah Bledsoe,2566331,DB,NE,TEN,,,,,,,,,,,,,,,,,,,241,0.00,
Briean Boddy-Calhoun,2556475,DB,TEN,@NE,,,,,,,,,,,,,,,,,,0.00,242,0.00,0.0
Terrell Bonds,2563136,DB,FA,Bye,,,,,,,,,,,,,,,,,,,243,0.00,
Breon Borders,2559015,DB,ARI,Bye,,,,,,,,,,,,,,,,,,,244,0.00,
Tre Boston,2543830,DB,FA,Bye,,,,,,,,,,,,,,,,,,,245,0.00,
John Brannon,2565018,DB,CIN,PIT,,,,,,,,,,,,,,,,,,0.00,246,0.00,0.0
Brady Breeze,2566103,DB,DET,CHI,,,,,,,,,,,,,,,,,,0.00,247,0.00,0.0
Jordan Brown,2562396,DB,LV,@DAL,,,,,,,,,,,,,,,,,,0.00,248,0.00,0.0
Shakur Brown,2565774,DB,FA,Bye,,,,,,,,,,,,,,,,,,,249,0.00,
Tony Brown,2560982,DB,LV,@DAL,,,,,,,,,,,,,,,,,,0.00,250,0.00,0.0
Tre Brown,2566550,DB,SEA,@WAS,,,,,,,,,,,,,,,,,,,251,0.00,
Terrell Burgess,2564331,DB,LA,@GB,,,,,,,,,,,,,,,,,,0.76,252,0.00,-0.76
Eric Burrell,2565696,DB,FA,Bye,,,,,,,,,,,,,,,,,,,253,0.00,
Deante Burton,2559109,DB,FA,Bye,,,,,,,,,,,,,,,,,,,254,0.00,
Malcolm Butler,2550613,DB,FA,Bye,,,,,,,,,,,,,,,,,,,255,0.00,
Camryn Bynum,2566295,DB,MIN,@SF,,,,,,,,,,,,,,,,,,0.00,256,0.00,0.0
Bryce Callahan,2553500,DB,DEN,LAC,,,,,,,,,,,,,,,,,,0.00,257,0.00,0.0
Elijah Campbell,2561455,DB,MIA,CAR,,,,,,,,,,,,,,,,,,,258,0.00,
Ibraheim Campbell,2552605,DB,IND,TB,,,,,,,,,,,,,,,,,,,259,0.00,
Maurice Canady,2555178,DB,DAL,LV,,,,,,,,,,,,,,,,,,0.00,260,0.00,0.0
Jamal Carter,2559321,DB,TEN,@NE,,,,,,,,,,,,,,,,,,,261,0.00,
Andre Chachere,2561016,DB,PHI,@NYG,,,,,,,,,,,,,,,,,,0.96,262,0.00,-0.96
Anthony Chesley,2563235,DB,IND,TB,,,,,,,,,,,,,,,,,,0.00,263,0.00,0.0
Patrick Chung,71251,DB,FA,Bye,,,,,,,,,,,,,,,,,,,264,0.00,
Andre Cisco,2566154,DB,JAX,ATL,,,,,,,,,,,,,,,,,,1.49,265,0.00,-1.49
Adrian Colbert,2558857,DB,CLE,@BAL,,,,,,,,,,,,,,,,,,0.00,266,0.00,0.0
Chris Cooper,2561429,DB,FA,Bye,,,,,,,,,,,,,,,,,,,267,0.00,
Shaun Crawford,2565642,DB,FA,Bye,,,,,,,,,,,,,,,,,,,268,0.00,
Ken Crawley,2556735,DB,NO,BUF,,,,,,,,,,,,,,,,,,0.68,269,0.00,-0.68
Keion Crossen,2561157,DB,NYG,PHI,,,,,,,,,,,,,,,,,,1.12,270,0.00,-1.12
Dane Cruikshank,2561033,DB,TEN,@NE,,,,,,,,,,,,,,,,,,0.00,271,0.00,0.0
Jordan Dangerfield,2541696,DB,FA,Bye,,,,,,,,,,,,,,,,,,,272,0.00,
DJ Daniel,2566653,DB,NE,TEN,,,,,,,,,,,,,,,,,,0.00,273,0.00,0.0
Cameron Dantzler,2564526,DB,MIN,@SF,,,,,,,,,,,,,,,,,,4.86,274,0.00,-4.86
Carlton Davis,2561039,DB,TB,@IND,,,,,,,,,,,,,,,,,,0.00,275,0.00,0.0
Sean Davis,2555386,DB,NE,TEN,,,,,,,,,,,,,,,,,,0.00,276,0.00,0.0
Shawn Davis,2565597,DB,GB,LA,,,,,,,,,,,,,,,,,,0.00,277,0.00,0.0
Duke Dawson,2561040,DB,DEN,LAC,,,,,,,,,,,,,,,,,,,278,0.00,
Divine Deablo,2566253,DB,LV,@DAL,,,,,,,,,,,,,,,,,,0.88,279,0.00,-0.88
Stephen Denmark,2562874,DB,FA,Bye,,,,,,,,,,,,,,,,,,,280,0.00,
Darqueze Dennard,2543474,DB,SF,MIN,,,,,,,,,,,,,,,,,,0.00,281,0.00,0.0
Khalil Dorsey,2565336,DB,BAL,CLE,,,,,,,,,,,,,,,,,,,282,0.00,
Quinton Dunbar,2553796,DB,FA,Bye,,,,,,,,,,,,,,,,,,,283,0.00,
Nate Ebner,2535132,DB,NYG,PHI,,,,,,,,,,,,,,,,,,,284,0.00,
Brandin Echols,2565726,DB,NYJ,@HOU,,,,,,,,,,,,,,,,,,0.00,285,0.00,0.0
Corn Elder,2558171,DB,WAS,SEA,,,,,,,,,,,,,,,,,,0.00,286,0.00,0.0
DeShon Elliott,2560715,DB,BAL,CLE,,,,,,,,,,,,,,,,,,,287,0.00,
Tino Ellis,2564670,DB,FA,Bye,,,,,,,,,,,,,,,,,,,288,0.00,
Marcus Epps,2562946,DB,PHI,@NYG,,,,,,,,,,,,,,,,,,4.15,289,0.00,-4.15
Deshazor Everett,2553710,DB,WAS,SEA,,,,,,,,,,,,,,,,,,0.80,290,0.00,-0.8
Caleb Farley,2566106,DB,TEN,@NE,,,,,,,,,,,,,,,,,,,291,0.00,
Rashad Fenton,2562649,DB,KC,Bye,,,,,,,,,,,,,,,,,,,292,0.00,
Mark Fields,2562442,DB,FA,Bye,,,,,,,,,,,,,,,,,,,293,0.00,
Mike Ford,2561527,DB,DEN,LAC,,,,,,,,,,,,,,,,,,0.52,294,0.00,-0.52
Paris Ford,2566205,DB,FA,Bye,,,,,,,,,,,,,,,,,,,295,0.00,
Darrick Forrest,2566598,DB,WAS,SEA,,,,,,,,,,,,,,,,,,1.16,296,0.00,-1.16
Kavon Frazier,2555536,DB,LV,@DAL,,,,,,,,,,,,,,,,,,0.00,297,0.00,0.0
Innis Gaines,2565591,DB,GB,LA,,,,,,,,,,,,,,,,,,0.00,298,0.00,0.0
Phillip Gaines,2543851,DB,FA,Bye,,,,,,,,,,,,,,,,,,,299,0.00,
Chauncey Gardner-Johnson,2562588,DB,NO,BUF,,,,,,,,,,,,,,,,,,0.00,300,0.00,0.0
Rashaan Gaulden,2560775,DB,FA,Bye,,,,,,,,,,,,,,,,,,,301,0.00,
Jake Gervase,2563306,DB,LA,@GB,,,,,,,,,,,,,,,,,,0.00,302,0.00,0.0
Mark Gilbert,2565783,DB,DET,CHI,,,,,,,,,,,,,,,,,,1.93,303,0.00,-1.93
Tyree Gillespie,2566256,DB,LV,@DAL,,,,,,,,,,,,,,,,,,0.00,304,0.00,0.0
Alohi Gilman,2565042,DB,LAC,@DEN,,,,,,,,,,,,,,,,,,0.00,305,0.00,0.0
Jeff Gladney,2564541,DB,FA,Bye,,,,,,,,,,,,,,,,,,,306,0.00,
Tay Gowan,2566427,DB,PHI,@NYG,,,,,,,,,,,,,,,,,,0.00,307,0.00,0.0
Thomas Graham Jr.,2565923,DB,CHI,@DET,,,,,,,,,,,,,,,,,,0.00,308,0.00,0.0
T.J. Green,2555537,DB,HOU,NYJ,,,,,,,,,,,,,,,,,,0.00,309,0.00,0.0
Raven Greene,2561207,DB,FA,Bye,,,,,,,,,,,,,,,,,,,310,0.00,
Olaijah Griffin,2566635,DB,BUF,@NO,,,,,,,,,,,,,,,,,,0.00,311,0.00,0.0
Shaquill Griffin,2558259,DB,JAX,ATL,,,,,,,,,,,,,,,,,,0.00,312,0.00,0.0
Joe Haden,496733,DB,PIT,@CIN,,,,,,,,,,,,,,,,,,0.00,313,0.00,0.0
Javon Hagan,2565219,DB,ARI,Bye,,,,,,,,,,,,,,,,,,,314,0.00,
Kemon Hall,2562975,DB,LAC,@DEN,,,,,,,,,,,,,,,,,,0.92,315,0.00,-0.92
Tyler Hall,2563497,DB,LA,@GB,,,,,,,,,,,,,,,,,,0.00,316,0.00,0.0
Antonio Hamilton,2556804,DB,ARI,Bye,,,,,,,,,,,,,,,,,,,317,0.00,
Damar Hamlin,2565872,DB,BUF,@NO,,,,,,,,,,,,,,,,,,0.00,318,0.00,0.0
Saquan Hampton,2562658,DB,FA,Bye,,,,,,,,,,,,,,,,,,,319,0.00,
Harrison Hand,2564547,DB,MIN,@SF,,,,,,,,,,,,,,,,,,0.00,320,0.00,0.0
Justin Hardee,2559181,DB,NYJ,@HOU,,,,,,,,,,,,,,,,,,0.00,321,0.00,0.0
Vernon Hargreaves III,2555299,DB,CIN,PIT,,,,,,,,,,,,,,,,,,0.00,322,0.00,0.0
Madre Harper,2564421,DB,CAR,@MIA,,,,,,,,,,,,,,,,,,0.00,323,0.00,0.0
Brontae Harris,2566217,DB,FA,Bye,,,,,,,,,,,,,,,,,,,324,0.00,
Marcell Harris,2561006,DB,SF,MIN,,,,,,,,,,,,,,,,,,1.65,325,0.00,-1.65
Tim Harris,2562949,DB,BUF,@NO,,,,,,,,,,,,,,,,,,0.00,326,0.00,0.0
J.T. Hassell,2563045,DB,FA,Bye,,,,,,,,,,,,,,,,,,,327,0.00,
Trayvon Henderson,2561339,DB,CIN,PIT,,,,,,,,,,,,,,,,,,0.00,328,0.00,0.0
Tre Herndon,2561340,DB,JAX,ATL,,,,,,,,,,,,,,,,,,2.99,329,0.00,-2.99
Gavin Heslop,2565156,DB,SEA,@WAS,,,,,,,,,,,,,,,,,,,330,0.00,
Alijah Holder,2562572,DB,FA,Bye,,,,,,,,,,,,,,,,,,,331,0.00,
Nate Holley,2561627,DB,FA,Bye,,,,,,,,,,,,,,,,,,,332,0.00,
Ka'dar Hollman,2562940,DB,NYG,PHI,,,,,,,,,,,,,,,,,,,333,0.00,
Jaycee Horn,2565893,DB,CAR,@MIA,,,,,,,,,,,,,,,,,,,334,0.00,
Jameson Houston,2563791,DB,FA,Bye,,,,,,,,,,,,,,,,,,,335,0.00,
JuJu Hughes,2564352,DB,FA,Bye,,,,,,,,,,,,,,,,,,,336,0.00,
Mike Hughes,2560746,DB,KC,Bye,,,,,,,,,,,,,,,,,,,337,0.00,
J.T. Ibe,2565570,DB,FA,Bye,,,,,,,,,,,,,,,,,,,338,0.00,
Noah Igbinoghene,2564457,DB,MIA,CAR,,,,,,,,,,,,,,,,,,0.80,339,0.00,-0.8
Bennett Jackson,2543834,DB,FA,Bye,,,,,,,,,,,,,,,,,,,340,0.00,
Chris Jackson,2564049,DB,TEN,@NE,,,,,,,,,,,,,,,,,,0.00,341,0.00,0.0
Josh Jackson,2560755,DB,KC,Bye,,,,,,,,,,,,,,,,,,,342,0.00,
Kareem Jackson,496735,DB,DEN,LAC,,,,,,,,,,,,,,,,,,,343,0.00,
Lamar Jackson,2565513,DB,NYJ,@HOU,,,,,,,,,,,,,,,,,,0.00,344,0.00,0.0
Mike Jackson,2562434,DB,SEA,@WAS,,,,,,,,,,,,,,,,,,0.00,345,0.00,0.0
Robert Jackson,2561434,DB,BAL,CLE,,,,,,,,,,,,,,,,,,0.00,346,0.00,0.0
Michael Jacquet,2564835,DB,JAX,ATL,,,,,,,,,,,,,,,,,,0.00,347,0.00,0.0
Natrell Jamerson,2560759,DB,NYG,PHI,,,,,,,,,,,,,,,,,,0.00,348,0.00,0.0
Craig James,2561486,DB,PHI,@NYG,,,,,,,,,,,,,,,,,,0.00,349,0.00,0.0
Danny Johnson,2560764,DB,WAS,SEA,,,,,,,,,,,,,,,,,,3.08,350,0.00,-3.08
Dontae Johnson,2543739,DB,SF,MIN,,,,,,,,,,,,,,,,,,1.52,351,0.00,-1.52
Isaiah Johnson,2562675,DB,FA,Bye,,,,,,,,,,,,,,,,,,,352,0.00,
Jamar Johnson,2566031,DB,DEN,LAC,,,,,,,,,,,,,,,,,,0.00,353,0.00,0.0
Kevin Johnson,2552261,DB,FA,Bye,,,,,,,,,,,,,,,,,,,354,0.00,
Lonnie Johnson,2562295,DB,HOU,NYJ,,,,,,,,,,,,,,,,,,2.55,355,0.00,-2.55
Brandon Jones,2564469,DB,MIA,CAR,,,,,,,,,,,,,,,,,,0.00,356,0.00,0.0
Jonathan Jones,2556571,DB,NE,TEN,,,,,,,,,,,,,,,,,,,357,0.00,
Karl Joseph,2555342,DB,PIT,@CIN,,,,,,,,,,,,,,,,,,0.00,358,0.00,0.0
Kelvin Joseph,2566010,DB,DAL,LV,,,,,,,,,,,,,,,,,,2.20,359,0.00,-2.2
Lamarcus Joyner,2543492,DB,NYJ,@HOU,,,,,,,,,,,,,,,,,,,360,0.00,
Jalen Julius,2564289,DB,FA,Bye,,,,,,,,,,,,,,,,,,,361,0.00,
Joshua Kalu,2560776,DB,NYG,PHI,,,,,,,,,,,,,,,,,,,362,0.00,
Bopete Keyes,2564292,DB,CHI,@DET,,,,,,,,,,,,,,,,,,0.00,363,0.00,0.0
Miles Killebrew,2555315,DB,PIT,@CIN,,,,,,,,,,,,,,,,,,1.06,364,0.00,-1.06
Kevin King,2557996,DB,GB,LA,,,,,,,,,,,,,,,,,,0.00,365,0.00,0.0
Luther Kirk,2565304,DB,ATL,@JAX,,,,,,,,,,,,,,,,,,0.00,366,0.00,0.0
Dre Kirkpatrick,2533060,DB,FA,Bye,,,,,,,,,,,,,,,,,,,367,0.00,
Chris Lammons,2561226,DB,KC,Bye,,,,,,,,,,,,,,,,,,,368,0.00,
Richard LeCounte III,2565977,DB,CLE,@BAL,,,,,,,,,,,,,,,,,,0.00,369,0.00,0.0
Anthony Levine,2508004,DB,BAL,CLE,,,,,,,,,,,,,,,,,,0.00,370,0.00,0.0
Cam Lewis,2563205,DB,BUF,@NO,,,,,,,,,,,,,,,,,,0.00,371,0.00,0.0
Donnie Lewis,2562910,DB,FA,Bye,,,,,,,,,,,,,,,,,,,372,0.00,
Zane Lewis,2564928,DB,NYJ,@HOU,,,,,,,,,,,,,,,,,,0.00,373,0.00,0.0
P.J. Locke,2563012,DB,DEN,LAC,,,,,,,,,,,,,,,,,,7.71,374,0.00,-7.71
David Long,2562798,DB,LA,@GB,,,,,,,,,,,,,,,,,,2.98,375,0.00,-2.98
Jordan Lucas,2555542,DB,FA,Bye,,,,,,,,,,,,,,,,,,,376,0.00,
Cole Luke,2558968,DB,FA,Bye,,,,,,,,,,,,,,,,,,,377,0.00,
Dylan Mabin,2563029,DB,NO,BUF,,,,,,,,,,,,,,,,,,0.00,378,0.00,0.0
Greg Mabin,2558971,DB,TEN,@NE,,,,,,,,,,,,,,,,,,0.00,379,0.00,0.0
Iman Marshall,2562961,DB,BAL,CLE,,,,,,,,,,,,,,,,,,0.00,380,0.00,0.0
Tyrann Mathieu,2540180,DB,KC,Bye,,,,,,,,,,,,,,,,,,,381,0.00,
Marcus Maye,2557995,DB,NYJ,@HOU,,,,,,,,,,,,,,,,,,,382,0.00,
Nick McCloud,2566638,DB,BUF,@NO,,,,,,,,,,,,,,,,,,0.00,383,0.00,0.0
Jason McCourty,89756,DB,MIA,CAR,,,,,,,,,,,,,,,,,,,384,0.00,
Bradley McDougald,2539243,DB,JAX,ATL,,,,,,,,,,,,,,,,,,0.00,385,0.00,0.0
Sherrick McManis,494289,DB,FA,Bye,,,,,,,,,,,,,,,,,,,386,0.00,
Zech McPhearson,2566406,DB,PHI,@NYG,,,,,,,,,,,,,,,,,,2.42,387,0.00,-2.42
Torry McTyer,2559053,DB,WAS,SEA,,,,,,,,,,,,,,,,,,,388,0.00,
Quenton Meeks,2560808,DB,FA,Bye,,,,,,,,,,,,,,,,,,,389,0.00,
Ifeatu Melifonwu,2566064,DB,DET,CHI,,,,,,,,,,,,,,,,,,0.00,390,0.00,0.0
Rashaan Melvin,2541200,DB,CAR,@MIA,,,,,,,,,,,,,,,,,,0.00,391,0.00,0.0
Doug Middleton,2556617,DB,SF,MIN,,,,,,,,,,,,,,,,,,0.00,392,0.00,0.0
Herb Miller,2563153,DB,CLE,@BAL,,,,,,,,,,,,,,,,,,0.00,393,0.00,0.0
Jordan Miller,2562497,DB,NO,BUF,,,,,,,,,,,,,,,,,,0.00,394,0.00,0.0
Chris Milton,2556394,DB,MIA,CAR,,,,,,,,,,,,,,,,,,0.00,395,0.00,0.0
Jovante Moffatt,2563797,DB,CLE,@BAL,,,,,,,,,,,,,,,,,,0.00,396,0.00,0.0
Elijah Molden,2566115,DB,TEN,@NE,,,,,,,,,,,,,,,,,,4.15,397,0.00,-4.15
Joshua Moon,2563265,DB,FA,Bye,,,,,,,,,,,,,,,,,,,398,0.00,
A.J. Moore,2561538,DB,HOU,NYJ,,,,,,,,,,,,,,,,,,1.35,399,0.00,-1.35
Tarvarius Moore,2561117,DB,SF,MIN,,,,,,,,,,,,,,,,,,,400,0.00,
TJ Morrison,2565651,DB,FA,Bye,,,,,,,,,,,,,,,,,,,401,0.00,
Parnell Motley,2565237,DB,DET,CHI,,,,,,,,,,,,,,,,,,0.00,402,0.00,0.0
Israel Mukuamu,2566013,DB,DAL,LV,,,,,,,,,,,,,,,,,,,403,0.00,
Trayvon Mullen,2562380,DB,LV,@DAL,,,,,,,,,,,,,,,,,,,404,0.00,
Byron Murphy,2562318,DB,ARI,Bye,,,,,,,,,,,,,,,,,,,405,0.00,
Kai Nacua,2559220,DB,NYJ,@HOU,,,,,,,,,,,,,,,,,,0.00,406,0.00,0.0
Ryan Neal,2561381,DB,SEA,@WAS,,,,,,,,,,,,,,,,,,2.58,407,0.00,-2.58
Sharrod Neasman,2556443,DB,LA,@GB,,,,,,,,,,,,,,,,,,1.20,408,0.00,-1.2
Nick Nelson,2560819,DB,IND,TB,,,,,,,,,,,,,,,,,,,409,0.00,
Picasso Nelson,2563002,DB,FA,Bye,,,,,,,,,,,,,,,,,,,410,0.00,
Keisean Nixon,2562938,DB,LV,@DAL,,,,,,,,,,,,,,,,,,0.00,411,0.00,0.0
Michael Ojemudia,2563908,DB,DEN,LAC,,,,,,,,,,,,,,,,,,3.22,412,0.00,-3.22
Jeff Okudah,2563944,DB,DET,CHI,,,,,,,,,,,,,,,,,,,413,0.00,
Isaiah Oliver,2560830,DB,ATL,@JAX,,,,,,,,,,,,,,,,,,,414,0.00,
Kareem Orr,2563274,DB,LA,@GB,,,,,,,,,,,,,,,,,,0.00,415,0.00,0.0
Will Parks,2556278,DB,NYJ,@HOU,,,,,,,,,,,,,,,,,,0.00,416,0.00,0.0
Jabrill Peppers,2557980,DB,NYG,PHI,,,,,,,,,,,,,,,,,,,417,0.00,
Jomal Wiltz,2559283,DB,MIA,CAR,,,,,,,,,,,,,,,,,,,418,0.00,
Jordyn Peters,2565750,DB,FA,Bye,,,,,,,,,,,,,,,,,,,419,0.00,
Marcus Peters,2552488,DB,BAL,CLE,,,,,,,,,,,,,,,,,,,420,0.00,
Kevin Peterson,2556764,DB,ARI,Bye,,,,,,,,,,,,,,,,,,,421,0.00,
Brian Poole,2556445,DB,IND,TB,,,,,,,,,,,,,,,,,,0.00,422,0.00,0.0
Bobby Price,2563953,DB,DET,CHI,,,,,,,,,,,,,,,,,,0.49,423,0.00,-0.49
Troy Pride,2563662,DB,CAR,@MIA,,,,,,,,,,,,,,,,,,,424,0.00,
Glover Quin,71441,DB,FA,Bye,,,,,,,,,,,,,,,,,,,425,0.00,
Damarious Randall,2552389,DB,FA,Bye,,,,,,,,,,,,,,,,,,,426,0.00,
Jeremy Reaves,2561394,DB,WAS,SEA,,,,,,,,,,,,,,,,,,0.00,427,0.00,0.0
Will Redmond,2555545,DB,IND,TB,,,,,,,,,,,,,,,,,,0.00,428,0.00,0.0
John Reid,2564088,DB,SEA,@WAS,,,,,,,,,,,,,,,,,,0.00,429,0.00,0.0
Justin Reid,2560851,DB,HOU,NYJ,,,,,,,,,,,,,,,,,,0.00,430,0.00,0.0
Jordan Richards,2552392,DB,BAL,CLE,,,,,,,,,,,,,,,,,,0.00,431,0.00,0.0
Darryl Roberts,2553353,DB,WAS,SEA,,,,,,,,,,,,,,,,,,0.00,432,0.00,0.0
Amik Robertson,2564430,DB,LV,@DAL,,,,,,,,,,,,,,,,,,1.65,433,0.00,-1.65
Nickell Robey-Coleman,2540197,DB,DET,CHI,,,,,,,,,,,,,,,,,,0.00,434,0.00,0.0
Kenny Robinson,2563674,DB,CAR,@MIA,,,,,,,,,,,,,,,,,,0.00,435,0.00,0.0
Patrick Robinson,2508084,DB,FA,Bye,,,,,,,,,,,,,,,,,,,436,0.00,
Rashard Robinson,2555546,DB,TB,@IND,,,,,,,,,,,,,,,,,,0.00,437,0.00,0.0
Reggie Robinson II,2563863,DB,DAL,LV,,,,,,,,,,,,,,,,,,,438,0.00,
Tyree Robinson,2561519,DB,FA,Bye,,,,,,,,,,,,,,,,,,,439,0.00,
Winston Rose,2556670,DB,FA,Bye,,,,,,,,,,,,,,,,,,,440,0.00,
D'Angelo Ross,2563057,DB,NE,TEN,,,,,,,,,,,,,,,,,,0.00,441,0.00,0.0
Brandon Rusnak,2562912,DB,JAX,ATL,,,,,,,,,,,,,,,,,,0.00,442,0.00,0.0
KeiVarae Russell,2555547,DB,NO,BUF,,,,,,,,,,,,,,,,,,0.00,443,0.00,0.0
Logan Ryan,2540162,DB,NYG,PHI,,,,,,,,,,,,,,,,,,0.00,444,0.00,0.0
Asante Samuel Jr.,2566511,DB,LAC,@DEN,,,,,,,,,,,,,,,,,,0.00,445,0.00,0.0
Stanford Samuels III,2564022,DB,FA,Bye,,,,,,,,,,,,,,,,,,,446,0.00,
Josiah Scott,2564229,DB,PHI,@NYG,,,,,,,,,,,,,,,,,,0.54,447,0.00,-0.54
Vernon Scott,2564028,DB,GB,LA,,,,,,,,,,,,,,,,,,0.00,448,0.00,0.0
Kevon Seymour,2555549,DB,BAL,CLE,,,,,,,,,,,,,,,,,,0.99,449,0.00,-0.99
Kendall Sheffield,2562730,DB,ATL,@JAX,,,,,,,,,,,,,,,,,,0.00,450,0.00,0.0
Duke Shelley,2562957,DB,CHI,@DET,,,,,,,,,,,,,,,,,,3.56,451,0.00,-3.56
Richard Sherman,2495507,DB,TB,@IND,,,,,,,,,,,,,,,,,,,452,0.00,
Jamien Sherwood,2565762,DB,NYJ,@HOU,,,,,,,,,,,,,,,,,,,453,0.00,
LeShaun Sims,2555551,DB,FA,Bye,,,,,,,,,,,,,,,,,,,454,0.00,
Kemah Siverand,2565189,DB,FA,Bye,,,,,,,,,,,,,,,,,,,455,0.00,
Jimmy Smith,2508107,DB,BAL,CLE,,,,,,,,,,,,,,,,,,0.00,456,0.00,0.0
Maurice Smith,2559058,DB,FA,Bye,,,,,,,,,,,,,,,,,,,457,0.00,
Ryan Smith,2555552,DB,LAC,@DEN,,,,,,,,,,,,,,,,,,,458,0.00,
Saivion Smith,2562741,DB,DET,CHI,,,,,,,,,,,,,,,,,,0.00,459,0.00,0.0
Tremon Smith,2561103,DB,HOU,NYJ,,,,,,,,,,,,,,,,,,0.97,460,0.00,-0.97
Tye Smith,2552449,DB,MIN,@SF,,,,,,,,,,,,,,,,,,0.00,461,0.00,0.0
L'Jarius Sneed,2564304,DB,KC,Bye,,,,,,,,,,,,,,,,,,,462,0.00,
Daniel Sorensen,2550257,DB,KC,Bye,,,,,,,,,,,,,,,,,,,463,0.00,
Benjamin St-Juste,2566604,DB,WAS,SEA,,,,,,,,,,,,,,,,,,,464,0.00,
Linden Stephens,2561277,DB,PIT,@CIN,,,,,,,,,,,,,,,,,,0.00,465,0.00,0.0
JaCoby Stevens,2566412,DB,PHI,@NYG,,,,,,,,,,,,,,,,,,0.00,466,0.00,0.0
M.J. Stewart,2560884,DB,CLE,@BAL,,,,,,,,,,,,,,,,,,0.00,467,0.00,0.0
Donovan Stiner,2565795,DB,PIT,@CIN,,,,,,,,,,,,,,,,,,0.00,468,0.00,0.0
Corey Straughter,2565636,DB,FA,Bye,,,,,,,,,,,,,,,,,,,469,0.00,
Greg Stroman,2560886,DB,FA,Bye,,,,,,,,,,,,,,,,,,,470,0.00,
Chandon Sullivan,2560887,DB,GB,LA,,,,,,,,,,,,,,,,,,6.29,471,0.00,-6.29
D.J. Swearinger,2539943,DB,IND,TB,,,,,,,,,,,,,,,,,,0.00,472,0.00,0.0
Teez Tabor,2557955,DB,CHI,@DET,,,,,,,,,,,,,,,,,,,473,0.00,
Cordrea Tankersley,2557931,DB,FA,Bye,,,,,,,,,,,,,,,,,,,474,0.00,
Keith Taylor,2565911,DB,CAR,@MIA,,,,,,,,,,,,,,,,,,3.62,475,0.00,-3.62
Shakial Taylor,2563129,DB,FA,Bye,,,,,,,,,,,,,,,,,,,476,0.00,
Marvell Tell,2562757,DB,IND,TB,,,,,,,,,,,,,,,,,,,477,0.00,
Ambry Thomas,2566547,DB,SF,MIN,,,,,,,,,,,,,,,,,,2.11,478,0.00,-2.11
Josh Thomas,2565387,DB,BUF,@NO,,,,,,,,,,,,,,,,,,0.00,479,0.00,0.0
Stantley Thomas-Oliver,2563689,DB,CAR,@MIA,,,,,,,,,,,,,,,,,,0.00,480,0.00,0.0
Darian Thompson,2555154,DB,DAL,LV,,,,,,,,,,,,,,,,,,0.00,481,0.00,0.0
Deionte Thompson,2562760,DB,ARI,Bye,,,,,,,,,,,,,,,,,,,482,0.00,
Jalen Thompson,2563339,DB,ARI,Bye,,,,,,,,,,,,,,,,,,,483,0.00,
Tariq Thompson,2566644,DB,FA,Bye,,,,,,,,,,,,,,,,,,,484,0.00,
Juan Thornhill,2562761,DB,KC,Bye,,,,,,,,,,,,,,,,,,,485,0.00,
Kenny Vaccaro,2539320,DB,FA,Bye,,,,,,,,,,,,,,,,,,,486,0.00,
Donte Vaughn,2565084,DB,FA,Bye,,,,,,,,,,,,,,,,,,,487,0.00,
Jason Verrett,2543493,DB,SF,MIN,,,,,,,,,,,,,,,,,,,488,0.00,
Kindle Vildor,2563713,DB,CHI,@DET,,,,,,,,,,,,,,,,,,7.59,489,0.00,-7.59
Kary Vincent Jr.,2566046,DB,PHI,@NYG,,,,,,,,,,,,,,,,,,0.00,490,0.00,0.0
Dee Virgin,2559274,DB,FA,Bye,,,,,,,,,,,,,,,,,,,491,0.00,
Lamont Wade,2565798,DB,FA,Bye,,,,,,,,,,,,,,,,,,,492,0.00,
K'Von Wallace,2564871,DB,PHI,@NYG,,,,,,,,,,,,,,,,,,0.77,493,0.00,-0.77
Charvarius Ward,2561417,DB,KC,Bye,,,,,,,,,,,,,,,,,,,494,0.00,
Nigel Warrior,2563590,DB,SEA,@WAS,,,,,,,,,,,,,,,,,,0.00,495,0.00,0.0
Ar'Darius Washington,2566632,DB,BAL,CLE,,,,,,,,,,,,,,,,,,,496,0.00,
Charles Washington,2556703,DB,ARI,Bye,,,,,,,,,,,,,,,,,,,497,0.00,
Keith Washington,2564706,DB,FA,Bye,,,,,,,,,,,,,,,,,,,498,0.00,
Jaylen Watkins,2543707,DB,FA,Bye,,,,,,,,,,,,,,,,,,,499,0.00,
Armani Watts,2560921,DB,KC,Bye,,,,,,,,,,,,,,,,,,,500,0.00,
Trae Waynes,2552448,DB,CIN,PIT,,,,,,,,,,,,,,,,,,0.00,501,0.00,0.0
Mark Webb,2566523,DB,LAC,@DEN,,,,,,,,,,,,,,,,,,,502,0.00,
Chris Westry,2562902,DB,BAL,CLE,,,,,,,,,,,,,,,,,,0.00,503,0.00,0.0
Brendon White,2565765,DB,FA,Bye,,,,,,,,,,,,,,,,,,,504,0.00,
Jace Whittaker,2564955,DB,ARI,Bye,,,,,,,,,,,,,,,,,,,505,0.00,
Chris Wilcox,2566577,DB,IND,TB,,,,,,,,,,,,,,,,,,0.00,506,0.00,0.0
Rachad Wildgoose,2565881,DB,NYJ,@HOU,,,,,,,,,,,,,,,,,,0.00,507,0.00,0.0
LaDarius Wiley,2563280,DB,FA,Bye,,,,,,,,,,,,,,,,,,,508,0.00,
Greedy Williams,2562785,DB,CLE,@BAL,,,,,,,,,,,,,,,,,,3.76,509,0.00,-3.76
Jarren Williams,2564958,DB,NYG,PHI,,,,,,,,,,,,,,,,,,0.00,510,0.00,0.0
Rodarius Williams,2566379,DB,NYG,PHI,,,,,,,,,,,,,,,,,,,511,0.00,
Shawn Williams,2539233,DB,ATL,@JAX,,,,,,,,,,,,,,,,,,0.00,512,0.00,0.0
Trill Williams,2565714,DB,MIA,CAR,,,,,,,,,,,,,,,,,,0.00,513,0.00,0.0
Chris Williamson,2564784,DB,FA,Bye,,,,,,,,,,,,,,,,,,,514,0.00,
Khari Willis,2562602,DB,IND,TB,,,,,,,,,,,,,,,,,,0.00,515,0.00,0.0
Brandon Wilson,2558786,DB,CIN,PIT,,,,,,,,,,,,,,,,,,,516,0.00,
Donovan Wilson,2562604,DB,DAL,LV,,,,,,,,,,,,,,,,,,0.00,517,0.00,0.0
Jarrod Wilson,2556711,DB,SF,MIN,,,,,,,,,,,,,,,,,,0.00,518,0.00,0.0
Marco Wilson,2566439,DB,ARI,Bye,,,,,,,,,,,,,,,,,,,519,0.00,
Quincy Wilson,2557961,DB,FA,Bye,,,,,,,,,,,,,,,,,,,520,0.00,
Tavon Wilson,2534830,DB,SF,MIN,,,,,,,,,,,,,,,,,,,521,0.00,
Daryl Worley,2555394,DB,BAL,CLE,,,,,,,,,,,,,,,,,,0.00,522,0.00,0.0
Blidi Wreh-Wilson,2539219,DB,TB,@IND,,,,,,,,,,,,,,,,,,0.00,523,0.00,0.0
Nahshon Wright,2566022,DB,DAL,LV,,,,,,,,,,,,,,,,,,0.58,524,0.00,-0.58
Isaac Yiadom,2560946,DB,GB,LA,,,,,,,,,,,,,,,,,,0.64,525,0.00,-0.64
