[{"PlayerName":"Daniel Carlson","PlayerId":"2560993","Pos":"K","Team":"LV","PlayerOpponent":"@DAL","PatMade":"3","PatMissed":"","FgMade_0-19":"","FgMade_20-29":"2","FgMade_30-39":"1","FgMade_40-49":"1","FgMade_50":"1","FgMiss_0-19":"","FgMiss_20-29":"","FgMiss_30-39":"","PlayerWeekProjectedPts":"6.98","Rank":1,"TotalPoints":"21.00","ProjectionDiff":14.02},{"PlayerName":"Nick Folk","PlayerId":"2507225","Pos":"K","Team":"NE","PlayerOpponent":"TEN","PatMade":"3","PatMissed":"","FgMade_0-19":"","FgMade_20-29":"2","FgMade_30-39":"1","FgMade_40-49":"1","FgMade_50":"1","FgMiss_0-19":"","FgMiss_20-29":"","FgMiss_30-39":"","PlayerWeekProjectedPts":"7.79","Rank":2,"TotalPoints":"21.00","ProjectionDiff":13.21},{"PlayerName":"Mason Crosby","PlayerId":"2507232","Pos":"K","Team":"GB","PlayerOpponent":"LA","PatMade":"3","PatMissed":"","FgMade_0-19":"","FgMade_20-29":"2","FgMade_30-39":"","FgMade_40-49":"1","FgMade_50":"","FgMiss_0-19":"","FgMiss_20-29":"","FgMiss_30-39":"","PlayerWeekProjectedPts":"7.07","Rank":3,"TotalPoints":"13.00","ProjectionDiff":5.93},{"PlayerName":"Evan McPherson","PlayerId":"2565953","Pos":"K","Team":"CIN","PlayerOpponent":"PIT","PatMade":"5","PatMissed":"","FgMade_0-19":"","FgMade_20-29":"","FgMade_30-39":"1","FgMade_40-49":"","FgMade_50":"1","FgMiss_0-19":"","FgMiss_20-29":"","FgMiss_30-39":"","PlayerWeekProjectedPts":"6.35","Rank":4,"TotalPoints":"13.00","ProjectionDiff":6.65},{"PlayerName":"Justin Tucker","PlayerId":"2536340","Pos":"K","Team":"BAL","PlayerOpponent":"CLE","PatMade":"1","PatMissed":"","FgMade_0-19":"","FgMade_20-29":"1","FgMade_30-39":"","FgMade_40-49":"1","FgMade_50":"1","FgMiss_0-19":"","FgMiss_20-29":"","FgMiss_30-39":"","PlayerWeekProjectedPts":"7.31","Rank":5,"TotalPoints":"13.00","ProjectionDiff":5.69},{"PlayerName":"Robbie Gould","PlayerId":"2506264","Pos":"K","Team":"SF","PlayerOpponent":"MIN","PatMade":"4","PatMissed":"","FgMade_0-19":"","FgMade_20-29":"1","FgMade_30-39":"","FgMade_40-49":"1","FgMade_50":"","FgMiss_0-19":"","FgMiss_20-29":"","FgMiss_30-39":"","PlayerWeekProjectedPts":"8.42","Rank":6,"TotalPoints":"11.00","ProjectionDiff":2.58},{"PlayerName":"Cairo Santos","PlayerId":"2550636","Pos":"K","Team":"CHI","PlayerOpponent":"@DET","PatMade":"1","PatMissed":"","FgMade_0-19":"","FgMade_20-29":"2","FgMade_30-39":"","FgMade_40-49":"1","FgMade_50":"","FgMiss_0-19":"","FgMiss_20-29":"","FgMiss_30-39":"","PlayerWeekProjectedPts":"7.23","Rank":7,"TotalPoints":"11.00","ProjectionDiff":3.77},{"PlayerName":"Mike Badgley","PlayerId":"2560965","Pos":"K","Team":"IND","PlayerOpponent":"TB","PatMade":"4","PatMissed":"","FgMade_0-19":"","FgMade_20-29":"","FgMade_30-39":"","FgMade_40-49":"1","FgMade_50":"","FgMiss_0-19":"","FgMiss_20-29":"","FgMiss_30-39":"","PlayerWeekProjectedPts":"7.12","Rank":8,"TotalPoints":"8.00","ProjectionDiff":0.88},{"PlayerName":"Matt Gay","PlayerId":"2562271","Pos":"K","Team":"LA","PlayerOpponent":"@GB","PatMade":"2","PatMissed":"","FgMade_0-19":"","FgMade_20-29":"","FgMade_30-39":"2","FgMade_40-49":"","FgMade_50":"","FgMiss_0-19":"","FgMiss_20-29":"","FgMiss_30-39":"","PlayerWeekProjectedPts":"6.47","Rank":9,"TotalPoints":"8.00","ProjectionDiff":1.53},{"PlayerName":"Ryan Succop","PlayerId":"89802","Pos":"K","Team":"TB","PlayerOpponent":"@IND","PatMade":"5","PatMissed":"","FgMade_0-19":"","FgMade_20-29":"1","FgMade_30-39":"","FgMade_40-49":"","FgMade_50":"","FgMiss_0-19":"","FgMiss_20-29":"","FgMiss_30-39":"","PlayerWeekProjectedPts":"7.90","Rank":10,"TotalPoints":"8.00","ProjectionDiff":0.1},{"PlayerName":"Matt Ammendola","PlayerId":"2565555","Pos":"K","Team":"NYJ","PlayerOpponent":"@HOU","PatMade":"1","PatMissed":"","FgMade_0-19":"","FgMade_20-29":"","FgMade_30-39":"2","FgMade_40-49":"","FgMade_50":"","FgMiss_0-19":"","FgMiss_20-29":"","FgMiss_30-39":"","PlayerWeekProjectedPts":"0.00","Rank":11,"TotalPoints":"7.00","ProjectionDiff":7.0},{"PlayerName":"Tyler Bass","PlayerId":"2563596","Pos":"K","Team":"BUF","PlayerOpponent":"@NO","PatMade":"4","PatMissed":"","FgMade_0-19":"","FgMade_20-29":"","FgMade_30-39":"1","FgMade_40-49":"","FgMade_50":"","FgMiss_0-19":"","FgMiss_20-29":"","FgMiss_30-39":"","PlayerWeekProjectedPts":"6.27","Rank":12,"TotalPoints":"7.00","ProjectionDiff":0.73},{"PlayerName":"Graham Gano","PlayerId":"71309","Pos":"K","Team":"NYG","PlayerOpponent":"PHI","PatMade":"1","PatMissed":"","FgMade_0-19":"","FgMade_20-29":"","FgMade_30-39":"2","FgMade_40-49":"","FgMade_50":"","FgMiss_0-19":"","FgMiss_20-29":"","FgMiss_30-39":"","PlayerWeekProjectedPts":"6.83","Rank":13,"TotalPoints":"7.00","ProjectionDiff":0.17},{"PlayerName":"Jason Sanders","PlayerId":"2561153","Pos":"K","Team":"MIA","PlayerOpponent":"CAR","PatMade":"3","PatMissed":"1","FgMade_0-19":"","FgMade_20-29":"","FgMade_30-39":"1","FgMade_40-49":"1","FgMade_50":"","FgMiss_0-19":"","FgMiss_20-29":"","FgMiss_30-39":"","PlayerWeekProjectedPts":"7.31","Rank":14,"TotalPoints":"7.00","ProjectionDiff":-0.31},{"PlayerName":"Matthew Wright","PlayerId":"2562968","Pos":"K","Team":"JAX","PlayerOpponent":"ATL","PatMade":"","PatMissed":"","FgMade_0-19":"","FgMade_20-29":"1","FgMade_30-39":"1","FgMade_40-49":"","FgMade_50":"","FgMiss_0-19":"","FgMiss_20-29":"","FgMiss_30-39":"","PlayerWeekProjectedPts":"6.08","Rank":15,"TotalPoints":"6.00","ProjectionDiff":-0.08},{"PlayerName":"Chris Boswell","PlayerId":"2550545","Pos":"K","Team":"PIT","PlayerOpponent":"@CIN","PatMade":"1","PatMissed":"","FgMade_0-19":"","FgMade_20-29":"","FgMade_30-39":"","FgMade_40-49":"1","FgMade_50":"","FgMiss_0-19":"","FgMiss_20-29":"","FgMiss_30-39":"","PlayerWeekProjectedPts":"7.13","Rank":16,"TotalPoints":"5.00","ProjectionDiff":-2.13},{"PlayerName":"Zane Gonzalez","PlayerId":"2558178","Pos":"K","Team":"CAR","PlayerOpponent":"@MIA","PatMade":"1","PatMissed":"","FgMade_0-19":"","FgMade_20-29":"","FgMade_30-39":"","FgMade_40-49":"1","FgMade_50":"","FgMiss_0-19":"","FgMiss_20-29":"","FgMiss_30-39":"","PlayerWeekProjectedPts":null,"Rank":17,"TotalPoints":"5.00","ProjectionDiff":null},{"PlayerName":"Chase McLaughlin","PlayerId":"2563203","Pos":"K","Team":"CLE","PlayerOpponent":"@BAL","PatMade":"1","PatMissed":"","FgMade_0-19":"","FgMade_20-29":"","FgMade_30-39":"","FgMade_40-49":"1","FgMade_50":"","FgMiss_0-19":"","FgMiss_20-29":"","FgMiss_30-39":"","PlayerWeekProjectedPts":"6.56","Rank":18,"TotalPoints":"5.00","ProjectionDiff":-1.56},{"PlayerName":"Greg Zuerlein","PlayerId":"2534797","Pos":"K","Team":"DAL","PlayerOpponent":"LV","PatMade":"1","PatMissed":"1","FgMade_0-19":"","FgMade_20-29":"1","FgMade_30-39":"","FgMade_40-49":"1","FgMade_50":"","FgMiss_0-19":"","FgMiss_20-29":"","FgMiss_30-39":"","PlayerWeekProjectedPts":"6.93","Rank":19,"TotalPoints":"5.00","ProjectionDiff":-1.93},{"PlayerName":"Younghoe Koo","PlayerId":"2559205","Pos":"K","Team":"ATL","PlayerOpponent":"@JAX","PatMade":"3","PatMissed":"","FgMade_0-19":"","FgMade_20-29":"","FgMade_30-39":"","FgMade_40-49":"","FgMade_50":"","FgMiss_0-19":"","FgMiss_20-29":"","FgMiss_30-39":"","PlayerWeekProjectedPts":"7.29","Rank":20,"TotalPoints":"4.70","ProjectionDiff":-2.59},{"PlayerName":"Brandon McManus","PlayerId":"2541556","Pos":"K","Team":"DEN","PlayerOpponent":"LAC","PatMade":"4","PatMissed":"","FgMade_0-19":"","FgMade_20-29":"","FgMade_30-39":"","FgMade_40-49":"","FgMade_50":"","FgMiss_0-19":"","FgMiss_20-29":"","FgMiss_30-39":"","PlayerWeekProjectedPts":"7.00","Rank":21,"TotalPoints":"4.00","ProjectionDiff":-3.0},{"PlayerName":"Ka'imi Fairbairn","PlayerId":"2556521","Pos":"K","Team":"HOU","PlayerOpponent":"NYJ","PatMade":"2","PatMissed":"","FgMade_0-19":"","FgMade_20-29":"","FgMade_30-39":"","FgMade_40-49":"","FgMade_50":"","FgMiss_0-19":"","FgMiss_20-29":"","FgMiss_30-39":"","PlayerWeekProjectedPts":"7.39","Rank":22,"TotalPoints":"2.00","ProjectionDiff":-5.39},{"PlayerName":"Riley Patterson","PlayerId":"2567013","Pos":"K","Team":"DET","PlayerOpponent":"CHI","PatMade":"2","PatMissed":"","FgMade_0-19":"","FgMade_20-29":"","FgMade_30-39":"","FgMade_40-49":"","FgMade_50":"","FgMiss_0-19":"","FgMiss_20-29":"","FgMiss_30-39":"","PlayerWeekProjectedPts":"6.30","Rank":23,"TotalPoints":"2.00","ProjectionDiff":-4.3},{"PlayerName":"Jake Elliott","PlayerId":"2558172","Pos":"K","Team":"PHI","PlayerOpponent":"@NYG","PatMade":"1","PatMissed":"","FgMade_0-19":"","FgMade_20-29":"","FgMade_30-39":"","FgMade_40-49":"","FgMade_50":"","FgMiss_0-19":"","FgMiss_20-29":"","FgMiss_30-39":"","PlayerWeekProjectedPts":"5.55","Rank":24,"TotalPoints":"1.00","ProjectionDiff":-4.55},{"PlayerName":"Dustin Hopkins","PlayerId":"2539227","Pos":"K","Team":"LAC","PlayerOpponent":"@DEN","PatMade":"1","PatMissed":"","FgMade_0-19":"","FgMade_20-29":"","FgMade_30-39":"","FgMade_40-49":"","FgMade_50":"","FgMiss_0-19":"","FgMiss_20-29":"","FgMiss_30-39":"","PlayerWeekProjectedPts":"6.91","Rank":25,"TotalPoints":"1.00","ProjectionDiff":-5.91},{"PlayerName":"Jason Myers","PlayerId":"2553112","Pos":"K","Team":"SEA","PlayerOpponent":"@WAS","PatMade":"1","PatMissed":"","FgMade_0-19":"","FgMade_20-29":"","FgMade_30-39":"","FgMade_40-49":"","FgMade_50":"","FgMiss_0-19":"","FgMiss_20-29":"","FgMiss_30-39":"","PlayerWeekProjectedPts":"7.33","Rank":26,"TotalPoints":"1.00","ProjectionDiff":-6.33},{"PlayerName":"Roberto Aguayo","PlayerId":"2555408","Pos":"K","Team":"FA","PlayerOpponent":"Bye","PatMade":"","PatMissed":"","FgMade_0-19":"","FgMade_20-29":"","FgMade_30-39":"","FgMade_40-49":"","FgMade_50":"","FgMiss_0-19":"","FgMiss_20-29":"","FgMiss_30-39":"","PlayerWeekProjectedPts":"","Rank":27,"TotalPoints":"0.00","ProjectionDiff":null},{"PlayerName":"Dan Bailey","PlayerId":"2495259","Pos":"K","Team":"FA","PlayerOpponent":"Bye","PatMade":"","PatMissed":"","FgMade_0-19":"","FgMade_20-29":"","FgMade_30-39":"","FgMade_40-49":"","FgMade_50":"","FgMiss_0-19":"","FgMiss_20-29":"","FgMiss_30-39":"","PlayerWeekProjectedPts":"","Rank":28,"TotalPoints":"0.00","ProjectionDiff":null},{"PlayerName":"Rodrigo Blankenship","PlayerId":"2564106","Pos":"K","Team":"IND","PlayerOpponent":"TB","PatMade":"","PatMissed":"","FgMade_0-19":"","FgMade_20-29":"","FgMade_30-39":"","FgMade_40-49":"","FgMade_50":"","FgMiss_0-19":"","FgMiss_20-29":"","FgMiss_30-39":"","PlayerWeekProjectedPts":null,"Rank":29,"TotalPoints":"0.00","ProjectionDiff":null},{"PlayerName":"Chris Blewitt","PlayerId":"2562800","Pos":"K","Team":"CLE","PlayerOpponent":"@BAL","PatMade":"","PatMissed":"","FgMade_0-19":"","FgMade_20-29":"","FgMade_30-39":"","FgMade_40-49":"","FgMade_50":"","FgMiss_0-19":"","FgMiss_20-29":"","FgMiss_30-39":"","PlayerWeekProjectedPts":"0.00","Rank":30,"TotalPoints":"0.00","ProjectionDiff":0.0},{"PlayerName":"Harrison Butker","PlayerId":"2558245","Pos":"K","Team":"KC","PlayerOpponent":"Bye","PatMade":"","PatMissed":"","FgMade_0-19":"","FgMade_20-29":"","FgMade_30-39":"","FgMade_40-49":"","FgMade_50":"","FgMiss_0-19":"","FgMiss_20-29":"","FgMiss_30-39":"","PlayerWeekProjectedPts":"","Rank":31,"TotalPoints":"0.00","ProjectionDiff":null},{"PlayerName":"Chandler Catanzaro","PlayerId":"2550325","Pos":"K","Team":"FA","PlayerOpponent":"Bye","PatMade":"","PatMissed":"","FgMade_0-19":"","FgMade_20-29":"","FgMade_30-39":"","FgMade_40-49":"","FgMade_50":"","FgMiss_0-19":"","FgMiss_20-29":"","FgMiss_30-39":"","PlayerWeekProjectedPts":"","Rank":32,"TotalPoints":"0.00","ProjectionDiff":null},{"PlayerName":"Dominik Eberle","PlayerId":"2565360","Pos":"K","Team":"CAR","PlayerOpponent":"@MIA","PatMade":"","PatMissed":"","FgMade_0-19":"","FgMade_20-29":"","FgMade_30-39":"","FgMade_40-49":"","FgMade_50":"","FgMiss_0-19":"","FgMiss_20-29":"","FgMiss_30-39":"","PlayerWeekProjectedPts":"0.00","Rank":33,"TotalPoints":"0.00","ProjectionDiff":0.0},{"PlayerName":"Sam Ficken","PlayerId":"2557430","Pos":"K","Team":"TEN","PlayerOpponent":"@NE","PatMade":"","PatMissed":"","FgMade_0-19":"","FgMade_20-29":"","FgMade_30-39":"","FgMade_40-49":"","FgMade_50":"","FgMiss_0-19":"","FgMiss_20-29":"","FgMiss_30-39":"","PlayerWeekProjectedPts":null,"Rank":34,"TotalPoints":"0.00","ProjectionDiff":null},{"PlayerName":"Kai Forbath","PlayerId":"2495150","Pos":"K","Team":"FA","PlayerOpponent":"Bye","PatMade":"","PatMissed":"","FgMade_0-19":"","FgMade_20-29":"","FgMade_30-39":"","FgMade_40-49":"","FgMade_50":"","FgMiss_0-19":"","FgMiss_20-29":"","FgMiss_30-39":"","PlayerWeekProjectedPts":"","Rank":35,"TotalPoints":"0.00","ProjectionDiff":null},{"PlayerName":"Elliott Fry","PlayerId":"2562897","Pos":"K","Team":"CIN","PlayerOpponent":"PIT","PatMade":"","PatMissed":"","FgMade_0-19":"","FgMade_20-29":"","FgMade_30-39":"","FgMade_40-49":"","FgMade_50":"","FgMiss_0-19":"","FgMiss_20-29":"","FgMiss_30-39":"","PlayerWeekProjectedPts":null,"Rank":36,"TotalPoints":"0.00","ProjectionDiff":null},{"PlayerName":"Stephen Gostkowski","PlayerId":"2506922","Pos":"K","Team":"FA","PlayerOpponent":"Bye","PatMade":"","PatMissed":"","FgMade_0-19":"","FgMade_20-29":"","FgMade_30-39":"","FgMade_40-49":"","FgMade_50":"","FgMiss_0-19":"","FgMiss_20-29":"","FgMiss_30-39":"","PlayerWeekProjectedPts":"","Rank":37,"TotalPoints":"0.00","ProjectionDiff":null},{"PlayerName":"Lirim Hajrullahu","PlayerId":"2563449","Pos":"K","Team":"CAR","PlayerOpponent":"@MIA","PatMade":"","PatMissed":"","FgMade_0-19":"","FgMade_20-29":"","FgMade_30-39":"","FgMade_40-49":"","FgMade_50":"","FgMiss_0-19":"","FgMiss_20-29":"","FgMiss_30-39":"","PlayerWeekProjectedPts":"0.00","Rank":38,"TotalPoints":"0.00","ProjectionDiff":0.0},{"PlayerName":"Stephen Hauschka","PlayerId":"2507374","Pos":"K","Team":"FA","PlayerOpponent":"Bye","PatMade":"","PatMissed":"","FgMade_0-19":"","FgMade_20-29":"","FgMade_30-39":"","FgMade_40-49":"","FgMade_50":"","FgMiss_0-19":"","FgMiss_20-29":"","FgMiss_30-39":"","PlayerWeekProjectedPts":"","Rank":39,"TotalPoints":"0.00","ProjectionDiff":null},{"PlayerName":"Brian Johnson","PlayerId":"2566740","Pos":"K","Team":"WAS","PlayerOpponent":"SEA","PatMade":"","PatMissed":"","FgMade_0-19":"","FgMade_20-29":"","FgMade_30-39":"","FgMade_40-49":"","FgMade_50":"","FgMiss_0-19":"","FgMiss_20-29":"","FgMiss_30-39":"","PlayerWeekProjectedPts":"0.00","Rank":40,"TotalPoints":"0.00","ProjectionDiff":0.0},{"PlayerName":"Alex Kessman","PlayerId":"2566484","Pos":"K","Team":"FA","PlayerOpponent":"Bye","PatMade":"","PatMissed":"","FgMade_0-19":"","FgMade_20-29":"","FgMade_30-39":"","FgMade_40-49":"","FgMade_50":"","FgMiss_0-19":"","FgMiss_20-29":"","FgMiss_30-39":"","PlayerWeekProjectedPts":"","Rank":41,"TotalPoints":"0.00","ProjectionDiff":null},{"PlayerName":"Josh Lambo","PlayerId":"2553833","Pos":"K","Team":"FA","PlayerOpponent":"Bye","PatMade":"","PatMissed":"","FgMade_0-19":"","FgMade_20-29":"","FgMade_30-39":"","FgMade_40-49":"","FgMade_50":"","FgMiss_0-19":"","FgMiss_20-29":"","FgMiss_30-39":"","PlayerWeekProjectedPts":"","Rank":42,"TotalPoints":"0.00","ProjectionDiff":null},{"PlayerName":"Ty Long","PlayerId":"2553555","Pos":"K","Team":"LAC","PlayerOpponent":"@DEN","PatMade":"","PatMissed":"","FgMade_0-19":"","FgMade_20-29":"","FgMade_30-39":"","FgMade_40-49":"","FgMade_50":"","FgMiss_0-19":"","FgMiss_20-29":"","FgMiss_30-39":"","PlayerWeekProjectedPts":"0.00","Rank":43,"TotalPoints":"0.00","ProjectionDiff":0.0},{"PlayerName":"Wil Lutz","PlayerId":"2556601","Pos":"K","Team":"NO","PlayerOpponent":"BUF","PatMade":"","PatMissed":"","FgMade_0-19":"","FgMade_20-29":"","FgMade_30-39":"","FgMade_40-49":"","FgMade_50":"","FgMiss_0-19":"","FgMiss_20-29":"","FgMiss_30-39":"","PlayerWeekProjectedPts":null,"Rank":44,"TotalPoints":"0.00","ProjectionDiff":null},{"PlayerName":"Austin MacGinnis","PlayerId":"2563452","Pos":"K","Team":"FA","PlayerOpponent":"Bye","PatMade":"","PatMissed":"","FgMade_0-19":"","FgMade_20-29":"","FgMade_30-39":"","FgMade_40-49":"","FgMade_50":"","FgMiss_0-19":"","FgMiss_20-29":"","FgMiss_30-39":"","PlayerWeekProjectedPts":"","Rank":45,"TotalPoints":"0.00","ProjectionDiff":null},{"PlayerName":"Brett Maher","PlayerId":"2540243","Pos":"K","Team":"NO","PlayerOpponent":"BUF","PatMade":"","PatMissed":"","FgMade_0-19":"","FgMade_20-29":"","FgMade_30-39":"","FgMade_40-49":"","FgMade_50":"","FgMiss_0-19":"","FgMiss_20-29":"","FgMiss_30-39":"","PlayerWeekProjectedPts":"7.20","Rank":46,"TotalPoints":"0.00","ProjectionDiff":-7.2},{"PlayerName":"Tucker McCann","PlayerId":"2565462","Pos":"K","Team":"FA","PlayerOpponent":"Bye","PatMade":"","PatMissed":"","FgMade_0-19":"","FgMade_20-29":"","FgMade_30-39":"","FgMade_40-49":"","FgMade_50":"","FgMiss_0-19":"","FgMiss_20-29":"","FgMiss_30-39":"","PlayerWeekProjectedPts":"","Rank":47,"TotalPoints":"0.00","ProjectionDiff":null},{"PlayerName":"JJ Molson","PlayerId":"2565550","Pos":"K","Team":"GB","PlayerOpponent":"LA","PatMade":"","PatMissed":"","FgMade_0-19":"","FgMade_20-29":"","FgMade_30-39":"","FgMade_40-49":"","FgMade_50":"","FgMiss_0-19":"","FgMiss_20-29":"","FgMiss_30-39":"","PlayerWeekProjectedPts":"0.00","Rank":48,"TotalPoints":"0.00","ProjectionDiff":0.0},{"PlayerName":"Chris Naggar","PlayerId":"2565744","Pos":"K","Team":"FA","PlayerOpponent":"Bye","PatMade":"","PatMissed":"","FgMade_0-19":"","FgMade_20-29":"","FgMade_30-39":"","FgMade_40-49":"","FgMade_50":"","FgMiss_0-19":"","FgMiss_20-29":"","FgMiss_30-39":"","PlayerWeekProjectedPts":"","Rank":49,"TotalPoints":"0.00","ProjectionDiff":null},{"PlayerName":"Quinn Nordin","PlayerId":"2565684","Pos":"K","Team":"NE","PlayerOpponent":"TEN","PatMade":"","PatMissed":"","FgMade_0-19":"","FgMade_20-29":"","FgMade_30-39":"","FgMade_40-49":"","FgMade_50":"","FgMiss_0-19":"","FgMiss_20-29":"","FgMiss_30-39":"","PlayerWeekProjectedPts":"0.00","Rank":50,"TotalPoints":"0.00","ProjectionDiff":0.0},{"PlayerName":"Mike Nugent","PlayerId":"2506386","Pos":"K","Team":"FA","PlayerOpponent":"Bye","PatMade":"","PatMissed":"","FgMade_0-19":"","FgMade_20-29":"","FgMade_30-39":"","FgMade_40-49":"","FgMade_50":"","FgMiss_0-19":"","FgMiss_20-29":"","FgMiss_30-39":"","PlayerWeekProjectedPts":"","Rank":51,"TotalPoints":"0.00","ProjectionDiff":null},{"PlayerName":"Cody Parkey","PlayerId":"2550380","Pos":"K","Team":"FA","PlayerOpponent":"Bye","PatMade":"","PatMissed":"","FgMade_0-19":"","FgMade_20-29":"","FgMade_30-39":"","FgMade_40-49":"","FgMade_50":"","FgMiss_0-19":"","FgMiss_20-29":"","FgMiss_30-39":"","PlayerWeekProjectedPts":"","Rank":52,"TotalPoints":"0.00","ProjectionDiff":null},{"PlayerName":"Eddy Pineiro","PlayerId":"2560842","Pos":"K","Team":"NYJ","PlayerOpponent":"@HOU","PatMade":"","PatMissed":"","FgMade_0-19":"","FgMade_20-29":"","FgMade_30-39":"","FgMade_40-49":"","FgMade_50":"","FgMiss_0-19":"","FgMiss_20-29":"","FgMiss_30-39":"","PlayerWeekProjectedPts":"0.00","Rank":53,"TotalPoints":"0.00","ProjectionDiff":0.0},{"PlayerName":"Matt Prater","PlayerId":"2506677","Pos":"K","Team":"ARI","PlayerOpponent":"Bye","PatMade":"","PatMissed":"","FgMade_0-19":"","FgMade_20-29":"","FgMade_30-39":"","FgMade_40-49":"","FgMade_50":"","FgMiss_0-19":"","FgMiss_20-29":"","FgMiss_30-39":"","PlayerWeekProjectedPts":"","Rank":54,"TotalPoints":"0.00","ProjectionDiff":null},{"PlayerName":"Aldrick Rosas","PlayerId":"2556771","Pos":"K","Team":"DET","PlayerOpponent":"CHI","PatMade":"","PatMissed":"","FgMade_0-19":"","FgMade_20-29":"","FgMade_30-39":"","FgMade_40-49":"","FgMade_50":"","FgMiss_0-19":"","FgMiss_20-29":"","FgMiss_30-39":"","PlayerWeekProjectedPts":"0.00","Rank":55,"TotalPoints":"0.00","ProjectionDiff":0.0},{"PlayerName":"Ryan Santoso","PlayerId":"2561269","Pos":"K","Team":"LA","PlayerOpponent":"@GB","PatMade":"","PatMissed":"","FgMade_0-19":"","FgMade_20-29":"","FgMade_30-39":"","FgMade_40-49":"","FgMade_50":"","FgMiss_0-19":"","FgMiss_20-29":"","FgMiss_30-39":"","PlayerWeekProjectedPts":"0.00","Rank":56,"TotalPoints":"0.00","ProjectionDiff":0.0},{"PlayerName":"Austin Seibert","PlayerId":"2562729","Pos":"K","Team":"DET","PlayerOpponent":"CHI","PatMade":"","PatMissed":"","FgMade_0-19":"","FgMade_20-29":"","FgMade_30-39":"","FgMade_40-49":"","FgMade_50":"","FgMiss_0-19":"","FgMiss_20-29":"","FgMiss_30-39":"","PlayerWeekProjectedPts":null,"Rank":57,"TotalPoints":"0.00","ProjectionDiff":null},{"PlayerName":"Joey Slye","PlayerId":"2563132","Pos":"K","Team":"WAS","PlayerOpponent":"SEA","PatMade":"","PatMissed":"1","FgMade_0-19":"","FgMade_20-29":"1","FgMade_30-39":"","FgMade_40-49":"","FgMade_50":"","FgMiss_0-19":"","FgMiss_20-29":"","FgMiss_30-39":"","PlayerWeekProjectedPts":"6.51","Rank":58,"TotalPoints":"0.00","ProjectionDiff":-6.51},{"PlayerName":"Giorgio Tavecchio","PlayerId":"2535686","Pos":"K","Team":"FA","PlayerOpponent":"Bye","PatMade":"","PatMissed":"","FgMade_0-19":"","FgMade_20-29":"","FgMade_30-39":"","FgMade_40-49":"","FgMade_50":"","FgMiss_0-19":"","FgMiss_20-29":"","FgMiss_30-39":"","PlayerWeekProjectedPts":"","Rank":59,"TotalPoints":"0.00","ProjectionDiff":null},{"PlayerName":"Jake Verity","PlayerId":"2566731","Pos":"K","Team":"BAL","PlayerOpponent":"CLE","PatMade":"","PatMissed":"","FgMade_0-19":"","FgMade_20-29":"","FgMade_30-39":"","FgMade_40-49":"","FgMade_50":"","FgMiss_0-19":"","FgMiss_20-29":"","FgMiss_30-39":"","PlayerWeekProjectedPts":null,"Rank":60,"TotalPoints":"0.00","ProjectionDiff":null},{"PlayerName":"Tristan Vizcaino","PlayerId":"2562807","Pos":"K","Team":"LAC","PlayerOpponent":"@DEN","PatMade":"","PatMissed":"","FgMade_0-19":"","FgMade_20-29":"","FgMade_30-39":"","FgMade_40-49":"","FgMade_50":"","FgMiss_0-19":"","FgMiss_20-29":"","FgMiss_30-39":"","PlayerWeekProjectedPts":"0.00","Rank":61,"TotalPoints":"0.00","ProjectionDiff":0.0},{"PlayerName":"Brandon Wright","PlayerId":"2564247","Pos":"K","Team":"FA","PlayerOpponent":"Bye","PatMade":"","PatMissed":"","FgMade_0-19":"","FgMade_20-29":"","FgMade_30-39":"","FgMade_40-49":"","FgMade_50":"","FgMiss_0-19":"","FgMiss_20-29":"","FgMiss_30-39":"","PlayerWeekProjectedPts":"","Rank":62,"TotalPoints":"0.00","ProjectionDiff":null},{"PlayerName":"Greg Joseph","PlayerId":"2561534","Pos":"K","Team":"MIN","PlayerOpponent":"@SF","PatMade":"2","PatMissed":"1","FgMade_0-19":"","FgMade_20-29":"","FgMade_30-39":"","FgMade_40-49":"","FgMade_50":"","FgMiss_0-19":"","FgMiss_20-29":"","FgMiss_30-39":"","PlayerWeekProjectedPts":"6.98","Rank":63,"TotalPoints":"-1.00","ProjectionDiff":-7.98},{"PlayerName":"Randy Bullock","PlayerId":"2533444","Pos":"K","Team":"TEN","PlayerOpponent":"@NE","PatMade":"1","PatMissed":"1","FgMade_0-19":"","FgMade_20-29":"","FgMade_30-39":"","FgMade_40-49":"","FgMade_50":"","FgMiss_0-19":"","FgMiss_20-29":"","FgMiss_30-39":"","PlayerWeekProjectedPts":"7.42","Rank":64,"TotalPoints":"-2.00","ProjectionDiff":-9.42}]