[{"PlayerName":"Jason Sanders","PlayerId":"2561153","Pos":"K","Team":"MIA","PatMade":"36","PatMissed":"","FgMade_0-19":"1","FgMade_20-29":"8","FgMade_30-39":"7","FgMade_40-49":"12","FgMade_50":"8","FgMiss_0-19":"","FgMiss_20-29":"","FgMiss_30-39":"","Rank":1,"TotalPoints":"172.00"},{"PlayerName":"Younghoe Koo","PlayerId":"2559205","Pos":"K","Team":"ATL","PatMade":"33","PatMissed":"3","FgMade_0-19":"","FgMade_20-29":"10","FgMade_30-39":"11","FgMade_40-49":"8","FgMade_50":"8","FgMiss_0-19":"","FgMiss_20-29":"","FgMiss_30-39":"1","Rank":2,"TotalPoints":"158.80"},{"PlayerName":"Tyler Bass","PlayerId":"2563596","Pos":"K","Team":"BUF","PatMade":"57","PatMissed":"2","FgMade_0-19":"1","FgMade_20-29":"9","FgMade_30-39":"6","FgMade_40-49":"8","FgMade_50":"4","FgMiss_0-19":"","FgMiss_20-29":"","FgMiss_30-39":"3","Rank":3,"TotalPoints":"149.70"},{"PlayerName":"Daniel Carlson","PlayerId":"2560993","Pos":"K","Team":"LV","PatMade":"45","PatMissed":"2","FgMade_0-19":"","FgMade_20-29":"18","FgMade_30-39":"8","FgMade_40-49":"3","FgMade_50":"4","FgMiss_0-19":"","FgMiss_20-29":"","FgMiss_30-39":"","Rank":4,"TotalPoints":"149.00"},{"PlayerName":"Greg Zuerlein","PlayerId":"2534797","Pos":"K","Team":"DAL","PatMade":"33","PatMissed":"3","FgMade_0-19":"1","FgMade_20-29":"5","FgMade_30-39":"13","FgMade_40-49":"12","FgMade_50":"3","FgMiss_0-19":"","FgMiss_20-29":"","FgMiss_30-39":"","Rank":5,"TotalPoints":"144.00"},{"PlayerName":"Rodrigo Blankenship","PlayerId":"2564106","Pos":"K","Team":"IND","PatMade":"43","PatMissed":"2","FgMade_0-19":"","FgMade_20-29":"10","FgMade_30-39":"12","FgMade_40-49":"9","FgMade_50":"1","FgMiss_0-19":"","FgMiss_20-29":"","FgMiss_30-39":"1","Rank":6,"TotalPoints":"143.00"},{"PlayerName":"Justin Tucker","PlayerId":"2536340","Pos":"K","Team":"BAL","PatMade":"52","PatMissed":"1","FgMade_0-19":"","FgMade_20-29":"8","FgMade_30-39":"6","FgMade_40-49":"9","FgMade_50":"3","FgMiss_0-19":"","FgMiss_20-29":"","FgMiss_30-39":"1","Rank":7,"TotalPoints":"142.70"},{"PlayerName":"Cairo Santos","PlayerId":"2550636","Pos":"K","Team":"CHI","PatMade":"36","PatMissed":"1","FgMade_0-19":"","FgMade_20-29":"9","FgMade_30-39":"10","FgMade_40-49":"9","FgMade_50":"2","FgMiss_0-19":"","FgMiss_20-29":"","FgMiss_30-39":"","Rank":8,"TotalPoints":"137.70"},{"PlayerName":"Wil Lutz","PlayerId":"2556601","Pos":"K","Team":"NO","PatMade":"57","PatMissed":"1","FgMade_0-19":"","FgMade_20-29":"5","FgMade_30-39":"10","FgMade_40-49":"7","FgMade_50":"1","FgMiss_0-19":"","FgMiss_20-29":"1","FgMiss_30-39":"","Rank":9,"TotalPoints":"130.00"},{"PlayerName":"Ryan Succop","PlayerId":"89802","Pos":"K","Team":"TB","PatMade":"52","PatMissed":"5","FgMade_0-19":"1","FgMade_20-29":"10","FgMade_30-39":"9","FgMade_40-49":"7","FgMade_50":"1","FgMiss_0-19":"","FgMiss_20-29":"","FgMiss_30-39":"","Rank":10,"TotalPoints":"130.00"},{"PlayerName":"Jason Myers","PlayerId":"2553112","Pos":"K","Team":"SEA","PatMade":"49","PatMissed":"4","FgMade_0-19":"","FgMade_20-29":"2","FgMade_30-39":"7","FgMade_40-49":"13","FgMade_50":"2","FgMiss_0-19":"","FgMiss_20-29":"","FgMiss_30-39":"","Rank":11,"TotalPoints":"128.50"},{"PlayerName":"Graham Gano","PlayerId":"71309","Pos":"K","Team":"NYG","PatMade":"21","PatMissed":"2","FgMade_0-19":"","FgMade_20-29":"4","FgMade_30-39":"13","FgMade_40-49":"9","FgMade_50":"5","FgMiss_0-19":"","FgMiss_20-29":"","FgMiss_30-39":"","Rank":12,"TotalPoints":"127.80"},{"PlayerName":"Brandon McManus","PlayerId":"2541556","Pos":"K","Team":"DEN","PatMade":"24","PatMissed":"3","FgMade_0-19":"","FgMade_20-29":"6","FgMade_30-39":"4","FgMade_40-49":"8","FgMade_50":"10","FgMiss_0-19":"","FgMiss_20-29":"","FgMiss_30-39":"1","Rank":13,"TotalPoints":"127.70"},{"PlayerName":"Ka'imi Fairbairn","PlayerId":"2556521","Pos":"K","Team":"HOU","PatMade":"37","PatMissed":"3","FgMade_0-19":"","FgMade_20-29":"8","FgMade_30-39":"9","FgMade_40-49":"6","FgMade_50":"4","FgMiss_0-19":"","FgMiss_20-29":"","FgMiss_30-39":"","Rank":14,"TotalPoints":"123.00"},{"PlayerName":"Dustin Hopkins","PlayerId":"2539227","Pos":"K","Team":"LAC","PatMade":"30","PatMissed":"2","FgMade_0-19":"","FgMade_20-29":"5","FgMade_30-39":"7","FgMade_40-49":"13","FgMade_50":"2","FgMiss_0-19":"","FgMiss_20-29":"","FgMiss_30-39":"1","Rank":15,"TotalPoints":"122.70"},{"PlayerName":"Joey Slye","PlayerId":"2563132","Pos":"K","Team":"WAS","PatMade":"33","PatMissed":"3","FgMade_0-19":"","FgMade_20-29":"11","FgMade_30-39":"10","FgMade_40-49":"7","FgMade_50":"1","FgMiss_0-19":"","FgMiss_20-29":"1","FgMiss_30-39":"","Rank":16,"TotalPoints":"121.40"},{"PlayerName":"Harrison Butker","PlayerId":"2558245","Pos":"K","Team":"KC","PatMade":"48","PatMissed":"6","FgMade_0-19":"2","FgMade_20-29":"7","FgMade_30-39":"9","FgMade_40-49":"3","FgMade_50":"4","FgMiss_0-19":"","FgMiss_20-29":"","FgMiss_30-39":"","Rank":17,"TotalPoints":"117.70"},{"PlayerName":"Nick Folk","PlayerId":"2507225","Pos":"K","Team":"NE","PatMade":"30","PatMissed":"3","FgMade_0-19":"","FgMade_20-29":"6","FgMade_30-39":"7","FgMade_40-49":"11","FgMade_50":"2","FgMiss_0-19":"","FgMiss_20-29":"","FgMiss_30-39":"","Rank":18,"TotalPoints":"114.00"},{"PlayerName":"Stephen Gostkowski","PlayerId":"2506922","Pos":"K","Team":"FA","PatMade":"46","PatMissed":"2","FgMade_0-19":"","FgMade_20-29":"2","FgMade_30-39":"4","FgMade_40-49":"5","FgMade_50":"7","FgMiss_0-19":"","FgMiss_20-29":"1","FgMiss_30-39":"1","Rank":19,"TotalPoints":"111.70"},{"PlayerName":"Mike Badgley","PlayerId":"2560965","Pos":"K","Team":"IND","PatMade":"36","PatMissed":"3","FgMade_0-19":"","FgMade_20-29":"8","FgMade_30-39":"6","FgMade_40-49":"8","FgMade_50":"2","FgMiss_0-19":"","FgMiss_20-29":"","FgMiss_30-39":"","Rank":20,"TotalPoints":"111.00"},{"PlayerName":"Mason Crosby","PlayerId":"2507232","Pos":"K","Team":"GB","PatMade":"59","PatMissed":"4","FgMade_0-19":"1","FgMade_20-29":"1","FgMade_30-39":"5","FgMade_40-49":"5","FgMade_50":"4","FgMiss_0-19":"","FgMiss_20-29":"","FgMiss_30-39":"","Rank":21,"TotalPoints":"109.70"},{"PlayerName":"Matt Prater","PlayerId":"2506677","Pos":"K","Team":"ARI","PatMade":"38","PatMissed":"3","FgMade_0-19":"","FgMade_20-29":"4","FgMade_30-39":"7","FgMade_40-49":"4","FgMade_50":"6","FgMiss_0-19":"","FgMiss_20-29":"","FgMiss_30-39":"","Rank":22,"TotalPoints":"108.00"},{"PlayerName":"Robbie Gould","PlayerId":"2506264","Pos":"K","Team":"SF","PatMade":"36","PatMissed":"2","FgMade_0-19":"","FgMade_20-29":"3","FgMade_30-39":"5","FgMade_40-49":"9","FgMade_50":"2","FgMiss_0-19":"","FgMiss_20-29":"","FgMiss_30-39":"1","Rank":23,"TotalPoints":"99.00"},{"PlayerName":"Cody Parkey","PlayerId":"2550380","Pos":"K","Team":"FA","PatMade":"43","PatMissed":"4","FgMade_0-19":"","FgMade_20-29":"5","FgMade_30-39":"4","FgMade_40-49":"10","FgMade_50":"","FgMiss_0-19":"","FgMiss_20-29":"","FgMiss_30-39":"2","Rank":24,"TotalPoints":"96.00"},{"PlayerName":"Randy Bullock","PlayerId":"2533444","Pos":"K","Team":"TEN","PatMade":"24","PatMissed":"1","FgMade_0-19":"","FgMade_20-29":"3","FgMade_30-39":"8","FgMade_40-49":"7","FgMade_50":"3","FgMiss_0-19":"","FgMiss_20-29":"","FgMiss_30-39":"2","Rank":25,"TotalPoints":"95.00"},{"PlayerName":"Chris Boswell","PlayerId":"2550545","Pos":"K","Team":"PIT","PatMade":"34","PatMissed":"4","FgMade_0-19":"","FgMade_20-29":"5","FgMade_30-39":"6","FgMade_40-49":"7","FgMade_50":"1","FgMiss_0-19":"","FgMiss_20-29":"","FgMiss_30-39":"","Rank":26,"TotalPoints":"88.00"},{"PlayerName":"Dan Bailey","PlayerId":"2495259","Pos":"K","Team":"FA","PatMade":"37","PatMissed":"6","FgMade_0-19":"","FgMade_20-29":"6","FgMade_30-39":"3","FgMade_40-49":"4","FgMade_50":"2","FgMiss_0-19":"","FgMiss_20-29":"","FgMiss_30-39":"1","Rank":27,"TotalPoints":"71.00"},{"PlayerName":"Jake Elliott","PlayerId":"2558172","Pos":"K","Team":"PHI","PatMade":"24","PatMissed":"2","FgMade_0-19":"","FgMade_20-29":"1","FgMade_30-39":"6","FgMade_40-49":"5","FgMade_50":"2","FgMiss_0-19":"","FgMiss_20-29":"2","FgMiss_30-39":"","Rank":28,"TotalPoints":"66.70"},{"PlayerName":"Matt Gay","PlayerId":"2562271","Pos":"K","Team":"LA","PatMade":"16","PatMissed":"","FgMade_0-19":"","FgMade_20-29":"2","FgMade_30-39":"5","FgMade_40-49":"6","FgMade_50":"1","FgMiss_0-19":"","FgMiss_20-29":"","FgMiss_30-39":"1","Rank":29,"TotalPoints":"65.00"},{"PlayerName":"Sam Ficken","PlayerId":"2557430","Pos":"K","Team":"TEN","PatMade":"12","PatMissed":"3","FgMade_0-19":"","FgMade_20-29":"5","FgMade_30-39":"6","FgMade_40-49":"1","FgMade_50":"1","FgMiss_0-19":"","FgMiss_20-29":"","FgMiss_30-39":"","Rank":30,"TotalPoints":"45.00"},{"PlayerName":"Aldrick Rosas","PlayerId":"2556771","Pos":"K","Team":"DET","PatMade":"9","PatMissed":"","FgMade_0-19":"","FgMade_20-29":"3","FgMade_30-39":"2","FgMade_40-49":"","FgMade_50":"3","FgMiss_0-19":"","FgMiss_20-29":"","FgMiss_30-39":"","Rank":31,"TotalPoints":"38.00"},{"PlayerName":"Mike Nugent","PlayerId":"2506386","Pos":"K","Team":"FA","PatMade":"7","PatMissed":"","FgMade_0-19":"","FgMade_20-29":"1","FgMade_30-39":"4","FgMade_40-49":"2","FgMade_50":"","FgMiss_0-19":"","FgMiss_20-29":"","FgMiss_30-39":"1","Rank":32,"TotalPoints":"29.00"},{"PlayerName":"Austin Seibert","PlayerId":"2562729","Pos":"K","Team":"DET","PatMade":"8","PatMissed":"1","FgMade_0-19":"","FgMade_20-29":"","FgMade_30-39":"5","FgMade_40-49":"1","FgMade_50":"","FgMiss_0-19":"","FgMiss_20-29":"","FgMiss_30-39":"","Rank":33,"TotalPoints":"24.00"},{"PlayerName":"Josh Lambo","PlayerId":"2553833","Pos":"K","Team":"FA","PatMade":"8","PatMissed":"2","FgMade_0-19":"","FgMade_20-29":"","FgMade_30-39":"2","FgMade_40-49":"1","FgMade_50":"2","FgMiss_0-19":"","FgMiss_20-29":"","FgMiss_30-39":"","Rank":34,"TotalPoints":"22.00"},{"PlayerName":"Matthew Wright","PlayerId":"2562968","Pos":"K","Team":"JAX","PatMade":"7","PatMissed":"","FgMade_0-19":"","FgMade_20-29":"1","FgMade_30-39":"1","FgMade_40-49":"2","FgMade_50":"","FgMiss_0-19":"","FgMiss_20-29":"","FgMiss_30-39":"","Rank":35,"TotalPoints":"21.00"},{"PlayerName":"Chase McLaughlin","PlayerId":"2563203","Pos":"K","Team":"CLE","PatMade":"5","PatMissed":"1","FgMade_0-19":"","FgMade_20-29":"1","FgMade_30-39":"1","FgMade_40-49":"1","FgMade_50":"1","FgMiss_0-19":"","FgMiss_20-29":"","FgMiss_30-39":"","Rank":36,"TotalPoints":"17.00"},{"PlayerName":"Tristan Vizcaino","PlayerId":"2562807","Pos":"K","Team":"LAC","PatMade":"2","PatMissed":"","FgMade_0-19":"","FgMade_20-29":"","FgMade_30-39":"2","FgMade_40-49":"1","FgMade_50":"","FgMiss_0-19":"","FgMiss_20-29":"","FgMiss_30-39":"","Rank":37,"TotalPoints":"12.00"},{"PlayerName":"Kai Forbath","PlayerId":"2495150","Pos":"K","Team":"FA","PatMade":"4","PatMissed":"1","FgMade_0-19":"","FgMade_20-29":"2","FgMade_30-39":"","FgMade_40-49":"","FgMade_50":"","FgMiss_0-19":"","FgMiss_20-29":"","FgMiss_30-39":"","Rank":38,"TotalPoints":"8.70"},{"PlayerName":"Ty Long","PlayerId":"2553555","Pos":"K","Team":"LAC","PatMade":"","PatMissed":"","FgMade_0-19":"","FgMade_20-29":"","FgMade_30-39":"","FgMade_40-49":"","FgMade_50":"","FgMiss_0-19":"","FgMiss_20-29":"","FgMiss_30-39":"","Rank":39,"TotalPoints":"3.10"},{"PlayerName":"Roberto Aguayo","PlayerId":"2555408","Pos":"K","Team":"FA","PatMade":"","PatMissed":"","FgMade_0-19":"","FgMade_20-29":"","FgMade_30-39":"","FgMade_40-49":"","FgMade_50":"","FgMiss_0-19":"","FgMiss_20-29":"","FgMiss_30-39":"","Rank":40,"TotalPoints":"0.00"},{"PlayerName":"Matt Ammendola","PlayerId":"2565555","Pos":"K","Team":"NYJ","PatMade":"","PatMissed":"","FgMade_0-19":"","FgMade_20-29":"","FgMade_30-39":"","FgMade_40-49":"","FgMade_50":"","FgMiss_0-19":"","FgMiss_20-29":"","FgMiss_30-39":"","Rank":41,"TotalPoints":"0.00"},{"PlayerName":"Chris Blewitt","PlayerId":"2562800","Pos":"K","Team":"FA","PatMade":"","PatMissed":"","FgMade_0-19":"","FgMade_20-29":"","FgMade_30-39":"","FgMade_40-49":"","FgMade_50":"","FgMiss_0-19":"","FgMiss_20-29":"","FgMiss_30-39":"","Rank":42,"TotalPoints":"0.00"},{"PlayerName":"Chandler Catanzaro","PlayerId":"2550325","Pos":"K","Team":"FA","PatMade":"","PatMissed":"","FgMade_0-19":"","FgMade_20-29":"","FgMade_30-39":"","FgMade_40-49":"","FgMade_50":"","FgMiss_0-19":"","FgMiss_20-29":"","FgMiss_30-39":"","Rank":43,"TotalPoints":"0.00"},{"PlayerName":"Dominik Eberle","PlayerId":"2565360","Pos":"K","Team":"FA","PatMade":"","PatMissed":"","FgMade_0-19":"","FgMade_20-29":"","FgMade_30-39":"","FgMade_40-49":"","FgMade_50":"","FgMiss_0-19":"","FgMiss_20-29":"","FgMiss_30-39":"","Rank":44,"TotalPoints":"0.00"},{"PlayerName":"Zane Gonzalez","PlayerId":"2558178","Pos":"K","Team":"CAR","PatMade":"","PatMissed":"","FgMade_0-19":"","FgMade_20-29":"","FgMade_30-39":"","FgMade_40-49":"","FgMade_50":"","FgMiss_0-19":"","FgMiss_20-29":"","FgMiss_30-39":"","Rank":45,"TotalPoints":"0.00"},{"PlayerName":"Lirim Hajrullahu","PlayerId":"2563449","Pos":"K","Team":"DAL","PatMade":"","PatMissed":"","FgMade_0-19":"","FgMade_20-29":"","FgMade_30-39":"","FgMade_40-49":"","FgMade_50":"","FgMiss_0-19":"","FgMiss_20-29":"","FgMiss_30-39":"","Rank":46,"TotalPoints":"0.00"},{"PlayerName":"Stephen Hauschka","PlayerId":"2507374","Pos":"K","Team":"FA","PatMade":"2","PatMissed":"","FgMade_0-19":"","FgMade_20-29":"","FgMade_30-39":"","FgMade_40-49":"","FgMade_50":"","FgMiss_0-19":"","FgMiss_20-29":"1","FgMiss_30-39":"","Rank":47,"TotalPoints":"0.00"},{"PlayerName":"Brian Johnson","PlayerId":"2566740","Pos":"K","Team":"FA","PatMade":"","PatMissed":"","FgMade_0-19":"","FgMade_20-29":"","FgMade_30-39":"","FgMade_40-49":"","FgMade_50":"","FgMiss_0-19":"","FgMiss_20-29":"","FgMiss_30-39":"","Rank":48,"TotalPoints":"0.00"},{"PlayerName":"Greg Joseph","PlayerId":"2561534","Pos":"K","Team":"MIN","PatMade":"","PatMissed":"","FgMade_0-19":"","FgMade_20-29":"","FgMade_30-39":"","FgMade_40-49":"","FgMade_50":"","FgMiss_0-19":"","FgMiss_20-29":"","FgMiss_30-39":"","Rank":49,"TotalPoints":"0.00"},{"PlayerName":"Alex Kessman","PlayerId":"2566484","Pos":"K","Team":"FA","PatMade":"","PatMissed":"","FgMade_0-19":"","FgMade_20-29":"","FgMade_30-39":"","FgMade_40-49":"","FgMade_50":"","FgMiss_0-19":"","FgMiss_20-29":"","FgMiss_30-39":"","Rank":50,"TotalPoints":"0.00"},{"PlayerName":"Austin MacGinnis","PlayerId":"2563452","Pos":"K","Team":"FA","PatMade":"","PatMissed":"","FgMade_0-19":"","FgMade_20-29":"","FgMade_30-39":"","FgMade_40-49":"","FgMade_50":"","FgMiss_0-19":"","FgMiss_20-29":"","FgMiss_30-39":"","Rank":51,"TotalPoints":"0.00"},{"PlayerName":"Brett Maher","PlayerId":"2540243","Pos":"K","Team":"NO","PatMade":"","PatMissed":"","FgMade_0-19":"","FgMade_20-29":"","FgMade_30-39":"","FgMade_40-49":"","FgMade_50":"","FgMiss_0-19":"","FgMiss_20-29":"","FgMiss_30-39":"","Rank":52,"TotalPoints":"0.00"},{"PlayerName":"Tucker McCann","PlayerId":"2565462","Pos":"K","Team":"FA","PatMade":"","PatMissed":"","FgMade_0-19":"","FgMade_20-29":"","FgMade_30-39":"","FgMade_40-49":"","FgMade_50":"","FgMiss_0-19":"","FgMiss_20-29":"","FgMiss_30-39":"","Rank":53,"TotalPoints":"0.00"},{"PlayerName":"Evan McPherson","PlayerId":"2565953","Pos":"K","Team":"CIN","PatMade":"","PatMissed":"","FgMade_0-19":"","FgMade_20-29":"","FgMade_30-39":"","FgMade_40-49":"","FgMade_50":"","FgMiss_0-19":"","FgMiss_20-29":"","FgMiss_30-39":"","Rank":54,"TotalPoints":"0.00"},{"PlayerName":"JJ Molson","PlayerId":"2565550","Pos":"K","Team":"GB","PatMade":"","PatMissed":"","FgMade_0-19":"","FgMade_20-29":"","FgMade_30-39":"","FgMade_40-49":"","FgMade_50":"","FgMiss_0-19":"","FgMiss_20-29":"","FgMiss_30-39":"","Rank":55,"TotalPoints":"0.00"},{"PlayerName":"Chris Naggar","PlayerId":"2565744","Pos":"K","Team":"CLE","PatMade":"","PatMissed":"","FgMade_0-19":"","FgMade_20-29":"","FgMade_30-39":"","FgMade_40-49":"","FgMade_50":"","FgMiss_0-19":"","FgMiss_20-29":"","FgMiss_30-39":"","Rank":56,"TotalPoints":"0.00"},{"PlayerName":"Quinn Nordin","PlayerId":"2565684","Pos":"K","Team":"NE","PatMade":"","PatMissed":"","FgMade_0-19":"","FgMade_20-29":"","FgMade_30-39":"","FgMade_40-49":"","FgMade_50":"","FgMiss_0-19":"","FgMiss_20-29":"","FgMiss_30-39":"","Rank":57,"TotalPoints":"0.00"},{"PlayerName":"Riley Patterson","PlayerId":"2567013","Pos":"K","Team":"DET","PatMade":"","PatMissed":"","FgMade_0-19":"","FgMade_20-29":"","FgMade_30-39":"","FgMade_40-49":"","FgMade_50":"","FgMiss_0-19":"","FgMiss_20-29":"","FgMiss_30-39":"","Rank":58,"TotalPoints":"0.00"},{"PlayerName":"Ryan Santoso","PlayerId":"2561269","Pos":"K","Team":"FA","PatMade":"","PatMissed":"","FgMade_0-19":"","FgMade_20-29":"","FgMade_30-39":"","FgMade_40-49":"","FgMade_50":"","FgMiss_0-19":"","FgMiss_20-29":"","FgMiss_30-39":"","Rank":59,"TotalPoints":"0.00"},{"PlayerName":"Giorgio Tavecchio","PlayerId":"2535686","Pos":"K","Team":"FA","PatMade":"","PatMissed":"","FgMade_0-19":"","FgMade_20-29":"","FgMade_30-39":"","FgMade_40-49":"","FgMade_50":"","FgMiss_0-19":"","FgMiss_20-29":"","FgMiss_30-39":"","Rank":60,"TotalPoints":"0.00"},{"PlayerName":"Jake Verity","PlayerId":"2566731","Pos":"K","Team":"BAL","PatMade":"","PatMissed":"","FgMade_0-19":"","FgMade_20-29":"","FgMade_30-39":"","FgMade_40-49":"","FgMade_50":"","FgMiss_0-19":"","FgMiss_20-29":"","FgMiss_30-39":"","Rank":61,"TotalPoints":"0.00"},{"PlayerName":"Brandon Wright","PlayerId":"2564247","Pos":"K","Team":"FA","PatMade":"1","PatMissed":"1","FgMade_0-19":"","FgMade_20-29":"","FgMade_30-39":"","FgMade_40-49":"","FgMade_50":"","FgMiss_0-19":"","FgMiss_20-29":"","FgMiss_30-39":"","Rank":62,"TotalPoints":"-2.00"}]