PlayerName,PlayerId,Pos,Team,PlayerOpponent,TacklesTot,TacklesAst,TacklesSck,TacklesTfl,TurnoverInt,TurnoverFrcFum,TurnoverFumRec,ScoreIntTd,ScoreFumTd,ScoreBlkTd,ScoreSaf,ScoreDef2ptRet,Blk,PDef,QBHit,ReturnIntYds,ReturnFumYds,Rank,TotalPoints
Ronnie Harrison,2561008,DB,CLE,@BAL,12,2,,,1,,,,,,,,,1,,,,1,28.00
Rasul Douglas,2558168,DB,GB,LA,3,3,,,1,,,1,,,,,,4,,33,,2,26.10
Pat Surtain II,2566043,DB,DEN,LAC,4,1,,,2,,,1,,,,,,2,,70,,3,25.93
Harrison Smith,2532948,DB,MIN,@SF,6,5,,,1,,,,,,,,,2,,10,,4,23.03
Kevin Byard,2555158,DB,TEN,@NE,9,3,1,1,,,,,,,,,,,2,,,5,22.20
Jamal Adams,2557979,DB,SEA,@WAS,6,3,,,1,,,,,,,,,2,,,,6,21.10
Jayron Kearse,2555156,DB,DAL,LV,6,5,,1,,,,,,,,,,2,,,,7,20.70
Donte Jackson,2560753,DB,CAR,@MIA,10,1,,,,,,,,,,,,1,,,,8,20.30
Derwin James,2560760,DB,LAC,@DEN,5,2,,2,1,,,,,,,,,1,1,5,,9,19.77
Justin Simmons,2555550,DB,DEN,LAC,7,1,,1,,,,,,,,,,2,,,,10,19.20
Bradley Roby,2543505,DB,NO,BUF,7,1,,,1,,,,,,,,,1,,2,,11,18.77
Xavier McKinney,2564766,DB,NYG,PHI,4,4,,,1,,,,,,,,,2,,,,12,18.50
Minkah Fitzpatrick,2560725,DB,PIT,@CIN,5,4,,,1,,,,,,,,,1,,18,,13,18.30
Marlon Humphrey,2558067,DB,BAL,CLE,7,1,,,,,,,,,,,,2,,,,14,17.70
Antoine Winfield Jr.,2565261,DB,TB,@IND,5,2,,,1,,,,,,,,,1,,30,,15,17.10
Avonte Maddox,2560795,DB,PHI,@NYG,8,,,,,,,,,,,,,1,,,,16,16.10
Kyle Fuller,2543681,DB,DEN,LAC,8,1,,1,,,,,,,,,,,,,,17,15.90
Dean Marlowe,2553562,DB,DET,CHI,6,4,,,,,,,,,,,,1,,,,18,15.90
Mike Hilton,2556559,DB,CIN,PIT,2,2,,,1,,,1,,,,,,1,,24,,19,15.80
Pierre Desir,2543811,DB,TB,@IND,5,1,,,1,,,,,,,,,1,,,,20,15.30
Tyson Campbell,2566151,DB,JAX,ATL,2,1,,,1,,,,,,,,,3,,,,21,15.20
Landon Collins,2552454,DB,WAS,SEA,5,2,,1,,1,,,,,,,,,,,,22,15.10
John Johnson,2558183,DB,CLE,@BAL,4,2,,,1,,,,,,,,,1,,,,23,14.40
Darious Williams,2561469,DB,LA,@GB,7,,,,,,,,,,,,,1,,,,24,14.40
Johnathan Abram,2562616,DB,LV,@DAL,7,3,,,,,,,,,,,,,,,,25,14.30
Jaylon Johnson,2563701,DB,CHI,@DET,5,1,,1,,1,,,,,,,,,,,,26,14.30
Aaron Robinson,2566370,DB,NYG,PHI,4,2,,,,,,,,,,,,2,1,,,27,13.90
Kyle Dugger,2564601,DB,NE,TEN,6,3,,,,,1,,,,,,,,,,,28,13.60
Jordan Fuller,2564340,DB,LA,@GB,3,4,,,,,,,,,,,,2,,,,29,13.30
J.C. Jackson,2560754,DB,NE,TEN,2,,,,1,1,,,,,,,,1,,,,30,12.90
Mike Edwards,2562259,DB,TB,@IND,2,1,,,,1,,,,,,,,2,,,,31,12.70
Rayshawn Jenkins,2558182,DB,JAX,ATL,7,1,,,,,,,,,,,,,,,,32,12.70
Amani Oruwariye,2562390,DB,DET,CHI,2,1,,,1,,,,,,,,,2,,,,33,12.70
Jeremy Chinn,2563632,DB,CAR,@MIA,5,2,,,,,,,,,,,,1,,,,34,12.60
Will Harris,2562395,DB,DET,CHI,5,2,,,,,,,,,,,,1,,,,35,12.60
Jourdan Lewis,2557920,DB,DAL,LV,5,2,1,,,,,,,,,,,,,,,36,12.10
Tavierre Thomas,2561278,DB,HOU,NYJ,3,1,,,1,,,,,,,,,1,,,,37,11.90
Quandre Diggs,2552262,DB,SEA,@WAS,6,2,,,,,,,,,,,,,,,,38,11.80
A.J. Terrell,2563527,DB,ATL,@JAX,5,1,,,,,,,,,,,,1,,,,39,11.80
Jordan Whitehead,2560930,DB,TB,@IND,6,2,,,,,,,,,,,,,,,,40,11.80
Julian Love,2562414,DB,NYG,PHI,2,4,0.5,,,,1,,,,,,,1,1,,,41,11.60
Eli Apple,2555277,DB,CIN,PIT,2,,,,1,,,,,,,,,1,,50,,42,11.07
Nik Needham,2563220,DB,MIA,CAR,2,2,,,1,,,,,,,,,1,,,,43,11.00
Eric Murray,2555173,DB,HOU,NYJ,5,3,,,,,,,,,,,,,,,,44,10.90
Steven Nelson,2552265,DB,PHI,@NYG,4,2,,,,,,,,,,,,1,,,,45,10.90
Tracy Walker III,2560913,DB,DET,CHI,4,2,,,,,,,,,,,,1,,,,46,10.90
Xavier Woods,2558159,DB,MIN,@SF,4,2,,,,,,,,,,,,1,,,,47,10.90
Kamren Curl,2565270,DB,WAS,SEA,4,,1,1,,,,,,,,,,,1,,,48,10.80
Terrell Edmunds,2560712,DB,PIT,@CIN,5,1,,1,,,,,,,,,,,,,,49,10.80
Sean Murphy-Bunting,2562635,DB,TB,@IND,2,3,,,,,,,,,,,,2,,,,50,10.80
Marcus Williams,2558847,DB,NO,BUF,4,5,,,,,,,,,,,,,,,,51,10.80
Marshon Lattimore,2558061,DB,NO,BUF,4,1,,,,,,,,,,,,1,,,,52,10.10
Xavier Rhodes,2540155,DB,IND,TB,4,1,,,,,,,,,,,,1,,,,53,10.10
Eric Stokes,2566097,DB,GB,LA,3,,,,,,,,,,,,,2,,,,54,10.10
Chuck Clark,2558248,DB,BAL,CLE,2,2,,,,,,,,,,,,2,,,,55,10.00
Nevin Lawson,2543872,DB,JAX,ATL,3,3,,,,,,,,,,,,1,,,,56,10.00
George Odum,2561131,DB,IND,TB,4,4,,,,,,,,,,,,,,,,57,10.00
Patrick Peterson,2495504,DB,MIN,@SF,5,,,1,,,,,,,,,,,,,,58,10.00
Richie Grant,2565818,DB,ATL,@JAX,4,,,2,,,,,,,,,,,,,,59,9.80
Darnay Holmes,2564739,DB,NYG,PHI,1,2,,,1,,,,,,,,,1,,15,,60,9.80
Duron Harmon,2541243,DB,ATL,@JAX,2,,,,1,,,,,,,,,1,,,,61,9.40
Jalen Mills,2555383,DB,NE,TEN,2,,,,,,1,,,,,,,2,,,,62,9.40
Isaiah Rodgers,2564142,DB,IND,TB,2,,,,1,,,,,,,,,1,,,,63,9.40
Brandon Facyson,2560719,DB,LV,@DAL,5,1,,,,,,,,,,,,,,,,64,9.30
Casey Hayward,2532861,DB,LV,@DAL,5,1,,,,,,,,,,,,,,,,65,9.30
Jalen Ramsey,2555280,DB,LA,@GB,5,1,,,,,,,,,,,,,,,,66,9.30
D.J. Reed,2560850,DB,SEA,@WAS,5,1,,,,,,,,,,,,,,,,67,9.30
Nasir Adderley,2562617,DB,LAC,@DEN,4,3,,,,,,,,,,,,,,,,68,9.20
Kendall Fuller,2555349,DB,WAS,SEA,1,,,,,,,,,,,,,3,,,,69,9.20
Terrance Mitchell,2543637,DB,HOU,NYJ,2,1,,,,,,,,,,,,2,,,,70,9.20
Nick Scott,2562905,DB,LA,@GB,3,2,,,,,,,,,,,,1,,,,71,9.20
Bryce Hall,2564796,DB,NYJ,@HOU,3,,,1,,,,,,,,,,1,,,,72,9.10
Jordan Poyer,2539290,DB,BUF,@NO,1,1,,,1,,,,,,,,,1,,18,,73,9.10
Grant Delpit,2563773,DB,CLE,@BAL,1,1,,,1,,,,,,,,,1,,5,,74,8.67
Josh Norman,2532920,DB,SF,MIN,3,,,,,1,,,,,,,,,,,,75,8.60
Nate Hobbs,2566259,DB,LV,@DAL,5,,,,,,,,,,,,,,,,,76,8.50
Andrew Sendejo,2525323,DB,IND,TB,3,3,,,,,1,,,,,,,,,,,77,8.50
Andrew Wingard,2562606,DB,JAX,ATL,5,,,,,,,,,,,,,,,,,78,8.50
Michael Carter II,2565717,DB,NYJ,@HOU,4,2,,,,,,,,,,,,,,,,79,8.40
Kristian Fulton,2564046,DB,TEN,@NE,3,1,,,,,,,,,,,,1,,,,80,8.40
Erik Harris,2555568,DB,ATL,@JAX,4,2,,,,,,,,,,,,,,,,81,8.40
Paulson Adebo,2566346,DB,NO,BUF,4,,,1,,,,,,,,,,,,,,82,8.30
Brandon Stephens,2565851,DB,BAL,CLE,2,3,,,,,,,,,,,,1,,,,83,8.30
Xavien Howard,2555539,DB,MIA,CAR,1,,,,1,,,,,,,,,1,,16,,84,8.23
Darren Hall,2565821,DB,ATL,@JAX,2,1,,1,,,,,,,,,,1,,,,85,8.20
Elijah Riley,2564853,DB,NYJ,@HOU,3,2,,1,,,,,,,,,,,,,,86,8.20
Rudy Ford,2558174,DB,JAX,ATL,4,1,,,,,,,,,,,,,1,,,87,8.10
Denzel Ward,2560916,DB,CLE,@BAL,1,,,,1,,,,,,,,,1,,4,,88,7.83
James Bradberry,2555175,DB,NYG,PHI,3,,,,,,,,,,,,,1,,,,89,7.60
Javelin Guidry,2565504,DB,NYJ,@HOU,3,,,,,,,,,,,,,1,,,,90,7.60
Rock Ya-Sin,2562614,DB,IND,TB,3,,,,,,,,,,,,,1,,,,91,7.60
Michael Davis,2559164,DB,LAC,@DEN,2,2,,,,,,,,,,,,1,,,,92,7.50
Arthur Maulet,2559087,DB,PIT,@CIN,3,3,,,,,,,,,,,,,,,,93,7.50
Devin McCourty,494287,DB,NE,TEN,2,2,,,,,,,,,,,,1,,,,94,7.50
Myles Hartsfield,2563644,DB,CAR,@MIA,3,1,,1,,,,,,,,,,,,,,95,7.40
Adrian Phillips,2550842,DB,NE,TEN,2,5,,,,,,,,,,,,,,,,96,7.40
Eric Rowe,2552255,DB,MIA,CAR,1,4,,,,,,,,,,,,1,,,,97,7.40
P.J. Williams,2552484,DB,NO,BUF,3,1,,1,,,,,,,,,,,,,,98,7.40
Jaquiski Tartt,2552391,DB,SF,MIN,4,,,,,,,,,,,,,,1,,,99,7.30
Adrian Amos,2552385,DB,GB,LA,4,,,,,,,,,,,,,,,,,100,6.80
Henry Black,2563974,DB,GB,LA,3,2,,,,,,,,,,,,,,,,101,6.70
Terrence Brooks,2543712,DB,HOU,NYJ,3,2,,,,,,,,,,,,,,,,102,6.70
Amani Hooker,2562666,DB,TEN,@NE,3,2,,,,,,,,,,,,,,,,103,6.70
Malik Hooker,2558060,DB,DAL,LV,3,2,,,,,,,,,,,,,,,,104,6.70
Desmond King,2557927,DB,HOU,NYJ,3,2,,,,,,,,,,,,,,,,105,6.70
J.R. Reed,2564220,DB,NYG,PHI,2,4,,,,,,,,,,,,,,,,106,6.60
Artie Burns,2555344,DB,CHI,@DET,2,,,,,,,,,,,,,1,,,,107,5.90
Juston Burris,2555313,DB,CAR,@MIA,3,1,,,,,,,,,,,,,,,,108,5.90
Xavier Crawford,2562515,DB,CHI,@DET,3,1,,,,,,,,,,,,,,,,109,5.90
Ronald Darby,2552689,DB,DEN,LAC,2,,,,,,,,,,,,,1,,,,110,5.90
Javaris Davis,2564265,DB,MIA,CAR,2,,,,,,,,,,,,,1,,,,111,5.90
Talanoa Hufanga,2566529,DB,SF,MIN,2,,,,,,,,,,,,,1,,,,112,5.90
Damontae Kazee,2558184,DB,DAL,LV,3,1,,,,,,,,,,,,,,,,113,5.90
Fabian Moreau,2558136,DB,ATL,@JAX,2,,,,,,,,,,,,,1,,,,114,5.90
James Pierre,2565003,DB,PIT,@CIN,3,1,,,,,,,,,,,,,,,,115,5.90
Cameron Sutton,2558849,DB,PIT,@CIN,3,1,,,,,,,,,,,,,,,,116,5.90
Jimmie Ward,2543741,DB,SF,MIN,3,1,,,,,,,,,,,,,,,,117,5.90
Tevaughn Campbell,2562806,DB,LAC,@DEN,2,3,,,,,,,,,,,,,,,,118,5.80
Trevon Diggs,2563836,DB,DAL,LV,2,3,,,,,,,,,,,,,,,,119,5.80
Jaylinn Hawkins,2563500,DB,ATL,@JAX,2,3,,,,,,,,,,,,,,,,120,5.80
Jevon Holland,2566283,DB,MIA,CAR,,1,,,1,,1,,,,,,,1,,,,121,5.80
Steven Parker,2561256,DB,NYG,PHI,1,2,,,,,,,,,,,,1,,,,122,5.80
Ahkello Witherspoon,2558157,DB,PIT,@CIN,1,,,1,,,,,,,,,,1,,,,123,5.70
Taron Johnson,2560766,DB,BUF,@NO,1,3,,1,,,,,,,,,,,,,,124,5.60
Vonn Bell,2555530,DB,CIN,PIT,3,,,,,,,,,,,,,,,,,125,5.10
Anthony Brown,2555531,DB,DAL,LV,3,,,,,,,,,,,,,,,,,126,5.10
Ashtyn Davis,2564793,DB,NYJ,@HOU,3,,,,,,,,,,,,,,,,,127,5.10
C.J. Henderson,2564199,DB,CAR,@MIA,3,,,,,,,,,,,,,,,,,128,5.10
William Jackson,2556367,DB,WAS,SEA,3,,,,,,,,,,,,,,,,,129,5.10
Rodney McLeod,2534832,DB,PHI,@NYG,3,,,,,,,,,,,,,,,,,130,5.10
Greg Newsome II,2565980,DB,CLE,@BAL,3,,,,,,,,,,,,,,,,,131,5.10
Tre Flowers,2560728,DB,CIN,PIT,2,2,,,,,,,,,,,,,,,,132,5.00
Janoris Jenkins,2532875,DB,TEN,@NE,2,2,,,,,,,,,,,,,,,,133,5.00
Emmanuel Moseley,2561072,DB,SF,MIN,2,2,,,,,,,,,,,,,,,,134,5.00
Bashaud Breeland,2543571,DB,ARI,Bye,2,1,,,,,,,,,,,,,,,,135,4.20
Nate Hairston,2558108,DB,DEN,LAC,1,,,,,,,,,,,,,1,,,,136,4.20
Adoree' Jackson,2558065,DB,NYG,PHI,1,,,,,,,,,,,,,1,,,,137,4.20
Dane Jackson,2563614,DB,BUF,@NO,2,1,,,,,,,,,,,,,,,,138,4.20
Eddie Jackson,2558176,DB,CHI,@DET,2,1,,,,,,,,,,,,,,,,139,4.20
Malcolm Jenkins,79848,DB,NO,BUF,2,1,,,,,,,,,,,,,,,,140,4.20
Darius Phillips,2560839,DB,CIN,PIT,1,,,,,,,,,,,,,1,,,,141,4.20
Donte' Deayon,2556512,DB,LA,@GB,1,3,,,,,,,,,,,,,,,,142,4.10
Trevon Moehrig,2566268,DB,LV,@DAL,1,3,,,,,,,,,,,,,,,,143,4.10
Justin Coleman,2553637,DB,MIA,CAR,,,,,,,,,,1,,,,,,,,144,4.00
Anthony Harris,2553655,DB,PHI,@NYG,2,,,,,,,,,,,,,,1,,,145,3.90
Ricardo Allen,2543850,DB,CIN,PIT,2,,,,,,,,,,,,,,,,,146,3.40
Matthias Farley,2556429,DB,TEN,@NE,2,,,,,,,,,,,,,,,,,147,3.40
Stephon Gilmore,2533062,DB,CAR,@MIA,2,,,,,,,,,,,,,,,,,148,3.40
Tashaun Gipson,2532848,DB,CHI,@DET,2,,,,,,,,,,,,,,,,,149,3.40
DeAndre Houston-Carson,2555381,DB,CHI,@DET,2,,,,,,,,,,,,,,,,,150,3.40
C.J. Moore,2563193,DB,DET,CHI,2,,,,,,,,,,,,,,,,,151,3.40
Taylor Rapp,2562707,DB,LA,@GB,2,,,,,,,,,,,,,,,,,152,3.40
Buster Skrine,2495343,DB,TEN,@NE,2,,,,,,,,,,,,,,,,,153,3.40
Ugo Amadi,2562464,DB,SEA,@WAS,1,2,,,,,,,,,,,,,,,,154,3.30
Caden Sterns,2566040,DB,DEN,LAC,,1,,,,,,,,,,,,1,,,,155,3.30
Levi Wallace,2560914,DB,BUF,@NO,1,2,,,,,,,,,,,,,,,,156,3.30
Tre Norwood,2566463,DB,PIT,@CIN,1,,,1,,,,,,,,,,,,,,157,3.20
Sean Chandler,2561017,DB,CAR,@MIA,1,,,,,,,,,,,,,,,,,158,3.10
Micah Hyde,2539240,DB,BUF,@NO,1,1,,,,,,,,,,,,,1,,,159,3.00
Jessie Bates,2560970,DB,CIN,PIT,,,,,,,,,,,,,,1,,,,160,2.50
A.J. Bouye,2541162,DB,CAR,@MIA,1,1,,,,,,,,,,,,,,,,161,2.50
Antoine Brooks Jr.,2564967,DB,LA,@GB,1,1,,,,,,,,,,,,,,,,162,2.50
Ross Cockrell,2543799,DB,TB,@IND,,,,,,,,,,,,,,1,,,,163,2.50
Sam Franklin,2563638,DB,CAR,@MIA,1,1,,,,,,,,,,,,,,,,164,2.50
Byron Jones,2552568,DB,MIA,CAR,1,1,,,,,,,,,,,,,,,,165,2.50
Josh Jones,2558119,DB,SEA,@WAS,1,1,,,,,,,,,,,,,,,,166,2.50
Dallin Leavitt,2561585,DB,LV,@DAL,1,1,,,,,,,,,,,,,,,,167,2.50
Josh Metellus,2564568,DB,MIN,@SF,1,1,,,,,,,,,,,,,,,,168,2.50
Kenny Moore II,2558976,DB,IND,TB,1,1,,,,,,,,,,,,,,,,169,2.50
Siran Neal,2560818,DB,BUF,@NO,1,1,,,,,,,,,,,,,,,,170,2.50
Darius Slay,2540288,DB,PHI,@NYG,,,,,,,,,,,,,,1,,,,171,2.50
Geno Stone,2563584,DB,BAL,CLE,1,1,,,,,,,,,,,,,,,,172,2.50
Desmond Trufant,2539334,DB,LV,@DAL,,,,,,,,,,,,,,1,,,,173,2.50
Tre'Davious White,2557867,DB,BUF,@NO,,,,,,,,,,,,,,1,,,,174,2.50
Joejuan Williams,2562787,DB,NE,TEN,1,1,,,,,,,,,,,,,,,,175,2.50
K'Waun Williams,2550654,DB,SF,MIN,,,,,,,,,,,,,,1,,,,176,2.50
Tavon Young,2555378,DB,BAL,CLE,1,1,,,,,,,,,,,,,,,,177,2.50
Chidobe Awuzie,2557840,DB,CIN,PIT,1,,,,,,,,,,,,,,,,,178,1.70
Kris Boyd,2562630,DB,MIN,@SF,1,,,,,,,,,,,,,,,,,179,1.70
Myles Bryant,2564592,DB,NE,TEN,1,,,,,,,,,,,,,,,,,180,1.70
Deon Bush,2555155,DB,CHI,@DET,1,,,,,,,,,,,,,,,,,181,1.70
T.J. Carrie,2550164,DB,IND,TB,1,,,,,,,,,,,,,,,,,182,1.70
Cody Davis,2541135,DB,NE,TEN,1,,,,,,,,,,,,,,,,,183,1.70
Jamel Dean,2562556,DB,TB,@IND,1,,,,,,,,,,,,,,,,,184,1.70
Clayton Fejedelem,2555355,DB,MIA,CAR,1,,,,,,,,,,,,,,,,,185,1.70
J.T. Gray,2561206,DB,NO,BUF,1,,,,,,,,,,,,,,,,,186,1.70
A.J. Green,2563782,DB,CLE,@BAL,1,,,,,,,,,,,,,,,,,187,1.70
Chris Harris,2530510,DB,LAC,@DEN,1,,,,,,,,,,,,,,,,,188,1.70
Jeff Heath,2541832,DB,NO,BUF,1,,,,,,,,,,,,,,,,,189,1.70
Jaquan Johnson,2562676,DB,BUF,@NO,1,,,,,,,,,,,,,,,,,190,1.70
Chris Jones,2560767,DB,TEN,@NE,1,,,,,,,,,,,,,,,,,191,1.70
Justin Layne,2562479,DB,PIT,@CIN,1,,,,,,,,,,,,,,,,,192,1.70
Deommodore Lenoir,2566535,DB,SF,MIN,1,,,,,,,,,,,,,,,,,193,1.70
Bobby McCain,2552434,DB,WAS,SEA,1,,,,,,,,,,,,,,,,,194,1.70
Jonathan Owens,2561255,DB,HOU,NYJ,1,,,,,,,,,,,,,,,,,195,1.70
Jason Pinnock,2565753,DB,NYJ,@HOU,1,,,,,,,,,,,,,,,,,196,1.70
Sheldrick Redwine,2562711,DB,MIA,CAR,1,,,,,,,,,,,,,,,,,197,1.70
Darnell Savage,2562724,DB,GB,LA,,2,,,,,,,,,,,,,,,,198,1.60
Chris Claybrooks,2564169,DB,JAX,ATL,,,,,,,1,,,,,,,,,,,199,1.00
Robert Rochell,2566241,DB,LA,@GB,,,,,,,1,,,,,,,,,,,200,1.00
Marqui Christian,2556277,DB,CHI,@DET,,1,,,,,,,,,,,,,,,,201,0.80
Jalen Davis,2561316,DB,CIN,PIT,,1,,,,,,,,,,,,,,,,202,0.80
Isaiah Dunn,2565720,DB,NYJ,@HOU,,,,,,,,,,,,,,,,,,203,0.80
C.J. Goodwin,2550767,DB,DAL,LV,,1,,,,,,,,,,,,,,,,204,0.80
Troy Hill,2553536,DB,CLE,@BAL,,1,,,,,,,,,,,,,,,,205,0.80
Shemar Jean-Charles,2566079,DB,GB,LA,,1,,,,,,,,,,,,,,,,206,0.80
Trey Marshall,2561370,DB,LAC,@DEN,,1,,,,,,,,,,,,,,,,207,0.80
Jimmy Moreland,2562858,DB,HOU,NYJ,,1,,,,,,,,,,,,,,,,208,0.80
Roderic Teamer,2562981,DB,LV,@DAL,,1,,,,,,,,,,,,,,,,209,0.80
Shaun Wade,2565854,DB,NE,TEN,,1,,,,,,,,,,,,,,,,210,0.80
Avery Williams,2565833,DB,ATL,@JAX,,1,,,,,,,,,,,,,,,,211,0.80
Delrick Abrams,2563464,DB,FA,Bye,,,,,,,,,,,,,,,,,,212,0.00
DeMarkus Acy,2565087,DB,PIT,@CIN,,,,,,,,,,,,,,,,,,213,0.00
Andrew Adams,2556456,DB,TB,@IND,,,,,,,,,,,,,,,,,,214,0.00
Jahleel Addae,2541958,DB,IND,TB,,,,,,,,,,,,,,,,,,215,0.00
Jaire Alexander,2560952,DB,GB,LA,,,,,,,,,,,,,,,,,,216,0.00
Mackensie Alexander,2555177,DB,MIN,@SF,,,,,,,,,,,,,,,,,,217,0.00
Robert Alford,2539653,DB,ARI,Bye,,,,,,,,,,,,,,,,,,218,0.00
Brian Allen,2558237,DB,CLE,@BAL,,,,,,,,,,,,,,,,,,219,0.00
Marcus Allen,2560956,DB,PIT,@CIN,,,,,,,,,,,,,,,,,,220,0.00
Johnathan Alston,2561520,DB,FA,Bye,,,,,,,,,,,,,,,,,,221,0.00
Troy Apke,2560958,DB,WAS,SEA,,,,,,,,,,,,,,,,,,222,0.00
Cornell Armstrong,2561147,DB,ATL,@JAX,,,,,,,,,,,,,,,,,,223,0.00
Damon Arnette,2564409,DB,MIA,CAR,,,,,,,,,,,,,,,,,,224,0.00
Grayland Arnold,2564814,DB,HOU,NYJ,,,,,,,,,,,,,,,,,,225,0.00
Jaytlin Askew,2566656,DB,FA,Bye,,,,,,,,,,,,,,,,,,226,0.00
Blessuan Austin,2562468,DB,SEA,@WAS,,,,,,,,,,,,,,,,,,227,0.00
Anthony Averett,2560963,DB,BAL,CLE,,,,,,,,,,,,,,,,,,228,0.00
Budda Baker,2558009,DB,ARI,Bye,,,,,,,,,,,,,,,,,,229,0.00
Deandre Baker,2562227,DB,KC,Bye,,,,,,,,,,,,,,,,,,230,0.00
Corey Ballentine,2562228,DB,DET,CHI,,,,,,,,,,,,,,,,,,231,0.00
Chris Banjo,2541192,DB,ARI,Bye,,,,,,,,,,,,,,,,,,232,0.00
Luq Barcoo,2564160,DB,SF,MIN,,,,,,,,,,,,,,,,,,233,0.00
Essang Bassey,2563875,DB,FA,Bye,,,,,,,,,,,,,,,,,,234,0.00
DeVante Bausby,2553790,DB,NE,TEN,,,,,,,,,,,,,,,,,,235,0.00
Sam Beal,2561643,DB,FA,Bye,,,,,,,,,,,,,,,,,,236,0.00
Elijah Benton,2563758,DB,FA,Bye,,,,,,,,,,,,,,,,,,237,0.00
Justin Bethel,2532792,DB,NE,TEN,,,,,,,,,,,,,,,,,,238,0.00
Julian Blackmon,2564103,DB,IND,TB,,,,,,,,,,,,,,,,,,239,0.00
Marquise Blair,2562233,DB,SEA,@WAS,,,,,,,,,,,,,,,,,,240,0.00
Joshuah Bledsoe,2566331,DB,NE,TEN,,,,,,,,,,,,,,,,,,241,0.00
Briean Boddy-Calhoun,2556475,DB,TEN,@NE,,,,,,,,,,,,,,,,,,242,0.00
Terrell Bonds,2563136,DB,FA,Bye,,,,,,,,,,,,,,,,,,243,0.00
Breon Borders,2559015,DB,ARI,Bye,,,,,,,,,,,,,,,,,,244,0.00
Tre Boston,2543830,DB,FA,Bye,,,,,,,,,,,,,,,,,,245,0.00
John Brannon,2565018,DB,CIN,PIT,,,,,,,,,,,,,,,,,,246,0.00
Brady Breeze,2566103,DB,DET,CHI,,,,,,,,,,,,,,,,,,247,0.00
Jordan Brown,2562396,DB,LV,@DAL,,,,,,,,,,,,,,,,,,248,0.00
Shakur Brown,2565774,DB,FA,Bye,,,,,,,,,,,,,,,,,,249,0.00
Tony Brown,2560982,DB,LV,@DAL,,,,,,,,,,,,,,,,,,250,0.00
Tre Brown,2566550,DB,SEA,@WAS,,,,,,,,,,,,,,,,,,251,0.00
Terrell Burgess,2564331,DB,LA,@GB,,,,,,,,,,,,,,,,,,252,0.00
Eric Burrell,2565696,DB,FA,Bye,,,,,,,,,,,,,,,,,,253,0.00
Deante Burton,2559109,DB,FA,Bye,,,,,,,,,,,,,,,,,,254,0.00
Malcolm Butler,2550613,DB,FA,Bye,,,,,,,,,,,,,,,,,,255,0.00
Camryn Bynum,2566295,DB,MIN,@SF,,,,,,,,,,,,,,,,,,256,0.00
Bryce Callahan,2553500,DB,DEN,LAC,,,,,,,,,,,,,,,,,,257,0.00
Elijah Campbell,2561455,DB,MIA,CAR,,,,,,,,,,,,,,,,,,258,0.00
Ibraheim Campbell,2552605,DB,IND,TB,,,,,,,,,,,,,,,,,,259,0.00
Maurice Canady,2555178,DB,DAL,LV,,,,,,,,,,,,,,,,,,260,0.00
Jamal Carter,2559321,DB,TEN,@NE,,,,,,,,,,,,,,,,,,261,0.00
Andre Chachere,2561016,DB,PHI,@NYG,,,,,,,,,,,,,,,,,,262,0.00
Anthony Chesley,2563235,DB,IND,TB,,,,,,,,,,,,,,,,,,263,0.00
Patrick Chung,71251,DB,FA,Bye,,,,,,,,,,,,,,,,,,264,0.00
Andre Cisco,2566154,DB,JAX,ATL,,,,,,,,,,,,,,,,,,265,0.00
Adrian Colbert,2558857,DB,CLE,@BAL,,,,,,,,,,,,,,,,,,266,0.00
Chris Cooper,2561429,DB,FA,Bye,,,,,,,,,,,,,,,,,,267,0.00
Shaun Crawford,2565642,DB,FA,Bye,,,,,,,,,,,,,,,,,,268,0.00
Ken Crawley,2556735,DB,NO,BUF,,,,,,,,,,,,,,,,,,269,0.00
Keion Crossen,2561157,DB,NYG,PHI,,,,,,,,,,,,,,,,,,270,0.00
Dane Cruikshank,2561033,DB,TEN,@NE,,,,,,,,,,,,,,,,,,271,0.00
Jordan Dangerfield,2541696,DB,FA,Bye,,,,,,,,,,,,,,,,,,272,0.00
DJ Daniel,2566653,DB,NE,TEN,,,,,,,,,,,,,,,,,,273,0.00
Cameron Dantzler,2564526,DB,MIN,@SF,,,,,,,,,,,,,,,,,,274,0.00
Carlton Davis,2561039,DB,TB,@IND,,,,,,,,,,,,,,,,,,275,0.00
Sean Davis,2555386,DB,NE,TEN,,,,,,,,,,,,,,,,,,276,0.00
Shawn Davis,2565597,DB,GB,LA,,,,,,,,,,,,,,,,,,277,0.00
Duke Dawson,2561040,DB,DEN,LAC,,,,,,,,,,,,,,,,,,278,0.00
Divine Deablo,2566253,DB,LV,@DAL,,,,,,,,,,,,,,,,,,279,0.00
Stephen Denmark,2562874,DB,FA,Bye,,,,,,,,,,,,,,,,,,280,0.00
Darqueze Dennard,2543474,DB,SF,MIN,,,,,,,,,,,,,,,,,,281,0.00
Khalil Dorsey,2565336,DB,BAL,CLE,,,,,,,,,,,,,,,,,,282,0.00
Quinton Dunbar,2553796,DB,FA,Bye,,,,,,,,,,,,,,,,,,283,0.00
Nate Ebner,2535132,DB,NYG,PHI,,,,,,,,,,,,,,,,,,284,0.00
Brandin Echols,2565726,DB,NYJ,@HOU,,,,,,,,,,,,,,,,,,285,0.00
Corn Elder,2558171,DB,WAS,SEA,,,,,,,,,,,,,,,,,,286,0.00
DeShon Elliott,2560715,DB,BAL,CLE,,,,,,,,,,,,,,,,,,287,0.00
Tino Ellis,2564670,DB,FA,Bye,,,,,,,,,,,,,,,,,,288,0.00
Marcus Epps,2562946,DB,PHI,@NYG,,,,,,,,,,,,,,,,,,289,0.00
Deshazor Everett,2553710,DB,WAS,SEA,,,,,,,,,,,,,,,,,,290,0.00
Caleb Farley,2566106,DB,TEN,@NE,,,,,,,,,,,,,,,,,,291,0.00
Rashad Fenton,2562649,DB,KC,Bye,,,,,,,,,,,,,,,,,,292,0.00
Mark Fields,2562442,DB,FA,Bye,,,,,,,,,,,,,,,,,,293,0.00
Mike Ford,2561527,DB,DEN,LAC,,,,,,,,,,,,,,,,,,294,0.00
Paris Ford,2566205,DB,FA,Bye,,,,,,,,,,,,,,,,,,295,0.00
Darrick Forrest,2566598,DB,WAS,SEA,,,,,,,,,,,,,,,,,,296,0.00
Kavon Frazier,2555536,DB,LV,@DAL,,,,,,,,,,,,,,,,,,297,0.00
Innis Gaines,2565591,DB,GB,LA,,,,,,,,,,,,,,,,,,298,0.00
Phillip Gaines,2543851,DB,FA,Bye,,,,,,,,,,,,,,,,,,299,0.00
Chauncey Gardner-Johnson,2562588,DB,NO,BUF,,,,,,,,,,,,,,,,,,300,0.00
Rashaan Gaulden,2560775,DB,FA,Bye,,,,,,,,,,,,,,,,,,301,0.00
Jake Gervase,2563306,DB,LA,@GB,,,,,,,,,,,,,,,,,,302,0.00
Mark Gilbert,2565783,DB,DET,CHI,,,,,,,,,,,,,,,,,,303,0.00
Tyree Gillespie,2566256,DB,LV,@DAL,,,,,,,,,,,,,,,,,,304,0.00
Alohi Gilman,2565042,DB,LAC,@DEN,,,,,,,,,,,,,,,,,,305,0.00
Jeff Gladney,2564541,DB,FA,Bye,,,,,,,,,,,,,,,,,,306,0.00
Tay Gowan,2566427,DB,PHI,@NYG,,,,,,,,,,,,,,,,,,307,0.00
Thomas Graham Jr.,2565923,DB,CHI,@DET,,,,,,,,,,,,,,,,,,308,0.00
T.J. Green,2555537,DB,HOU,NYJ,,,,,,,,,,,,,,,,,,309,0.00
Raven Greene,2561207,DB,FA,Bye,,,,,,,,,,,,,,,,,,310,0.00
Olaijah Griffin,2566635,DB,BUF,@NO,,,,,,,,,,,,,,,,,,311,0.00
Shaquill Griffin,2558259,DB,JAX,ATL,,,,,,,,,,,,,,,,,,312,0.00
Joe Haden,496733,DB,PIT,@CIN,,,,,,,,,,,,,,,,,,313,0.00
Javon Hagan,2565219,DB,ARI,Bye,,,,,,,,,,,,,,,,,,314,0.00
Kemon Hall,2562975,DB,LAC,@DEN,,,,,,,,,,,,,,,,,,315,0.00
Tyler Hall,2563497,DB,LA,@GB,,,,,,,,,,,,,,,,,,316,0.00
Antonio Hamilton,2556804,DB,ARI,Bye,,,,,,,,,,,,,,,,,,317,0.00
Damar Hamlin,2565872,DB,BUF,@NO,,,,,,,,,,,,,,,,,,318,0.00
Saquan Hampton,2562658,DB,FA,Bye,,,,,,,,,,,,,,,,,,319,0.00
Harrison Hand,2564547,DB,MIN,@SF,,,,,,,,,,,,,,,,,,320,0.00
Justin Hardee,2559181,DB,NYJ,@HOU,,,,,,,,,,,,,,,,,,321,0.00
Vernon Hargreaves III,2555299,DB,CIN,PIT,,,,,,,,,,,,,,,,,,322,0.00
Madre Harper,2564421,DB,CAR,@MIA,,,,,,,,,,,,,,,,,,323,0.00
Brontae Harris,2566217,DB,FA,Bye,,,,,,,,,,,,,,,,,,324,0.00
Marcell Harris,2561006,DB,SF,MIN,,,,,,,,,,,,,,,,,,325,0.00
Tim Harris,2562949,DB,BUF,@NO,,,,,,,,,,,,,,,,,,326,0.00
J.T. Hassell,2563045,DB,FA,Bye,,,,,,,,,,,,,,,,,,327,0.00
Trayvon Henderson,2561339,DB,CIN,PIT,,,,,,,,,,,,,,,,,,328,0.00
Tre Herndon,2561340,DB,JAX,ATL,,,,,,,,,,,,,,,,,,329,0.00
Gavin Heslop,2565156,DB,SEA,@WAS,,,,,,,,,,,,,,,,,,330,0.00
Alijah Holder,2562572,DB,FA,Bye,,,,,,,,,,,,,,,,,,331,0.00
Nate Holley,2561627,DB,FA,Bye,,,,,,,,,,,,,,,,,,332,0.00
Ka'dar Hollman,2562940,DB,NYG,PHI,,,,,,,,,,,,,,,,,,333,0.00
Jaycee Horn,2565893,DB,CAR,@MIA,,,,,,,,,,,,,,,,,,334,0.00
Jameson Houston,2563791,DB,FA,Bye,,,,,,,,,,,,,,,,,,335,0.00
JuJu Hughes,2564352,DB,FA,Bye,,,,,,,,,,,,,,,,,,336,0.00
Mike Hughes,2560746,DB,KC,Bye,,,,,,,,,,,,,,,,,,337,0.00
J.T. Ibe,2565570,DB,FA,Bye,,,,,,,,,,,,,,,,,,338,0.00
Noah Igbinoghene,2564457,DB,MIA,CAR,,,,,,,,,,,,,,,,,,339,0.00
Bennett Jackson,2543834,DB,FA,Bye,,,,,,,,,,,,,,,,,,340,0.00
Chris Jackson,2564049,DB,TEN,@NE,,,,,,,,,,,,,,,,,,341,0.00
Josh Jackson,2560755,DB,KC,Bye,,,,,,,,,,,,,,,,,,342,0.00
Kareem Jackson,496735,DB,DEN,LAC,,,,,,,,,,,,,,,,,,343,0.00
Lamar Jackson,2565513,DB,NYJ,@HOU,,,,,,,,,,,,,,,,,,344,0.00
Mike Jackson,2562434,DB,SEA,@WAS,,,,,,,,,,,,,,,,,,345,0.00
Robert Jackson,2561434,DB,BAL,CLE,,,,,,,,,,,,,,,,,,346,0.00
Michael Jacquet,2564835,DB,JAX,ATL,,,,,,,,,,,,,,,,,,347,0.00
Natrell Jamerson,2560759,DB,NYG,PHI,,,,,,,,,,,,,,,,,,348,0.00
Craig James,2561486,DB,PHI,@NYG,,,,,,,,,,,,,,,,,,349,0.00
Danny Johnson,2560764,DB,WAS,SEA,,,,,,,,,,,,,,,,,,350,0.00
Dontae Johnson,2543739,DB,SF,MIN,,,,,,,,,,,,,,,,,,351,0.00
Isaiah Johnson,2562675,DB,FA,Bye,,,,,,,,,,,,,,,,,,352,0.00
Jamar Johnson,2566031,DB,DEN,LAC,,,,,,,,,,,,,,,,,,353,0.00
Kevin Johnson,2552261,DB,FA,Bye,,,,,,,,,,,,,,,,,,354,0.00
Lonnie Johnson,2562295,DB,HOU,NYJ,,,,,,,,,,,,,,,,,,355,0.00
Brandon Jones,2564469,DB,MIA,CAR,,,,,,,,,,,,,,,,,,356,0.00
Jonathan Jones,2556571,DB,NE,TEN,,,,,,,,,,,,,,,,,,357,0.00
Karl Joseph,2555342,DB,PIT,@CIN,,,,,,,,,,,,,,,,,,358,0.00
Kelvin Joseph,2566010,DB,DAL,LV,,,,,,,,,,,,,,,,,,359,0.00
Lamarcus Joyner,2543492,DB,NYJ,@HOU,,,,,,,,,,,,,,,,,,360,0.00
Jalen Julius,2564289,DB,FA,Bye,,,,,,,,,,,,,,,,,,361,0.00
Joshua Kalu,2560776,DB,NYG,PHI,,,,,,,,,,,,,,,,,,362,0.00
Bopete Keyes,2564292,DB,CHI,@DET,,,,,,,,,,,,,,,,,,363,0.00
Miles Killebrew,2555315,DB,PIT,@CIN,,,,,,,,,,,,,,,,,,364,0.00
Kevin King,2557996,DB,GB,LA,,,,,,,,,,,,,,,,,,365,0.00
Luther Kirk,2565304,DB,ATL,@JAX,,,,,,,,,,,,,,,,,,366,0.00
Dre Kirkpatrick,2533060,DB,FA,Bye,,,,,,,,,,,,,,,,,,367,0.00
Chris Lammons,2561226,DB,KC,Bye,,,,,,,,,,,,,,,,,,368,0.00
Richard LeCounte III,2565977,DB,CLE,@BAL,,,,,,,,,,,,,,,,,,369,0.00
Anthony Levine,2508004,DB,BAL,CLE,,,,,,,,,,,,,,,,,,370,0.00
Cam Lewis,2563205,DB,BUF,@NO,,,,,,,,,,,,,,,,,,371,0.00
Donnie Lewis,2562910,DB,FA,Bye,,,,,,,,,,,,,,,,,,372,0.00
Zane Lewis,2564928,DB,NYJ,@HOU,,,,,,,,,,,,,,,,,,373,0.00
P.J. Locke,2563012,DB,DEN,LAC,,,,,,,,,,,,,,,,,,374,0.00
David Long,2562798,DB,LA,@GB,,,,,,,,,,,,,,,,,,375,0.00
Jordan Lucas,2555542,DB,FA,Bye,,,,,,,,,,,,,,,,,,376,0.00
Cole Luke,2558968,DB,FA,Bye,,,,,,,,,,,,,,,,,,377,0.00
Dylan Mabin,2563029,DB,NO,BUF,,,,,,,,,,,,,,,,,,378,0.00
Greg Mabin,2558971,DB,TEN,@NE,,,,,,,,,,,,,,,,,,379,0.00
Iman Marshall,2562961,DB,BAL,CLE,,,,,,,,,,,,,,,,,,380,0.00
Tyrann Mathieu,2540180,DB,KC,Bye,,,,,,,,,,,,,,,,,,381,0.00
Marcus Maye,2557995,DB,NYJ,@HOU,,,,,,,,,,,,,,,,,,382,0.00
Nick McCloud,2566638,DB,BUF,@NO,,,,,,,,,,,,,,,,,,383,0.00
Jason McCourty,89756,DB,MIA,CAR,,,,,,,,,,,,,,,,,,384,0.00
Bradley McDougald,2539243,DB,JAX,ATL,,,,,,,,,,,,,,,,,,385,0.00
Sherrick McManis,494289,DB,FA,Bye,,,,,,,,,,,,,,,,,,386,0.00
Zech McPhearson,2566406,DB,PHI,@NYG,,,,,,,,,,,,,,,,,,387,0.00
Torry McTyer,2559053,DB,WAS,SEA,,,,,,,,,,,,,,,,,,388,0.00
Quenton Meeks,2560808,DB,FA,Bye,,,,,,,,,,,,,,,,,,389,0.00
Ifeatu Melifonwu,2566064,DB,DET,CHI,,,,,,,,,,,,,,,,,,390,0.00
Rashaan Melvin,2541200,DB,CAR,@MIA,,,,,,,,,,,,,,,,,,391,0.00
Doug Middleton,2556617,DB,SF,MIN,,,,,,,,,,,,,,,,,,392,0.00
Herb Miller,2563153,DB,CLE,@BAL,,,,,,,,,,,,,,,,,,393,0.00
Jordan Miller,2562497,DB,NO,BUF,,,,,,,,,,,,,,,,,,394,0.00
Chris Milton,2556394,DB,MIA,CAR,,,,,,,,,,,,,,,,,,395,0.00
Jovante Moffatt,2563797,DB,CLE,@BAL,,,,,,,,,,,,,,,,,,396,0.00
Elijah Molden,2566115,DB,TEN,@NE,,,,,,,,,,,,,,,,,,397,0.00
Joshua Moon,2563265,DB,FA,Bye,,,,,,,,,,,,,,,,,,398,0.00
A.J. Moore,2561538,DB,HOU,NYJ,,,,,,,,,,,,,,,,,,399,0.00
Tarvarius Moore,2561117,DB,SF,MIN,,,,,,,,,,,,,,,,,,400,0.00
TJ Morrison,2565651,DB,FA,Bye,,,,,,,,,,,,,,,,,,401,0.00
Parnell Motley,2565237,DB,DET,CHI,,,,,,,,,,,,,,,,,,402,0.00
Israel Mukuamu,2566013,DB,DAL,LV,,,,,,,,,,,,,,,,,,403,0.00
Trayvon Mullen,2562380,DB,LV,@DAL,,,,,,,,,,,,,,,,,,404,0.00
Byron Murphy,2562318,DB,ARI,Bye,,,,,,,,,,,,,,,,,,405,0.00
Kai Nacua,2559220,DB,NYJ,@HOU,,,,,,,,,,,,,,,,,,406,0.00
Ryan Neal,2561381,DB,SEA,@WAS,,,,,,,,,,,,,,,,,,407,0.00
Sharrod Neasman,2556443,DB,LA,@GB,,,,,,,,,,,,,,,,,,408,0.00
Nick Nelson,2560819,DB,IND,TB,,,,,,,,,,,,,,,,,,409,0.00
Picasso Nelson,2563002,DB,FA,Bye,,,,,,,,,,,,,,,,,,410,0.00
Keisean Nixon,2562938,DB,LV,@DAL,,,,,,,,,,,,,,,,,,411,0.00
Michael Ojemudia,2563908,DB,DEN,LAC,,,,,,,,,,,,,,,,,,412,0.00
Jeff Okudah,2563944,DB,DET,CHI,,,,,,,,,,,,,,,,,,413,0.00
Isaiah Oliver,2560830,DB,ATL,@JAX,,,,,,,,,,,,,,,,,,414,0.00
Kareem Orr,2563274,DB,LA,@GB,,,,,,,,,,,,,,,,,,415,0.00
Will Parks,2556278,DB,NYJ,@HOU,,,,,,,,,,,,,,,,,,416,0.00
Jabrill Peppers,2557980,DB,NYG,PHI,,,,,,,,,,,,,,,,,,417,0.00
Jomal Wiltz,2559283,DB,MIA,CAR,,,,,,,,,,,,,,,,,,418,0.00
Jordyn Peters,2565750,DB,FA,Bye,,,,,,,,,,,,,,,,,,419,0.00
Marcus Peters,2552488,DB,BAL,CLE,,,,,,,,,,,,,,,,,,420,0.00
Kevin Peterson,2556764,DB,ARI,Bye,,,,,,,,,,,,,,,,,,421,0.00
Brian Poole,2556445,DB,IND,TB,,,,,,,,,,,,,,,,,,422,0.00
Bobby Price,2563953,DB,DET,CHI,,,,,,,,,,,,,,,,,,423,0.00
Troy Pride,2563662,DB,CAR,@MIA,,,,,,,,,,,,,,,,,,424,0.00
Glover Quin,71441,DB,FA,Bye,,,,,,,,,,,,,,,,,,425,0.00
Damarious Randall,2552389,DB,FA,Bye,,,,,,,,,,,,,,,,,,426,0.00
Jeremy Reaves,2561394,DB,WAS,SEA,,,,,,,,,,,,,,,,,,427,0.00
Will Redmond,2555545,DB,IND,TB,,,,,,,,,,,,,,,,,,428,0.00
John Reid,2564088,DB,SEA,@WAS,,,,,,,,,,,,,,,,,,429,0.00
Justin Reid,2560851,DB,HOU,NYJ,,,,,,,,,,,,,,,,,,430,0.00
Jordan Richards,2552392,DB,BAL,CLE,,,,,,,,,,,,,,,,,,431,0.00
Darryl Roberts,2553353,DB,WAS,SEA,,,,,,,,,,,,,,,,,,432,0.00
Amik Robertson,2564430,DB,LV,@DAL,,,,,,,,,,,,,,,,,,433,0.00
Nickell Robey-Coleman,2540197,DB,DET,CHI,,,,,,,,,,,,,,,,,,434,0.00
Kenny Robinson,2563674,DB,CAR,@MIA,,,,,,,,,,,,,,,,,,435,0.00
Patrick Robinson,2508084,DB,FA,Bye,,,,,,,,,,,,,,,,,,436,0.00
Rashard Robinson,2555546,DB,TB,@IND,,,,,,,,,,,,,,,,,,437,0.00
Reggie Robinson II,2563863,DB,DAL,LV,,,,,,,,,,,,,,,,,,438,0.00
Tyree Robinson,2561519,DB,FA,Bye,,,,,,,,,,,,,,,,,,439,0.00
Winston Rose,2556670,DB,FA,Bye,,,,,,,,,,,,,,,,,,440,0.00
D'Angelo Ross,2563057,DB,NE,TEN,,,,,,,,,,,,,,,,,,441,0.00
Brandon Rusnak,2562912,DB,JAX,ATL,,,,,,,,,,,,,,,,,,442,0.00
KeiVarae Russell,2555547,DB,NO,BUF,,,,,,,,,,,,,,,,,,443,0.00
Logan Ryan,2540162,DB,NYG,PHI,,,,,,,,,,,,,,,,,,444,0.00
Asante Samuel Jr.,2566511,DB,LAC,@DEN,,,,,,,,,,,,,,,,,,445,0.00
Stanford Samuels III,2564022,DB,FA,Bye,,,,,,,,,,,,,,,,,,446,0.00
Josiah Scott,2564229,DB,PHI,@NYG,,,,,,,,,,,,,,,,,,447,0.00
Vernon Scott,2564028,DB,GB,LA,,,,,,,,,,,,,,,,,,448,0.00
Kevon Seymour,2555549,DB,BAL,CLE,,,,,,,,,,,,,,,,,,449,0.00
Kendall Sheffield,2562730,DB,ATL,@JAX,,,,,,,,,,,,,,,,,,450,0.00
Duke Shelley,2562957,DB,CHI,@DET,,,,,,,,,,,,,,,,,,451,0.00
Richard Sherman,2495507,DB,TB,@IND,,,,,,,,,,,,,,,,,,452,0.00
Jamien Sherwood,2565762,DB,NYJ,@HOU,,,,,,,,,,,,,,,,,,453,0.00
LeShaun Sims,2555551,DB,FA,Bye,,,,,,,,,,,,,,,,,,454,0.00
Kemah Siverand,2565189,DB,FA,Bye,,,,,,,,,,,,,,,,,,455,0.00
Jimmy Smith,2508107,DB,BAL,CLE,,,,,,,,,,,,,,,,,,456,0.00
Maurice Smith,2559058,DB,FA,Bye,,,,,,,,,,,,,,,,,,457,0.00
Ryan Smith,2555552,DB,LAC,@DEN,,,,,,,,,,,,,,,,,,458,0.00
Saivion Smith,2562741,DB,DET,CHI,,,,,,,,,,,,,,,,,,459,0.00
Tremon Smith,2561103,DB,HOU,NYJ,,,,,,,,,,,,,,,,,,460,0.00
Tye Smith,2552449,DB,MIN,@SF,,,,,,,,,,,,,,,,,,461,0.00
L'Jarius Sneed,2564304,DB,KC,Bye,,,,,,,,,,,,,,,,,,462,0.00
Daniel Sorensen,2550257,DB,KC,Bye,,,,,,,,,,,,,,,,,,463,0.00
Benjamin St-Juste,2566604,DB,WAS,SEA,,,,,,,,,,,,,,,,,,464,0.00
Linden Stephens,2561277,DB,PIT,@CIN,,,,,,,,,,,,,,,,,,465,0.00
JaCoby Stevens,2566412,DB,PHI,@NYG,,,,,,,,,,,,,,,,,,466,0.00
M.J. Stewart,2560884,DB,CLE,@BAL,,,,,,,,,,,,,,,,,,467,0.00
Donovan Stiner,2565795,DB,PIT,@CIN,,,,,,,,,,,,,,,,,,468,0.00
Corey Straughter,2565636,DB,FA,Bye,,,,,,,,,,,,,,,,,,469,0.00
Greg Stroman,2560886,DB,FA,Bye,,,,,,,,,,,,,,,,,,470,0.00
Chandon Sullivan,2560887,DB,GB,LA,,,,,,,,,,,,,,,,,,471,0.00
D.J. Swearinger,2539943,DB,IND,TB,,,,,,,,,,,,,,,,,,472,0.00
Teez Tabor,2557955,DB,CHI,@DET,,,,,,,,,,,,,,,,,,473,0.00
Cordrea Tankersley,2557931,DB,FA,Bye,,,,,,,,,,,,,,,,,,474,0.00
Keith Taylor,2565911,DB,CAR,@MIA,,,,,,,,,,,,,,,,,,475,0.00
Shakial Taylor,2563129,DB,FA,Bye,,,,,,,,,,,,,,,,,,476,0.00
Marvell Tell,2562757,DB,IND,TB,,,,,,,,,,,,,,,,,,477,0.00
Ambry Thomas,2566547,DB,SF,MIN,,,,,,,,,,,,,,,,,,478,0.00
Josh Thomas,2565387,DB,BUF,@NO,,,,,,,,,,,,,,,,,,479,0.00
Stantley Thomas-Oliver,2563689,DB,CAR,@MIA,,,,,,,,,,,,,,,,,,480,0.00
Darian Thompson,2555154,DB,DAL,LV,,,,,,,,,,,,,,,,,,481,0.00
Deionte Thompson,2562760,DB,ARI,Bye,,,,,,,,,,,,,,,,,,482,0.00
Jalen Thompson,2563339,DB,ARI,Bye,,,,,,,,,,,,,,,,,,483,0.00
Tariq Thompson,2566644,DB,FA,Bye,,,,,,,,,,,,,,,,,,484,0.00
Juan Thornhill,2562761,DB,KC,Bye,,,,,,,,,,,,,,,,,,485,0.00
Kenny Vaccaro,2539320,DB,FA,Bye,,,,,,,,,,,,,,,,,,486,0.00
Donte Vaughn,2565084,DB,FA,Bye,,,,,,,,,,,,,,,,,,487,0.00
Jason Verrett,2543493,DB,SF,MIN,,,,,,,,,,,,,,,,,,488,0.00
Kindle Vildor,2563713,DB,CHI,@DET,,,,,,,,,,,,,,,,,,489,0.00
Kary Vincent Jr.,2566046,DB,PHI,@NYG,,,,,,,,,,,,,,,,,,490,0.00
Dee Virgin,2559274,DB,FA,Bye,,,,,,,,,,,,,,,,,,491,0.00
Lamont Wade,2565798,DB,FA,Bye,,,,,,,,,,,,,,,,,,492,0.00
K'Von Wallace,2564871,DB,PHI,@NYG,,,,,,,,,,,,,,,,,,493,0.00
Charvarius Ward,2561417,DB,KC,Bye,,,,,,,,,,,,,,,,,,494,0.00
Nigel Warrior,2563590,DB,SEA,@WAS,,,,,,,,,,,,,,,,,,495,0.00
Ar'Darius Washington,2566632,DB,BAL,CLE,,,,,,,,,,,,,,,,,,496,0.00
Charles Washington,2556703,DB,ARI,Bye,,,,,,,,,,,,,,,,,,497,0.00
Keith Washington,2564706,DB,FA,Bye,,,,,,,,,,,,,,,,,,498,0.00
Jaylen Watkins,2543707,DB,FA,Bye,,,,,,,,,,,,,,,,,,499,0.00
Armani Watts,2560921,DB,KC,Bye,,,,,,,,,,,,,,,,,,500,0.00
Trae Waynes,2552448,DB,CIN,PIT,,,,,,,,,,,,,,,,,,501,0.00
Mark Webb,2566523,DB,LAC,@DEN,,,,,,,,,,,,,,,,,,502,0.00
Chris Westry,2562902,DB,BAL,CLE,,,,,,,,,,,,,,,,,,503,0.00
Brendon White,2565765,DB,FA,Bye,,,,,,,,,,,,,,,,,,504,0.00
Jace Whittaker,2564955,DB,ARI,Bye,,,,,,,,,,,,,,,,,,505,0.00
Chris Wilcox,2566577,DB,IND,TB,,,,,,,,,,,,,,,,,,506,0.00
Rachad Wildgoose,2565881,DB,NYJ,@HOU,,,,,,,,,,,,,,,,,,507,0.00
LaDarius Wiley,2563280,DB,FA,Bye,,,,,,,,,,,,,,,,,,508,0.00
Greedy Williams,2562785,DB,CLE,@BAL,,,,,,,,,,,,,,,,,,509,0.00
Jarren Williams,2564958,DB,NYG,PHI,,,,,,,,,,,,,,,,,,510,0.00
Rodarius Williams,2566379,DB,NYG,PHI,,,,,,,,,,,,,,,,,,511,0.00
Shawn Williams,2539233,DB,ATL,@JAX,,,,,,,,,,,,,,,,,,512,0.00
Trill Williams,2565714,DB,MIA,CAR,,,,,,,,,,,,,,,,,,513,0.00
Chris Williamson,2564784,DB,FA,Bye,,,,,,,,,,,,,,,,,,514,0.00
Khari Willis,2562602,DB,IND,TB,,,,,,,,,,,,,,,,,,515,0.00
Brandon Wilson,2558786,DB,CIN,PIT,,,,,,,,,,,,,,,,,,516,0.00
Donovan Wilson,2562604,DB,DAL,LV,,,,,,,,,,,,,,,,,,517,0.00
Jarrod Wilson,2556711,DB,SF,MIN,,,,,,,,,,,,,,,,,,518,0.00
Marco Wilson,2566439,DB,ARI,Bye,,,,,,,,,,,,,,,,,,519,0.00
Quincy Wilson,2557961,DB,FA,Bye,,,,,,,,,,,,,,,,,,520,0.00
Tavon Wilson,2534830,DB,SF,MIN,,,,,,,,,,,,,,,,,,521,0.00
Daryl Worley,2555394,DB,BAL,CLE,,,,,,,,,,,,,,,,,,522,0.00
Blidi Wreh-Wilson,2539219,DB,TB,@IND,,,,,,,,,,,,,,,,,,523,0.00
Nahshon Wright,2566022,DB,DAL,LV,,,,,,,,,,,,,,,,,,524,0.00
Isaac Yiadom,2560946,DB,GB,LA,,,,,,,,,,,,,,,,,,525,0.00
