[{"PlayerName":"Rashaad Penny","PlayerId":"2560835","Pos":"RB","Team":"SEA","PlayerOpponent":"DET","PassingYDS":"","PassingTD":"","PassingInt":"","RushingYDS":"170","RushingTD":"2","ReceivingRec":"2","ReceivingYDS":"15","ReceivingTD":"","RetTD":"","FumTD":"","2PT":"","Fum":"","PlayerWeekProjectedPts":"12.65","Rank":1,"TotalPoints":"31.50","ProjectionDiff":18.85},{"PlayerName":"Najee Harris","PlayerId":"2566448","Pos":"RB","Team":"PIT","PlayerOpponent":"CLE","PassingYDS":"","PassingTD":"","PassingInt":"","RushingYDS":"188","RushingTD":"1","ReceivingRec":"3","ReceivingYDS":"18","ReceivingTD":"","RetTD":"","FumTD":"","2PT":"","Fum":"","PlayerWeekProjectedPts":"15.05","Rank":2,"TotalPoints":"28.10","ProjectionDiff":13.05},{"PlayerName":"Darrel Williams","PlayerId":"2560935","Pos":"RB","Team":"KC","PlayerOpponent":"@CIN","PassingYDS":"","PassingTD":"","PassingInt":"","RushingYDS":"88","RushingTD":"2","ReceivingRec":"3","ReceivingYDS":"19","ReceivingTD":"","RetTD":"","FumTD":"","2PT":"","Fum":"","PlayerWeekProjectedPts":"11.79","Rank":3,"TotalPoints":"24.20","ProjectionDiff":12.41},{"PlayerName":"Devin Singletary","PlayerId":"2562734","Pos":"RB","Team":"BUF","PlayerOpponent":"ATL","PassingYDS":"","PassingTD":"","PassingInt":"","RushingYDS":"110","RushingTD":"2","ReceivingRec":"","ReceivingYDS":"","ReceivingTD":"","RetTD":"","FumTD":"","2PT":"","Fum":"","PlayerWeekProjectedPts":"11.42","Rank":4,"TotalPoints":"23.00","ProjectionDiff":11.58},{"PlayerName":"Rhamondre Stevenson","PlayerId":"2566343","Pos":"RB","Team":"NE","PlayerOpponent":"JAX","PassingYDS":"","PassingTD":"","PassingInt":"","RushingYDS":"107","RushingTD":"2","ReceivingRec":"","ReceivingYDS":"","ReceivingTD":"","RetTD":"","FumTD":"","2PT":"","Fum":"","PlayerWeekProjectedPts":"8.94","Rank":5,"TotalPoints":"22.70","ProjectionDiff":13.76},{"PlayerName":"Boston Scott","PlayerId":"2561146","Pos":"RB","Team":"PHI","PlayerOpponent":"@WAS","PassingYDS":"","PassingTD":"","PassingInt":"","RushingYDS":"47","RushingTD":"2","ReceivingRec":"4","ReceivingYDS":"39","ReceivingTD":"","RetTD":"","FumTD":"","2PT":"","Fum":"","PlayerWeekProjectedPts":"9.78","Rank":6,"TotalPoints":"22.60","ProjectionDiff":12.82},{"PlayerName":"A.J. Dillon","PlayerId":"2563986","Pos":"RB","Team":"GB","PlayerOpponent":"MIN","PassingYDS":"","PassingTD":"","PassingInt":"","RushingYDS":"63","RushingTD":"2","ReceivingRec":"2","ReceivingYDS":"20","ReceivingTD":"","RetTD":"","FumTD":"","2PT":"","Fum":"","PlayerWeekProjectedPts":"7.34","Rank":7,"TotalPoints":"21.30","ProjectionDiff":13.96},{"PlayerName":"Elijah Mitchell","PlayerId":"2566538","Pos":"RB","Team":"SF","PlayerOpponent":"HOU","PassingYDS":"","PassingTD":"","PassingInt":"","RushingYDS":"119","RushingTD":"","ReceivingRec":"2","ReceivingYDS":"11","ReceivingTD":"1","RetTD":"","FumTD":"","2PT":"","Fum":"","PlayerWeekProjectedPts":"12.16","Rank":8,"TotalPoints":"20.00","ProjectionDiff":7.84},{"PlayerName":"D'Onta Foreman","PlayerId":"2557994","Pos":"RB","Team":"TEN","PlayerOpponent":"MIA","PassingYDS":"","PassingTD":"","PassingInt":"","RushingYDS":"132","RushingTD":"1","ReceivingRec":"","ReceivingYDS":"","ReceivingTD":"","RetTD":"","FumTD":"","2PT":"","Fum":"","PlayerWeekProjectedPts":"11.90","Rank":9,"TotalPoints":"19.20","ProjectionDiff":7.3},{"PlayerName":"David Montgomery","PlayerId":"2562502","Pos":"RB","Team":"CHI","PlayerOpponent":"NYG","PassingYDS":"","PassingTD":"","PassingInt":"1","RushingYDS":"64","RushingTD":"2","ReceivingRec":"2","ReceivingYDS":"17","ReceivingTD":"","RetTD":"","FumTD":"","2PT":"","Fum":"","PlayerWeekProjectedPts":"14.77","Rank":10,"TotalPoints":"19.10","ProjectionDiff":4.33},{"PlayerName":"Austin Ekeler","PlayerId":"2559169","Pos":"RB","Team":"LAC","PlayerOpponent":"DEN","PassingYDS":"","PassingTD":"","PassingInt":"","RushingYDS":"58","RushingTD":"1","ReceivingRec":"3","ReceivingYDS":"54","ReceivingTD":"","RetTD":"","FumTD":"","2PT":"","Fum":"","PlayerWeekProjectedPts":"14.84","Rank":11,"TotalPoints":"18.70","ProjectionDiff":3.86},{"PlayerName":"Alvin Kamara","PlayerId":"2558019","Pos":"RB","Team":"NO","PlayerOpponent":"CAR","PassingYDS":"","PassingTD":"","PassingInt":"","RushingYDS":"32","RushingTD":"","ReceivingRec":"5","ReceivingYDS":"68","ReceivingTD":"1","RetTD":"","FumTD":"","2PT":"","Fum":"","PlayerWeekProjectedPts":"15.52","Rank":12,"TotalPoints":"18.50","ProjectionDiff":2.98},{"PlayerName":"Jaret Patterson","PlayerId":"2567160","Pos":"RB","Team":"WAS","PlayerOpponent":"PHI","PassingYDS":"","PassingTD":"","PassingInt":"","RushingYDS":"57","RushingTD":"1","ReceivingRec":"5","ReceivingYDS":"41","ReceivingTD":"","RetTD":"","FumTD":"","2PT":"","Fum":"","PlayerWeekProjectedPts":"11.60","Rank":13,"TotalPoints":"18.30","ProjectionDiff":6.7},{"PlayerName":"Jonathan Taylor","PlayerId":"2564148","Pos":"RB","Team":"IND","PlayerOpponent":"LV","PassingYDS":"","PassingTD":"","PassingInt":"","RushingYDS":"108","RushingTD":"1","ReceivingRec":"1","ReceivingYDS":"6","ReceivingTD":"","RetTD":"","FumTD":"","2PT":"","Fum":"","PlayerWeekProjectedPts":"16.09","Rank":14,"TotalPoints":"17.90","ProjectionDiff":1.81},{"PlayerName":"Sony Michel","PlayerId":"2560809","Pos":"RB","Team":"LA","PlayerOpponent":"@BAL","PassingYDS":"","PassingTD":"","PassingInt":"","RushingYDS":"74","RushingTD":"1","ReceivingRec":"3","ReceivingYDS":"25","ReceivingTD":"","RetTD":"","FumTD":"","2PT":"","Fum":"","PlayerWeekProjectedPts":"12.37","Rank":15,"TotalPoints":"17.40","ProjectionDiff":5.03},{"PlayerName":"Damien Harris","PlayerId":"2562281","Pos":"RB","Team":"NE","PlayerOpponent":"JAX","PassingYDS":"","PassingTD":"","PassingInt":"","RushingYDS":"35","RushingTD":"2","ReceivingRec":"1","ReceivingYDS":"12","ReceivingTD":"","RetTD":"","FumTD":"","2PT":"","Fum":"","PlayerWeekProjectedPts":"11.02","Rank":16,"TotalPoints":"17.20","ProjectionDiff":6.18},{"PlayerName":"Dontrell Hilliard","PlayerId":"2561461","Pos":"RB","Team":"TEN","PlayerOpponent":"MIA","PassingYDS":"","PassingTD":"","PassingInt":"","RushingYDS":"45","RushingTD":"1","ReceivingRec":"3","ReceivingYDS":"33","ReceivingTD":"","RetTD":"","FumTD":"","2PT":"","Fum":"","PlayerWeekProjectedPts":"4.16","Rank":17,"TotalPoints":"16.30","ProjectionDiff":12.14},{"PlayerName":"Chuba Hubbard","PlayerId":"2565899","Pos":"RB","Team":"CAR","PlayerOpponent":"@NO","PassingYDS":"","PassingTD":"","PassingInt":"","RushingYDS":"55","RushingTD":"1","ReceivingRec":"3","ReceivingYDS":"13","ReceivingTD":"","RetTD":"","FumTD":"","2PT":"","Fum":"","PlayerWeekProjectedPts":"7.90","Rank":18,"TotalPoints":"16.00","ProjectionDiff":8.1},{"PlayerName":"Josh Jacobs","PlayerId":"2562377","Pos":"RB","Team":"LV","PlayerOpponent":"@IND","PassingYDS":"","PassingTD":"","PassingInt":"","RushingYDS":"63","RushingTD":"1","ReceivingRec":"4","ReceivingYDS":"17","ReceivingTD":"","RetTD":"","FumTD":"","2PT":"","Fum":"","PlayerWeekProjectedPts":"14.13","Rank":19,"TotalPoints":"16.00","ProjectionDiff":1.87},{"PlayerName":"Ty Johnson","PlayerId":"2562293","Pos":"RB","Team":"NYJ","PlayerOpponent":"TB","PassingYDS":"","PassingTD":"","PassingInt":"","RushingYDS":"35","RushingTD":"1","ReceivingRec":"3","ReceivingYDS":"47","ReceivingTD":"","RetTD":"","FumTD":"","2PT":"","Fum":"","PlayerWeekProjectedPts":"4.00","Rank":20,"TotalPoints":"15.70","ProjectionDiff":11.7},{"PlayerName":"Dare Ogunbowale","PlayerId":"2559362","Pos":"RB","Team":"JAX","PlayerOpponent":"@NE","PassingYDS":"","PassingTD":"","PassingInt":"","RushingYDS":"36","RushingTD":"","ReceivingRec":"2","ReceivingYDS":"32","ReceivingTD":"1","RetTD":"","FumTD":"","2PT":"","Fum":"","PlayerWeekProjectedPts":"10.17","Rank":21,"TotalPoints":"13.80","ProjectionDiff":3.63},{"PlayerName":"Aaron Jones","PlayerId":"2558116","Pos":"RB","Team":"GB","PlayerOpponent":"MIN","PassingYDS":"","PassingTD":"","PassingInt":"","RushingYDS":"76","RushingTD":"","ReceivingRec":"5","ReceivingYDS":"30","ReceivingTD":"","RetTD":"","FumTD":"","2PT":"","Fum":"","PlayerWeekProjectedPts":"13.92","Rank":22,"TotalPoints":"13.10","ProjectionDiff":-0.82},{"PlayerName":"Mike Davis","PlayerId":"2553439","Pos":"RB","Team":"ATL","PlayerOpponent":"@BUF","PassingYDS":"","PassingTD":"","PassingInt":"","RushingYDS":"42","RushingTD":"1","ReceivingRec":"1","ReceivingYDS":"15","ReceivingTD":"","RetTD":"","FumTD":"","2PT":"","Fum":"","PlayerWeekProjectedPts":"6.30","Rank":23,"TotalPoints":"12.20","ProjectionDiff":5.9},{"PlayerName":"Joe Mixon","PlayerId":"2557976","Pos":"RB","Team":"CIN","PlayerOpponent":"KC","PassingYDS":"","PassingTD":"","PassingInt":"","RushingYDS":"46","RushingTD":"","ReceivingRec":"7","ReceivingYDS":"40","ReceivingTD":"","RetTD":"","FumTD":"","2PT":"","Fum":"","PlayerWeekProjectedPts":"13.85","Rank":24,"TotalPoints":"12.10","ProjectionDiff":-1.75},{"PlayerName":"Jamaal Williams","PlayerId":"2558204","Pos":"RB","Team":"DET","PlayerOpponent":"@SEA","PassingYDS":"","PassingTD":"","PassingInt":"","RushingYDS":"22","RushingTD":"1","ReceivingRec":"3","ReceivingYDS":"22","ReceivingTD":"","RetTD":"","FumTD":"","2PT":"","Fum":"","PlayerWeekProjectedPts":"6.63","Rank":25,"TotalPoints":"11.90","ProjectionDiff":5.27},{"PlayerName":"Chase Edmonds","PlayerId":"2560711","Pos":"RB","Team":"ARI","PlayerOpponent":"@DAL","PassingYDS":"","PassingTD":"","PassingInt":"","RushingYDS":"53","RushingTD":"","ReceivingRec":"5","ReceivingYDS":"29","ReceivingTD":"","RetTD":"","FumTD":"","2PT":"","Fum":"","PlayerWeekProjectedPts":"11.52","Rank":26,"TotalPoints":"10.70","ProjectionDiff":-0.82},{"PlayerName":"Saquon Barkley","PlayerId":"2560968","Pos":"RB","Team":"NYG","PlayerOpponent":"@CHI","PassingYDS":"","PassingTD":"","PassingInt":"","RushingYDS":"102","RushingTD":"","ReceivingRec":"","ReceivingYDS":"","ReceivingTD":"","RetTD":"","FumTD":"","2PT":"","Fum":"","PlayerWeekProjectedPts":"13.54","Rank":27,"TotalPoints":"10.20","ProjectionDiff":-3.34},{"PlayerName":"Justin Jackson","PlayerId":"2560756","Pos":"RB","Team":"LAC","PlayerOpponent":"DEN","PassingYDS":"","PassingTD":"","PassingInt":"","RushingYDS":"41","RushingTD":"","ReceivingRec":"3","ReceivingYDS":"20","ReceivingTD":"","RetTD":"","FumTD":"","2PT":"","Fum":"","PlayerWeekProjectedPts":"6.35","Rank":28,"TotalPoints":"9.30","ProjectionDiff":2.95},{"PlayerName":"Rex Burkhead","PlayerId":"2539265","Pos":"RB","Team":"HOU","PlayerOpponent":"@SF","PassingYDS":"","PassingTD":"","PassingInt":"","RushingYDS":"47","RushingTD":"","ReceivingRec":"6","ReceivingYDS":"32","ReceivingTD":"","RetTD":"","FumTD":"","2PT":"","Fum":"1","PlayerWeekProjectedPts":"11.02","Rank":29,"TotalPoints":"8.90","ProjectionDiff":-2.12},{"PlayerName":"Melvin Gordon","PlayerId":"2552469","Pos":"RB","Team":"DEN","PlayerOpponent":"@LAC","PassingYDS":"","PassingTD":"","PassingInt":"","RushingYDS":"43","RushingTD":"","ReceivingRec":"3","ReceivingYDS":"29","ReceivingTD":"","RetTD":"","FumTD":"","2PT":"","Fum":"","PlayerWeekProjectedPts":"8.56","Rank":30,"TotalPoints":"8.70","ProjectionDiff":0.14},{"PlayerName":"Duke Johnson","PlayerId":"2552461","Pos":"RB","Team":"MIA","PlayerOpponent":"@TEN","PassingYDS":"","PassingTD":"","PassingInt":"","RushingYDS":"49","RushingTD":"","ReceivingRec":"2","ReceivingYDS":"16","ReceivingTD":"","RetTD":"","FumTD":"","2PT":"","Fum":"","PlayerWeekProjectedPts":"9.59","Rank":31,"TotalPoints":"8.50","ProjectionDiff":-1.09},{"PlayerName":"Devonta Freeman","PlayerId":"2543583","Pos":"RB","Team":"BAL","PlayerOpponent":"LA","PassingYDS":"","PassingTD":"","PassingInt":"","RushingYDS":"76","RushingTD":"","ReceivingRec":"1","ReceivingYDS":"1","ReceivingTD":"","RetTD":"","FumTD":"","2PT":"","Fum":"","PlayerWeekProjectedPts":"9.91","Rank":32,"TotalPoints":"8.20","ProjectionDiff":-1.71},{"PlayerName":"Tony Pollard","PlayerId":"2562699","Pos":"RB","Team":"DAL","PlayerOpponent":"ARI","PassingYDS":"","PassingTD":"","PassingInt":"","RushingYDS":"9","RushingTD":"","ReceivingRec":"3","ReceivingYDS":"49","ReceivingTD":"","RetTD":"","FumTD":"","2PT":"","Fum":"","PlayerWeekProjectedPts":"6.72","Rank":33,"TotalPoints":"7.30","ProjectionDiff":0.58},{"PlayerName":"Ameer Abdullah","PlayerId":"2552374","Pos":"RB","Team":"CAR","PlayerOpponent":"@NO","PassingYDS":"","PassingTD":"","PassingInt":"","RushingYDS":"21","RushingTD":"","ReceivingRec":"4","ReceivingYDS":"31","ReceivingTD":"","RetTD":"","FumTD":"","2PT":"","Fum":"","PlayerWeekProjectedPts":"6.09","Rank":34,"TotalPoints":"7.20","ProjectionDiff":1.11},{"PlayerName":"Le'Veon Bell","PlayerId":"2540175","Pos":"RB","Team":"TB","PlayerOpponent":"@NYJ","PassingYDS":"","PassingTD":"","PassingInt":"","RushingYDS":"5","RushingTD":"","ReceivingRec":"3","ReceivingYDS":"30","ReceivingTD":"","RetTD":"","FumTD":"","2PT":"1","Fum":"","PlayerWeekProjectedPts":"2.23","Rank":35,"TotalPoints":"7.00","ProjectionDiff":4.77},{"PlayerName":"Michael Carter","PlayerId":"2566382","Pos":"RB","Team":"NYJ","PlayerOpponent":"TB","PassingYDS":"","PassingTD":"","PassingInt":"","RushingYDS":"54","RushingTD":"","ReceivingRec":"1","ReceivingYDS":"9","ReceivingTD":"","RetTD":"","FumTD":"","2PT":"","Fum":"","PlayerWeekProjectedPts":"14.73","Rank":36,"TotalPoints":"6.80","ProjectionDiff":-7.93},{"PlayerName":"Cordarrelle Patterson","PlayerId":"2540145","Pos":"RB","Team":"ATL","PlayerOpponent":"@BUF","PassingYDS":"","PassingTD":"","PassingInt":"","RushingYDS":"28","RushingTD":"","ReceivingRec":"2","ReceivingYDS":"24","ReceivingTD":"","RetTD":"","FumTD":"","2PT":"","Fum":"","PlayerWeekProjectedPts":"12.82","Rank":37,"TotalPoints":"6.20","ProjectionDiff":-6.62},{"PlayerName":"Nick Chubb","PlayerId":"2561021","Pos":"RB","Team":"CLE","PlayerOpponent":"@PIT","PassingYDS":"","PassingTD":"","PassingInt":"","RushingYDS":"58","RushingTD":"","ReceivingRec":"","ReceivingYDS":"","ReceivingTD":"","RetTD":"","FumTD":"","2PT":"","Fum":"","PlayerWeekProjectedPts":"16.92","Rank":38,"TotalPoints":"5.80","ProjectionDiff":-11.12},{"PlayerName":"Devontae Booker","PlayerId":"2555223","Pos":"RB","Team":"NYG","PlayerOpponent":"@CHI","PassingYDS":"","PassingTD":"","PassingInt":"","RushingYDS":"46","RushingTD":"","ReceivingRec":"2","ReceivingYDS":"","ReceivingTD":"","RetTD":"","FumTD":"","2PT":"","Fum":"","PlayerWeekProjectedPts":"8.80","Rank":39,"TotalPoints":"5.60","ProjectionDiff":-3.2},{"PlayerName":"Ke'Shawn Vaughn","PlayerId":"2565258","Pos":"RB","Team":"TB","PlayerOpponent":"@NYJ","PassingYDS":"","PassingTD":"","PassingInt":"","RushingYDS":"31","RushingTD":"","ReceivingRec":"2","ReceivingYDS":"14","ReceivingTD":"","RetTD":"","FumTD":"","2PT":"","Fum":"","PlayerWeekProjectedPts":"0.00","Rank":40,"TotalPoints":"5.50","ProjectionDiff":5.5},{"PlayerName":"Derrick Gore","PlayerId":"2563347","Pos":"RB","Team":"KC","PlayerOpponent":"@CIN","PassingYDS":"","PassingTD":"","PassingInt":"","RushingYDS":"37","RushingTD":"","ReceivingRec":"1","ReceivingYDS":"8","ReceivingTD":"","RetTD":"","FumTD":"","2PT":"","Fum":"","PlayerWeekProjectedPts":"4.34","Rank":41,"TotalPoints":"5.00","ProjectionDiff":0.66},{"PlayerName":"D'Andre Swift","PlayerId":"2563965","Pos":"RB","Team":"DET","PlayerOpponent":"@SEA","PassingYDS":"","PassingTD":"","PassingInt":"","RushingYDS":"32","RushingTD":"","ReceivingRec":"2","ReceivingYDS":"7","ReceivingTD":"","RetTD":"","FumTD":"","2PT":"","Fum":"","PlayerWeekProjectedPts":"11.81","Rank":42,"TotalPoints":"4.90","ProjectionDiff":-6.91},{"PlayerName":"Austin Walter","PlayerId":"2563138","Pos":"RB","Team":"NYJ","PlayerOpponent":"TB","PassingYDS":"","PassingTD":"","PassingInt":"","RushingYDS":"49","RushingTD":"","ReceivingRec":"","ReceivingYDS":"","ReceivingTD":"","RetTD":"","FumTD":"","2PT":"","Fum":"","PlayerWeekProjectedPts":"2.61","Rank":43,"TotalPoints":"4.90","ProjectionDiff":2.29},{"PlayerName":"Ryquell Armstead","PlayerId":"2562622","Pos":"RB","Team":"JAX","PlayerOpponent":"@NE","PassingYDS":"","PassingTD":"","PassingInt":"","RushingYDS":"28","RushingTD":"","ReceivingRec":"1","ReceivingYDS":"6","ReceivingTD":"","RetTD":"","FumTD":"","2PT":"","Fum":"","PlayerWeekProjectedPts":"3.44","Rank":44,"TotalPoints":"3.90","ProjectionDiff":0.46},{"PlayerName":"Zack Moss","PlayerId":"2563617","Pos":"RB","Team":"BUF","PlayerOpponent":"ATL","PassingYDS":"","PassingTD":"","PassingInt":"","RushingYDS":"39","RushingTD":"","ReceivingRec":"","ReceivingYDS":"","ReceivingTD":"","RetTD":"","FumTD":"","2PT":"","Fum":"","PlayerWeekProjectedPts":"6.83","Rank":45,"TotalPoints":"3.90","ProjectionDiff":-2.93},{"PlayerName":"Nyheim Hines","PlayerId":"2560742","Pos":"RB","Team":"IND","PlayerOpponent":"LV","PassingYDS":"","PassingTD":"","PassingInt":"","RushingYDS":"4","RushingTD":"","ReceivingRec":"4","ReceivingYDS":"14","ReceivingTD":"","RetTD":"","FumTD":"","2PT":"","Fum":"","PlayerWeekProjectedPts":"5.25","Rank":46,"TotalPoints":"3.80","ProjectionDiff":-1.45},{"PlayerName":"Javonte Williams","PlayerId":"2566049","Pos":"RB","Team":"DEN","PlayerOpponent":"@LAC","PassingYDS":"","PassingTD":"","PassingInt":"","RushingYDS":"30","RushingTD":"","ReceivingRec":"1","ReceivingYDS":"2","ReceivingTD":"","RetTD":"","FumTD":"","2PT":"","Fum":"","PlayerWeekProjectedPts":"11.58","Rank":47,"TotalPoints":"3.70","ProjectionDiff":-7.88},{"PlayerName":"Jaylen Samuels","PlayerId":"2560862","Pos":"RB","Team":"HOU","PlayerOpponent":"@SF","PassingYDS":"","PassingTD":"","PassingInt":"","RushingYDS":"7","RushingTD":"","ReceivingRec":"3","ReceivingYDS":"14","ReceivingTD":"","RetTD":"","FumTD":"","2PT":"","Fum":"","PlayerWeekProjectedPts":"1.92","Rank":48,"TotalPoints":"3.60","ProjectionDiff":1.68},{"PlayerName":"Brandon Bolden","PlayerId":"2532797","Pos":"RB","Team":"NE","PlayerOpponent":"JAX","PassingYDS":"","PassingTD":"","PassingInt":"","RushingYDS":"4","RushingTD":"","ReceivingRec":"2","ReceivingYDS":"21","ReceivingTD":"","RetTD":"","FumTD":"","2PT":"","Fum":"","PlayerWeekProjectedPts":"5.84","Rank":49,"TotalPoints":"3.50","ProjectionDiff":-2.34},{"PlayerName":"Ezekiel Elliott","PlayerId":"2555224","Pos":"RB","Team":"DAL","PlayerOpponent":"ARI","PassingYDS":"","PassingTD":"","PassingInt":"","RushingYDS":"16","RushingTD":"","ReceivingRec":"1","ReceivingYDS":"14","ReceivingTD":"","RetTD":"","FumTD":"","2PT":"","Fum":"","PlayerWeekProjectedPts":"11.58","Rank":50,"TotalPoints":"3.50","ProjectionDiff":-8.08},{"PlayerName":"Derek Watt","PlayerId":"2555220","Pos":"RB","Team":"PIT","PlayerOpponent":"CLE","PassingYDS":"","PassingTD":"","PassingInt":"","RushingYDS":"1","RushingTD":"","ReceivingRec":"","ReceivingYDS":"","ReceivingTD":"","RetTD":"","FumTD":"","2PT":"","Fum":"","PlayerWeekProjectedPts":"0.68","Rank":51,"TotalPoints":"3.40","ProjectionDiff":2.72},{"PlayerName":"Alexander Mattison","PlayerId":"2562682","Pos":"RB","Team":"MIN","PlayerOpponent":"@GB","PassingYDS":"","PassingTD":"","PassingInt":"","RushingYDS":"","RushingTD":"","ReceivingRec":"4","ReceivingYDS":"13","ReceivingTD":"","RetTD":"","FumTD":"","2PT":"","Fum":"","PlayerWeekProjectedPts":"4.86","Rank":52,"TotalPoints":"3.30","ProjectionDiff":-1.56},{"PlayerName":"Ronald Jones","PlayerId":"2560770","Pos":"RB","Team":"TB","PlayerOpponent":"@NYJ","PassingYDS":"","PassingTD":"","PassingInt":"","RushingYDS":"26","RushingTD":"","ReceivingRec":"1","ReceivingYDS":"1","ReceivingTD":"","RetTD":"","FumTD":"","2PT":"","Fum":"","PlayerWeekProjectedPts":"12.39","Rank":53,"TotalPoints":"3.20","ProjectionDiff":-9.19},{"PlayerName":"Wendell Smallwood","PlayerId":"2555461","Pos":"RB","Team":"WAS","PlayerOpponent":"PHI","PassingYDS":"","PassingTD":"","PassingInt":"","RushingYDS":"12","RushingTD":"","ReceivingRec":"2","ReceivingYDS":"10","ReceivingTD":"","RetTD":"","FumTD":"","2PT":"","Fum":"","PlayerWeekProjectedPts":"2.20","Rank":54,"TotalPoints":"3.20","ProjectionDiff":1.0},{"PlayerName":"Latavius Murray","PlayerId":"2541161","Pos":"RB","Team":"BAL","PlayerOpponent":"LA","PassingYDS":"","PassingTD":"","PassingInt":"","RushingYDS":"31","RushingTD":"","ReceivingRec":"","ReceivingYDS":"","ReceivingTD":"","RetTD":"","FumTD":"","2PT":"","Fum":"","PlayerWeekProjectedPts":"4.70","Rank":55,"TotalPoints":"3.10","ProjectionDiff":-1.6},{"PlayerName":"Jonathan Ward","PlayerId":"2564949","Pos":"RB","Team":"ARI","PlayerOpponent":"@DAL","PassingYDS":"","PassingTD":"","PassingInt":"","RushingYDS":"3","RushingTD":"","ReceivingRec":"1","ReceivingYDS":"23","ReceivingTD":"","RetTD":"","FumTD":"","2PT":"","Fum":"","PlayerWeekProjectedPts":"1.87","Rank":56,"TotalPoints":"3.10","ProjectionDiff":1.23},{"PlayerName":"Dalvin Cook","PlayerId":"2557991","Pos":"RB","Team":"MIN","PlayerOpponent":"@GB","PassingYDS":"","PassingTD":"","PassingInt":"","RushingYDS":"13","RushingTD":"","ReceivingRec":"3","ReceivingYDS":"","ReceivingTD":"","RetTD":"","FumTD":"","2PT":"","Fum":"","PlayerWeekProjectedPts":"15.93","Rank":57,"TotalPoints":"2.80","ProjectionDiff":-13.13},{"PlayerName":"JaMycal Hasty","PlayerId":"2565108","Pos":"RB","Team":"SF","PlayerOpponent":"HOU","PassingYDS":"","PassingTD":"","PassingInt":"","RushingYDS":"","RushingTD":"","ReceivingRec":"1","ReceivingYDS":"6","ReceivingTD":"","RetTD":"","FumTD":"","2PT":"","Fum":"","PlayerWeekProjectedPts":"2.55","Rank":58,"TotalPoints":"2.80","ProjectionDiff":0.25},{"PlayerName":"Jalen Richard","PlayerId":"2556885","Pos":"RB","Team":"LV","PlayerOpponent":"@IND","PassingYDS":"","PassingTD":"","PassingInt":"","RushingYDS":"4","RushingTD":"","ReceivingRec":"1","ReceivingYDS":"19","ReceivingTD":"","RetTD":"","FumTD":"","2PT":"","Fum":"","PlayerWeekProjectedPts":"1.44","Rank":59,"TotalPoints":"2.80","ProjectionDiff":1.36},{"PlayerName":"Travis Homer","PlayerId":"2562665","Pos":"RB","Team":"SEA","PlayerOpponent":"DET","PassingYDS":"","PassingTD":"","PassingInt":"","RushingYDS":"27","RushingTD":"","ReceivingRec":"","ReceivingYDS":"","ReceivingTD":"","RetTD":"","FumTD":"","2PT":"","Fum":"","PlayerWeekProjectedPts":"3.22","Rank":60,"TotalPoints":"2.70","ProjectionDiff":-0.52},{"PlayerName":"Kyle Juszczyk","PlayerId":"2540230","Pos":"RB","Team":"SF","PlayerOpponent":"HOU","PassingYDS":"","PassingTD":"","PassingInt":"","RushingYDS":"","RushingTD":"","ReceivingRec":"2","ReceivingYDS":"9","ReceivingTD":"","RetTD":"","FumTD":"","2PT":"","Fum":"","PlayerWeekProjectedPts":"3.00","Rank":61,"TotalPoints":"2.70","ProjectionDiff":-0.3},{"PlayerName":"Benny Snell","PlayerId":"2562743","Pos":"RB","Team":"PIT","PlayerOpponent":"CLE","PassingYDS":"","PassingTD":"","PassingInt":"","RushingYDS":"2","RushingTD":"","ReceivingRec":"","ReceivingYDS":"","ReceivingTD":"","RetTD":"","FumTD":"","2PT":"","Fum":"","PlayerWeekProjectedPts":"2.04","Rank":62,"TotalPoints":"2.70","ProjectionDiff":0.66},{"PlayerName":"Jordan Howard","PlayerId":"2555418","Pos":"RB","Team":"PHI","PlayerOpponent":"@WAS","PassingYDS":"","PassingTD":"","PassingInt":"","RushingYDS":"26","RushingTD":"","ReceivingRec":"","ReceivingYDS":"","ReceivingTD":"","RetTD":"","FumTD":"","2PT":"","Fum":"","PlayerWeekProjectedPts":"6.98","Rank":63,"TotalPoints":"2.60","ProjectionDiff":-4.38},{"PlayerName":"Royce Freeman","PlayerId":"2560733","Pos":"RB","Team":"HOU","PlayerOpponent":"@SF","PassingYDS":"","PassingTD":"","PassingInt":"","RushingYDS":"25","RushingTD":"","ReceivingRec":"","ReceivingYDS":"","ReceivingTD":"","RetTD":"","FumTD":"","2PT":"","Fum":"","PlayerWeekProjectedPts":"4.50","Rank":64,"TotalPoints":"2.50","ProjectionDiff":-2.0},{"PlayerName":"Myles Gaskin","PlayerId":"2562270","Pos":"RB","Team":"MIA","PlayerOpponent":"@TEN","PassingYDS":"","PassingTD":"","PassingInt":"","RushingYDS":"23","RushingTD":"","ReceivingRec":"","ReceivingYDS":"","ReceivingTD":"","RetTD":"","FumTD":"","2PT":"","Fum":"","PlayerWeekProjectedPts":"5.57","Rank":65,"TotalPoints":"2.30","ProjectionDiff":-3.27},{"PlayerName":"Jonathan Williams","PlayerId":"2555227","Pos":"RB","Team":"WAS","PlayerOpponent":"PHI","PassingYDS":"","PassingTD":"","PassingInt":"","RushingYDS":"4","RushingTD":"","ReceivingRec":"2","ReceivingYDS":"7","ReceivingTD":"","RetTD":"","FumTD":"","2PT":"","Fum":"","PlayerWeekProjectedPts":"3.38","Rank":66,"TotalPoints":"2.10","ProjectionDiff":-1.28},{"PlayerName":"D'Ernest Johnson","PlayerId":"2563327","Pos":"RB","Team":"CLE","PlayerOpponent":"@PIT","PassingYDS":"","PassingTD":"","PassingInt":"","RushingYDS":"13","RushingTD":"","ReceivingRec":"1","ReceivingYDS":"1","ReceivingTD":"","RetTD":"","FumTD":"","2PT":"","Fum":"","PlayerWeekProjectedPts":"5.05","Rank":67,"TotalPoints":"1.90","ProjectionDiff":-3.15},{"PlayerName":"Qadree Ollison","PlayerId":"2562797","Pos":"RB","Team":"ATL","PlayerOpponent":"@BUF","PassingYDS":"","PassingTD":"","PassingInt":"","RushingYDS":"19","RushingTD":"","ReceivingRec":"","ReceivingYDS":"","ReceivingTD":"","RetTD":"","FumTD":"","2PT":"","Fum":"","PlayerWeekProjectedPts":"2.15","Rank":68,"TotalPoints":"1.90","ProjectionDiff":-0.25},{"PlayerName":"Samaje Perine","PlayerId":"2558138","Pos":"RB","Team":"CIN","PlayerOpponent":"KC","PassingYDS":"","PassingTD":"","PassingInt":"","RushingYDS":"4","RushingTD":"","ReceivingRec":"1","ReceivingYDS":"10","ReceivingTD":"","RetTD":"","FumTD":"","2PT":"","Fum":"","PlayerWeekProjectedPts":"3.82","Rank":69,"TotalPoints":"1.90","ProjectionDiff":-1.92},{"PlayerName":"Craig Reynolds","PlayerId":"2562834","Pos":"RB","Team":"DET","PlayerOpponent":"@SEA","PassingYDS":"","PassingTD":"","PassingInt":"","RushingYDS":"4","RushingTD":"","ReceivingRec":"1","ReceivingYDS":"9","ReceivingTD":"","RetTD":"","FumTD":"","2PT":"","Fum":"","PlayerWeekProjectedPts":"3.41","Rank":70,"TotalPoints":"1.80","ProjectionDiff":-1.61},{"PlayerName":"Patrick Taylor","PlayerId":"2564040","Pos":"RB","Team":"GB","PlayerOpponent":"MIN","PassingYDS":"","PassingTD":"","PassingInt":"","RushingYDS":"18","RushingTD":"","ReceivingRec":"","ReceivingYDS":"","ReceivingTD":"","RetTD":"","FumTD":"","2PT":"","Fum":"","PlayerWeekProjectedPts":"2.40","Rank":71,"TotalPoints":"1.80","ProjectionDiff":-0.6},{"PlayerName":"Nathan Cottrell","PlayerId":"2564175","Pos":"RB","Team":"JAX","PlayerOpponent":"@NE","PassingYDS":"","PassingTD":"","PassingInt":"","RushingYDS":"","RushingTD":"","ReceivingRec":"","ReceivingYDS":"","ReceivingTD":"","RetTD":"","FumTD":"","2PT":"","Fum":"","PlayerWeekProjectedPts":"1.26","Rank":72,"TotalPoints":"1.70","ProjectionDiff":0.44},{"PlayerName":"Keith Smith","PlayerId":"2550400","Pos":"RB","Team":"ATL","PlayerOpponent":"@BUF","PassingYDS":"","PassingTD":"","PassingInt":"","RushingYDS":"","RushingTD":"","ReceivingRec":"","ReceivingYDS":"","ReceivingTD":"","RetTD":"","FumTD":"","2PT":"","Fum":"","PlayerWeekProjectedPts":"0.92","Rank":73,"TotalPoints":"1.70","ProjectionDiff":0.78},{"PlayerName":"Damien Williams","PlayerId":"2550512","Pos":"RB","Team":"CHI","PlayerOpponent":"NYG","PassingYDS":"","PassingTD":"","PassingInt":"","RushingYDS":"","RushingTD":"","ReceivingRec":"","ReceivingYDS":"","ReceivingTD":"","RetTD":"","FumTD":"","2PT":"","Fum":"","PlayerWeekProjectedPts":"2.71","Rank":74,"TotalPoints":"1.70","ProjectionDiff":-1.01},{"PlayerName":"Jeff Wilson","PlayerId":"2560938","Pos":"RB","Team":"SF","PlayerOpponent":"HOU","PassingYDS":"","PassingTD":"","PassingInt":"","RushingYDS":"","RushingTD":"","ReceivingRec":"","ReceivingYDS":"","ReceivingTD":"","RetTD":"","FumTD":"","2PT":"","Fum":"","PlayerWeekProjectedPts":"4.10","Rank":75,"TotalPoints":"1.70","ProjectionDiff":-2.4},{"PlayerName":"Phillip Lindsay","PlayerId":"2559947","Pos":"RB","Team":"MIA","PlayerOpponent":"@TEN","PassingYDS":"","PassingTD":"","PassingInt":"","RushingYDS":"1","RushingTD":"","ReceivingRec":"1","ReceivingYDS":"8","ReceivingTD":"","RetTD":"","FumTD":"","2PT":"","Fum":"","PlayerWeekProjectedPts":"2.93","Rank":76,"TotalPoints":"1.40","ProjectionDiff":-1.53},{"PlayerName":"Jeremy McNichols","PlayerId":"2557977","Pos":"RB","Team":"TEN","PlayerOpponent":"MIA","PassingYDS":"","PassingTD":"","PassingInt":"","RushingYDS":"14","RushingTD":"","ReceivingRec":"","ReceivingYDS":"","ReceivingTD":"","RetTD":"","FumTD":"","2PT":"","Fum":"","PlayerWeekProjectedPts":"4.09","Rank":77,"TotalPoints":"1.40","ProjectionDiff":-2.69},{"PlayerName":"Peyton Barber","PlayerId":"2556466","Pos":"RB","Team":"LV","PlayerOpponent":"@IND","PassingYDS":"","PassingTD":"","PassingInt":"","RushingYDS":"3","RushingTD":"","ReceivingRec":"2","ReceivingYDS":"9","ReceivingTD":"","RetTD":"","FumTD":"","2PT":"","Fum":"1","PlayerWeekProjectedPts":"4.84","Rank":78,"TotalPoints":"1.20","ProjectionDiff":-3.64},{"PlayerName":"Michael Burton","PlayerId":"2552636","Pos":"RB","Team":"KC","PlayerOpponent":"@CIN","PassingYDS":"","PassingTD":"","PassingInt":"","RushingYDS":"2","RushingTD":"","ReceivingRec":"","ReceivingYDS":"","ReceivingTD":"","RetTD":"","FumTD":"","2PT":"","Fum":"","PlayerWeekProjectedPts":"0.63","Rank":79,"TotalPoints":"1.00","ProjectionDiff":0.37},{"PlayerName":"Khalil Herbert","PlayerId":"2565926","Pos":"RB","Team":"CHI","PlayerOpponent":"NYG","PassingYDS":"","PassingTD":"","PassingInt":"","RushingYDS":"9","RushingTD":"","ReceivingRec":"","ReceivingYDS":"","ReceivingTD":"","RetTD":"","FumTD":"","2PT":"","Fum":"","PlayerWeekProjectedPts":"2.77","Rank":80,"TotalPoints":"0.90","ProjectionDiff":-1.87},{"PlayerName":"Godwin Igwebuike","PlayerId":"2560749","Pos":"RB","Team":"DET","PlayerOpponent":"@SEA","PassingYDS":"","PassingTD":"","PassingInt":"","RushingYDS":"","RushingTD":"","ReceivingRec":"","ReceivingYDS":"","ReceivingTD":"","RetTD":"","FumTD":"","2PT":"","Fum":"","PlayerWeekProjectedPts":"1.30","Rank":81,"TotalPoints":"0.80","ProjectionDiff":-0.5},{"PlayerName":"C.J. Ham","PlayerId":"2556803","Pos":"RB","Team":"MIN","PlayerOpponent":"@GB","PassingYDS":"","PassingTD":"","PassingInt":"","RushingYDS":"","RushingTD":"","ReceivingRec":"1","ReceivingYDS":"1","ReceivingTD":"","RetTD":"","FumTD":"","2PT":"","Fum":"","PlayerWeekProjectedPts":"1.44","Rank":82,"TotalPoints":"0.60","ProjectionDiff":-0.84},{"PlayerName":"Kenneth Gainwell","PlayerId":"2566397","Pos":"RB","Team":"PHI","PlayerOpponent":"@WAS","PassingYDS":"","PassingTD":"","PassingInt":"","RushingYDS":"4","RushingTD":"","ReceivingRec":"","ReceivingYDS":"","ReceivingTD":"","RetTD":"","FumTD":"","2PT":"","Fum":"","PlayerWeekProjectedPts":"5.46","Rank":83,"TotalPoints":"0.40","ProjectionDiff":-5.06},{"PlayerName":"Eno Benjamin","PlayerId":"2564889","Pos":"RB","Team":"ARI","PlayerOpponent":"@DAL","PassingYDS":"","PassingTD":"","PassingInt":"","RushingYDS":"3","RushingTD":"","ReceivingRec":"","ReceivingYDS":"","ReceivingTD":"","RetTD":"","FumTD":"","2PT":"","Fum":"","PlayerWeekProjectedPts":"3.68","Rank":84,"TotalPoints":"0.30","ProjectionDiff":-3.38},{"PlayerName":"Gabe Nabers","PlayerId":"2565066","Pos":"RB","Team":"LAC","PlayerOpponent":"DEN","PassingYDS":"","PassingTD":"","PassingInt":"","RushingYDS":"2","RushingTD":"","ReceivingRec":"","ReceivingYDS":"","ReceivingTD":"","RetTD":"","FumTD":"","2PT":"","Fum":"","PlayerWeekProjectedPts":"0.66","Rank":85,"TotalPoints":"0.20","ProjectionDiff":-0.46},{"PlayerName":"DeeJay Dallas","PlayerId":"2565144","Pos":"RB","Team":"SEA","PlayerOpponent":"DET","PassingYDS":"","PassingTD":"","PassingInt":"","RushingYDS":"1","RushingTD":"","ReceivingRec":"","ReceivingYDS":"","ReceivingTD":"","RetTD":"","FumTD":"","2PT":"","Fum":"","PlayerWeekProjectedPts":"5.39","Rank":86,"TotalPoints":"0.10","ProjectionDiff":-5.29},{"PlayerName":"Josh Adams","PlayerId":"2560949","Pos":"RB","Team":"FA","PlayerOpponent":"Bye","PassingYDS":"","PassingTD":"","PassingInt":"","RushingYDS":"","RushingTD":"","ReceivingRec":"","ReceivingYDS":"","ReceivingTD":"","RetTD":"","FumTD":"","2PT":"","Fum":"","PlayerWeekProjectedPts":"","Rank":87,"TotalPoints":"0.00","ProjectionDiff":null},{"PlayerName":"Salvon Ahmed","PlayerId":"2565090","Pos":"RB","Team":"MIA","PlayerOpponent":"@TEN","PassingYDS":"","PassingTD":"","PassingInt":"","RushingYDS":"","RushingTD":"","ReceivingRec":"","ReceivingYDS":"","ReceivingTD":"","RetTD":"","FumTD":"","2PT":"","Fum":"","PlayerWeekProjectedPts":"0.00","Rank":88,"TotalPoints":"0.00","ProjectionDiff":0.0},{"PlayerName":"Cam Akers","PlayerId":"2564319","Pos":"RB","Team":"LA","PlayerOpponent":"@BAL","PassingYDS":"","PassingTD":"","PassingInt":"","RushingYDS":"","RushingTD":"","ReceivingRec":"","ReceivingYDS":"","ReceivingTD":"","RetTD":"","FumTD":"","2PT":"","Fum":"","PlayerWeekProjectedPts":"0.00","Rank":89,"TotalPoints":"0.00","ProjectionDiff":0.0},{"PlayerName":"Darius Anderson","PlayerId":"2563824","Pos":"RB","Team":"HOU","PlayerOpponent":"@SF","PassingYDS":"","PassingTD":"","PassingInt":"","RushingYDS":"","RushingTD":"","ReceivingRec":"","ReceivingYDS":"","ReceivingTD":"","RetTD":"","FumTD":"","2PT":"","Fum":"","PlayerWeekProjectedPts":"0.00","Rank":90,"TotalPoints":"0.00","ProjectionDiff":0.0},{"PlayerName":"Alex Armah","PlayerId":"2558833","Pos":"RB","Team":"WAS","PlayerOpponent":"PHI","PassingYDS":"","PassingTD":"","PassingInt":"","RushingYDS":"","RushingTD":"","ReceivingRec":"","ReceivingYDS":"","ReceivingTD":"","RetTD":"","FumTD":"","2PT":"","Fum":"","PlayerWeekProjectedPts":"0.00","Rank":91,"TotalPoints":"0.00","ProjectionDiff":0.0},{"PlayerName":"Kalen Ballage","PlayerId":"2560967","Pos":"RB","Team":"PIT","PlayerOpponent":"CLE","PassingYDS":"","PassingTD":"","PassingInt":"","RushingYDS":"","RushingTD":"","ReceivingRec":"","ReceivingYDS":"","ReceivingTD":"","RetTD":"","FumTD":"","2PT":"","Fum":"","PlayerWeekProjectedPts":"1.28","Rank":92,"TotalPoints":"0.00","ProjectionDiff":-1.28},{"PlayerName":"Jake Bargas","PlayerId":"2564508","Pos":"RB","Team":"MIN","PlayerOpponent":"@GB","PassingYDS":"","PassingTD":"","PassingInt":"","RushingYDS":"","RushingTD":"","ReceivingRec":"","ReceivingYDS":"","ReceivingTD":"","RetTD":"","FumTD":"","2PT":"","Fum":"","PlayerWeekProjectedPts":"0.00","Rank":93,"TotalPoints":"0.00","ProjectionDiff":0.0},{"PlayerName":"Nick Bawden","PlayerId":"2560972","Pos":"RB","Team":"NYJ","PlayerOpponent":"TB","PassingYDS":"","PassingTD":"","PassingInt":"","RushingYDS":"","RushingTD":"","ReceivingRec":"","ReceivingYDS":"","ReceivingTD":"","RetTD":"","FumTD":"","2PT":"","Fum":"","PlayerWeekProjectedPts":"0.50","Rank":94,"TotalPoints":"0.00","ProjectionDiff":-0.5},{"PlayerName":"Levante Bellamy","PlayerId":"2563878","Pos":"RB","Team":"FA","PlayerOpponent":"Bye","PassingYDS":"","PassingTD":"","PassingInt":"","RushingYDS":"","RushingTD":"","ReceivingRec":"","ReceivingYDS":"","ReceivingTD":"","RetTD":"","FumTD":"","2PT":"","Fum":"","PlayerWeekProjectedPts":"","Rank":95,"TotalPoints":"0.00","ProjectionDiff":null},{"PlayerName":"Nick Bellore","PlayerId":"2495262","Pos":"RB","Team":"SEA","PlayerOpponent":"DET","PassingYDS":"","PassingTD":"","PassingInt":"","RushingYDS":"","RushingTD":"","ReceivingRec":"","ReceivingYDS":"","ReceivingTD":"","RetTD":"","FumTD":"","2PT":"","Fum":"","PlayerWeekProjectedPts":"0.61","Rank":96,"TotalPoints":"0.00","ProjectionDiff":-0.61},{"PlayerName":"Giovani Bernard","PlayerId":"2540156","Pos":"RB","Team":"TB","PlayerOpponent":"@NYJ","PassingYDS":"","PassingTD":"","PassingInt":"","RushingYDS":"","RushingTD":"","ReceivingRec":"","ReceivingYDS":"","ReceivingTD":"","RetTD":"","FumTD":"","2PT":"","Fum":"","PlayerWeekProjectedPts":"0.00","Rank":97,"TotalPoints":"0.00","ProjectionDiff":0.0},{"PlayerName":"Khari Blasingame","PlayerId":"2562869","Pos":"RB","Team":"TEN","PlayerOpponent":"MIA","PassingYDS":"","PassingTD":"","PassingInt":"","RushingYDS":"","RushingTD":"","ReceivingRec":"","ReceivingYDS":"","ReceivingTD":"","RetTD":"","FumTD":"","2PT":"","Fum":"","PlayerWeekProjectedPts":"0.55","Rank":98,"TotalPoints":"0.00","ProjectionDiff":-0.55},{"PlayerName":"Reggie Bonnafon","PlayerId":"2561184","Pos":"RB","Team":"CAR","PlayerOpponent":"@NO","PassingYDS":"","PassingTD":"","PassingInt":"","RushingYDS":"","RushingTD":"","ReceivingRec":"","ReceivingYDS":"","ReceivingTD":"","RetTD":"","FumTD":"","2PT":"","Fum":"","PlayerWeekProjectedPts":"2.01","Rank":99,"TotalPoints":"0.00","ProjectionDiff":-2.01},{"PlayerName":"Mike Boone","PlayerId":"2561099","Pos":"RB","Team":"DEN","PlayerOpponent":"@LAC","PassingYDS":"","PassingTD":"","PassingInt":"","RushingYDS":"","RushingTD":"","ReceivingRec":"","ReceivingYDS":"","ReceivingTD":"","RetTD":"","FumTD":"","2PT":"","Fum":"","PlayerWeekProjectedPts":"1.68","Rank":100,"TotalPoints":"0.00","ProjectionDiff":-1.68},{"PlayerName":"Darius Bradwell","PlayerId":"2565015","Pos":"RB","Team":"LAC","PlayerOpponent":"DEN","PassingYDS":"","PassingTD":"","PassingInt":"","RushingYDS":"","RushingTD":"","ReceivingRec":"","ReceivingYDS":"","ReceivingTD":"","RetTD":"","FumTD":"","2PT":"","Fum":"","PlayerWeekProjectedPts":"0.00","Rank":101,"TotalPoints":"0.00","ProjectionDiff":0.0},{"PlayerName":"Matt Breida","PlayerId":"2558918","Pos":"RB","Team":"BUF","PlayerOpponent":"ATL","PassingYDS":"","PassingTD":"","PassingInt":"","RushingYDS":"","RushingTD":"","ReceivingRec":"","ReceivingYDS":"","ReceivingTD":"","RetTD":"","FumTD":"","2PT":"","Fum":"","PlayerWeekProjectedPts":"0.00","Rank":102,"TotalPoints":"0.00","ProjectionDiff":0.0},{"PlayerName":"Gary Brightwell","PlayerId":"2566364","Pos":"RB","Team":"NYG","PlayerOpponent":"@CHI","PassingYDS":"","PassingTD":"","PassingInt":"","RushingYDS":"","RushingTD":"","ReceivingRec":"","ReceivingYDS":"","ReceivingTD":"","RetTD":"","FumTD":"","2PT":"","Fum":"","PlayerWeekProjectedPts":null,"Rank":103,"TotalPoints":"0.00","ProjectionDiff":null},{"PlayerName":"Tony Brooks-James","PlayerId":"2563300","Pos":"RB","Team":"FA","PlayerOpponent":"Bye","PassingYDS":"","PassingTD":"","PassingInt":"","RushingYDS":"","RushingTD":"","ReceivingRec":"","ReceivingYDS":"","ReceivingTD":"","RetTD":"","FumTD":"","2PT":"","Fum":"","PlayerWeekProjectedPts":"","Rank":104,"TotalPoints":"0.00","ProjectionDiff":null},{"PlayerName":"Malcolm Brown","PlayerId":"2552382","Pos":"RB","Team":"MIA","PlayerOpponent":"@TEN","PassingYDS":"","PassingTD":"","PassingInt":"","RushingYDS":"","RushingTD":"","ReceivingRec":"","ReceivingYDS":"","ReceivingTD":"","RetTD":"","FumTD":"","2PT":"","Fum":"","PlayerWeekProjectedPts":null,"Rank":105,"TotalPoints":"0.00","ProjectionDiff":null},{"PlayerName":"Spencer Brown","PlayerId":"2565558","Pos":"RB","Team":"CAR","PlayerOpponent":"@NO","PassingYDS":"","PassingTD":"","PassingInt":"","RushingYDS":"","RushingTD":"","ReceivingRec":"","ReceivingYDS":"","ReceivingTD":"","RetTD":"","FumTD":"","2PT":"","Fum":"","PlayerWeekProjectedPts":"2.39","Rank":106,"TotalPoints":"0.00","ProjectionDiff":-2.39},{"PlayerName":"Jason Cabinda","PlayerId":"2560986","Pos":"RB","Team":"DET","PlayerOpponent":"@SEA","PassingYDS":"","PassingTD":"","PassingInt":"","RushingYDS":"","RushingTD":"","ReceivingRec":"","ReceivingYDS":"","ReceivingTD":"","RetTD":"","FumTD":"","2PT":"","Fum":"","PlayerWeekProjectedPts":"0.00","Rank":107,"TotalPoints":"0.00","ProjectionDiff":0.0},{"PlayerName":"Raymond Calais","PlayerId":"2565207","Pos":"RB","Team":"LA","PlayerOpponent":"@BAL","PassingYDS":"","PassingTD":"","PassingInt":"","RushingYDS":"","RushingTD":"","ReceivingRec":"","ReceivingYDS":"","ReceivingTD":"","RetTD":"","FumTD":"","2PT":"","Fum":"","PlayerWeekProjectedPts":null,"Rank":108,"TotalPoints":"0.00","ProjectionDiff":null},{"PlayerName":"Trenton Cannon","PlayerId":"2561137","Pos":"RB","Team":"SF","PlayerOpponent":"HOU","PassingYDS":"","PassingTD":"","PassingInt":"","RushingYDS":"","RushingTD":"","ReceivingRec":"","ReceivingYDS":"","ReceivingTD":"","RetTD":"","FumTD":"","2PT":"","Fum":"","PlayerWeekProjectedPts":null,"Rank":109,"TotalPoints":"0.00","ProjectionDiff":null},{"PlayerName":"Patrick Carr","PlayerId":"2565138","Pos":"RB","Team":"FA","PlayerOpponent":"Bye","PassingYDS":"","PassingTD":"","PassingInt":"","RushingYDS":"","RushingTD":"","ReceivingRec":"","ReceivingYDS":"","ReceivingTD":"","RetTD":"","FumTD":"","2PT":"","Fum":"","PlayerWeekProjectedPts":"","Rank":110,"TotalPoints":"0.00","ProjectionDiff":null},{"PlayerName":"Chris Carson","PlayerId":"2558865","Pos":"RB","Team":"SEA","PlayerOpponent":"DET","PassingYDS":"","PassingTD":"","PassingInt":"","RushingYDS":"","RushingTD":"","ReceivingRec":"","ReceivingYDS":"","ReceivingTD":"","RetTD":"","FumTD":"","2PT":"","Fum":"","PlayerWeekProjectedPts":null,"Rank":111,"TotalPoints":"0.00","ProjectionDiff":null},{"PlayerName":"Jordan Chunn","PlayerId":"2561308","Pos":"RB","Team":"FA","PlayerOpponent":"Bye","PassingYDS":"","PassingTD":"","PassingInt":"","RushingYDS":"","RushingTD":"","ReceivingRec":"","ReceivingYDS":"","ReceivingTD":"","RetTD":"","FumTD":"","2PT":"","Fum":"","PlayerWeekProjectedPts":"","Rank":112,"TotalPoints":"0.00","ProjectionDiff":null},{"PlayerName":"Darius Clark","PlayerId":"2565561","Pos":"RB","Team":"FA","PlayerOpponent":"Bye","PassingYDS":"","PassingTD":"","PassingInt":"","RushingYDS":"","RushingTD":"","ReceivingRec":"","ReceivingYDS":"","ReceivingTD":"","RetTD":"","FumTD":"","2PT":"","Fum":"","PlayerWeekProjectedPts":"","Rank":113,"TotalPoints":"0.00","ProjectionDiff":null},{"PlayerName":"Corey Clement","PlayerId":"2559150","Pos":"RB","Team":"DAL","PlayerOpponent":"ARI","PassingYDS":"","PassingTD":"","PassingInt":"","RushingYDS":"","RushingTD":"","ReceivingRec":"","ReceivingYDS":"","ReceivingTD":"","RetTD":"","FumTD":"","2PT":"","Fum":"","PlayerWeekProjectedPts":"2.87","Rank":114,"TotalPoints":"0.00","ProjectionDiff":-2.87},{"PlayerName":"Tarik Cohen","PlayerId":"2558250","Pos":"RB","Team":"CHI","PlayerOpponent":"NYG","PassingYDS":"","PassingTD":"","PassingInt":"","RushingYDS":"","RushingTD":"","ReceivingRec":"","ReceivingYDS":"","ReceivingTD":"","RetTD":"","FumTD":"","2PT":"","Fum":"","PlayerWeekProjectedPts":null,"Rank":115,"TotalPoints":"0.00","ProjectionDiff":null},{"PlayerName":"Tevin Coleman","PlayerId":"2552453","Pos":"RB","Team":"NYJ","PlayerOpponent":"TB","PassingYDS":"","PassingTD":"","PassingInt":"","RushingYDS":"","RushingTD":"","ReceivingRec":"","ReceivingYDS":"","ReceivingTD":"","RetTD":"","FumTD":"","2PT":"","Fum":"","PlayerWeekProjectedPts":"0.00","Rank":116,"TotalPoints":"0.00","ProjectionDiff":0.0},{"PlayerName":"Alex Collins","PlayerId":"2555430","Pos":"RB","Team":"SEA","PlayerOpponent":"DET","PassingYDS":"","PassingTD":"","PassingInt":"","RushingYDS":"","RushingTD":"","ReceivingRec":"","ReceivingYDS":"","ReceivingTD":"","RetTD":"","FumTD":"","2PT":"","Fum":"","PlayerWeekProjectedPts":null,"Rank":117,"TotalPoints":"0.00","ProjectionDiff":null},{"PlayerName":"James Conner","PlayerId":"2557978","Pos":"RB","Team":"ARI","PlayerOpponent":"@DAL","PassingYDS":"","PassingTD":"","PassingInt":"","RushingYDS":"","RushingTD":"","ReceivingRec":"","ReceivingYDS":"","ReceivingTD":"","RetTD":"","FumTD":"","2PT":"","Fum":"","PlayerWeekProjectedPts":"0.00","Rank":118,"TotalPoints":"0.00","ProjectionDiff":0.0},{"PlayerName":"Damarea Crockett","PlayerId":"2563223","Pos":"RB","Team":"DEN","PlayerOpponent":"@LAC","PassingYDS":"","PassingTD":"","PassingInt":"","RushingYDS":"","RushingTD":"","ReceivingRec":"","ReceivingYDS":"","ReceivingTD":"","RetTD":"","FumTD":"","2PT":"","Fum":"","PlayerWeekProjectedPts":"0.80","Rank":119,"TotalPoints":"0.00","ProjectionDiff":-0.8},{"PlayerName":"Mikey Daniel","PlayerId":"2563476","Pos":"RB","Team":"FA","PlayerOpponent":"Bye","PassingYDS":"","PassingTD":"","PassingInt":"","RushingYDS":"","RushingTD":"","ReceivingRec":"","ReceivingYDS":"","ReceivingTD":"","RetTD":"","FumTD":"","2PT":"","Fum":"","PlayerWeekProjectedPts":"","Rank":120,"TotalPoints":"0.00","ProjectionDiff":null},{"PlayerName":"Matt Dayes","PlayerId":"2557987","Pos":"RB","Team":"FA","PlayerOpponent":"Bye","PassingYDS":"","PassingTD":"","PassingInt":"","RushingYDS":"","RushingTD":"","ReceivingRec":"","ReceivingYDS":"","ReceivingTD":"","RetTD":"","FumTD":"","2PT":"","Fum":"","PlayerWeekProjectedPts":"","Rank":121,"TotalPoints":"0.00","ProjectionDiff":null},{"PlayerName":"Gerrid Doaks","PlayerId":"2566277","Pos":"RB","Team":"MIA","PlayerOpponent":"@TEN","PassingYDS":"","PassingTD":"","PassingInt":"","RushingYDS":"","RushingTD":"","ReceivingRec":"","ReceivingYDS":"","ReceivingTD":"","RetTD":"","FumTD":"","2PT":"","Fum":"","PlayerWeekProjectedPts":"0.00","Rank":122,"TotalPoints":"0.00","ProjectionDiff":0.0},{"PlayerName":"J.K. Dobbins","PlayerId":"2563548","Pos":"RB","Team":"BAL","PlayerOpponent":"LA","PassingYDS":"","PassingTD":"","PassingInt":"","RushingYDS":"","RushingTD":"","ReceivingRec":"","ReceivingYDS":"","ReceivingTD":"","RetTD":"","FumTD":"","2PT":"","Fum":"","PlayerWeekProjectedPts":null,"Rank":123,"TotalPoints":"0.00","ProjectionDiff":null},{"PlayerName":"Rico Dowdle","PlayerId":"2565295","Pos":"RB","Team":"DAL","PlayerOpponent":"ARI","PassingYDS":"","PassingTD":"","PassingInt":"","RushingYDS":"","RushingTD":"","ReceivingRec":"","ReceivingYDS":"","ReceivingTD":"","RetTD":"","FumTD":"","2PT":"","Fum":"","PlayerWeekProjectedPts":null,"Rank":124,"TotalPoints":"0.00","ProjectionDiff":null},{"PlayerName":"Kenyan Drake","PlayerId":"2555230","Pos":"RB","Team":"LV","PlayerOpponent":"@IND","PassingYDS":"","PassingTD":"","PassingInt":"","RushingYDS":"","RushingTD":"","ReceivingRec":"","ReceivingYDS":"","ReceivingTD":"","RetTD":"","FumTD":"","2PT":"","Fum":"","PlayerWeekProjectedPts":null,"Rank":125,"TotalPoints":"0.00","ProjectionDiff":null},{"PlayerName":"Trey Edmunds","PlayerId":"2559325","Pos":"RB","Team":"PIT","PlayerOpponent":"CLE","PassingYDS":"","PassingTD":"","PassingInt":"","RushingYDS":"","RushingTD":"","ReceivingRec":"","ReceivingYDS":"","ReceivingTD":"","RetTD":"","FumTD":"","2PT":"","Fum":"","PlayerWeekProjectedPts":"1.14","Rank":126,"TotalPoints":"0.00","ProjectionDiff":-1.14},{"PlayerName":"Gus Edwards","PlayerId":"2561324","Pos":"RB","Team":"BAL","PlayerOpponent":"LA","PassingYDS":"","PassingTD":"","PassingInt":"","RushingYDS":"","RushingTD":"","ReceivingRec":"","ReceivingYDS":"","ReceivingTD":"","RetTD":"","FumTD":"","2PT":"","Fum":"","PlayerWeekProjectedPts":null,"Rank":127,"TotalPoints":"0.00","ProjectionDiff":null},{"PlayerName":"Clyde Edwards-Helaire","PlayerId":"2564271","Pos":"RB","Team":"KC","PlayerOpponent":"@CIN","PassingYDS":"","PassingTD":"","PassingInt":"","RushingYDS":"","RushingTD":"","ReceivingRec":"","ReceivingYDS":"","ReceivingTD":"","RetTD":"","FumTD":"","2PT":"","Fum":"","PlayerWeekProjectedPts":"0.00","Rank":128,"TotalPoints":"0.00","ProjectionDiff":0.0},{"PlayerName":"Travis Etienne","PlayerId":"2566157","Pos":"RB","Team":"JAX","PlayerOpponent":"@NE","PassingYDS":"","PassingTD":"","PassingInt":"","RushingYDS":"","RushingTD":"","ReceivingRec":"","ReceivingYDS":"","ReceivingTD":"","RetTD":"","FumTD":"","2PT":"","Fum":"","PlayerWeekProjectedPts":null,"Rank":129,"TotalPoints":"0.00","ProjectionDiff":null},{"PlayerName":"Chris Evans","PlayerId":"2565944","Pos":"RB","Team":"CIN","PlayerOpponent":"KC","PassingYDS":"","PassingTD":"","PassingInt":"","RushingYDS":"","RushingTD":"","ReceivingRec":"","ReceivingYDS":"","ReceivingTD":"","RetTD":"","FumTD":"","2PT":"","Fum":"","PlayerWeekProjectedPts":"1.46","Rank":130,"TotalPoints":"0.00","ProjectionDiff":-1.46},{"PlayerName":"Darrynton Evans","PlayerId":"2564043","Pos":"RB","Team":"TEN","PlayerOpponent":"MIA","PassingYDS":"","PassingTD":"","PassingInt":"","RushingYDS":"","RushingTD":"","ReceivingRec":"","ReceivingYDS":"","ReceivingTD":"","RetTD":"","FumTD":"","2PT":"","Fum":"","PlayerWeekProjectedPts":null,"Rank":131,"TotalPoints":"0.00","ProjectionDiff":null},{"PlayerName":"Tavien Feaster","PlayerId":"2564187","Pos":"RB","Team":"ARI","PlayerOpponent":"@DAL","PassingYDS":"","PassingTD":"","PassingInt":"","RushingYDS":"","RushingTD":"","ReceivingRec":"","ReceivingYDS":"","ReceivingTD":"","RetTD":"","FumTD":"","2PT":"","Fum":"","PlayerWeekProjectedPts":"0.00","Rank":132,"TotalPoints":"0.00","ProjectionDiff":0.0},{"PlayerName":"Demetric Felton","PlayerId":"2565968","Pos":"RB","Team":"CLE","PlayerOpponent":"@PIT","PassingYDS":"","PassingTD":"","PassingInt":"","RushingYDS":"","RushingTD":"","ReceivingRec":"","ReceivingYDS":"","ReceivingTD":"","RetTD":"","FumTD":"","2PT":"","Fum":"","PlayerWeekProjectedPts":"1.01","Rank":133,"TotalPoints":"0.00","ProjectionDiff":-1.01},{"PlayerName":"D.J. Foster","PlayerId":"2556528","Pos":"RB","Team":"FA","PlayerOpponent":"Bye","PassingYDS":"","PassingTD":"","PassingInt":"","RushingYDS":"","RushingTD":"","ReceivingRec":"","ReceivingYDS":"","ReceivingTD":"","RetTD":"","FumTD":"","2PT":"","Fum":"","PlayerWeekProjectedPts":"","Rank":134,"TotalPoints":"0.00","ProjectionDiff":null},{"PlayerName":"Leonard Fournette","PlayerId":"2557973","Pos":"RB","Team":"TB","PlayerOpponent":"@NYJ","PassingYDS":"","PassingTD":"","PassingInt":"","RushingYDS":"","RushingTD":"","ReceivingRec":"","ReceivingYDS":"","ReceivingTD":"","RetTD":"","FumTD":"","2PT":"","Fum":"","PlayerWeekProjectedPts":null,"Rank":135,"TotalPoints":"0.00","ProjectionDiff":null},{"PlayerName":"Jake Funk","PlayerId":"2566208","Pos":"RB","Team":"LA","PlayerOpponent":"@BAL","PassingYDS":"","PassingTD":"","PassingInt":"","RushingYDS":"","RushingTD":"","ReceivingRec":"","ReceivingYDS":"","ReceivingTD":"","RetTD":"","FumTD":"","2PT":"","Fum":"","PlayerWeekProjectedPts":"2.13","Rank":136,"TotalPoints":"0.00","ProjectionDiff":-2.13},{"PlayerName":"Tyler Gaffney","PlayerId":"2543655","Pos":"RB","Team":"FA","PlayerOpponent":"Bye","PassingYDS":"","PassingTD":"","PassingInt":"","RushingYDS":"","RushingTD":"","ReceivingRec":"","ReceivingYDS":"","ReceivingTD":"","RetTD":"","FumTD":"","2PT":"","Fum":"","PlayerWeekProjectedPts":"","Rank":137,"TotalPoints":"0.00","ProjectionDiff":null},{"PlayerName":"Wayne Gallman","PlayerId":"2557952","Pos":"RB","Team":"MIN","PlayerOpponent":"@GB","PassingYDS":"","PassingTD":"","PassingInt":"","RushingYDS":"","RushingTD":"","ReceivingRec":"","ReceivingYDS":"","ReceivingTD":"","RetTD":"","FumTD":"","2PT":"","Fum":"","PlayerWeekProjectedPts":"0.00","Rank":138,"TotalPoints":"0.00","ProjectionDiff":0.0},{"PlayerName":"Antonio Gibson","PlayerId":"2565276","Pos":"RB","Team":"WAS","PlayerOpponent":"PHI","PassingYDS":"","PassingTD":"","PassingInt":"","RushingYDS":"","RushingTD":"","ReceivingRec":"","ReceivingYDS":"","ReceivingTD":"","RetTD":"","FumTD":"","2PT":"","Fum":"","PlayerWeekProjectedPts":"0.00","Rank":139,"TotalPoints":"0.00","ProjectionDiff":0.0},{"PlayerName":"Cullen Gillaspia","PlayerId":"2562906","Pos":"RB","Team":"NYG","PlayerOpponent":"@CHI","PassingYDS":"","PassingTD":"","PassingInt":"","RushingYDS":"","RushingTD":"","ReceivingRec":"","ReceivingYDS":"","ReceivingTD":"","RetTD":"","FumTD":"","2PT":"","Fum":"","PlayerWeekProjectedPts":"0.00","Rank":140,"TotalPoints":"0.00","ProjectionDiff":0.0},{"PlayerName":"Garrett Groshek","PlayerId":"2565645","Pos":"RB","Team":"FA","PlayerOpponent":"Bye","PassingYDS":"","PassingTD":"","PassingInt":"","RushingYDS":"","RushingTD":"","ReceivingRec":"","ReceivingYDS":"","ReceivingTD":"","RetTD":"","FumTD":"","2PT":"","Fum":"","PlayerWeekProjectedPts":"","Rank":141,"TotalPoints":"0.00","ProjectionDiff":null},{"PlayerName":"Pete Guerrerio","PlayerId":"2565539","Pos":"RB","Team":"FA","PlayerOpponent":"Bye","PassingYDS":"","PassingTD":"","PassingInt":"","RushingYDS":"","RushingTD":"","ReceivingRec":"","ReceivingYDS":"","ReceivingTD":"","RetTD":"","FumTD":"","2PT":"","Fum":"","PlayerWeekProjectedPts":"","Rank":142,"TotalPoints":"0.00","ProjectionDiff":null},{"PlayerName":"Todd Gurley","PlayerId":"2552475","Pos":"RB","Team":"FA","PlayerOpponent":"Bye","PassingYDS":"","PassingTD":"","PassingInt":"","RushingYDS":"","RushingTD":"","ReceivingRec":"","ReceivingYDS":"","ReceivingTD":"","RetTD":"","FumTD":"","2PT":"","Fum":"","PlayerWeekProjectedPts":"","Rank":143,"TotalPoints":"0.00","ProjectionDiff":null},{"PlayerName":"Javian Hawkins","PlayerId":"2566689","Pos":"RB","Team":"LA","PlayerOpponent":"@BAL","PassingYDS":"","PassingTD":"","PassingInt":"","RushingYDS":"","RushingTD":"","ReceivingRec":"","ReceivingYDS":"","ReceivingTD":"","RetTD":"","FumTD":"","2PT":"","Fum":"","PlayerWeekProjectedPts":"0.00","Rank":144,"TotalPoints":"0.00","ProjectionDiff":0.0},{"PlayerName":"Darrell Henderson","PlayerId":"2562574","Pos":"RB","Team":"LA","PlayerOpponent":"@BAL","PassingYDS":"","PassingTD":"","PassingInt":"","RushingYDS":"","RushingTD":"","ReceivingRec":"","ReceivingYDS":"","ReceivingTD":"","RetTD":"","FumTD":"","2PT":"","Fum":"","PlayerWeekProjectedPts":null,"Rank":145,"TotalPoints":"0.00","ProjectionDiff":null},{"PlayerName":"Derrick Henry","PlayerId":"2556075","Pos":"RB","Team":"TEN","PlayerOpponent":"MIA","PassingYDS":"","PassingTD":"","PassingInt":"","RushingYDS":"","RushingTD":"","ReceivingRec":"","ReceivingYDS":"","ReceivingTD":"","RetTD":"","FumTD":"","2PT":"","Fum":"","PlayerWeekProjectedPts":null,"Rank":146,"TotalPoints":"0.00","ProjectionDiff":null},{"PlayerName":"Brian Hill","PlayerId":"2558112","Pos":"RB","Team":"SF","PlayerOpponent":"HOU","PassingYDS":"","PassingTD":"","PassingInt":"","RushingYDS":"","RushingTD":"","ReceivingRec":"","ReceivingYDS":"","ReceivingTD":"","RetTD":"","FumTD":"","2PT":"","Fum":"","PlayerWeekProjectedPts":"0.00","Rank":147,"TotalPoints":"0.00","ProjectionDiff":0.0},{"PlayerName":"Justice Hill","PlayerId":"2562407","Pos":"RB","Team":"BAL","PlayerOpponent":"LA","PassingYDS":"","PassingTD":"","PassingInt":"","RushingYDS":"","RushingTD":"","ReceivingRec":"","ReceivingYDS":"","ReceivingTD":"","RetTD":"","FumTD":"","2PT":"","Fum":"","PlayerWeekProjectedPts":null,"Rank":148,"TotalPoints":"0.00","ProjectionDiff":null},{"PlayerName":"Kylin Hill","PlayerId":"2566076","Pos":"RB","Team":"GB","PlayerOpponent":"MIN","PassingYDS":"","PassingTD":"","PassingInt":"","RushingYDS":"","RushingTD":"","ReceivingRec":"","ReceivingYDS":"","ReceivingTD":"","RetTD":"","FumTD":"","2PT":"","Fum":"","PlayerWeekProjectedPts":null,"Rank":149,"TotalPoints":"0.00","ProjectionDiff":null},{"PlayerName":"Josh Hokit","PlayerId":"2565111","Pos":"RB","Team":"SF","PlayerOpponent":"HOU","PassingYDS":"","PassingTD":"","PassingInt":"","RushingYDS":"","RushingTD":"","ReceivingRec":"","ReceivingYDS":"","ReceivingTD":"","RetTD":"","FumTD":"","2PT":"","Fum":"","PlayerWeekProjectedPts":"0.00","Rank":150,"TotalPoints":"0.00","ProjectionDiff":0.0},{"PlayerName":"Elijah Holyfield","PlayerId":"2562664","Pos":"RB","Team":"CIN","PlayerOpponent":"KC","PassingYDS":"","PassingTD":"","PassingInt":"","RushingYDS":"","RushingTD":"","ReceivingRec":"","ReceivingYDS":"","ReceivingTD":"","RetTD":"","FumTD":"","2PT":"","Fum":"","PlayerWeekProjectedPts":"0.00","Rank":151,"TotalPoints":"0.00","ProjectionDiff":0.0},{"PlayerName":"Buddy Howell","PlayerId":"2561344","Pos":"RB","Team":"LA","PlayerOpponent":"@BAL","PassingYDS":"","PassingTD":"","PassingInt":"","RushingYDS":"","RushingTD":"","ReceivingRec":"","ReceivingYDS":"","ReceivingTD":"","RetTD":"","FumTD":"","2PT":"","Fum":"","PlayerWeekProjectedPts":"2.18","Rank":152,"TotalPoints":"0.00","ProjectionDiff":-2.18},{"PlayerName":"Kareem Hunt","PlayerId":"2557917","Pos":"RB","Team":"CLE","PlayerOpponent":"@PIT","PassingYDS":"","PassingTD":"","PassingInt":"","RushingYDS":"","RushingTD":"","ReceivingRec":"","ReceivingYDS":"","ReceivingTD":"","RetTD":"","FumTD":"","2PT":"","Fum":"","PlayerWeekProjectedPts":"0.00","Rank":153,"TotalPoints":"0.00","ProjectionDiff":0.0},{"PlayerName":"Caleb Huntley","PlayerId":"2566692","Pos":"RB","Team":"ATL","PlayerOpponent":"@BUF","PassingYDS":"","PassingTD":"","PassingInt":"","RushingYDS":"","RushingTD":"","ReceivingRec":"","ReceivingYDS":"","ReceivingTD":"","RetTD":"","FumTD":"","2PT":"","Fum":"","PlayerWeekProjectedPts":"0.00","Rank":154,"TotalPoints":"0.00","ProjectionDiff":0.0},{"PlayerName":"Jason Huntley","PlayerId":"2563938","Pos":"RB","Team":"PHI","PlayerOpponent":"@WAS","PassingYDS":"","PassingTD":"","PassingInt":"","RushingYDS":"","RushingTD":"","ReceivingRec":"","ReceivingYDS":"","ReceivingTD":"","RetTD":"","FumTD":"","2PT":"","Fum":"","PlayerWeekProjectedPts":"0.00","Rank":155,"TotalPoints":"0.00","ProjectionDiff":0.0},{"PlayerName":"Carlos Hyde","PlayerId":"2543743","Pos":"RB","Team":"JAX","PlayerOpponent":"@NE","PassingYDS":"","PassingTD":"","PassingInt":"","RushingYDS":"","RushingTD":"","ReceivingRec":"","ReceivingYDS":"","ReceivingTD":"","RetTD":"","FumTD":"","2PT":"","Fum":"","PlayerWeekProjectedPts":null,"Rank":156,"TotalPoints":"0.00","ProjectionDiff":null},{"PlayerName":"Alec Ingold","PlayerId":"2562288","Pos":"RB","Team":"LV","PlayerOpponent":"@IND","PassingYDS":"","PassingTD":"","PassingInt":"","RushingYDS":"","RushingTD":"","ReceivingRec":"","ReceivingYDS":"","ReceivingTD":"","RetTD":"","FumTD":"","2PT":"","Fum":"","PlayerWeekProjectedPts":null,"Rank":157,"TotalPoints":"0.00","ProjectionDiff":null},{"PlayerName":"Mark Ingram","PlayerId":"2495466","Pos":"RB","Team":"NO","PlayerOpponent":"CAR","PassingYDS":"","PassingTD":"","PassingInt":"","RushingYDS":"","RushingTD":"","ReceivingRec":"","ReceivingYDS":"","ReceivingTD":"","RetTD":"","FumTD":"","2PT":"","Fum":"","PlayerWeekProjectedPts":"0.00","Rank":158,"TotalPoints":"0.00","ProjectionDiff":0.0},{"PlayerName":"Deon Jackson","PlayerId":"2565603","Pos":"RB","Team":"IND","PlayerOpponent":"LV","PassingYDS":"","PassingTD":"","PassingInt":"","RushingYDS":"","RushingTD":"","ReceivingRec":"","ReceivingYDS":"","ReceivingTD":"","RetTD":"","FumTD":"","2PT":"","Fum":"","PlayerWeekProjectedPts":"0.79","Rank":159,"TotalPoints":"0.00","ProjectionDiff":-0.79},{"PlayerName":"Andy Janovich","PlayerId":"2555432","Pos":"RB","Team":"CLE","PlayerOpponent":"@PIT","PassingYDS":"","PassingTD":"","PassingInt":"","RushingYDS":"","RushingTD":"","ReceivingRec":"","ReceivingYDS":"","ReceivingTD":"","RetTD":"","FumTD":"","2PT":"","Fum":"","PlayerWeekProjectedPts":"0.44","Rank":160,"TotalPoints":"0.00","ProjectionDiff":-0.44},{"PlayerName":"Jermar Jefferson","PlayerId":"2566058","Pos":"RB","Team":"DET","PlayerOpponent":"@SEA","PassingYDS":"","PassingTD":"","PassingInt":"","RushingYDS":"","RushingTD":"","ReceivingRec":"","ReceivingYDS":"","ReceivingTD":"","RetTD":"","FumTD":"","2PT":"","Fum":"","PlayerWeekProjectedPts":"0.00","Rank":161,"TotalPoints":"0.00","ProjectionDiff":0.0},{"PlayerName":"David Johnson","PlayerId":"2553435","Pos":"RB","Team":"HOU","PlayerOpponent":"@SF","PassingYDS":"","PassingTD":"","PassingInt":"","RushingYDS":"","RushingTD":"","ReceivingRec":"","ReceivingYDS":"","ReceivingTD":"","RetTD":"","FumTD":"","2PT":"","Fum":"","PlayerWeekProjectedPts":"0.00","Rank":162,"TotalPoints":"0.00","ProjectionDiff":0.0},{"PlayerName":"Jakob Johnson","PlayerId":"2562890","Pos":"RB","Team":"NE","PlayerOpponent":"JAX","PassingYDS":"","PassingTD":"","PassingInt":"","RushingYDS":"","RushingTD":"","ReceivingRec":"","ReceivingYDS":"","ReceivingTD":"","RetTD":"","FumTD":"","2PT":"","Fum":"","PlayerWeekProjectedPts":"0.48","Rank":163,"TotalPoints":"0.00","ProjectionDiff":-0.48},{"PlayerName":"Kerryon Johnson","PlayerId":"2560765","Pos":"RB","Team":"PHI","PlayerOpponent":"@WAS","PassingYDS":"","PassingTD":"","PassingInt":"","RushingYDS":"","RushingTD":"","ReceivingRec":"","ReceivingYDS":"","ReceivingTD":"","RetTD":"","FumTD":"","2PT":"","Fum":"","PlayerWeekProjectedPts":"0.00","Rank":164,"TotalPoints":"0.00","ProjectionDiff":0.0},{"PlayerName":"Taiwan Jones","PlayerId":"2495467","Pos":"RB","Team":"BUF","PlayerOpponent":"ATL","PassingYDS":"","PassingTD":"","PassingInt":"","RushingYDS":"","RushingTD":"","ReceivingRec":"","ReceivingYDS":"","ReceivingTD":"","RetTD":"","FumTD":"","2PT":"","Fum":"","PlayerWeekProjectedPts":"0.80","Rank":165,"TotalPoints":"0.00","ProjectionDiff":-0.8},{"PlayerName":"Xavier Jones","PlayerId":"2564364","Pos":"RB","Team":"LA","PlayerOpponent":"@BAL","PassingYDS":"","PassingTD":"","PassingInt":"","RushingYDS":"","RushingTD":"","ReceivingRec":"","ReceivingYDS":"","ReceivingTD":"","RetTD":"","FumTD":"","2PT":"","Fum":"","PlayerWeekProjectedPts":null,"Rank":166,"TotalPoints":"0.00","ProjectionDiff":null},{"PlayerName":"Joshua Kelley","PlayerId":"2565054","Pos":"RB","Team":"LAC","PlayerOpponent":"DEN","PassingYDS":"","PassingTD":"","PassingInt":"","RushingYDS":"","RushingTD":"","ReceivingRec":"","ReceivingYDS":"","ReceivingTD":"","RetTD":"","FumTD":"","2PT":"","Fum":"","PlayerWeekProjectedPts":"3.37","Rank":167,"TotalPoints":"0.00","ProjectionDiff":-3.37},{"PlayerName":"John Kelly","PlayerId":"2560777","Pos":"RB","Team":"CLE","PlayerOpponent":"@PIT","PassingYDS":"","PassingTD":"","PassingInt":"","RushingYDS":"","RushingTD":"","ReceivingRec":"","ReceivingYDS":"","ReceivingTD":"","RetTD":"","FumTD":"","2PT":"","Fum":"","PlayerWeekProjectedPts":"0.00","Rank":168,"TotalPoints":"0.00","ProjectionDiff":0.0},{"PlayerName":"Adrian Killins Jr.","PlayerId":"2564841","Pos":"RB","Team":"DEN","PlayerOpponent":"@LAC","PassingYDS":"","PassingTD":"","PassingInt":"","RushingYDS":"","RushingTD":"","ReceivingRec":"","ReceivingYDS":"","ReceivingTD":"","RetTD":"","FumTD":"","2PT":"","Fum":"","PlayerWeekProjectedPts":null,"Rank":169,"TotalPoints":"0.00","ProjectionDiff":null},{"PlayerName":"Patrick Laird","PlayerId":"2563296","Pos":"RB","Team":"MIA","PlayerOpponent":"@TEN","PassingYDS":"","PassingTD":"","PassingInt":"","RushingYDS":"","RushingTD":"","ReceivingRec":"","ReceivingYDS":"","ReceivingTD":"","RetTD":"","FumTD":"","2PT":"","Fum":"","PlayerWeekProjectedPts":null,"Rank":170,"TotalPoints":"0.00","ProjectionDiff":null},{"PlayerName":"Benny LeMay","PlayerId":"2563794","Pos":"RB","Team":"CLE","PlayerOpponent":"@PIT","PassingYDS":"","PassingTD":"","PassingInt":"","RushingYDS":"","RushingTD":"","ReceivingRec":"","ReceivingYDS":"","ReceivingTD":"","RetTD":"","FumTD":"","2PT":"","Fum":"","PlayerWeekProjectedPts":"0.00","Rank":171,"TotalPoints":"0.00","ProjectionDiff":0.0},{"PlayerName":"Dion Lewis","PlayerId":"2495469","Pos":"RB","Team":"FA","PlayerOpponent":"Bye","PassingYDS":"","PassingTD":"","PassingInt":"","RushingYDS":"","RushingTD":"","ReceivingRec":"","ReceivingYDS":"","ReceivingTD":"","RetTD":"","FumTD":"","2PT":"","Fum":"","PlayerWeekProjectedPts":"","Rank":172,"TotalPoints":"0.00","ProjectionDiff":null},{"PlayerName":"Marlon Mack","PlayerId":"2558123","Pos":"RB","Team":"IND","PlayerOpponent":"LV","PassingYDS":"","PassingTD":"","PassingInt":"","RushingYDS":"","RushingTD":"","ReceivingRec":"","ReceivingYDS":"","ReceivingTD":"","RetTD":"","FumTD":"","2PT":"","Fum":"","PlayerWeekProjectedPts":"0.00","Rank":173,"TotalPoints":"0.00","ProjectionDiff":0.0},{"PlayerName":"Ben Mason","PlayerId":"2565845","Pos":"RB","Team":"CHI","PlayerOpponent":"NYG","PassingYDS":"","PassingTD":"","PassingInt":"","RushingYDS":"","RushingTD":"","ReceivingRec":"","ReceivingYDS":"","ReceivingTD":"","RetTD":"","FumTD":"","2PT":"","Fum":"","PlayerWeekProjectedPts":"0.00","Rank":174,"TotalPoints":"0.00","ProjectionDiff":0.0},{"PlayerName":"Christian McCaffrey","PlayerId":"2557997","Pos":"RB","Team":"CAR","PlayerOpponent":"@NO","PassingYDS":"","PassingTD":"","PassingInt":"","RushingYDS":"","RushingTD":"","ReceivingRec":"","ReceivingYDS":"","ReceivingTD":"","RetTD":"","FumTD":"","2PT":"","Fum":"","PlayerWeekProjectedPts":null,"Rank":175,"TotalPoints":"0.00","ProjectionDiff":null},{"PlayerName":"LeSean McCoy","PlayerId":"79607","Pos":"RB","Team":"FA","PlayerOpponent":"Bye","PassingYDS":"","PassingTD":"","PassingInt":"","RushingYDS":"","RushingTD":"","ReceivingRec":"","ReceivingYDS":"","ReceivingTD":"","RetTD":"","FumTD":"","2PT":"","Fum":"","PlayerWeekProjectedPts":"","Rank":176,"TotalPoints":"0.00","ProjectionDiff":null},{"PlayerName":"Nate McCrary","PlayerId":"2566617","Pos":"RB","Team":"BAL","PlayerOpponent":"LA","PassingYDS":"","PassingTD":"","PassingInt":"","RushingYDS":"","RushingTD":"","ReceivingRec":"","ReceivingYDS":"","ReceivingTD":"","RetTD":"","FumTD":"","2PT":"","Fum":"","PlayerWeekProjectedPts":"0.00","Rank":177,"TotalPoints":"0.00","ProjectionDiff":0.0},{"PlayerName":"Anthony McFarland","PlayerId":"2564994","Pos":"RB","Team":"PIT","PlayerOpponent":"CLE","PassingYDS":"","PassingTD":"","PassingInt":"","RushingYDS":"","RushingTD":"","ReceivingRec":"","ReceivingYDS":"","ReceivingTD":"","RetTD":"","FumTD":"","2PT":"","Fum":"","PlayerWeekProjectedPts":"0.00","Rank":178,"TotalPoints":"0.00","ProjectionDiff":0.0},{"PlayerName":"Elijah McGuire","PlayerId":"2557934","Pos":"RB","Team":"KC","PlayerOpponent":"@CIN","PassingYDS":"","PassingTD":"","PassingInt":"","RushingYDS":"","RushingTD":"","ReceivingRec":"","ReceivingYDS":"","ReceivingTD":"","RetTD":"","FumTD":"","2PT":"","Fum":"","PlayerWeekProjectedPts":"0.00","Rank":179,"TotalPoints":"0.00","ProjectionDiff":0.0},{"PlayerName":"Jerick McKinnon","PlayerId":"2543715","Pos":"RB","Team":"KC","PlayerOpponent":"@CIN","PassingYDS":"","PassingTD":"","PassingInt":"","RushingYDS":"","RushingTD":"","ReceivingRec":"","ReceivingYDS":"","ReceivingTD":"","RetTD":"","FumTD":"","2PT":"","Fum":"","PlayerWeekProjectedPts":"2.73","Rank":180,"TotalPoints":"0.00","ProjectionDiff":-2.73},{"PlayerName":"J.D. McKissic","PlayerId":"2556440","Pos":"RB","Team":"WAS","PlayerOpponent":"PHI","PassingYDS":"","PassingTD":"","PassingInt":"","RushingYDS":"","RushingTD":"","ReceivingRec":"","ReceivingYDS":"","ReceivingTD":"","RetTD":"","FumTD":"","2PT":"","Fum":"","PlayerWeekProjectedPts":null,"Rank":181,"TotalPoints":"0.00","ProjectionDiff":null},{"PlayerName":"Lamar Miller","PlayerId":"2533034","Pos":"RB","Team":"FA","PlayerOpponent":"Bye","PassingYDS":"","PassingTD":"","PassingInt":"","RushingYDS":"","RushingTD":"","ReceivingRec":"","ReceivingYDS":"","ReceivingTD":"","RetTD":"","FumTD":"","2PT":"","Fum":"","PlayerWeekProjectedPts":"","Rank":182,"TotalPoints":"0.00","ProjectionDiff":null},{"PlayerName":"Dedrick Mills","PlayerId":"2566905","Pos":"RB","Team":"FA","PlayerOpponent":"Bye","PassingYDS":"","PassingTD":"","PassingInt":"","RushingYDS":"","RushingTD":"","ReceivingRec":"","ReceivingYDS":"","ReceivingTD":"","RetTD":"","FumTD":"","2PT":"","Fum":"","PlayerWeekProjectedPts":"","Rank":183,"TotalPoints":"0.00","ProjectionDiff":null},{"PlayerName":"Taquan Mizzell","PlayerId":"2558975","Pos":"RB","Team":"FA","PlayerOpponent":"Bye","PassingYDS":"","PassingTD":"","PassingInt":"","RushingYDS":"","RushingTD":"","ReceivingRec":"","ReceivingYDS":"","ReceivingTD":"","RetTD":"","FumTD":"","2PT":"","Fum":"","PlayerWeekProjectedPts":"","Rank":184,"TotalPoints":"0.00","ProjectionDiff":null},{"PlayerName":"Alfred Morris","PlayerId":"2533457","Pos":"RB","Team":"FA","PlayerOpponent":"Bye","PassingYDS":"","PassingTD":"","PassingInt":"","RushingYDS":"","RushingTD":"","ReceivingRec":"","ReceivingYDS":"","ReceivingTD":"","RetTD":"","FumTD":"","2PT":"","Fum":"","PlayerWeekProjectedPts":"","Rank":185,"TotalPoints":"0.00","ProjectionDiff":null},{"PlayerName":"Raheem Mostert","PlayerId":"2553728","Pos":"RB","Team":"SF","PlayerOpponent":"HOU","PassingYDS":"","PassingTD":"","PassingInt":"","RushingYDS":"","RushingTD":"","ReceivingRec":"","ReceivingYDS":"","ReceivingTD":"","RetTD":"","FumTD":"","2PT":"","Fum":"","PlayerWeekProjectedPts":null,"Rank":186,"TotalPoints":"0.00","ProjectionDiff":null},{"PlayerName":"Khalfani Muhammad","PlayerId":"2558861","Pos":"RB","Team":"FA","PlayerOpponent":"Bye","PassingYDS":"","PassingTD":"","PassingInt":"","RushingYDS":"","RushingTD":"","ReceivingRec":"","ReceivingYDS":"","ReceivingTD":"","RetTD":"","FumTD":"","2PT":"","Fum":"","PlayerWeekProjectedPts":"","Rank":187,"TotalPoints":"0.00","ProjectionDiff":null},{"PlayerName":"Ryan Nall","PlayerId":"2560817","Pos":"RB","Team":"CHI","PlayerOpponent":"NYG","PassingYDS":"","PassingTD":"","PassingInt":"","RushingYDS":"","RushingTD":"","ReceivingRec":"","ReceivingYDS":"","ReceivingTD":"","RetTD":"","FumTD":"","2PT":"","Fum":"","PlayerWeekProjectedPts":"0.00","Rank":188,"TotalPoints":"0.00","ProjectionDiff":0.0},{"PlayerName":"Kene Nwangwu","PlayerId":"2566313","Pos":"RB","Team":"MIN","PlayerOpponent":"@GB","PassingYDS":"","PassingTD":"","PassingInt":"","RushingYDS":"","RushingTD":"","ReceivingRec":"","ReceivingYDS":"","ReceivingTD":"","RetTD":"","FumTD":"","2PT":"","Fum":"","PlayerWeekProjectedPts":"1.37","Rank":189,"TotalPoints":"0.00","ProjectionDiff":-1.37},{"PlayerName":"Sewo Olonilua","PlayerId":"2563857","Pos":"RB","Team":"DAL","PlayerOpponent":"ARI","PassingYDS":"","PassingTD":"","PassingInt":"","RushingYDS":"","RushingTD":"","ReceivingRec":"","ReceivingYDS":"","ReceivingTD":"","RetTD":"","FumTD":"","2PT":"","Fum":"","PlayerWeekProjectedPts":null,"Rank":190,"TotalPoints":"0.00","ProjectionDiff":null},{"PlayerName":"Devine Ozigbo","PlayerId":"2562409","Pos":"RB","Team":"NE","PlayerOpponent":"JAX","PassingYDS":"","PassingTD":"","PassingInt":"","RushingYDS":"","RushingTD":"","ReceivingRec":"","ReceivingYDS":"","ReceivingTD":"","RetTD":"","FumTD":"","2PT":"","Fum":"","PlayerWeekProjectedPts":"0.00","Rank":191,"TotalPoints":"0.00","ProjectionDiff":0.0},{"PlayerName":"Jacques Patrick","PlayerId":"2563737","Pos":"RB","Team":"BAL","PlayerOpponent":"LA","PassingYDS":"","PassingTD":"","PassingInt":"","RushingYDS":"","RushingTD":"","ReceivingRec":"","ReceivingYDS":"","ReceivingTD":"","RetTD":"","FumTD":"","2PT":"","Fum":"","PlayerWeekProjectedPts":"0.00","Rank":192,"TotalPoints":"0.00","ProjectionDiff":0.0},{"PlayerName":"Elijhaa Penny","PlayerId":"2556762","Pos":"RB","Team":"NYG","PlayerOpponent":"@CHI","PassingYDS":"","PassingTD":"","PassingInt":"","RushingYDS":"","RushingTD":"","ReceivingRec":"","ReceivingYDS":"","ReceivingTD":"","RetTD":"","FumTD":"","2PT":"","Fum":"","PlayerWeekProjectedPts":"1.76","Rank":193,"TotalPoints":"0.00","ProjectionDiff":-1.76},{"PlayerName":"La'Mical Perine","PlayerId":"2564808","Pos":"RB","Team":"NYJ","PlayerOpponent":"TB","PassingYDS":"","PassingTD":"","PassingInt":"","RushingYDS":"","RushingTD":"","ReceivingRec":"","ReceivingYDS":"","ReceivingTD":"","RetTD":"","FumTD":"","2PT":"","Fum":"","PlayerWeekProjectedPts":"0.00","Rank":194,"TotalPoints":"0.00","ProjectionDiff":0.0},{"PlayerName":"Malcolm Perry","PlayerId":"2564484","Pos":"RB","Team":"FA","PlayerOpponent":"Bye","PassingYDS":"","PassingTD":"","PassingInt":"","RushingYDS":"","RushingTD":"","ReceivingRec":"","ReceivingYDS":"","ReceivingTD":"","RetTD":"","FumTD":"","2PT":"","Fum":"","PlayerWeekProjectedPts":"","Rank":195,"TotalPoints":"0.00","ProjectionDiff":null},{"PlayerName":"Senorise Perry","PlayerId":"2550633","Pos":"RB","Team":"FA","PlayerOpponent":"Bye","PassingYDS":"","PassingTD":"","PassingInt":"","RushingYDS":"","RushingTD":"","ReceivingRec":"","ReceivingYDS":"","ReceivingTD":"","RetTD":"","FumTD":"","2PT":"","Fum":"","PlayerWeekProjectedPts":"","Rank":196,"TotalPoints":"0.00","ProjectionDiff":null},{"PlayerName":"Adrian Peterson","PlayerId":"2507164","Pos":"RB","Team":"SEA","PlayerOpponent":"DET","PassingYDS":"","PassingTD":"","PassingInt":"","RushingYDS":"","RushingTD":"","ReceivingRec":"","ReceivingYDS":"","ReceivingTD":"","RetTD":"","FumTD":"","2PT":"","Fum":"","PlayerWeekProjectedPts":null,"Rank":197,"TotalPoints":"0.00","ProjectionDiff":null},{"PlayerName":"Scottie Phillips","PlayerId":"2564085","Pos":"RB","Team":"HOU","PlayerOpponent":"@SF","PassingYDS":"","PassingTD":"","PassingInt":"","RushingYDS":"","RushingTD":"","ReceivingRec":"","ReceivingYDS":"","ReceivingTD":"","RetTD":"","FumTD":"","2PT":"","Fum":"","PlayerWeekProjectedPts":null,"Rank":198,"TotalPoints":"0.00","ProjectionDiff":null},{"PlayerName":"Artavis Pierce","PlayerId":"2565417","Pos":"RB","Team":"CLE","PlayerOpponent":"@PIT","PassingYDS":"","PassingTD":"","PassingInt":"","RushingYDS":"","RushingTD":"","ReceivingRec":"","ReceivingYDS":"","ReceivingTD":"","RetTD":"","FumTD":"","2PT":"","Fum":"","PlayerWeekProjectedPts":"0.00","Rank":199,"TotalPoints":"0.00","ProjectionDiff":0.0},{"PlayerName":"Sandro Platzgummer","PlayerId":"2565523","Pos":"RB","Team":"NYG","PlayerOpponent":"@CHI","PassingYDS":"","PassingTD":"","PassingInt":"","RushingYDS":"","RushingTD":"","ReceivingRec":"","ReceivingYDS":"","ReceivingTD":"","RetTD":"","FumTD":"","2PT":"","Fum":"","PlayerWeekProjectedPts":"0.00","Rank":200,"TotalPoints":"0.00","ProjectionDiff":0.0},{"PlayerName":"C.J. Prosise","PlayerId":"2555417","Pos":"RB","Team":"FA","PlayerOpponent":"Bye","PassingYDS":"","PassingTD":"","PassingInt":"","RushingYDS":"","RushingTD":"","ReceivingRec":"","ReceivingYDS":"","ReceivingTD":"","RetTD":"","FumTD":"","2PT":"","Fum":"","PlayerWeekProjectedPts":"","Rank":201,"TotalPoints":"0.00","ProjectionDiff":null},{"PlayerName":"Trey Ragas","PlayerId":"2565654","Pos":"RB","Team":"LV","PlayerOpponent":"@IND","PassingYDS":"","PassingTD":"","PassingInt":"","RushingYDS":"","RushingTD":"","ReceivingRec":"","ReceivingYDS":"","ReceivingTD":"","RetTD":"","FumTD":"","2PT":"","Fum":"","PlayerWeekProjectedPts":"0.00","Rank":202,"TotalPoints":"0.00","ProjectionDiff":0.0},{"PlayerName":"Patrick Ricard","PlayerId":"2558990","Pos":"RB","Team":"BAL","PlayerOpponent":"LA","PassingYDS":"","PassingTD":"","PassingInt":"","RushingYDS":"","RushingTD":"","ReceivingRec":"","ReceivingYDS":"","ReceivingTD":"","RetTD":"","FumTD":"","2PT":"","Fum":"","PlayerWeekProjectedPts":null,"Rank":203,"TotalPoints":"0.00","ProjectionDiff":null},{"PlayerName":"Theo Riddick","PlayerId":"2540020","Pos":"RB","Team":"FA","PlayerOpponent":"Bye","PassingYDS":"","PassingTD":"","PassingInt":"","RushingYDS":"","RushingTD":"","ReceivingRec":"","ReceivingYDS":"","ReceivingTD":"","RetTD":"","FumTD":"","2PT":"","Fum":"","PlayerWeekProjectedPts":"","Rank":204,"TotalPoints":"0.00","ProjectionDiff":null},{"PlayerName":"James Robinson","PlayerId":"2564223","Pos":"RB","Team":"JAX","PlayerOpponent":"@NE","PassingYDS":"","PassingTD":"","PassingInt":"","RushingYDS":"","RushingTD":"","ReceivingRec":"","ReceivingYDS":"","ReceivingTD":"","RetTD":"","FumTD":"","2PT":"","Fum":"","PlayerWeekProjectedPts":null,"Rank":205,"TotalPoints":"0.00","ProjectionDiff":null},{"PlayerName":"Larry Rountree III","PlayerId":"2566505","Pos":"RB","Team":"LAC","PlayerOpponent":"DEN","PassingYDS":"","PassingTD":"","PassingInt":"","RushingYDS":"","RushingTD":"","ReceivingRec":"","ReceivingYDS":"","ReceivingTD":"","RetTD":"","FumTD":"","2PT":"","Fum":"","PlayerWeekProjectedPts":"0.00","Rank":206,"TotalPoints":"0.00","ProjectionDiff":0.0},{"PlayerName":"Miles Sanders","PlayerId":"2562722","Pos":"RB","Team":"PHI","PlayerOpponent":"@WAS","PassingYDS":"","PassingTD":"","PassingInt":"","RushingYDS":"","RushingTD":"","ReceivingRec":"","ReceivingYDS":"","ReceivingTD":"","RetTD":"","FumTD":"","2PT":"","Fum":"","PlayerWeekProjectedPts":"0.00","Rank":207,"TotalPoints":"0.00","ProjectionDiff":0.0},{"PlayerName":"Mekhi Sargent","PlayerId":"2566962","Pos":"RB","Team":"JAX","PlayerOpponent":"@NE","PassingYDS":"","PassingTD":"","PassingInt":"","RushingYDS":"","RushingTD":"","ReceivingRec":"","ReceivingYDS":"","ReceivingTD":"","RetTD":"","FumTD":"","2PT":"","Fum":"","PlayerWeekProjectedPts":"0.00","Rank":208,"TotalPoints":"0.00","ProjectionDiff":0.0},{"PlayerName":"Jordan Scarlett","PlayerId":"2562725","Pos":"RB","Team":"MIA","PlayerOpponent":"@TEN","PassingYDS":"","PassingTD":"","PassingInt":"","RushingYDS":"","RushingTD":"","ReceivingRec":"","ReceivingYDS":"","ReceivingTD":"","RetTD":"","FumTD":"","2PT":"","Fum":"","PlayerWeekProjectedPts":null,"Rank":209,"TotalPoints":"0.00","ProjectionDiff":null},{"PlayerName":"Stevie Scott III","PlayerId":"2565705","Pos":"RB","Team":"FA","PlayerOpponent":"Bye","PassingYDS":"","PassingTD":"","PassingInt":"","RushingYDS":"","RushingTD":"","ReceivingRec":"","ReceivingYDS":"","ReceivingTD":"","RetTD":"","FumTD":"","2PT":"","Fum":"","PlayerWeekProjectedPts":"","Rank":210,"TotalPoints":"0.00","ProjectionDiff":null},{"PlayerName":"Trey Sermon","PlayerId":"2566544","Pos":"RB","Team":"SF","PlayerOpponent":"HOU","PassingYDS":"","PassingTD":"","PassingInt":"","RushingYDS":"","RushingTD":"","ReceivingRec":"","ReceivingYDS":"","ReceivingTD":"","RetTD":"","FumTD":"","2PT":"","Fum":"","PlayerWeekProjectedPts":"0.00","Rank":211,"TotalPoints":"0.00","ProjectionDiff":0.0},{"PlayerName":"Anthony Sherman","PlayerId":"2495340","Pos":"RB","Team":"FA","PlayerOpponent":"Bye","PassingYDS":"","PassingTD":"","PassingInt":"","RushingYDS":"","RushingTD":"","ReceivingRec":"","ReceivingYDS":"","ReceivingTD":"","RetTD":"","FumTD":"","2PT":"","Fum":"","PlayerWeekProjectedPts":"","Rank":212,"TotalPoints":"0.00","ProjectionDiff":null},{"PlayerName":"Ito Smith","PlayerId":"2559924","Pos":"RB","Team":"DAL","PlayerOpponent":"ARI","PassingYDS":"","PassingTD":"","PassingInt":"","RushingYDS":"","RushingTD":"","ReceivingRec":"","ReceivingYDS":"","ReceivingTD":"","RetTD":"","FumTD":"","2PT":"","Fum":"","PlayerWeekProjectedPts":"0.00","Rank":213,"TotalPoints":"0.00","ProjectionDiff":0.0},{"PlayerName":"Rodney Smith","PlayerId":"2563680","Pos":"RB","Team":"FA","PlayerOpponent":"Bye","PassingYDS":"","PassingTD":"","PassingInt":"","RushingYDS":"","RushingTD":"","ReceivingRec":"","ReceivingYDS":"","ReceivingTD":"","RetTD":"","FumTD":"","2PT":"","Fum":"","PlayerWeekProjectedPts":"","Rank":214,"TotalPoints":"0.00","ProjectionDiff":null},{"PlayerName":"Johnny Stanton","PlayerId":"2561489","Pos":"RB","Team":"CLE","PlayerOpponent":"@PIT","PassingYDS":"","PassingTD":"","PassingInt":"","RushingYDS":"","RushingTD":"","ReceivingRec":"","ReceivingYDS":"","ReceivingTD":"","RetTD":"","FumTD":"","2PT":"","Fum":"","PlayerWeekProjectedPts":"0.00","Rank":215,"TotalPoints":"0.00","ProjectionDiff":0.0},{"PlayerName":"Mason Stokke","PlayerId":"2565579","Pos":"RB","Team":"FA","PlayerOpponent":"Bye","PassingYDS":"","PassingTD":"","PassingInt":"","RushingYDS":"","RushingTD":"","ReceivingRec":"","ReceivingYDS":"","ReceivingTD":"","RetTD":"","FumTD":"","2PT":"","Fum":"","PlayerWeekProjectedPts":"","Rank":216,"TotalPoints":"0.00","ProjectionDiff":null},{"PlayerName":"J.J. Taylor","PlayerId":"2564640","Pos":"RB","Team":"NE","PlayerOpponent":"JAX","PassingYDS":"","PassingTD":"","PassingInt":"","RushingYDS":"","RushingTD":"","ReceivingRec":"","ReceivingYDS":"","ReceivingTD":"","RetTD":"","FumTD":"","2PT":"","Fum":"","PlayerWeekProjectedPts":"0.00","Rank":217,"TotalPoints":"0.00","ProjectionDiff":0.0},{"PlayerName":"Chris Thompson","PlayerId":"2540011","Pos":"RB","Team":"FA","PlayerOpponent":"Bye","PassingYDS":"","PassingTD":"","PassingInt":"","RushingYDS":"","RushingTD":"","ReceivingRec":"","ReceivingYDS":"","ReceivingTD":"","RetTD":"","FumTD":"","2PT":"","Fum":"","PlayerWeekProjectedPts":"","Rank":218,"TotalPoints":"0.00","ProjectionDiff":null},{"PlayerName":"Darwin Thompson","PlayerId":"2562832","Pos":"RB","Team":"TB","PlayerOpponent":"@NYJ","PassingYDS":"","PassingTD":"","PassingInt":"","RushingYDS":"","RushingTD":"","ReceivingRec":"","ReceivingYDS":"","ReceivingTD":"","RetTD":"","FumTD":"","2PT":"","Fum":"","PlayerWeekProjectedPts":"0.00","Rank":219,"TotalPoints":"0.00","ProjectionDiff":0.0},{"PlayerName":"Danny Vitale","PlayerId":"2555218","Pos":"RB","Team":"FA","PlayerOpponent":"Bye","PassingYDS":"","PassingTD":"","PassingInt":"","RushingYDS":"","RushingTD":"","ReceivingRec":"","ReceivingYDS":"","ReceivingTD":"","RetTD":"","FumTD":"","2PT":"","Fum":"","PlayerWeekProjectedPts":"","Rank":220,"TotalPoints":"0.00","ProjectionDiff":null},{"PlayerName":"Christian Wade","PlayerId":"2562896","Pos":"RB","Team":"BUF","PlayerOpponent":"ATL","PassingYDS":"","PassingTD":"","PassingInt":"","RushingYDS":"","RushingTD":"","ReceivingRec":"","ReceivingYDS":"","ReceivingTD":"","RetTD":"","FumTD":"","2PT":"","Fum":"","PlayerWeekProjectedPts":null,"Rank":221,"TotalPoints":"0.00","ProjectionDiff":null},{"PlayerName":"DeAndre Washington","PlayerId":"2555464","Pos":"RB","Team":"FA","PlayerOpponent":"Bye","PassingYDS":"","PassingTD":"","PassingInt":"","RushingYDS":"","RushingTD":"","ReceivingRec":"","ReceivingYDS":"","ReceivingTD":"","RetTD":"","FumTD":"","2PT":"","Fum":"","PlayerWeekProjectedPts":"","Rank":222,"TotalPoints":"0.00","ProjectionDiff":null},{"PlayerName":"Dwayne Washington","PlayerId":"2556118","Pos":"RB","Team":"NO","PlayerOpponent":"CAR","PassingYDS":"","PassingTD":"","PassingInt":"","RushingYDS":"","RushingTD":"","ReceivingRec":"","ReceivingYDS":"","ReceivingTD":"","RetTD":"","FumTD":"","2PT":"","Fum":"","PlayerWeekProjectedPts":"1.10","Rank":223,"TotalPoints":"0.00","ProjectionDiff":-1.1},{"PlayerName":"Mike Weber","PlayerId":"2562775","Pos":"RB","Team":"FA","PlayerOpponent":"Bye","PassingYDS":"","PassingTD":"","PassingInt":"","RushingYDS":"","RushingTD":"","ReceivingRec":"","ReceivingYDS":"","ReceivingTD":"","RetTD":"","FumTD":"","2PT":"","Fum":"","PlayerWeekProjectedPts":"","Rank":224,"TotalPoints":"0.00","ProjectionDiff":null},{"PlayerName":"James White","PlayerId":"2543773","Pos":"RB","Team":"NE","PlayerOpponent":"JAX","PassingYDS":"","PassingTD":"","PassingInt":"","RushingYDS":"","RushingTD":"","ReceivingRec":"","ReceivingYDS":"","ReceivingTD":"","RetTD":"","FumTD":"","2PT":"","Fum":"","PlayerWeekProjectedPts":null,"Rank":225,"TotalPoints":"0.00","ProjectionDiff":null},{"PlayerName":"Jordan Wilkins","PlayerId":"2560933","Pos":"RB","Team":"TEN","PlayerOpponent":"MIA","PassingYDS":"","PassingTD":"","PassingInt":"","RushingYDS":"","RushingTD":"","ReceivingRec":"","ReceivingYDS":"","ReceivingTD":"","RetTD":"","FumTD":"","2PT":"","Fum":"","PlayerWeekProjectedPts":"0.00","Rank":226,"TotalPoints":"0.00","ProjectionDiff":0.0},{"PlayerName":"Antonio Williams","PlayerId":"2565393","Pos":"RB","Team":"BUF","PlayerOpponent":"ATL","PassingYDS":"","PassingTD":"","PassingInt":"","RushingYDS":"","RushingTD":"","ReceivingRec":"","ReceivingYDS":"","ReceivingTD":"","RetTD":"","FumTD":"","2PT":"","Fum":"","PlayerWeekProjectedPts":"0.00","Rank":227,"TotalPoints":"0.00","ProjectionDiff":0.0},{"PlayerName":"Dexter Williams","PlayerId":"2562784","Pos":"RB","Team":"CLE","PlayerOpponent":"@PIT","PassingYDS":"","PassingTD":"","PassingInt":"","RushingYDS":"","RushingTD":"","ReceivingRec":"","ReceivingYDS":"","ReceivingTD":"","RetTD":"","FumTD":"","2PT":"","Fum":"","PlayerWeekProjectedPts":"0.00","Rank":228,"TotalPoints":"0.00","ProjectionDiff":0.0},{"PlayerName":"Pooka Williams Jr.","PlayerId":"2566788","Pos":"RB","Team":"CIN","PlayerOpponent":"KC","PassingYDS":"","PassingTD":"","PassingInt":"","RushingYDS":"","RushingTD":"","ReceivingRec":"","ReceivingYDS":"","ReceivingTD":"","RetTD":"","FumTD":"","2PT":"","Fum":"","PlayerWeekProjectedPts":"0.00","Rank":229,"TotalPoints":"0.00","ProjectionDiff":0.0},{"PlayerName":"Trayveon Williams","PlayerId":"2562600","Pos":"RB","Team":"CIN","PlayerOpponent":"KC","PassingYDS":"","PassingTD":"","PassingInt":"","RushingYDS":"","RushingTD":"","ReceivingRec":"","ReceivingYDS":"","ReceivingTD":"","RetTD":"","FumTD":"","2PT":"","Fum":"","PlayerWeekProjectedPts":"0.00","Rank":230,"TotalPoints":"0.00","ProjectionDiff":0.0},{"PlayerName":"Ty'Son Williams","PlayerId":"2565542","Pos":"RB","Team":"BAL","PlayerOpponent":"LA","PassingYDS":"","PassingTD":"","PassingInt":"","RushingYDS":"","RushingTD":"","ReceivingRec":"","ReceivingYDS":"","ReceivingTD":"","RetTD":"","FumTD":"","2PT":"","Fum":"","PlayerWeekProjectedPts":"1.07","Rank":231,"TotalPoints":"0.00","ProjectionDiff":-1.07},{"PlayerName":"T.J. Yeldon","PlayerId":"2552471","Pos":"RB","Team":"FA","PlayerOpponent":"Bye","PassingYDS":"","PassingTD":"","PassingInt":"","RushingYDS":"","RushingTD":"","ReceivingRec":"","ReceivingYDS":"","ReceivingTD":"","RetTD":"","FumTD":"","2PT":"","Fum":"","PlayerWeekProjectedPts":"","Rank":232,"TotalPoints":"0.00","ProjectionDiff":null},{"PlayerName":"Tony Jones","PlayerId":"2564679","Pos":"RB","Team":"NO","PlayerOpponent":"CAR","PassingYDS":"","PassingTD":"","PassingInt":"","RushingYDS":"-2","RushingTD":"","ReceivingRec":"","ReceivingYDS":"","ReceivingTD":"","RetTD":"","FumTD":"","2PT":"","Fum":"","PlayerWeekProjectedPts":"2.69","Rank":233,"TotalPoints":"-0.20","ProjectionDiff":-2.89},{"PlayerName":"Ty Montgomery","PlayerId":"2552429","Pos":"RB","Team":"NO","PlayerOpponent":"CAR","PassingYDS":"","PassingTD":"","PassingInt":"","RushingYDS":"-4","RushingTD":"","ReceivingRec":"","ReceivingYDS":"","ReceivingTD":"","RetTD":"","FumTD":"","2PT":"","Fum":"","PlayerWeekProjectedPts":"3.16","Rank":234,"TotalPoints":"-0.40","ProjectionDiff":-3.56}]