PlayerName,PlayerId,Pos,Team,PlayerOpponent,PassingYDS,PassingTD,PassingInt,RushingYDS,RushingTD,ReceivingRec,ReceivingYDS,ReceivingTD,RetTD,FumTD,2PT,Fum,PlayerWeekProjectedPts,Rank,TotalPoints,ProjectionDiff
Ja'Marr Chase,2565941,WR,CIN,KC,,,,,,11,266,3,,,,,11.34,1,50.10,38.76
Amon-Ra St. Brown,2566073,WR,DET,@SEA,,,,23,1,8,111,1,,,1,,10.82,2,31.40,20.58
DK Metcalf,2562685,WR,SEA,DET,,,,6,,6,63,3,,,,,10.08,3,27.90,17.82
Davante Adams,2543495,WR,GB,MIN,,,,,,11,136,1,,,,,15.68,4,25.10,9.42
Braxton Berrios,2560975,WR,NYJ,TB,,,,12,1,8,65,1,,,,1,,5,21.70,
Cooper Kupp,2557898,WR,LA,@BAL,,,,,,6,95,1,,,,,17.23,6,18.50,1.27
Kristian Wilkerson,2565480,WR,NE,JAX,,,,,,4,42,2,,,,,0.83,7,18.20,17.37
Zay Jones,2557863,WR,LV,@IND,,,,-1,,8,120,,,,,,6.60,8,17.60,11.0
Jakobi Meyers,2562492,WR,NE,JAX,,,,,,8,73,1,,,,,9.08,9,17.30,8.22
Cyril Grayson,2558808,WR,TB,@NYJ,,,,,,6,81,1,,,,,2.31,10,17.10,14.79
Hunter Renfrow,2562712,WR,LV,@IND,,,,,,7,76,1,,,,,13.19,11,17.10,3.91
Antoine Wesley,2562779,WR,ARI,@DAL,,,,,,4,30,2,,,,,3.85,12,17.00,13.15
Darnell Mooney,2563707,WR,CHI,NYG,,,,,,7,69,1,,,,,8.70,13,16.40,7.7
Allen Lazard,2560787,WR,GB,MIN,,,,,,6,72,1,,,,,7.26,14,16.20,8.94
Brandin Cooks,2543498,WR,HOU,@SF,,,,,,7,66,1,,,,,12.61,15,16.10,3.49
Ced Wilson,2560936,WR,DAL,ARI,31,,,,,6,35,1,,,1,,2.88,16,15.74,12.86
Deebo Samuel,2562721,WR,SF,HOU,,,,19,,3,63,1,,,,,16.77,17,15.70,-1.07
Mike Evans,2543468,WR,TB,@NYJ,,,,,,4,47,1,,,,,9.26,18,14.40,5.14
Odell Beckham Jr.,2543496,WR,LA,@BAL,,,,,,5,39,1,,,,,9.49,19,14.10,4.61
Mike Williams,2558846,WR,LAC,DEN,,,,,,3,63,1,,,,,10.73,20,13.80,3.07
KhaDarel Hodge,2561653,WR,DET,@SEA,,,,,,5,76,,,,,,3.68,21,13.50,9.82
Diontae Johnson,2562674,WR,PIT,CLE,,,,,,8,31,1,,,,,13.63,22,13.10,-0.53
Marquez Callaway,2565310,WR,NO,CAR,,,,,,6,97,,,,,,6.73,23,12.70,5.97
K.J. Osborn,2564574,WR,MIN,@GB,,,,,,3,50,1,,,,,6.42,24,12.50,6.08
Keenan Allen,2540154,WR,LAC,DEN,,,,,,4,44,1,,,,,11.85,25,12.40,0.55
Kendrick Bourne,2558914,WR,NE,JAX,,,,17,,5,76,,,,,,9.19,26,11.80,2.61
Laquon Treadwell,2555214,WR,JAX,@NE,,,,,,6,87,,,,,,7.14,27,11.70,4.56
Tyler Boyd,2555466,WR,CIN,KC,,,,,,4,36,1,,,,,8.97,28,11.60,2.63
Michael Gallup,2560735,WR,DAL,ARI,,,,,,3,36,1,,,,,,29,11.10,
T.Y. Hilton,2532865,WR,IND,LV,,,,,,1,45,1,,,,,7.88,30,11.00,3.12
Christian Kirk,2560781,WR,ARI,@DAL,,,,,,6,79,,,,,,8.55,31,10.90,2.35
Donovan Peoples-Jones,2563803,WR,CLE,@PIT,,,,,,3,76,,,,,,7.11,32,10.80,3.69
Tyler Lockett,2552430,WR,SEA,DET,,,,7,,3,24,1,,,,,12.26,33,10.60,-1.66
Brandon Aiyuk,2565093,WR,SF,HOU,,,,,,4,94,,,,,1,8.05,34,10.40,2.35
Demarcus Robinson,2555478,WR,KC,@CIN,,,,,,2,33,1,,,,,4.27,35,10.30,6.03
Terry McLaurin,2562489,WR,WAS,PHI,,,,,,7,61,,,,,,8.53,36,9.60,1.07
Rashod Bateman,2565836,WR,BAL,LA,,,,,,7,58,,,,,,6.88,37,9.30,2.42
Amari Cooper,2552487,WR,DAL,ARI,,,,,,3,18,1,,,,,9.62,38,9.30,-0.32
A.J. Green,2495450,WR,ARI,@DAL,,,,,,3,74,,,,,,7.48,39,8.90,1.42
Justin Jefferson,2564556,WR,MIN,@GB,,,,,,6,58,,,,,,12.66,40,8.80,-3.86
Van Jefferson,2564358,WR,LA,@BAL,,,,,,4,63,,,,,,8.22,41,8.30,0.08
Stefon Diggs,2552608,WR,BUF,ATL,,,,,,5,52,,,,,,13.48,42,7.70,-5.78
Tee Higgins,2563731,WR,CIN,KC,,,,,,3,62,,,,,,14.46,43,7.70,-6.76
Michael Pittman,2564136,WR,IND,LV,,,,,,6,47,,,,,,10.84,44,7.70,-3.14
Courtland Sutton,2560888,WR,DEN,@LAC,,,,,,3,60,,,,,,5.80,45,7.50,1.7
Freddie Swain,2565195,WR,SEA,DET,,,,,,2,65,,,,,,3.28,46,7.50,4.22
Gabriel Davis,2563602,WR,BUF,ATL,,,,,,3,40,,,,,,10.44,47,7.20,-3.24
Tyreek Hill,2556214,WR,KC,@CIN,,,,2,,6,40,,,,,,12.32,48,7.20,-5.12
Allen Robinson,2543509,WR,CHI,NYG,,,,,,4,35,,,,,,7.42,49,7.20,-0.22
Tyler Johnson,2565225,WR,TB,@NYJ,,,,,,4,50,,,,,,5.58,50,7.00,1.42
Jarvis Landry,2543488,WR,CLE,@PIT,,,,6,,4,43,,,,,,9.56,51,6.90,-2.66
DeVonta Smith,2566409,WR,PHI,@WAS,,,,,,3,54,,,,,,9.73,52,6.90,-2.83
Cam Sims,2561067,WR,WAS,PHI,,,,,,4,48,,,,,,3.14,53,6.80,3.66
CeeDee Lamb,2563848,WR,DAL,ARI,,,,,,3,51,,,,,,9.41,54,6.60,-2.81
DeVante Parker,2552409,WR,MIA,@TEN,,,,,,4,46,,,,,,9.10,55,6.60,-2.5
Russell Gage,2561061,WR,ATL,@BUF,,,,,,3,50,,,,,,10.66,56,6.50,-4.16
Jaylen Waddle,2566292,WR,MIA,@TEN,,,,,,3,47,,,,,,12.77,57,6.20,-6.57
Andre Roberts,497320,WR,LAC,DEN,,,,,,,,,1,,,,1.00,58,6.00,5.0
Mecole Hardman,2562580,WR,KC,@CIN,,,,,,1,53,,,,,,4.14,59,5.80,1.66
Marvin Jones,2532884,WR,JAX,@NE,,,,,,2,46,,,,,,7.72,60,5.60,-2.12
Cole Beasley,2535698,WR,BUF,ATL,,,,,,2,22,,,,1,,10.20,61,5.20,-5.0
A.J. Brown,2562238,WR,TEN,MIA,,,,,,2,41,,,,,,12.49,62,5.10,-7.39
Breshad Perriman,2552597,WR,TB,@NYJ,,,,,,2,41,,,,,,1.89,63,5.10,3.21
Byron Pringle,2560844,WR,KC,@CIN,,,,,,3,35,,,,,,8.62,64,5.00,-3.62
Dyami Brown,2566586,WR,WAS,PHI,,,,,,1,25,,,,,,1.36,65,4.70,3.34
Keelan Cole,2559153,WR,NYJ,TB,,,,,,2,35,,,,,,5.47,66,4.50,-0.97
Nico Collins,2566127,WR,HOU,@SF,,,,,,2,35,,,,,,6.19,67,4.50,-1.69
Ray-Ray McCloud,2560801,WR,PIT,CLE,,,,,,4,35,,,,,1,3.51,68,4.50,0.99
Greg Ward,2559278,WR,PHI,@WAS,,,,,,2,35,,,,,,0.78,69,4.50,3.72
D.J. Moore,2560813,WR,CAR,@NO,,,,,,3,29,,,,,,11.07,70,4.40,-6.67
D'Wayne Eskridge,2566553,WR,SEA,DET,,,,30,,1,7,,,,,,2.93,71,4.20,1.27
Trinity Benson,2563035,WR,DET,@SEA,,,,,,2,31,,,,,,2.07,72,4.10,2.03
Antonio Brown,2508061,WR,FA,Bye,,,,,,3,26,,,,,,,73,4.10,
Seth Williams,2566052,WR,DEN,@LAC,,,,,,1,34,,,,,,1.47,74,3.90,2.43
Gunner Olszewski,2563329,WR,NE,JAX,,,,,,1,9,,,,,1,5.65,75,3.70,-1.95
Lil'Jordan Humphrey,2562668,WR,NO,CAR,,,,,,2,26,,,,,,3.80,76,3.60,-0.2
Jauan Jennings,2565114,WR,SF,HOU,,,,,,2,25,,,,,,3.74,77,3.50,-0.24
Tavon Austin,2539336,WR,JAX,@NE,,,,,,3,2,,,,,,2.79,78,3.40,0.61
Kendall Hinton,2563893,WR,DEN,@LAC,1,,,,,2,23,,,,,,5.22,79,3.34,-1.88
Devin Duvernay,2563551,WR,BAL,LA,,,,4,,2,19,,,,,,3.66,80,3.30,-0.36
Deonte Harris,2563155,WR,NO,CAR,,,,,,2,23,,,,,,7.87,81,3.30,-4.57
Chase Claypool,2564970,WR,PIT,CLE,,,,,,3,17,,,,,,9.56,82,3.20,-6.36
Josh Palmer,2566502,WR,LAC,DEN,,,,,,3,16,,,,,,6.86,83,3.10,-3.76
Damiere Byrd,2553499,WR,CHI,NYG,,,,,,1,23,,,,,,4.83,84,2.80,-2.03
Ben Skowronek,2566247,WR,LA,@BAL,,,,,,2,18,,,,,,1.48,85,2.80,1.32
Terrace Marshall Jr.,2565902,WR,CAR,@NO,,,,,,2,16,,,,,,,86,2.60,
River Cracraft,2559485,WR,SF,HOU,,,,,,,,,,,,,0.61,87,2.50,1.89
Stanley Morgan,2562504,WR,CIN,KC,,,,,,,,,,,,,0.32,88,2.50,2.18
Quez Watkins,2564880,WR,PHI,@WAS,,,,,,2,15,,,,,,5.77,89,2.50,-3.27
Marquise Brown,2562379,WR,BAL,LA,,,,,,3,28,,,,,1,9.55,90,2.30,-7.25
Chester Rogers,2556396,WR,TEN,MIA,,,,,,2,13,,,,,,2.69,91,2.30,-0.39
Laviska Shenault Jr.,2564232,WR,JAX,@NE,,,,,,2,13,,,,,,7.74,92,2.30,-5.44
Adam Humphries,2553895,WR,WAS,PHI,,,,,,2,12,,,,,,5.40,93,2.20,-3.2
Jalen Guyton,2562844,WR,LAC,DEN,,,,1,,2,10,,,,,,2.72,94,2.10,-0.62
Robby Anderson,2556462,WR,CAR,@NO,,,,,,2,10,,,,,,6.76,95,2.00,-4.76
Equanimeous St. Brown,2560883,WR,GB,MIN,,,,,,1,14,,,,,,1.73,96,1.90,0.17
Jeff Smith,2562845,WR,NYJ,TB,,,,,,1,13,,,,,,4.02,97,1.80,-2.22
Olamide Zaccheaus,2562808,WR,ATL,@BUF,,,,,,2,8,,,,,,5.83,98,1.80,-4.03
Ja'Marcus Bradley,2563761,WR,CLE,@PIT,,,,,,,,,,,,,0.69,99,1.70,1.01
Ashton Dulin,2562646,WR,IND,LV,,,,,,,,,,,,,2.19,100,1.70,-0.49
Trent Sherfield,2561272,WR,SF,HOU,,,,,,1,12,,,,,,0.65,101,1.70,1.05
David Sills,2562732,WR,NYG,@CHI,,,,,,1,12,,,,,,2.57,102,1.70,-0.87
Juwann Winfree,2562956,WR,GB,MIN,,,,,,1,12,,,,,,0.00,103,1.70,1.7
Brandon Zylstra,2560243,WR,CAR,@NO,,,,,,,,,,,,,2.80,104,1.70,-1.1
Chris Conley,2552652,WR,HOU,@SF,,,,3,,1,-2,,,,,,4.32,105,1.40,-2.92
Isaiah McKenzie,2558129,WR,BUF,ATL,,,,3,,1,6,,,,,,5.98,106,1.40,-4.58
Rashard Higgins,2555468,WR,CLE,@PIT,,,,,,1,8,,,,,,5.23,107,1.30,-3.93
Zach Pascal,2558877,WR,IND,LV,,,,,,1,8,,,,,,5.10,108,1.30,-3.8
Penny Hart,2562804,WR,SEA,DET,,,,,,1,6,,,,,,0.78,109,1.10,0.32
Josh Gordon,2537931,WR,KC,@CIN,,,,,,1,5,,,,,,2.17,110,1.00,-1.17
DeSean Jackson,1581,WR,LV,@IND,,,,,,1,5,,,,,,3.47,111,1.00,-2.47
Jake Kumerow,2553548,WR,BUF,ATL,,,,,,,,,,,,,0.92,112,1.00,0.08
Dede Westbrook,2557895,WR,MIN,@GB,,,,,,1,4,,,,,,3.14,113,0.90,-2.24
Pharoh Cooper,2555419,WR,NYG,@CHI,,,,,,,,,,,,,4.51,114,0.80,-3.71
Matthew Slater,4487,WR,NE,JAX,,,,,,,,,,,,,0.66,115,0.80,0.14
Marquez Valdes-Scantling,2560907,WR,GB,MIN,,,,,,1,3,,,,,,7.26,116,0.80,-6.46
DeAndre Carter,2553502,WR,WAS,PHI,,,,6,,,,,,,,,3.95,117,0.60,-3.35
Isaiah Ford,2558071,WR,MIA,@TEN,,,,,,1,,,,,,,2.60,118,0.50,-2.1
Dax Milne,2566601,WR,WAS,PHI,,,,1,,,,,,,,,1.62,119,0.10,-1.52
Rodney Adams,2558047,WR,CHI,NYG,,,,,,,,,,,,,0.00,120,0.00,0.0
Quincy Adeboyejo,2558906,WR,FA,Bye,,,,,,,,,,,,,,121,0.00,
Nelson Agholor,2552600,WR,NE,JAX,,,,,,,,,,,,,0.00,122,0.00,0.0
Jamal Agnew,2558821,WR,JAX,@NE,,,,,,,,,,,,,,123,0.00,
Landen Akers,2566193,WR,LA,@BAL,,,,,,,,,,,,,0.00,124,0.00,0.0
Geronimo Allison,2556460,WR,DET,@SEA,,,,,,,,,,,,,0.00,125,0.00,0.0
Danny Amendola,2649,WR,HOU,@SF,,,,,,,,,,,,,0.00,126,0.00,0.0
J.J. Arcega-Whiteside,2562466,WR,PHI,@WAS,,,,,,,,,,,,,,127,0.00,
Marcell Ateman,2560961,WR,FA,Bye,,,,,,,,,,,,,,128,0.00,
Tutu Atwell,2566196,WR,LA,@BAL,,,,,,,,,,,,,,129,0.00,
Andre Baccellia,2564250,WR,ARI,@DAL,,,,,,,,,,,,,0.00,130,0.00,0.0
Alex Bachman,2563301,WR,NYG,@CHI,,,,,,,,,,,,,1.29,131,0.00,-1.29
Manasseh Bailey,2564817,WR,FA,Bye,,,,,,,,,,,,,,132,0.00,
Kawaan Baker,2566349,WR,NO,CAR,,,,,,,,,,,,,0.00,133,0.00,0.0
Cameron Batson,2561521,WR,TEN,MIA,,,,,,,,,,,,,,134,0.00,
Omar Bayless,2563623,WR,FA,Bye,,,,,,,,,,,,,,135,0.00,
Chad Beebe,2561482,WR,MIN,@GB,,,,,,,,,,,,,,136,0.00,
Reggie Begelton,2563446,WR,FA,Bye,,,,,,,,,,,,,,137,0.00,
Travis Benjamin,2532790,WR,SF,HOU,,,,,,,,,,,,,0.40,138,0.00,-0.4
Tarik Black,2565594,WR,NYJ,TB,,,,,,,,,,,,,0.00,139,0.00,0.0
Justin Blackmon,2533038,WR,FA,Bye,,,,,,,,,,,,,,140,0.00,
Chris Blair,2565588,WR,GB,MIN,,,,,,,,,,,,,0.00,141,0.00,0.0
Christian Blake,2561443,WR,ATL,@BUF,,,,,,,,,,,,,0.88,142,0.00,-0.88
C.J. Board,2558911,WR,NYG,@CHI,,,,,,,,,,,,,,143,0.00,
Victor Bolden,2558912,WR,FA,Bye,,,,,,,,,,,,,,144,0.00,
Lynn Bowden,2564412,WR,MIA,@TEN,,,,,,,,,,,,,,145,0.00,
Miles Boykin,2562631,WR,BAL,LA,,,,,,,,,,,,,0.00,146,0.00,0.0
Fred Brown,2559396,WR,FA,Bye,,,,,,,,,,,,,,147,0.00,
John Brown,2543847,WR,TB,@NYJ,,,,,,,,,,,,,0.00,148,0.00,0.0
Noah Brown,2558091,WR,DAL,ARI,,,,,,,,,,,,,1.83,149,0.00,-1.83
Tony Brown,2563764,WR,FA,Bye,,,,,,,,,,,,,,150,0.00,
Dez Bryant,497278,WR,FA,Bye,,,,,,,,,,,,,,151,0.00,
Ventell Bryant,2563267,WR,FA,Bye,,,,,,,,,,,,,,152,0.00,
Rico Bussey,2565780,WR,FA,Bye,,,,,,,,,,,,,,153,0.00,
Hakeem Butler,2562491,WR,FA,Bye,,,,,,,,,,,,,,154,0.00,
Lawrence Cager,2565492,WR,CLE,@PIT,,,,,,,,,,,,,0.00,155,0.00,0.0
Deon Cain,2560987,WR,PHI,@WAS,,,,,,,,,,,,,0.00,156,0.00,0.0
Antonio Callaway,2560988,WR,FA,Bye,,,,,,,,,,,,,,157,0.00,
Jalen Camp,2566148,WR,HOU,@SF,,,,,,,,,,,,,1.04,158,0.00,-1.04
Parris Campbell,2562495,WR,IND,LV,,,,,,,,,,,,,0.00,159,0.00,0.0
Dylan Cantrell,2560990,WR,WAS,PHI,,,,,,,,,,,,,,160,0.00,
Quintez Cephus,2563926,WR,DET,@SEA,,,,,,,,,,,,,,161,0.00,
D.J. Chark,2561018,WR,JAX,@NE,,,,,,,,,,,,,,162,0.00,
Dan Chisena,2564514,WR,MIN,@GB,,,,,,,,,,,,,0.61,163,0.00,-0.61
Tyrie Cleveland,2563881,WR,DEN,@LAC,,,,,,,,,,,,,0.00,164,0.00,0.0
Randall Cobb,2495448,WR,GB,MIN,,,,,,,,,,,,,,165,0.00,
Matt Cole,2564442,WR,SEA,DET,,,,,,,,,,,,,0.00,166,0.00,0.0
Isaiah Coulter,2564067,WR,CHI,NYG,,,,,,,,,,,,,0.00,167,0.00,0.0
Keke Coutee,2561029,WR,IND,LV,,,,,,,,,,,,,1.98,168,0.00,-1.98
Jamison Crowder,2552415,WR,NYJ,TB,,,,,,,,,,,,,0.00,169,0.00,0.0
Frank Darby,2565812,WR,ATL,@BUF,,,,,,,,,,,,,0.90,170,0.00,-0.9
Jaelon Darden,2566562,WR,TB,@NYJ,,,,,,,,,,,,,0.00,171,0.00,0.0
Corey Davis,2557848,WR,NYJ,TB,,,,,,,,,,,,,,172,0.00,
Quartney Davis,2564529,WR,IND,LV,,,,,,,,,,,,,,173,0.00,
Rashard Davis,2559461,WR,FA,Bye,,,,,,,,,,,,,,174,0.00,
Reggie Davis,2559324,WR,FA,Bye,,,,,,,,,,,,,,175,0.00,
Gehrig Dieter,2559066,WR,KC,@CIN,,,,,,,,,,,,,0.00,176,0.00,0.0
Derrick Dillon,2564730,WR,FA,Bye,,,,,,,,,,,,,,177,0.00,
Phillip Dorsett,2552424,WR,HOU,@SF,,,,,,,,,,,,,,178,0.00,
Keelan Doss,2562393,WR,FA,Bye,,,,,,,,,,,,,,179,0.00,
Bryan Edwards,2564418,WR,LV,@IND,,,,,,,,,,,,,5.67,180,0.00,-5.67
Alex Erickson,2556519,WR,CAR,@NO,,,,,,,,,,,,,0.50,181,0.00,-0.5
Simi Fehoko,2566004,WR,DAL,ARI,,,,,,,,,,,,,0.00,182,0.00,0.0
Maurice Ffrench,2564277,WR,LAC,DEN,,,,,,,,,,,,,0.00,183,0.00,0.0
Chris Finke,2565099,WR,FA,Bye,,,,,,,,,,,,,,184,0.00,
Larry Fitzgerald,2506106,WR,FA,Bye,,,,,,,,,,,,,,185,0.00,
Dez Fitzpatrick,2566109,WR,TEN,MIA,,,,,,,,,,,,,1.96,186,0.00,-1.96
Robert Foster,2560729,WR,DAL,ARI,,,,,,,,,,,,,0.00,187,0.00,0.0
Daurice Fountain,2559921,WR,KC,@CIN,,,,,,,,,,,,,0.00,188,0.00,0.0
John Franklin,2561197,WR,FA,Bye,,,,,,,,,,,,,,189,0.00,
Travis Fulgham,2562653,WR,DEN,@LAC,,,,,,,,,,,,,2.44,190,0.00,-2.44
Aaron Fuller,2565150,WR,SEA,DET,,,,,,,,,,,,,0.00,191,0.00,0.0
Will Fuller,2555346,WR,MIA,@TEN,,,,,,,,,,,,,,192,0.00,
Devin Funchess,2552458,WR,FA,Bye,,,,,,,,,,,,,,193,0.00,
Rico Gafford,2561331,WR,DEN,@LAC,,,,,,,,,,,,,0.00,194,0.00,0.0
Antonio Gandy-Golden,2565273,WR,WAS,PHI,,,,,,,,,,,,,0.00,195,0.00,0.0
Tanner Gentry,2559176,WR,BUF,ATL,,,,,,,,,,,,,0.00,196,0.00,0.0
Chris Godwin,2558105,WR,TB,@NYJ,,,,,,,,,,,,,,197,0.00,
Terry Godwin,2562594,WR,JAX,@NE,,,,,,,,,,,,,,198,0.00,
Kenny Golladay,2558052,WR,NYG,@CHI,,,,,,,,,,,,,7.97,199,0.00,-7.97
Marquise Goodwin,2539964,WR,CHI,NYG,,,,,,,,,,,,,2.52,200,0.00,-2.52
Jakeem Grant,2556190,WR,CHI,NYG,,,,,,,,,,,,,,201,0.00,
Juwan Green,2563494,WR,FA,Bye,,,,,,,,,,,,,,202,0.00,
Stephen Guidry,2565298,WR,FA,Bye,,,,,,,,,,,,,,203,0.00,
Marvin Hall,2557034,WR,FA,Bye,,,,,,,,,,,,,,204,0.00,
DaeSean Hamilton,2561002,WR,DEN,@LAC,,,,,,,,,,,,,0.00,205,0.00,0.0
K.J. Hamler,2563890,WR,DEN,@LAC,,,,,,,,,,,,,,206,0.00,
Josh Hammond,2564193,WR,JAX,@NE,,,,,,,,,,,,,0.00,207,0.00,0.0
Chad Hansen,2558069,WR,ATL,@BUF,,,,,,,,,,,,,0.00,208,0.00,0.0
Kelvin Harmon,2562577,WR,WAS,PHI,,,,,,,,,,,,,0.00,209,0.00,0.0
De'Michael Harris,2564124,WR,IND,LV,,,,,,,,,,,,,0.00,210,0.00,0.0
N'Keal Harry,2562659,WR,NE,JAX,,,,,,,,,,,,,0.00,211,0.00,0.0
Jeremiah Haydel,2566223,WR,FA,Bye,,,,,,,,,,,,,,212,0.00,
John Hightower,2564829,WR,PHI,@WAS,,,,,,,,,,,,,0.00,213,0.00,0.0
K.J. Hill,2565048,WR,LAC,DEN,,,,,,,,,,,,,0.00,214,0.00,0.0
Isaiah Hodgins,2563611,WR,BUF,ATL,,,,,,,,,,,,,0.00,215,0.00,0.0
Chris Hogan,2530515,WR,FA,Bye,,,,,,,,,,,,,,216,0.00,
Krishawn Hogan,2559286,WR,FA,Bye,,,,,,,,,,,,,,217,0.00,
Alexander Hollins,2562989,WR,FA,Bye,,,,,,,,,,,,,,218,0.00,
Mack Hollins,2558262,WR,MIA,@TEN,,,,,,,,,,,,,2.36,219,0.00,-2.36
Cody Hollister,2558955,WR,TEN,MIA,,,,,,,,,,,,,0.00,220,0.00,0.0
DeAndre Hopkins,2540165,WR,ARI,@DAL,,,,,,,,,,,,,,221,0.00,
Jalen Hurd,2562287,WR,FA,Bye,,,,,,,,,,,,,,222,0.00,
Allen Hurns,2550353,WR,MIA,@TEN,,,,,,,,,,,,,,223,0.00,
John Hurst,2565222,WR,TB,@NYJ,,,,,,,,,,,,,0.00,224,0.00,0.0
Ishmael Hyman,2562953,WR,FA,Bye,,,,,,,,,,,,,,225,0.00,
Josh Imatorbhebhe,2565621,WR,FA,Bye,,,,,,,,,,,,,,226,0.00,
Trenton Irwin,2562900,WR,CIN,KC,,,,,,,,,,,,,0.00,227,0.00,0.0
Andy Isabella,2562669,WR,ARI,@DAL,,,,,,,,,,,,,0.66,228,0.00,-0.66
Thomas Ives,2563076,WR,FA,Bye,,,,,,,,,,,,,,229,0.00,
Trishton Jackson,2564355,WR,MIN,@GB,,,,,,,,,,,,,0.00,230,0.00,0.0
Richie James,2560761,WR,SF,HOU,,,,,,,,,,,,,,231,0.00,
Alshon Jeffery,2533039,WR,FA,Bye,,,,,,,,,,,,,,232,0.00,
Gary Jennings,2562292,WR,FA,Bye,,,,,,,,,,,,,,233,0.00,
Jerry Jeudy,2563896,WR,DEN,@LAC,,,,,,,,,,,,,0.00,234,0.00,0.0
Anthony Johnson,2562297,WR,FA,Bye,,,,,,,,,,,,,,235,0.00,
Bisi Johnson,2562465,WR,MIN,@GB,,,,,,,,,,,,,,236,0.00,
Cade Johnson,2567115,WR,SEA,DET,,,,,,,,,,,,,0.00,237,0.00,0.0
Collin Johnson,2564202,WR,NYG,@CHI,,,,,,,,,,,,,0.00,238,0.00,0.0
Johnathon Johnson,2565313,WR,FA,Bye,,,,,,,,,,,,,,239,0.00,
Jon'Vea Johnson,2562839,WR,FA,Bye,,,,,,,,,,,,,,240,0.00,
KeeSean Johnson,2562677,WR,PHI,@WAS,,,,,,,,,,,,,0.00,241,0.00,0.0
Marcus Johnson,2556855,WR,TEN,MIA,,,,,,,,,,,,,,242,0.00,
Tyron Johnson,2562932,WR,LV,@IND,,,,,,,,,,,,,1.29,243,0.00,-1.29
Julio Jones,2495454,WR,TEN,MIA,,,,,,,,,,,,,0.00,244,0.00,0.0
Tim Jones,2565624,WR,JAX,@NE,,,,,,,,,,,,,0.00,245,0.00,0.0
Travis Jonsen,2565228,WR,FA,Bye,,,,,,,,,,,,,,246,0.00,
Marcus Kemp,2559076,WR,KC,@CIN,,,,,,,,,,,,,0.00,247,0.00,0.0
Tom Kennedy,2563319,WR,DET,@SEA,,,,,,,,,,,,,3.62,248,0.00,-3.62
Darvin Kidsy,2561359,WR,FA,Bye,,,,,,,,,,,,,,249,0.00,
Mason Kinsey,2565459,WR,TEN,MIA,,,,,,,,,,,,,0.00,250,0.00,0.0
Keith Kirkwood,2561224,WR,CAR,@NO,,,,,,,,,,,,,0.00,251,0.00,0.0
J.J. Koski,2564367,WR,LA,@BAL,,,,,,,,,,,,,1.93,252,0.00,-1.93
Jake Lampman,2556882,WR,FA,Bye,,,,,,,,,,,,,,253,0.00,
Kai Locksley,2565675,WR,FA,Bye,,,,,,,,,,,,,,254,0.00,
Austin Mack,2564760,WR,SF,HOU,,,,,,,,,,,,,0.00,255,0.00,0.0
Josh Malone,2558127,WR,GB,MIN,,,,,,,,,,,,,0.00,256,0.00,0.0
Jalen McCleskey,2563515,WR,FA,Bye,,,,,,,,,,,,,,257,0.00,
Isaiah McKoy,2565786,WR,FA,Bye,,,,,,,,,,,,,,258,0.00,
Racey McMath,2566112,WR,TEN,MIA,,,,,,,,,,,,,0.98,259,0.00,-0.98
Kirk Merritt,2564481,WR,MIA,@TEN,,,,,,,,,,,,,1.26,260,0.00,-1.26
Marken Michel,2556616,WR,WAS,PHI,,,,,,,,,,,,,0.00,261,0.00,0.0
Jaydon Mickens,2556861,WR,JAX,@NE,,,,,,,,,,,,,0.00,262,0.00,0.0
Anthony Miller,2560810,WR,PIT,CLE,,,,,,,,,,,,,0.00,263,0.00,0.0
Scott Miller,2562865,WR,TB,@NYJ,,,,,,,,,,,,,1.50,264,0.00,-1.5
Denzel Mims,2564802,WR,NYJ,TB,,,,,,,,,,,,,2.82,265,0.00,-2.82
Steven Mitchell,2560812,WR,FA,Bye,,,,,,,,,,,,,,266,0.00,
Donte Moncrief,2543614,WR,FA,Bye,,,,,,,,,,,,,,267,0.00,
D.J. Montgomery,2562827,WR,NYJ,TB,,,,,,,,,,,,,0.00,268,0.00,0.0
Chris Moore,2555209,WR,HOU,@SF,,,,,,,,,,,,,0.00,269,0.00,0.0
David Moore,2558856,WR,GB,MIN,,,,,,,,,,,,,2.47,270,0.00,-2.47
Elijah Moore,2566385,WR,NYJ,TB,,,,,,,,,,,,,0.00,271,0.00,0.0
Jason Moore,2562860,WR,LAC,DEN,,,,,,,,,,,,,0.00,272,0.00,0.0
Jaylon Moore,2565342,WR,BAL,LA,,,,,,,,,,,,,0.00,273,0.00,0.0
Rondale Moore,2566433,WR,ARI,@DAL,,,,,,,,,,,,,0.00,274,0.00,0.0
JoJo Natson,2558905,WR,FA,Bye,,,,,,,,,,,,,,275,0.00,
J.J. Nelson,2552656,WR,FA,Bye,,,,,,,,,,,,,,276,0.00,
Dazz Newsome,2565932,WR,CHI,NYG,,,,,,,,,,,,,0.00,277,0.00,0.0
Tre Nixon,2565681,WR,NE,JAX,,,,,,,,,,,,,0.00,278,0.00,0.0
Aaron Parker,2563860,WR,CAR,@NO,,,,,,,,,,,,,0.00,279,0.00,0.0
Dezmon Patmon,2564130,WR,IND,LV,,,,,,,,,,,,,0.59,280,0.00,-0.59
Tim Patrick,2558985,WR,DEN,@LAC,,,,,,,,,,,,,0.00,281,0.00,0.0
Josh Pearson,2565240,WR,FA,Bye,,,,,,,,,,,,,,282,0.00,
Dante Pettis,2560836,WR,NYG,@CHI,,,,,,,,,,,,,,283,0.00,
De'Mornay Pierson-El,2561390,WR,FA,Bye,,,,,,,,,,,,,,284,0.00,
Brandon Powell,2561261,WR,LA,@BAL,,,,,,,,,,,,,0.89,285,0.00,-0.89
Cornell Powell,2566187,WR,KC,@CIN,,,,,,,,,,,,,0.00,286,0.00,0.0
James Proche,2563572,WR,BAL,LA,,,,,,,,,,,,,0.00,287,0.00,0.0
Austin Proehl,2561160,WR,FA,Bye,,,,,,,,,,,,,,288,0.00,
Blake Proehl,2567019,WR,MIN,@GB,,,,,,,,,,,,,0.00,289,0.00,0.0
Trey Quinn,2560847,WR,FA,Bye,,,,,,,,,,,,,,290,0.00,
Damion Ratley,2561054,WR,FA,Bye,,,,,,,,,,,,,,291,0.00,
Kalif Raymond,2556661,WR,DET,@SEA,,,,,,,,,,,,,0.00,292,0.00,0.0
Joe Reed,2565069,WR,LAC,DEN,,,,,,,,,,,,,0.00,293,0.00,0.0
Josh Reynolds,2558194,WR,DET,@SEA,,,,,,,,,,,,,0.00,294,0.00,0.0
A.J. Richardson,2563019,WR,FA,Bye,,,,,,,,,,,,,,295,0.00,
Calvin Ridley,2560854,WR,ATL,@BUF,,,,,,,,,,,,,0.00,296,0.00,0.0
Riley Ridley,2562713,WR,FA,Bye,,,,,,,,,,,,,,297,0.00,
Darece Roberson Jr,2565771,WR,FA,Bye,,,,,,,,,,,,,,298,0.00,
Amari Rodgers,2566091,WR,GB,MIN,,,,,,,,,,,,,1.27,299,0.00,-1.27
John Ross,2558010,WR,NYG,@CHI,,,,,,,,,,,,,0.00,300,0.00,0.0
Chris Rowland,2563524,WR,FA,Bye,,,,,,,,,,,,,,301,0.00,
Henry Ruggs III,2564433,WR,FA,Bye,,,,,,,,,,,,,,302,0.00,
Curtis Samuel,2558066,WR,WAS,PHI,,,,,,,,,,,,,0.00,303,0.00,0.0
Emmanuel Sanders,497322,WR,BUF,ATL,,,,,,,,,,,,,0.00,304,0.00,0.0
Mohamed Sanu,2533040,WR,SF,HOU,,,,,,,,,,,,,,305,0.00,
Dalton Schoen,2565078,WR,FA,Bye,,,,,,,,,,,,,,306,0.00,
Anthony Schwartz,2565986,WR,CLE,@PIT,,,,,,,,,,,,,1.35,307,0.00,-1.35
Caleb Scott,2561270,WR,FA,Bye,,,,,,,,,,,,,,308,0.00,
Mathew Sexton,2565792,WR,FA,Bye,,,,,,,,,,,,,,309,0.00,
Tajae Sharpe,2555317,WR,ATL,@BUF,,,,,,,,,,,,,0.00,310,0.00,0.0
Sterling Shepard,2555295,WR,NYG,@CHI,,,,,,,,,,,,,,311,0.00,
Tyler Simmons,2564091,WR,FA,Bye,,,,,,,,,,,,,,312,0.00,
Micah Simon,2565576,WR,FA,Bye,,,,,,,,,,,,,,313,0.00,
Steven Sims,2563033,WR,PIT,CLE,,,,,,,,,,,,,0.00,314,0.00,0.0
Darius Slayton,2562736,WR,NYG,@CHI,,,,,,,,,,,,,0.00,315,0.00,0.0
Shi Smith,2565908,WR,CAR,@NO,,,,,,,,,,,,,2.74,316,0.00,-2.74
Tre'Quan Smith,2560878,WR,NO,CAR,,,,,,,,,,,,,0.00,317,0.00,0.0
Vyncint Smith,2561427,WR,NYJ,TB,,,,,,,,,,,,,0.76,318,0.00,-0.76
Ihmir Smith-Marsette,2566319,WR,MIN,@GB,,,,,,,,,,,,,1.33,319,0.00,-1.33
JuJu Smith-Schuster,2558149,WR,PIT,CLE,,,,,,,,,,,,,0.00,320,0.00,0.0
Willie Snead,2550256,WR,CAR,@NO,,,,,,,,,,,,,0.00,321,0.00,0.0
Kenny Stills,2540202,WR,NO,CAR,,,,,,,,,,,,,1.77,322,0.00,-1.77
Dillon Stoner,2565663,WR,LV,@IND,,,,,,,,,,,,,0.00,323,0.00,0.0
Eli Stove,2566520,WR,FA,Bye,,,,,,,,,,,,,,324,0.00,
Mike Strachan,2565615,WR,IND,LV,,,,,,,,,,,,,0.00,325,0.00,0.0
Ryan Switzer,2557960,WR,CLE,@PIT,,,,,,,,,,,,,,326,0.00,
Donte Sylencieux,2566626,WR,FA,Bye,,,,,,,,,,,,,,327,0.00,
Auden Tate,2560890,WR,CIN,KC,,,,,,,,,,,,,,328,0.00,
Golden Tate,497326,WR,FA,Bye,,,,,,,,,,,,,,329,0.00,
Khalil Tate,2564859,WR,FA,Bye,,,,,,,,,,,,,,330,0.00,
Malik Taylor,2562995,WR,GB,MIN,,,,,,,,,,,,,,331,0.00,
Trent Taylor,2558202,WR,CIN,KC,,,,,,,,,,,,,0.62,332,0.00,-0.62
Tamorrion Terry,2567130,WR,FA,Bye,,,,,,,,,,,,,,333,0.00,
Adam Thielen,2541785,WR,MIN,@GB,,,,,,,,,,,,,,334,0.00,
De'Anthony Thomas,2543638,WR,FA,Bye,,,,,,,,,,,,,,335,0.00,
Michael Thomas,2556370,WR,NO,CAR,,,,,,,,,,,,,,336,0.00,
Mike Thomas,2556381,WR,CIN,KC,,,,,,,,,,,,,0.54,337,0.00,-0.54
Cody Thompson,2562759,WR,SEA,DET,,,,,,,,,,,,,0.00,338,0.00,0.0
Kadarius Toney,2566376,WR,NYG,@CHI,,,,,,,,,,,,,0.00,339,0.00,0.0
DJ Turner,2565666,WR,LV,@IND,,,,,,,,,,,,,0.00,340,0.00,0.0
Malik Turner,2561671,WR,DAL,ARI,,,,,,,,,,,,,2.18,341,0.00,-2.18
John Ursua,2562960,WR,SEA,DET,,,,,,,,,,,,,,342,0.00,
Tyler Vaughns,2565618,WR,PIT,CLE,,,,,,,,,,,,,0.00,343,0.00,0.0
Ben Victor,2564781,WR,BAL,LA,,,,,,,,,,,,,0.00,344,0.00,0.0
Tre Walker,2566650,WR,FA,Bye,,,,,,,,,,,,,,345,0.00,
Tylan Wallace,2565857,WR,BAL,LA,,,,,,,,,,,,,1.45,346,0.00,-1.45
JoJo Ward,2564946,WR,FA,Bye,,,,,,,,,,,,,,347,0.00,
James Washington,2560920,WR,PIT,CLE,,,,,,,,,,,,,3.08,348,0.00,-3.08
Scotty Washington,2563743,WR,CIN,KC,,,,,,,,,,,,,0.00,349,0.00,0.0
Sammy Watkins,2543457,WR,BAL,LA,,,,,,,,,,,,,2.30,350,0.00,-2.3
Justin Watson,2560051,WR,TB,@NYJ,,,,,,,,,,,,,0.00,351,0.00,0.0
Jester Weah,2560922,WR,FA,Bye,,,,,,,,,,,,,,352,0.00,
Nsimba Webster,2563316,WR,CHI,NYG,,,,,,,,,,,,,0.00,353,0.00,0.0
Nick Westbrook-Ikhine,2565477,WR,TEN,MIA,,,,,,,,,,,,,5.59,354,0.00,-5.59
Cody White,2564313,WR,PIT,CLE,,,,,,,,,,,,,1.27,355,0.00,-1.27
Kevin White,2553432,WR,NO,CAR,,,,,,,,,,,,,0.00,356,0.00,0.0
Isaac Whitney,2559008,WR,FA,Bye,,,,,,,,,,,,,,357,0.00,
Chad Williams,2558208,WR,FA,Bye,,,,,,,,,,,,,,358,0.00,
Duke Williams,2556836,WR,FA,Bye,,,,,,,,,,,,,,359,0.00,
Preston Williams,2562805,WR,MIA,@TEN,,,,,,,,,,,,,0.00,360,0.00,0.0
Tyrell Williams,2553913,WR,FA,Bye,,,,,,,,,,,,,,361,0.00,
Derrick Willies,2561470,WR,FA,Bye,,,,,,,,,,,,,,362,0.00,
Albert Wilson,2550272,WR,MIA,@TEN,,,,,,,,,,,,,1.51,363,0.00,-1.51
Javon Wims,2560939,WR,LV,@IND,,,,,,,,,,,,,0.00,364,0.00,0.0
Robert Woods,2540169,WR,LA,@BAL,,,,,,,,,,,,,,365,0.00,
Isaiah Wright,2565316,WR,FA,Bye,,,,,,,,,,,,,,366,0.00,
Isaiah Zuber,2564658,WR,FA,Bye,,,,,,,,,,,,,,367,0.00,
Jalen Reagor,2564850,WR,PHI,@WAS,,,,-3,,,,,,,,,4.27,368,-0.30,-4.57
Diontae Spencer,2550734,WR,DEN,@LAC,,,,,,,,,,,,1,4.01,369,-2.00,-6.01
Marquez Stevenson,2565878,WR,BUF,ATL,,,,,,,,,,,,1,0.75,370,-2.00,-2.75
