PlayerName,PlayerId,Pos,Team,PlayerOpponent,TacklesTot,TacklesAst,TacklesSck,TacklesTfl,TurnoverInt,TurnoverFrcFum,TurnoverFumRec,ScoreIntTd,ScoreFumTd,ScoreBlkTd,ScoreSaf,ScoreDef2ptRet,Blk,PDef,QBHit,ReturnIntYds,ReturnFumYds,Rank,TotalPoints
Kevin Byard,2555158,DB,TEN,@JAX,8,3,,,1,,1,,1,,,,,2,,,30,1,30.50
Derwin James,2560760,DB,LAC,CLE,9,7,1,1,,1,,,,,,,,,1,,,2,28.40
Chidobe Awuzie,2557840,DB,CIN,GB,5,1,,1,1,,,,,,,,,2,,42,,3,20.70
Greedy Williams,2562785,DB,CLE,@LAC,7,3,,,,1,,,,,,,,1,,,,4,20.30
Taron Johnson,2560766,DB,BUF,@KC,8,4,,,,,,,,,,,,1,,,,5,19.30
Darius Slay,2540288,DB,PHI,@CAR,3,,,1,2,,,,,,,,,2,,21,,6,19.30
Vonn Bell,2555530,DB,CIN,GB,8,1,,3,,,,,,,,,,,,,,7,18.90
James Pierre,2565003,DB,PIT,DEN,6,,,,1,,,,,,,,,2,,,,8,18.70
Adrian Amos,2552385,DB,GB,@CIN,6,3,,,1,,,,,,,,,1,,,,9,18.60
Donte Jackson,2560753,DB,CAR,PHI,4,2,,,1,1,,,,,,,,1,,,,10,17.90
Tracy Walker III,2560913,DB,DET,@MIN,7,2,,1,,,,,,,,,,1,,,,11,17.50
Jamel Dean,2562556,DB,TB,MIA,5,,,,1,,,,,,,,,2,,6,,12,17.20
Terrance Mitchell,2543637,DB,HOU,NE,6,1,,,,1,,,,,,,,1,,,,13,17.00
Marshon Lattimore,2558061,DB,NO,@WAS,1,,,,,,,,,,,,,6,,,,14,16.70
Tavon Young,2555378,DB,BAL,IND,4,,1,3,,,,,,,,,,1,1,,,15,16.30
Brandin Echols,2565726,DB,NYJ,@ATL,7,2,,,,,,,,,,,,1,,,,16,16.00
Bryce Hall,2564796,DB,NYJ,@ATL,6,1,,,,,,,,,,,,2,,,,17,16.00
Budda Baker,2558009,DB,ARI,SF,5,1,,,1,,,,,,,,,1,,17,,18,15.87
Trevon Diggs,2563836,DB,DAL,NYG,3,2,,,1,,,,,,,,,2,,18,,19,15.80
Anthony Brown,2555531,DB,DAL,NYG,2,,,,1,,,1,,,,,,1,,45,,20,14.90
Brandon Stephens,2565851,DB,BAL,IND,6,5,,,,,,,,,,,,,1,,,21,14.70
Quandre Diggs,2552262,DB,SEA,LA,5,,,,1,,,,,,,,,1,,,,22,14.50
Jessie Bates,2560970,DB,CIN,GB,8,1,,,,,,,,,,,,,,,,23,14.40
A.J. Green,2563782,DB,CLE,@LAC,5,1,,,,,,,,,,,,2,,,,24,14.30
Micah Hyde,2539240,DB,BUF,@KC,2,,,,1,,,1,,,,,,1,,26,,25,14.27
Nasir Adderley,2562617,DB,LAC,CLE,7,1,,1,,,,,,,,,,,,,,26,14.20
Harrison Smith,2532948,DB,MIN,DET,5,4,,,,,,,,,,,,1,,,,27,14.20
Minkah Fitzpatrick,2560725,DB,PIT,DEN,5,5,,1,,,,,,,,,,,,,,28,14.00
Jordan Poyer,2539290,DB,BUF,@KC,5,3,,,,,,,,,,,,1,,,,29,13.40
Steven Nelson,2552265,DB,PHI,@CAR,2,1,,,1,,,,,,,,,2,,4,,30,12.83
Paulson Adebo,2566346,DB,NO,@WAS,4,,,,1,,,,,,,,,1,,,,31,12.80
Nick Scott,2562905,DB,LA,@SEA,3,2,,,1,,,,,,,,,1,,3,,32,12.80
D.J. Reed,2560850,DB,SEA,LA,6,,,,,,,,,,,,,1,,,,33,12.70
Desmond King,2557927,DB,HOU,NE,6,3,,,,,,,,,,,,,,,,34,12.60
Amani Oruwariye,2562390,DB,DET,@MIN,6,3,,,,,,,,,,,,,,,,35,12.60
Kyle Dugger,2564601,DB,NE,@HOU,5,5,,,,,,,,,,,,,,,,36,12.50
Julian Blackmon,2564103,DB,IND,@BAL,4,2,,,,1,,,,,,,,,,,,37,11.90
Adoree' Jackson,2558065,DB,NYG,@DAL,7,,,,,,,,,,,,,,,,,38,11.90
Logan Ryan,2540162,DB,NYG,@DAL,6,2,,,,,,,,,,,,,,,,39,11.80
Kenny Moore II,2558976,DB,IND,@BAL,5,2,,1,,,,,,,,,,,,,,40,11.60
Dane Cruikshank,2561033,DB,TEN,@JAX,6,1,,,,,,,,,,,,,,,,41,11.00
Kareem Jackson,496735,DB,DEN,@PIT,6,1,,,,,,,,,,,,,,,,42,11.00
Marcus Epps,2562946,DB,PHI,@CAR,5,3,,,,,,,,,,,,,,,,43,10.90
Adrian Phillips,2550842,DB,NE,@HOU,5,3,,,,,,,,,,,,,,,,44,10.90
Justin Simmons,2555550,DB,DEN,@PIT,5,3,,,,,,,,,,,,,,,,45,10.90
A.J. Bouye,2541162,DB,CAR,PHI,4,,,1,,,,,,,,,,1,,,,46,10.80
Sharrod Neasman,2556443,DB,NYJ,@ATL,3,2,,1,,,,,,,,,,1,,,,47,10.70
A.J. Terrell,2563527,DB,ATL,NYJ,4,,,,,1,,,,,,,,,,,,48,10.30
Malcolm Jenkins,79848,DB,NO,@WAS,6,,,,,,,,,,,,,,,,,49,10.20
Isaiah Rodgers,2564142,DB,IND,@BAL,6,,,,,,,,,,,,,,,,,50,10.20
Jalen Thompson,2563339,DB,ARI,SF,6,,,,,,,,,,,,,,,,,51,10.20
Anthony Averett,2560963,DB,BAL,IND,5,2,,,,,,,,,,,,,,,,52,10.10
Kristian Fulton,2564046,DB,TEN,@JAX,4,1,,,,,,,,,,,,1,,,,53,10.10
Jevon Holland,2566283,DB,MIA,@TB,5,2,,,,,,,,,,,,,,,,54,10.10
J.C. Jackson,2560754,DB,NE,@HOU,4,1,,,,,,,,,,,,1,,,,55,10.10
Lonnie Johnson,2562295,DB,HOU,NE,1,3,,,1,,,,,,,,,1,,,,56,10.10
Emmanuel Moseley,2561072,DB,SF,@ARI,4,1,,,,,,,,,,,,1,,,,57,10.10
Xavier Rhodes,2540155,DB,IND,@BAL,4,1,,,,,,,,,,,,1,,,,58,10.10
Amik Robertson,2564430,DB,LV,CHI,5,2,,,,,,,,,,,,,,,,59,10.10
Josh Norman,2532920,DB,SF,@ARI,3,3,,,,,,,,,,,,1,,,,60,10.00
Justin Reid,2560851,DB,HOU,NE,3,3,,,,,,,,,,,,1,,,,61,10.00
Xavier Woods,2558159,DB,MIN,DET,4,4,,,,,,,,,,,,,,,,62,10.00
Mike Hilton,2556559,DB,CIN,GB,3,1,,1,,,,,,,,,,1,,,,63,9.90
Julian Love,2562414,DB,NYG,@DAL,3,2,,,,,,,,,,,,1,1,,,64,9.70
Dontae Johnson,2543739,DB,SF,@ARI,3,,,,,1,1,,,,,,,,,,,65,9.60
Mike Edwards,2562259,DB,TB,MIA,5,1,,,,,,,,,,,,,,,,66,9.30
Xavier McKinney,2564766,DB,NYG,@DAL,5,1,,,,,,,,,,,,,,,,67,9.30
Darnell Savage,2562724,DB,GB,@CIN,5,1,,,,,,,,,,,,,,,,68,9.30
Levi Wallace,2560914,DB,BUF,@KC,5,1,,,,,,,,,,,,,,,,69,9.30
Terrell Edmunds,2560712,DB,PIT,DEN,4,3,,,,,,,,,,,,,,,,70,9.20
Joe Haden,496733,DB,PIT,DEN,3,2,,,,,,,,,,,,1,,,,71,9.20
Nate Hobbs,2566259,DB,LV,CHI,3,2,,,,,,,,,,,,1,,,,72,9.20
Jayron Kearse,2555156,DB,DAL,NYG,4,3,,,,,,,,,,,,,,,,73,9.20
Jamal Adams,2557979,DB,SEA,LA,4,1,,1,,,,,,,,,,,,,,74,9.10
Tashaun Gipson,2532848,DB,CHI,@LV,3,,1,1,,,,,,,,,,,1,,,75,9.10
Troy Hill,2553536,DB,CLE,@LAC,4,1,,1,,,,,,,,,,,,,,76,9.10
Fabian Moreau,2558136,DB,ATL,NYJ,3,,,1,,,,,,,,,,1,,,,77,9.10
Elijah Molden,2566115,DB,TEN,@JAX,3,,,,,1,,,,,,,,,,,,78,8.60
Andrew Wingard,2562606,DB,JAX,TEN,5,,,,,,,,,,,,,,,,,79,8.50
Antonio Hamilton,2556804,DB,ARI,SF,4,2,,,,,,,,,,,,,,,,80,8.40
Marlon Humphrey,2558067,DB,BAL,IND,3,1,,,,,,,,,,,,1,,,,81,8.40
Jalen Ramsey,2555280,DB,LA,@SEA,3,1,,,,,,,,,,,,1,,,,82,8.40
Jamien Sherwood,2565762,DB,NYJ,@ATL,4,2,,,,,,,,,,,,,,,,83,8.40
Eric Stokes,2566097,DB,GB,@CIN,3,1,,,,,,,,,,,,1,,,,84,8.40
Patrick Peterson,2495504,DB,MIN,DET,1,2,,,,,,,,,,,,2,,,,85,8.30
Jaquiski Tartt,2552391,DB,SF,@ARI,3,4,,,,,,,,,,,,,,,,86,8.30
Jimmie Ward,2543741,DB,SF,@ARI,3,4,,,,,,,,,,,,,,,,87,8.30
Jaylinn Hawkins,2563500,DB,ATL,NYJ,1,,,,1,,,,,,,,,1,,11,,88,8.07
DeAndre Houston-Carson,2555381,DB,CHI,@LV,1,,,,1,,,,,,,,,1,,,,89,7.70
Tre'Davious White,2557867,DB,BUF,@KC,3,2,,,,,1,,,,,,,,,,,90,7.70
Bashaud Breeland,2543571,DB,MIN,DET,4,1,,,,,,,,,,,,,,,,91,7.60
Ashtyn Davis,2564793,DB,NYJ,@ATL,4,1,,,,,,,,,,,,,,,,92,7.60
Rashad Fenton,2562649,DB,KC,BUF,3,,,,,,,,,,,,,1,,,,93,7.60
Casey Hayward,2532861,DB,LV,CHI,3,,,,,,,,,,,,,1,,,,94,7.60
Rayshawn Jenkins,2558182,DB,JAX,TEN,4,1,,,,,,,,,,,,,,,,95,7.60
Kevin King,2557996,DB,GB,@CIN,4,1,,,,,,,,,,,,,,,,96,7.60
Pat Surtain II,2566043,DB,DEN,@PIT,3,,,,,,,,,,,,,1,,,,97,7.60
Marcus Williams,2558847,DB,NO,@WAS,3,,,,,,,,,,,,,1,,,,98,7.60
Jeremy Chinn,2563632,DB,CAR,PHI,3,1,,,,,1,,,,,,,,,,18,99,7.50
Jordan Fuller,2564340,DB,LA,@SEA,3,3,,,,,,,,,,,,,,,,100,7.50
Malik Hooker,2558060,DB,DAL,NYG,3,3,,,,,,,,,,,,,,,,101,7.50
Xavien Howard,2555539,DB,MIA,@TB,2,2,,,,,,,,,,,,1,,,,102,7.50
L'Jarius Sneed,2564304,DB,KC,BUF,2,,,1,,,,,,,,,,1,,,,103,7.40
Keith Taylor,2565911,DB,CAR,PHI,3,1,,1,,,,,,,,,,,,,,104,7.40
Kamren Curl,2565270,DB,WAS,NO,1,2,,1,,,,,,,,,,1,,,,105,7.30
Jordan Whitehead,2560930,DB,TB,MIA,4,,,,,,,,,,,,,,1,,,106,7.30
Johnathan Abram,2562616,DB,LV,CHI,1,5,,,,,,,,,,,,,3,,,107,7.20
Mackensie Alexander,2555177,DB,MIN,DET,4,,,,,,,,,,,,,,,,,108,6.80
John Johnson,2558183,DB,CLE,@LAC,4,,,,,,,,,,,,,,,,,109,6.80
Tyrann Mathieu,2540180,DB,KC,BUF,4,,,,,,,,,,,,,,,,,110,6.80
Nik Needham,2563220,DB,MIA,@TB,4,,,,,,,,,,,,,,,,,111,6.80
Chauncey Gardner-Johnson,2562588,DB,NO,@WAS,3,2,,,,,,,,,,,,,,,,112,6.70
Richie Grant,2565818,DB,ATL,NYJ,2,1,,,,,,,,,,,,1,,,,113,6.70
Shaquill Griffin,2558259,DB,JAX,TEN,2,1,,,,,,,,,,,,1,,,,114,6.70
Daniel Sorensen,2550257,DB,KC,BUF,3,2,,,,,,,,,,,,,,,,115,6.70
Bryce Callahan,2553500,DB,DEN,@PIT,3,,,1,,,,,,,,,,,,,,116,6.60
Landon Collins,2552454,DB,WAS,NO,2,4,,,,,,,,,,,,,,,,117,6.60
Marquise Blair,2562233,DB,SEA,LA,1,1,,1,,,,,,,,,,1,,,,118,6.50
Siran Neal,2560818,DB,BUF,@KC,1,1,,,,1,,,,,,,,,,,,119,6.00
P.J. Williams,2552484,DB,NO,@WAS,,,,,1,,,,,,,,,1,,,,120,6.00
James Bradberry,2555175,DB,NYG,@DAL,2,,,,,,,,,,,,,1,,,,121,5.90
Deon Bush,2555155,DB,CHI,@LV,2,,,,,,,,,,,,,1,,,,122,5.90
Sean Chandler,2561017,DB,CAR,PHI,3,1,,,,,,,,,,,,,,,,123,5.90
Caleb Farley,2566106,DB,TEN,@JAX,2,,,,,,,,,,,,,1,,,,124,5.90
Kendall Fuller,2555349,DB,WAS,NO,2,,,,,,,,,,,,,1,,,,125,5.90
Byron Jones,2552568,DB,MIA,@TB,3,1,,,,,,,,,,,,,,,,126,5.90
Robert Rochell,2566241,DB,LA,@SEA,2,,,,,,,,,,,,,1,,,,127,5.90
Kindle Vildor,2563713,DB,CHI,@LV,3,1,,,,,,,,,,,,,,,,128,5.90
Darious Williams,2561469,DB,LA,@SEA,3,1,,,,,,,,,,,,,,,,129,5.90
Will Harris,2562395,DB,DET,@MIN,2,3,,,,,,,,,,,,,,,,130,5.80
Chris Jackson,2564049,DB,TEN,@JAX,1,,,1,,,,,,,,,,1,,,,131,5.70
Chuck Clark,2558248,DB,BAL,IND,1,3,,1,,,,,,,,,,,,,,132,5.60
Avonte Maddox,2560795,DB,PHI,@CAR,1,1,,,,,,,,,,,,1,1,,,133,5.50
Michael Carter II,2565717,DB,NYJ,@ATL,2,1,,,,,1,,,,,,,,,,,134,5.20
Michael Davis,2559164,DB,LAC,CLE,3,,,,,,,,,,,,,,,,,135,5.10
Darren Hall,2565821,DB,ATL,NYJ,3,,,,,,,,,,,,,,,,,136,5.10
C.J. Henderson,2564199,DB,CAR,PHI,3,,,,,,,,,,,,,,,,,137,5.10
William Jackson,2556367,DB,WAS,NO,3,,,,,,,,,,,,,,,,,138,5.10
Damontae Kazee,2558184,DB,DAL,NYG,3,,,,,,,,,,,,,,,,,139,5.10
Devin McCourty,494287,DB,NE,@HOU,3,,,,,,,,,,,,,,,,,140,5.10
Asante Samuel Jr.,2566511,DB,LAC,CLE,3,,,,,,,,,,,,,,,,,141,5.10
Richard Sherman,2495507,DB,TB,MIA,3,,,,,,,,,,,,,,,,,142,5.10
Ryan Smith,2555552,DB,LAC,CLE,3,,,,,,,,,,,,,,,,,143,5.10
Chandon Sullivan,2560887,DB,GB,@CIN,3,,,,,,,,,,,,,,,,,144,5.10
Ross Cockrell,2543799,DB,TB,MIA,1,1,,,,,,,,,,,,1,,,,145,5.00
Anthony Harris,2553655,DB,PHI,@CAR,2,2,,,,,,,,,,,,,,,,146,5.00
Eddie Jackson,2558176,DB,CHI,@LV,2,2,,,,,,,,,,,,,,,,147,5.00
Arthur Maulet,2559087,DB,PIT,DEN,1,1,,,,,,,,,,,,1,,,,148,5.00
Tavierre Thomas,2561278,DB,HOU,NE,2,2,,,,,,,,,,,,,,,,149,5.00
Ugo Amadi,2562464,DB,SEA,LA,2,,,1,,,,,,,,,,,,,,150,4.90
Myles Bryant,2564592,DB,NE,@HOU,2,,,1,,,,,,,,,,,,,,151,4.90
Marcell Harris,2561006,DB,SF,@ARI,1,2,,1,,,,,,,,,,,,,,152,4.80
Jace Whittaker,2564955,DB,ARI,SF,2,1,,,,,,,,,,,,,1,,,153,4.70
Jarrod Wilson,2556711,DB,NYJ,@ATL,1,3,,,,,,,,,,,,,1,,,154,4.60
Tre Herndon,2561340,DB,JAX,TEN,2,1,,,,,,,,,,,,,,,,155,4.20
Janoris Jenkins,2532875,DB,TEN,@JAX,2,1,,,,,,,,,,,,,,,,156,4.20
Jourdan Lewis,2557920,DB,DAL,NYG,2,1,,,,,,,,,,,,,,,,157,4.20
Jason McCourty,89756,DB,MIA,@TB,2,1,,,,,,,,,,,,,,,,158,4.20
Andrew Sendejo,2525323,DB,IND,@BAL,2,1,,,,,,,,,,,,,,,,159,4.20
Duke Shelley,2562957,DB,CHI,@LV,2,1,,,,,,,,,,,,,,,,160,4.20
Jimmy Smith,2508107,DB,BAL,IND,1,,,,,,,,,,,,,1,,,,161,4.20
Roderic Teamer,2562981,DB,LV,CHI,2,1,,,,,,,,,,,,,,,,162,4.20
Ronnie Harrison,2561008,DB,CLE,@LAC,,2,,,,,,,,,,,,1,,,,163,4.10
Brandon Jones,2564469,DB,MIA,@TB,1,3,,,,,,,,,,,,,,,,164,4.10
Khari Willis,2562602,DB,IND,@BAL,1,3,,,,,,,,,,,,,,,,165,4.10
Rodney McLeod,2534832,DB,PHI,@CAR,,5,,,,,,,,,,,,,,,,166,4.00
Robert Alford,2539653,DB,ARI,SF,2,,,,,,,,,,,,,,,,,167,3.40
Tevaughn Campbell,2562806,DB,LAC,CLE,2,,,,,,,,,,,,,,,,,168,3.40
Anthony Chesley,2563235,DB,IND,@BAL,2,,,,,,,,,,,,,,,,,169,3.40
Chris Claybrooks,2564169,DB,JAX,TEN,2,,,,,,,,,,,,,,,,,170,3.40
Kemon Hall,2562975,DB,LAC,CLE,2,,,,,,,,,,,,,,,,,171,3.40
Ryan Neal,2561381,DB,SEA,LA,2,,,,,,,,,,,,,,,,,172,3.40
Tre Norwood,2566463,DB,PIT,DEN,2,,,,,,,,,,,,,,,,,173,3.40
Eric Rowe,2552255,DB,MIA,@TB,2,,,,,,,,,,,,,,,,,174,3.40
Chris Williamson,2564784,DB,ATL,NYJ,2,,,,,,,,,,,,,,,,,175,3.40
Isaac Yiadom,2560946,DB,GB,@CIN,2,,,,,,,,,,,,,,,,,176,3.40
Sam Franklin,2563638,DB,CAR,PHI,1,2,,,,,,,,,,,,,,,,177,3.30
Xavier Crawford,2562515,DB,CHI,@LV,1,1,,,,,,,,,,,,,,,,178,2.50
Jaylon Johnson,2563701,DB,CHI,@LV,1,1,,,,,,,,,,,,,,,,179,2.50
Dallin Leavitt,2561585,DB,LV,CHI,1,1,,,,,,,,,,,,,,,,180,2.50
Dean Marlowe,2553562,DB,DET,@MIN,1,1,,,,,,,,,,,,,,,,181,2.50
Bobby McCain,2552434,DB,WAS,NO,1,1,,,,,,,,,,,,,,,,182,2.50
Zech McPhearson,2566406,DB,PHI,@CAR,1,1,,,,,,,,,,,,,,,,183,2.50
Bobby Price,2563953,DB,DET,@MIN,1,1,,,,,,,,,,,,,,,,184,2.50
Benjamin St-Juste,2566604,DB,WAS,NO,,,,,,,,,,,,,,1,,,,185,2.50
Joejuan Williams,2562787,DB,NE,@HOU,1,1,,,,,,,,,,,,,,,,186,2.50
Eli Apple,2555277,DB,CIN,GB,1,,,,,,,,,,,,,,,,,187,1.70
Breon Borders,2559015,DB,TEN,@JAX,1,,,,,,,,,,,,,,,,,188,1.70
Kris Boyd,2562630,DB,MIN,DET,1,,,,,,,,,,,,,,,,,189,1.70
Mike Ford,2561527,DB,DEN,@PIT,1,,,,,,,,,,,,,,,,,190,1.70
Kyle Fuller,2543681,DB,DEN,@PIT,1,,,,,,,,,,,,,,,,,191,1.70
Alohi Gilman,2565042,DB,LAC,CLE,1,,,,,,,,,,,,,,,,,192,1.70
C.J. Goodwin,2550767,DB,DAL,NYG,1,,,,,,,,,,,,,,,,,193,1.70
Chris Harris,2530510,DB,LAC,CLE,1,,,,,,,,,,,,,,,,,194,1.70
Jeff Heath,2541832,DB,NO,@WAS,1,,,,,,,,,,,,,,,,,195,1.70
Dane Jackson,2563614,DB,BUF,@KC,1,,,,,,,,,,,,,,,,,196,1.70
Bopete Keyes,2564292,DB,FA,Bye,1,,,,,,,,,,,,,,,,,197,1.70
Justin Layne,2562479,DB,PIT,DEN,1,,,,,,,,,,,,,,,,,198,1.70
Anthony Levine,2508004,DB,BAL,IND,1,,,,,,,,,,,,,,,,,199,1.70
David Long,2562798,DB,LA,@SEA,1,,,,,,,,,,,,,,,,,200,1.70
Jovante Moffatt,2563797,DB,CLE,@LAC,1,,,,,,,,,,,,,,,,,201,1.70
Eric Murray,2555173,DB,HOU,NE,1,,,,,,,,,,,,,,,,,202,1.70
Taylor Rapp,2562707,DB,LA,@SEA,1,,,,,,,,,,,,,,,,,203,1.70
Caden Sterns,2566040,DB,DEN,@PIT,1,,,,,,,,,,,,,,,,,204,1.70
Juan Thornhill,2562761,DB,KC,BUF,1,,,,,,,,,,,,,,,,,205,1.70
Denzel Ward,2560916,DB,CLE,@LAC,1,,,,,,,,,,,,,,,,,206,1.70
Trae Waynes,2552448,DB,CIN,GB,1,,,,,,,,,,,,,,,,,207,1.70
Mark Webb,2566523,DB,LAC,CLE,1,,,,,,,,,,,,,,,,,208,1.70
Nahshon Wright,2566022,DB,DAL,NYG,1,,,,,,,,,,,,,,,,,209,1.70
Henry Black,2563974,DB,GB,@CIN,,2,,,,,,,,,,,,,,,,210,1.60
Trevon Moehrig,2566268,DB,LV,CHI,,2,,,,,,,,,,,,,,,,211,1.60
Terrence Brooks,2543712,DB,HOU,NE,,1,,,,,,,,,,,,,,,,212,0.80
Justin Coleman,2553637,DB,MIA,@TB,,1,,,,,,,,,,,,,,,,213,0.80
Justin Hardee,2559181,DB,NYJ,@ATL,,1,,,,,,,,,,,,,,,,214,0.80
Duron Harmon,2541243,DB,ATL,NYJ,,1,,,,,,,,,,,,,,,,215,0.80
Shemar Jean-Charles,2566079,DB,GB,@CIN,,1,,,,,,,,,,,,,,,,216,0.80
Jonathan Jones,2556571,DB,NE,@HOU,,1,,,,,,,,,,,,,,,,217,0.80
Jason Pinnock,2565753,DB,NYJ,@ATL,,1,,,,,,,,,,,,,,,,218,0.80
Jordan Richards,2552392,DB,BAL,IND,,1,,,,,,,,,,,,,,,,219,0.80
Ar'Darius Washington,2566632,DB,BAL,IND,,1,,,,,,,,,,,,,,,,220,0.80
Delrick Abrams,2563464,DB,FA,Bye,,,,,,,,,,,,,,,,,,221,0.00
DeMarkus Acy,2565087,DB,PIT,DEN,,,,,,,,,,,,,,,,,,222,0.00
Andrew Adams,2556456,DB,TB,MIA,,,,,,,,,,,,,,,,,,223,0.00
Jahleel Addae,2541958,DB,IND,@BAL,,,,,,,,,,,,,,,,,,224,0.00
Jaire Alexander,2560952,DB,GB,@CIN,,,,,,,,,,,,,,,,,,225,0.00
Brian Allen,2558237,DB,FA,Bye,,,,,,,,,,,,,,,,,,226,0.00
Marcus Allen,2560956,DB,PIT,DEN,,,,,,,,,,,,,,,,,,227,0.00
Ricardo Allen,2543850,DB,CIN,GB,,,,,,,,,,,,,,,,,,228,0.00
Johnathan Alston,2561520,DB,FA,Bye,,,,,,,,,,,,,,,,,,229,0.00
Troy Apke,2560958,DB,WAS,NO,,,,,,,,,,,,,,,,,,230,0.00
Cornell Armstrong,2561147,DB,FA,Bye,,,,,,,,,,,,,,,,,,231,0.00
Damon Arnette,2564409,DB,FA,Bye,,,,,,,,,,,,,,,,,,232,0.00
Grayland Arnold,2564814,DB,HOU,NE,,,,,,,,,,,,,,,,,,233,0.00
Jaytlin Askew,2566656,DB,FA,Bye,,,,,,,,,,,,,,,,,,234,0.00
Blessuan Austin,2562468,DB,SEA,LA,,,,,,,,,,,,,,,,,,235,0.00
Deandre Baker,2562227,DB,KC,BUF,,,,,,,,,,,,,,,,,,236,0.00
Corey Ballentine,2562228,DB,DET,@MIN,,,,,,,,,,,,,,,,,,237,0.00
Chris Banjo,2541192,DB,ARI,SF,,,,,,,,,,,,,,,,,,238,0.00
Luq Barcoo,2564160,DB,FA,Bye,,,,,,,,,,,,,,,,,,239,0.00
Essang Bassey,2563875,DB,DEN,@PIT,,,,,,,,,,,,,,,,,,240,0.00
DeVante Bausby,2553790,DB,NE,@HOU,,,,,,,,,,,,,,,,,,241,0.00
Sam Beal,2561643,DB,FA,Bye,,,,,,,,,,,,,,,,,,242,0.00
Elijah Benton,2563758,DB,FA,Bye,,,,,,,,,,,,,,,,,,243,0.00
Justin Bethel,2532792,DB,NE,@HOU,,,,,,,,,,,,,,,,,,244,0.00
Joshuah Bledsoe,2566331,DB,NE,@HOU,,,,,,,,,,,,,,,,,,245,0.00
Briean Boddy-Calhoun,2556475,DB,TEN,@JAX,,,,,,,,,,,,,,,,,,246,0.00
Terrell Bonds,2563136,DB,FA,Bye,,,,,,,,,,,,,,,,,,247,0.00
Tre Boston,2543830,DB,FA,Bye,,,,,,,,,,,,,,,,,,248,0.00
John Brannon,2565018,DB,FA,Bye,,,,,,,,,,,,,,,,,,249,0.00
Brady Breeze,2566103,DB,TEN,@JAX,,,,,,,,,,,,,,,,,,250,0.00
Antoine Brooks Jr.,2564967,DB,LA,@SEA,,,,,,,,,,,,,,,,,,251,0.00
Jordan Brown,2562396,DB,LV,CHI,,,,,,,,,,,,,,,,,,252,0.00
Shakur Brown,2565774,DB,FA,Bye,,,,,,,,,,,,,,,,,,253,0.00
Tony Brown,2560982,DB,FA,Bye,,,,,,,,,,,,,,,,,,254,0.00
Tre Brown,2566550,DB,SEA,LA,,,,,,,,,,,,,,,,,,255,0.00
Terrell Burgess,2564331,DB,LA,@SEA,,,,,,,,,,,,,,,,,,256,0.00
Artie Burns,2555344,DB,CHI,@LV,,,,,,,,,,,,,,,,,,257,0.00
Eric Burrell,2565696,DB,FA,Bye,,,,,,,,,,,,,,,,,,258,0.00
Juston Burris,2555313,DB,CAR,PHI,,,,,,,,,,,,,,,,,,259,0.00
Deante Burton,2559109,DB,DAL,NYG,,,,,,,,,,,,,,,,,,260,0.00
Malcolm Butler,2550613,DB,FA,Bye,,,,,,,,,,,,,,,,,,261,0.00
Camryn Bynum,2566295,DB,MIN,DET,,,,,,,,,,,,,,,,,,262,0.00
Elijah Campbell,2561455,DB,MIA,@TB,,,,,,,,,,,,,,,,,,263,0.00
Ibraheim Campbell,2552605,DB,IND,@BAL,,,,,,,,,,,,,,,,,,264,0.00
Tyson Campbell,2566151,DB,JAX,TEN,,,,,,,,,,,,,,,,,,265,0.00
Maurice Canady,2555178,DB,DAL,NYG,,,,,,,,,,,,,,,,,,266,0.00
T.J. Carrie,2550164,DB,IND,@BAL,,,,,,,,,,,,,,,,,,267,0.00
Jamal Carter,2559321,DB,TEN,@JAX,,,,,,,,,,,,,,,,,,268,0.00
Andre Chachere,2561016,DB,PHI,@CAR,,,,,,,,,,,,,,,,,,269,0.00
Marqui Christian,2556277,DB,CHI,@LV,,,,,,,,,,,,,,,,,,270,0.00
Patrick Chung,71251,DB,FA,Bye,,,,,,,,,,,,,,,,,,271,0.00
Andre Cisco,2566154,DB,JAX,TEN,,,,,,,,,,,,,,,,,,272,0.00
Adrian Colbert,2558857,DB,FA,Bye,,,,,,,,,,,,,,,,,,273,0.00
Chris Cooper,2561429,DB,TB,MIA,,,,,,,,,,,,,,,,,,274,0.00
Shaun Crawford,2565642,DB,FA,Bye,,,,,,,,,,,,,,,,,,275,0.00
Ken Crawley,2556735,DB,NO,@WAS,,,,,,,,,,,,,,,,,,276,0.00
Keion Crossen,2561157,DB,NYG,@DAL,,,,,,,,,,,,,,,,,,277,0.00
Jordan Dangerfield,2541696,DB,FA,Bye,,,,,,,,,,,,,,,,,,278,0.00
DJ Daniel,2566653,DB,FA,Bye,,,,,,,,,,,,,,,,,,279,0.00
Cameron Dantzler,2564526,DB,MIN,DET,,,,,,,,,,,,,,,,,,280,0.00
Ronald Darby,2552689,DB,DEN,@PIT,,,,,,,,,,,,,,,,,,281,0.00
Carlton Davis,2561039,DB,TB,MIA,,,,,,,,,,,,,,,,,,282,0.00
Cody Davis,2541135,DB,NE,@HOU,,,,,,,,,,,,,,,,,,283,0.00
Jalen Davis,2561316,DB,CIN,GB,,,,,,,,,,,,,,,,,,284,0.00
Javaris Davis,2564265,DB,MIA,@TB,,,,,,,,,,,,,,,,,,285,0.00
Sean Davis,2555386,DB,NE,@HOU,,,,,,,,,,,,,,,,,,286,0.00
Shawn Davis,2565597,DB,GB,@CIN,,,,,,,,,,,,,,,,,,287,0.00
Duke Dawson,2561040,DB,DEN,@PIT,,,,,,,,,,,,,,,,,,288,0.00
Divine Deablo,2566253,DB,LV,CHI,,,,,,,,,,,,,,,,,,289,0.00
Donte' Deayon,2556512,DB,LA,@SEA,,,,,,,,,,,,,,,,,,290,0.00
Grant Delpit,2563773,DB,CLE,@LAC,,,,,,,,,,,,,,,,,,291,0.00
Stephen Denmark,2562874,DB,FA,Bye,,,,,,,,,,,,,,,,,,292,0.00
Darqueze Dennard,2543474,DB,IND,@BAL,,,,,,,,,,,,,,,,,,293,0.00
Pierre Desir,2543811,DB,TB,MIA,,,,,,,,,,,,,,,,,,294,0.00
Khalil Dorsey,2565336,DB,BAL,IND,,,,,,,,,,,,,,,,,,295,0.00
Rasul Douglas,2558168,DB,GB,@CIN,,,,,,,,,,,,,,,,,,296,0.00
Quinton Dunbar,2553796,DB,FA,Bye,,,,,,,,,,,,,,,,,,297,0.00
Isaiah Dunn,2565720,DB,NYJ,@ATL,,,,,,,,,,,,,,,,,,298,0.00
Nate Ebner,2535132,DB,NYG,@DAL,,,,,,,,,,,,,,,,,,299,0.00
Corn Elder,2558171,DB,WAS,NO,,,,,,,,,,,,,,,,,,300,0.00
DeShon Elliott,2560715,DB,BAL,IND,,,,,,,,,,,,,,,,,,301,0.00
Tino Ellis,2564670,DB,FA,Bye,,,,,,,,,,,,,,,,,,302,0.00
Deshazor Everett,2553710,DB,WAS,NO,,,,,,,,,,,,,,,,,,303,0.00
Brandon Facyson,2560719,DB,LV,CHI,,,,,,,,,,,,,,,,,,304,0.00
Matthias Farley,2556429,DB,TEN,@JAX,,,,,,,,,,,,,,,,,,305,0.00
Clayton Fejedelem,2555355,DB,MIA,@TB,,,,,,,,,,,,,,,,,,306,0.00
Mark Fields,2562442,DB,FA,Bye,,,,,,,,,,,,,,,,,,307,0.00
Tre Flowers,2560728,DB,CIN,GB,,,,,,,,,,,,,,,,,,308,0.00
Paris Ford,2566205,DB,FA,Bye,,,,,,,,,,,,,,,,,,309,0.00
Rudy Ford,2558174,DB,JAX,TEN,,,,,,,,,,,,,,,,,,310,0.00
Darrick Forrest,2566598,DB,WAS,NO,,,,,,,,,,,,,,,,,,311,0.00
Kavon Frazier,2555536,DB,FA,Bye,,,,,,,,,,,,,,,,,,312,0.00
Innis Gaines,2565591,DB,GB,@CIN,,,,,,,,,,,,,,,,,,313,0.00
Phillip Gaines,2543851,DB,FA,Bye,,,,,,,,,,,,,,,,,,314,0.00
Rashaan Gaulden,2560775,DB,FA,Bye,,,,,,,,,,,,,,,,,,315,0.00
Jake Gervase,2563306,DB,LA,@SEA,,,,,,,,,,,,,,,,,,316,0.00
Mark Gilbert,2565783,DB,DET,@MIN,,,,,,,,,,,,,,,,,,317,0.00
Tyree Gillespie,2566256,DB,LV,CHI,,,,,,,,,,,,,,,,,,318,0.00
Stephon Gilmore,2533062,DB,CAR,PHI,,,,,,,,,,,,,,,,,,319,0.00
Jeff Gladney,2564541,DB,FA,Bye,,,,,,,,,,,,,,,,,,320,0.00
Tay Gowan,2566427,DB,PHI,@CAR,,,,,,,,,,,,,,,,,,321,0.00
Thomas Graham Jr.,2565923,DB,CHI,@LV,,,,,,,,,,,,,,,,,,322,0.00
J.T. Gray,2561206,DB,NO,@WAS,,,,,,,,,,,,,,,,,,323,0.00
T.J. Green,2555537,DB,HOU,NE,,,,,,,,,,,,,,,,,,324,0.00
Raven Greene,2561207,DB,FA,Bye,,,,,,,,,,,,,,,,,,325,0.00
Olaijah Griffin,2566635,DB,BUF,@KC,,,,,,,,,,,,,,,,,,326,0.00
Javelin Guidry,2565504,DB,NYJ,@ATL,,,,,,,,,,,,,,,,,,327,0.00
Javon Hagan,2565219,DB,ARI,SF,,,,,,,,,,,,,,,,,,328,0.00
Nate Hairston,2558108,DB,DEN,@PIT,,,,,,,,,,,,,,,,,,329,0.00
Tyler Hall,2563497,DB,LA,@SEA,,,,,,,,,,,,,,,,,,330,0.00
Damar Hamlin,2565872,DB,BUF,@KC,,,,,,,,,,,,,,,,,,331,0.00
Saquan Hampton,2562658,DB,FA,Bye,,,,,,,,,,,,,,,,,,332,0.00
Harrison Hand,2564547,DB,MIN,DET,,,,,,,,,,,,,,,,,,333,0.00
Vernon Hargreaves III,2555299,DB,CIN,GB,,,,,,,,,,,,,,,,,,334,0.00
Madre Harper,2564421,DB,CAR,PHI,,,,,,,,,,,,,,,,,,335,0.00
Brontae Harris,2566217,DB,FA,Bye,,,,,,,,,,,,,,,,,,336,0.00
Erik Harris,2555568,DB,ATL,NYJ,,,,,,,,,,,,,,,,,,337,0.00
Tim Harris,2562949,DB,FA,Bye,,,,,,,,,,,,,,,,,,338,0.00
Myles Hartsfield,2563644,DB,CAR,PHI,,,,,,,,,,,,,,,,,,339,0.00
J.T. Hassell,2563045,DB,FA,Bye,,,,,,,,,,,,,,,,,,340,0.00
Trayvon Henderson,2561339,DB,CIN,GB,,,,,,,,,,,,,,,,,,341,0.00
Gavin Heslop,2565156,DB,SEA,LA,,,,,,,,,,,,,,,,,,342,0.00
Alijah Holder,2562572,DB,FA,Bye,,,,,,,,,,,,,,,,,,343,0.00
Nate Holley,2561627,DB,FA,Bye,,,,,,,,,,,,,,,,,,344,0.00
Ka'dar Hollman,2562940,DB,NYG,@DAL,,,,,,,,,,,,,,,,,,345,0.00
Darnay Holmes,2564739,DB,NYG,@DAL,,,,,,,,,,,,,,,,,,346,0.00
Amani Hooker,2562666,DB,TEN,@JAX,,,,,,,,,,,,,,,,,,347,0.00
Jaycee Horn,2565893,DB,CAR,PHI,,,,,,,,,,,,,,,,,,348,0.00
Jameson Houston,2563791,DB,FA,Bye,,,,,,,,,,,,,,,,,,349,0.00
Talanoa Hufanga,2566529,DB,SF,@ARI,,,,,,,,,,,,,,,,,,350,0.00
JuJu Hughes,2564352,DB,LA,@SEA,,,,,,,,,,,,,,,,,,351,0.00
Mike Hughes,2560746,DB,KC,BUF,,,,,,,,,,,,,,,,,,352,0.00
J.T. Ibe,2565570,DB,FA,Bye,,,,,,,,,,,,,,,,,,353,0.00
Noah Igbinoghene,2564457,DB,MIA,@TB,,,,,,,,,,,,,,,,,,354,0.00
Bennett Jackson,2543834,DB,FA,Bye,,,,,,,,,,,,,,,,,,355,0.00
Josh Jackson,2560755,DB,KC,BUF,,,,,,,,,,,,,,,,,,356,0.00
Lamar Jackson,2565513,DB,NYJ,@ATL,,,,,,,,,,,,,,,,,,357,0.00
Mike Jackson,2562434,DB,SEA,LA,,,,,,,,,,,,,,,,,,358,0.00
Robert Jackson,2561434,DB,FA,Bye,,,,,,,,,,,,,,,,,,359,0.00
Michael Jacquet,2564835,DB,FA,Bye,,,,,,,,,,,,,,,,,,360,0.00
Natrell Jamerson,2560759,DB,NYJ,@ATL,,,,,,,,,,,,,,,,,,361,0.00
Craig James,2561486,DB,PHI,@CAR,,,,,,,,,,,,,,,,,,362,0.00
Danny Johnson,2560764,DB,WAS,NO,,,,,,,,,,,,,,,,,,363,0.00
Isaiah Johnson,2562675,DB,FA,Bye,,,,,,,,,,,,,,,,,,364,0.00
Jamar Johnson,2566031,DB,DEN,@PIT,,,,,,,,,,,,,,,,,,365,0.00
Jaquan Johnson,2562676,DB,BUF,@KC,,,,,,,,,,,,,,,,,,366,0.00
Kevin Johnson,2552261,DB,FA,Bye,,,,,,,,,,,,,,,,,,367,0.00
Chris Jones,2560767,DB,TEN,@JAX,,,,,,,,,,,,,,,,,,368,0.00
Josh Jones,2558119,DB,IND,@BAL,,,,,,,,,,,,,,,,,,369,0.00
Karl Joseph,2555342,DB,PIT,DEN,,,,,,,,,,,,,,,,,,370,0.00
Kelvin Joseph,2566010,DB,DAL,NYG,,,,,,,,,,,,,,,,,,371,0.00
Lamarcus Joyner,2543492,DB,NYJ,@ATL,,,,,,,,,,,,,,,,,,372,0.00
Jalen Julius,2564289,DB,FA,Bye,,,,,,,,,,,,,,,,,,373,0.00
Joshua Kalu,2560776,DB,NYG,@DAL,,,,,,,,,,,,,,,,,,374,0.00
Miles Killebrew,2555315,DB,PIT,DEN,,,,,,,,,,,,,,,,,,375,0.00
Luther Kirk,2565304,DB,ATL,NYJ,,,,,,,,,,,,,,,,,,376,0.00
Dre Kirkpatrick,2533060,DB,SF,@ARI,,,,,,,,,,,,,,,,,,377,0.00
Chris Lammons,2561226,DB,KC,BUF,,,,,,,,,,,,,,,,,,378,0.00
Nevin Lawson,2543872,DB,JAX,TEN,,,,,,,,,,,,,,,,,,379,0.00
Richard LeCounte III,2565977,DB,CLE,@LAC,,,,,,,,,,,,,,,,,,380,0.00
Deommodore Lenoir,2566535,DB,SF,@ARI,,,,,,,,,,,,,,,,,,381,0.00
Cam Lewis,2563205,DB,BUF,@KC,,,,,,,,,,,,,,,,,,382,0.00
Donnie Lewis,2562910,DB,FA,Bye,,,,,,,,,,,,,,,,,,383,0.00
Zane Lewis,2564928,DB,NYJ,@ATL,,,,,,,,,,,,,,,,,,384,0.00
P.J. Locke,2563012,DB,DEN,@PIT,,,,,,,,,,,,,,,,,,385,0.00
Jordan Lucas,2555542,DB,IND,@BAL,,,,,,,,,,,,,,,,,,386,0.00
Cole Luke,2558968,DB,FA,Bye,,,,,,,,,,,,,,,,,,387,0.00
Dylan Mabin,2563029,DB,NO,@WAS,,,,,,,,,,,,,,,,,,388,0.00
Greg Mabin,2558971,DB,TEN,@JAX,,,,,,,,,,,,,,,,,,389,0.00
Iman Marshall,2562961,DB,BAL,IND,,,,,,,,,,,,,,,,,,390,0.00
Trey Marshall,2561370,DB,LAC,CLE,,,,,,,,,,,,,,,,,,391,0.00
Marcus Maye,2557995,DB,NYJ,@ATL,,,,,,,,,,,,,,,,,,392,0.00
Nick McCloud,2566638,DB,BUF,@KC,,,,,,,,,,,,,,,,,,393,0.00
Bradley McDougald,2539243,DB,FA,Bye,,,,,,,,,,,,,,,,,,394,0.00
Sherrick McManis,494289,DB,FA,Bye,,,,,,,,,,,,,,,,,,395,0.00
Torry McTyer,2559053,DB,WAS,NO,,,,,,,,,,,,,,,,,,396,0.00
Quenton Meeks,2560808,DB,FA,Bye,,,,,,,,,,,,,,,,,,397,0.00
Ifeatu Melifonwu,2566064,DB,DET,@MIN,,,,,,,,,,,,,,,,,,398,0.00
Rashaan Melvin,2541200,DB,CAR,PHI,,,,,,,,,,,,,,,,,,399,0.00
Josh Metellus,2564568,DB,MIN,DET,,,,,,,,,,,,,,,,,,400,0.00
Doug Middleton,2556617,DB,FA,Bye,,,,,,,,,,,,,,,,,,401,0.00
Herb Miller,2563153,DB,CLE,@LAC,,,,,,,,,,,,,,,,,,402,0.00
Jordan Miller,2562497,DB,NO,@WAS,,,,,,,,,,,,,,,,,,403,0.00
Jalen Mills,2555383,DB,NE,@HOU,,,,,,,,,,,,,,,,,,404,0.00
Chris Milton,2556394,DB,FA,Bye,,,,,,,,,,,,,,,,,,405,0.00
Joshua Moon,2563265,DB,FA,Bye,,,,,,,,,,,,,,,,,,406,0.00
A.J. Moore,2561538,DB,HOU,NE,,,,,,,,,,,,,,,,,,407,0.00
C.J. Moore,2563193,DB,DET,@MIN,,,,,,,,,,,,,,,,,,408,0.00
Tarvarius Moore,2561117,DB,SF,@ARI,,,,,,,,,,,,,,,,,,409,0.00
Jimmy Moreland,2562858,DB,HOU,NE,,,,,,,,,,,,,,,,,,410,0.00
TJ Morrison,2565651,DB,FA,Bye,,,,,,,,,,,,,,,,,,411,0.00
Parnell Motley,2565237,DB,DET,@MIN,,,,,,,,,,,,,,,,,,412,0.00
Israel Mukuamu,2566013,DB,DAL,NYG,,,,,,,,,,,,,,,,,,413,0.00
Trayvon Mullen,2562380,DB,LV,CHI,,,,,,,,,,,,,,,,,,414,0.00
Byron Murphy,2562318,DB,ARI,SF,,,,,,,,,,,,,,,,,,415,0.00
Sean Murphy-Bunting,2562635,DB,TB,MIA,,,,,,,,,,,,,,,,,,416,0.00
Kai Nacua,2559220,DB,SF,@ARI,,,,,,,,,,,,,,,,,,417,0.00
Nick Nelson,2560819,DB,IND,@BAL,,,,,,,,,,,,,,,,,,418,0.00
Picasso Nelson,2563002,DB,FA,Bye,,,,,,,,,,,,,,,,,,419,0.00
Greg Newsome II,2565980,DB,CLE,@LAC,,,,,,,,,,,,,,,,,,420,0.00
Keisean Nixon,2562938,DB,LV,CHI,,,,,,,,,,,,,,,,,,421,0.00
George Odum,2561131,DB,IND,@BAL,,,,,,,,,,,,,,,,,,422,0.00
Michael Ojemudia,2563908,DB,DEN,@PIT,,,,,,,,,,,,,,,,,,423,0.00
Jeff Okudah,2563944,DB,DET,@MIN,,,,,,,,,,,,,,,,,,424,0.00
Isaiah Oliver,2560830,DB,ATL,NYJ,,,,,,,,,,,,,,,,,,425,0.00
Kareem Orr,2563274,DB,LA,@SEA,,,,,,,,,,,,,,,,,,426,0.00
Jonathan Owens,2561255,DB,HOU,NE,,,,,,,,,,,,,,,,,,427,0.00
Steven Parker,2561256,DB,NYG,@DAL,,,,,,,,,,,,,,,,,,428,0.00
Will Parks,2556278,DB,SF,@ARI,,,,,,,,,,,,,,,,,,429,0.00
Jabrill Peppers,2557980,DB,NYG,@DAL,,,,,,,,,,,,,,,,,,430,0.00
Jomal Wiltz,2559283,DB,MIA,@TB,,,,,,,,,,,,,,,,,,431,0.00
Jordyn Peters,2565750,DB,FA,Bye,,,,,,,,,,,,,,,,,,432,0.00
Marcus Peters,2552488,DB,BAL,IND,,,,,,,,,,,,,,,,,,433,0.00
Kevin Peterson,2556764,DB,ARI,SF,,,,,,,,,,,,,,,,,,434,0.00
Darius Phillips,2560839,DB,CIN,GB,,,,,,,,,,,,,,,,,,435,0.00
Brian Poole,2556445,DB,FA,Bye,,,,,,,,,,,,,,,,,,436,0.00
Troy Pride,2563662,DB,CAR,PHI,,,,,,,,,,,,,,,,,,437,0.00
Glover Quin,71441,DB,FA,Bye,,,,,,,,,,,,,,,,,,438,0.00
Damarious Randall,2552389,DB,FA,Bye,,,,,,,,,,,,,,,,,,439,0.00
Jeremy Reaves,2561394,DB,WAS,NO,,,,,,,,,,,,,,,,,,440,0.00
Will Redmond,2555545,DB,GB,@CIN,,,,,,,,,,,,,,,,,,441,0.00
Sheldrick Redwine,2562711,DB,MIA,@TB,,,,,,,,,,,,,,,,,,442,0.00
J.R. Reed,2564220,DB,NYG,@DAL,,,,,,,,,,,,,,,,,,443,0.00
John Reid,2564088,DB,SEA,LA,,,,,,,,,,,,,,,,,,444,0.00
Elijah Riley,2564853,DB,NYJ,@ATL,,,,,,,,,,,,,,,,,,445,0.00
Darryl Roberts,2553353,DB,WAS,NO,,,,,,,,,,,,,,,,,,446,0.00
Nickell Robey-Coleman,2540197,DB,DET,@MIN,,,,,,,,,,,,,,,,,,447,0.00
Aaron Robinson,2566370,DB,NYG,@DAL,,,,,,,,,,,,,,,,,,448,0.00
Kenny Robinson,2563674,DB,CAR,PHI,,,,,,,,,,,,,,,,,,449,0.00
Patrick Robinson,2508084,DB,FA,Bye,,,,,,,,,,,,,,,,,,450,0.00
Rashard Robinson,2555546,DB,TB,MIA,,,,,,,,,,,,,,,,,,451,0.00
Reggie Robinson II,2563863,DB,DAL,NYG,,,,,,,,,,,,,,,,,,452,0.00
Tyree Robinson,2561519,DB,FA,Bye,,,,,,,,,,,,,,,,,,453,0.00
Bradley Roby,2543505,DB,NO,@WAS,,,,,,,,,,,,,,,,,,454,0.00
Winston Rose,2556670,DB,FA,Bye,,,,,,,,,,,,,,,,,,455,0.00
D'Angelo Ross,2563057,DB,NE,@HOU,,,,,,,,,,,,,,,,,,456,0.00
Brandon Rusnak,2562912,DB,JAX,TEN,,,,,,,,,,,,,,,,,,457,0.00
KeiVarae Russell,2555547,DB,NO,@WAS,,,,,,,,,,,,,,,,,,458,0.00
Stanford Samuels III,2564022,DB,FA,Bye,,,,,,,,,,,,,,,,,,459,0.00
Josiah Scott,2564229,DB,PHI,@CAR,,,,,,,,,,,,,,,,,,460,0.00
Vernon Scott,2564028,DB,GB,@CIN,,,,,,,,,,,,,,,,,,461,0.00
Kevon Seymour,2555549,DB,BAL,IND,,,,,,,,,,,,,,,,,,462,0.00
Kendall Sheffield,2562730,DB,ATL,NYJ,,,,,,,,,,,,,,,,,,463,0.00
LeShaun Sims,2555551,DB,FA,Bye,,,,,,,,,,,,,,,,,,464,0.00
Kemah Siverand,2565189,DB,FA,Bye,,,,,,,,,,,,,,,,,,465,0.00
Buster Skrine,2495343,DB,FA,Bye,,,,,,,,,,,,,,,,,,466,0.00
Maurice Smith,2559058,DB,FA,Bye,,,,,,,,,,,,,,,,,,467,0.00
Saivion Smith,2562741,DB,SF,@ARI,,,,,,,,,,,,,,,,,,468,0.00
Tremon Smith,2561103,DB,HOU,NE,,,,,,,,,,,,,,,,,,469,0.00
Tye Smith,2552449,DB,MIN,DET,,,,,,,,,,,,,,,,,,470,0.00
Linden Stephens,2561277,DB,PIT,DEN,,,,,,,,,,,,,,,,,,471,0.00
JaCoby Stevens,2566412,DB,PHI,@CAR,,,,,,,,,,,,,,,,,,472,0.00
M.J. Stewart,2560884,DB,CLE,@LAC,,,,,,,,,,,,,,,,,,473,0.00
Donovan Stiner,2565795,DB,PIT,DEN,,,,,,,,,,,,,,,,,,474,0.00
Geno Stone,2563584,DB,BAL,IND,,,,,,,,,,,,,,,,,,475,0.00
Corey Straughter,2565636,DB,FA,Bye,,,,,,,,,,,,,,,,,,476,0.00
Greg Stroman,2560886,DB,FA,Bye,,,,,,,,,,,,,,,,,,477,0.00
Cameron Sutton,2558849,DB,PIT,DEN,,,,,,,,,,,,,,,,,,478,0.00
D.J. Swearinger,2539943,DB,FA,Bye,,,,,,,,,,,,,,,,,,479,0.00
Teez Tabor,2557955,DB,CHI,@LV,,,,,,,,,,,,,,,,,,480,0.00
Cordrea Tankersley,2557931,DB,FA,Bye,,,,,,,,,,,,,,,,,,481,0.00
Shakial Taylor,2563129,DB,FA,Bye,,,,,,,,,,,,,,,,,,482,0.00
Marvell Tell,2562757,DB,IND,@BAL,,,,,,,,,,,,,,,,,,483,0.00
Ambry Thomas,2566547,DB,SF,@ARI,,,,,,,,,,,,,,,,,,484,0.00
Josh Thomas,2565387,DB,BUF,@KC,,,,,,,,,,,,,,,,,,485,0.00
Stantley Thomas-Oliver,2563689,DB,CAR,PHI,,,,,,,,,,,,,,,,,,486,0.00
Darian Thompson,2555154,DB,DAL,NYG,,,,,,,,,,,,,,,,,,487,0.00
Deionte Thompson,2562760,DB,ARI,SF,,,,,,,,,,,,,,,,,,488,0.00
Tariq Thompson,2566644,DB,FA,Bye,,,,,,,,,,,,,,,,,,489,0.00
Desmond Trufant,2539334,DB,LV,CHI,,,,,,,,,,,,,,,,,,490,0.00
Kenny Vaccaro,2539320,DB,FA,Bye,,,,,,,,,,,,,,,,,,491,0.00
Donte Vaughn,2565084,DB,FA,Bye,,,,,,,,,,,,,,,,,,492,0.00
Jason Verrett,2543493,DB,SF,@ARI,,,,,,,,,,,,,,,,,,493,0.00
Kary Vincent Jr.,2566046,DB,PHI,@CAR,,,,,,,,,,,,,,,,,,494,0.00
Dee Virgin,2559274,DB,FA,Bye,,,,,,,,,,,,,,,,,,495,0.00
Lamont Wade,2565798,DB,FA,Bye,,,,,,,,,,,,,,,,,,496,0.00
Shaun Wade,2565854,DB,NE,@HOU,,,,,,,,,,,,,,,,,,497,0.00
K'Von Wallace,2564871,DB,PHI,@CAR,,,,,,,,,,,,,,,,,,498,0.00
Charvarius Ward,2561417,DB,KC,BUF,,,,,,,,,,,,,,,,,,499,0.00
Nigel Warrior,2563590,DB,SEA,LA,,,,,,,,,,,,,,,,,,500,0.00
Charles Washington,2556703,DB,ARI,SF,,,,,,,,,,,,,,,,,,501,0.00
Keith Washington,2564706,DB,FA,Bye,,,,,,,,,,,,,,,,,,502,0.00
Jaylen Watkins,2543707,DB,FA,Bye,,,,,,,,,,,,,,,,,,503,0.00
Armani Watts,2560921,DB,KC,BUF,,,,,,,,,,,,,,,,,,504,0.00
Chris Westry,2562902,DB,BAL,IND,,,,,,,,,,,,,,,,,,505,0.00
Brendon White,2565765,DB,FA,Bye,,,,,,,,,,,,,,,,,,506,0.00
Chris Wilcox,2566577,DB,IND,@BAL,,,,,,,,,,,,,,,,,,507,0.00
Rachad Wildgoose,2565881,DB,BUF,@KC,,,,,,,,,,,,,,,,,,508,0.00
LaDarius Wiley,2563280,DB,FA,Bye,,,,,,,,,,,,,,,,,,509,0.00
Avery Williams,2565833,DB,ATL,NYJ,,,,,,,,,,,,,,,,,,510,0.00
Jarren Williams,2564958,DB,NYG,@DAL,,,,,,,,,,,,,,,,,,511,0.00
K'Waun Williams,2550654,DB,SF,@ARI,,,,,,,,,,,,,,,,,,512,0.00
Rodarius Williams,2566379,DB,NYG,@DAL,,,,,,,,,,,,,,,,,,513,0.00
Shawn Williams,2539233,DB,ATL,NYJ,,,,,,,,,,,,,,,,,,514,0.00
Trill Williams,2565714,DB,MIA,@TB,,,,,,,,,,,,,,,,,,515,0.00
Brandon Wilson,2558786,DB,CIN,GB,,,,,,,,,,,,,,,,,,516,0.00
Donovan Wilson,2562604,DB,DAL,NYG,,,,,,,,,,,,,,,,,,517,0.00
Marco Wilson,2566439,DB,ARI,SF,,,,,,,,,,,,,,,,,,518,0.00
Quincy Wilson,2557961,DB,NYG,@DAL,,,,,,,,,,,,,,,,,,519,0.00
Tavon Wilson,2534830,DB,SF,@ARI,,,,,,,,,,,,,,,,,,520,0.00
Antoine Winfield Jr.,2565261,DB,TB,MIA,,,,,,,,,,,,,,,,,,521,0.00
Ahkello Witherspoon,2558157,DB,PIT,DEN,,,,,,,,,,,,,,,,,,522,0.00
Daryl Worley,2555394,DB,FA,Bye,,,,,,,,,,,,,,,,,,523,0.00
Blidi Wreh-Wilson,2539219,DB,TB,MIA,,,,,,,,,,,,,,,,,,524,0.00
Rock Ya-Sin,2562614,DB,IND,@BAL,,,,,,,,,,,,,,,,,,525,0.00
