PlayerName,PlayerId,Pos,Team,PlayerOpponent,TacklesTot,TacklesAst,TacklesSck,TacklesTfl,TurnoverInt,TurnoverFrcFum,TurnoverFumRec,ScoreIntTd,ScoreFumTd,ScoreBlkTd,ScoreSaf,ScoreDef2ptRet,Blk,PDef,QBHit,ReturnIntYds,ReturnFumYds,Rank,TotalPoints
Alex Singleton,2553739,LB,PHI,@CAR,10,4,,,,,,,,,,,,,,,,1,20.20
David Long,2562799,LB,TEN,@JAX,10,2,,1,,,,,,,,,,,,,,2,20.10
Denzel Perryman,2552310,LB,LV,CHI,10,3,,,,,,,,,,,,,1,,,3,19.90
Haason Reddick,2557887,LB,CAR,PHI,6,2,2,2,,,,,,,,,,,2,,,4,19.80
De'Vondre Campbell,2555255,LB,GB,@CIN,5,4,,1,1,,,,,,,,,1,,13,,5,19.63
Harold Landry,2560784,LB,TEN,@JAX,5,2,2,2,,,,,,,,,,,3,,,6,18.60
Quincy Williams,2562954,LB,NYJ,@ATL,5,3,,,,2,,,,,,,,,1,,,7,18.40
Eric Kendricks,2552312,LB,MIN,DET,5,3,,,1,,,,,,,,,1,,22,,8,17.63
Pete Werner,2566358,LB,NO,@WAS,8,5,,,,,,,,,,,,,,,,9,17.60
Darius Leonard,2560789,LB,IND,@BAL,6,7,,,,,1,,,,,,,,,,21,10,17.50
Khalil Mack,2543463,LB,CHI,@LV,7,1,1,1,,,,,,,,,,,1,,,11,16.70
Drue Tranquill,2562765,LB,LAC,CLE,7,4,,1,,,,,,,,,,,,,,12,16.60
Demario Davis,2533008,LB,NO,@WAS,5,3,1,1,,,,,,,,,,,3,,,13,15.90
Jerome Baker,2560966,LB,MIA,@TB,6,1,1,1,,,,,,,,,,,2,,,14,15.50
Malik Reed,2562825,LB,DEN,@PIT,4,3,1,,,1,,,,,,,,,1,,,15,15.20
Reggie Ragland,2555169,LB,NYG,@DAL,5,2,,1,,,1,,,,,,,1,,,,16,15.10
Cole Holcomb,2562872,LB,WAS,NO,3,4,,,1,,,,,,,,,1,,23,,17,15.07
Roquan Smith,2560877,LB,CHI,@LV,5,5,,,,,,,,,,,,1,,,,18,15.00
Jordyn Brooks,2565135,LB,SEA,LA,5,6,,1,,,,,,,,,,,,,,19,14.80
A.J. Johnson,2561704,LB,DEN,@PIT,5,3,,,,,1,,,,,,,1,,,10,20,14.73
Josh Allen,2562619,LB,JAX,TEN,5,2,0.5,,,,,,,,,,,1,2,,,21,14.60
Tae Crowder,2564727,LB,NYG,@DAL,5,3,,,,1,,,,,,,,,,,,22,14.40
A.J. Klein,2539982,LB,BUF,@KC,8,1,,,,,,,,,,,,,,,,23,14.40
Matt Judon,2555505,LB,NE,@HOU,2,2,2,2,,,1,,,,,,,,3,,-6,24,14.30
Tremaine Edmunds,2560713,LB,BUF,@KC,6,3,,1,,,,,,,,,,,,,,25,14.10
Christian Kirksey,2543720,LB,HOU,NE,4,6,,,,,,,,,,,,1,,,,26,14.10
Bobby Okereke,2562416,LB,IND,@BAL,7,2,,,,,,,,,,,,,,,,27,13.50
Fred Warner,2560917,LB,SF,@ARI,7,2,,,,,,,,,,,,,,,,28,13.50
Micah Parsons,2566019,LB,DAL,NYG,6,2,,,,,,,,,,,,,3,,,29,13.30
Nick Bolton,2566175,LB,KC,BUF,6,,,2,,,,,,,,,,,,,,30,13.20
Shaquil Barrett,2550541,LB,TB,MIA,3,1,1.5,,,1,,,,,,,,,1,,,31,12.90
C.J. Mosley,2543464,LB,NYJ,@ATL,2,6,,,,1,,,,,,,,,,,,32,11.70
Odafe Oweh,2565848,LB,BAL,IND,3,,1,,,1,,,,,,,,,2,,,33,11.60
Krys Barnes,2563971,LB,GB,@CIN,3,3,1,1,,,,,,,,,,,1,,,34,11.50
Jalen Reeves-Maybin,2557924,LB,DET,@MIN,3,2,,,,1,1,,,,,,,,,,,35,11.20
Devin White,2562781,LB,TB,MIA,5,3,,,,,,,,,,,,,,,,36,10.90
Patrick Queen,2563575,LB,BAL,IND,4,2,,1,,,,,,,,,,,1,,,37,10.40
Alec Ogletree,2540143,LB,CHI,@LV,6,,,,,,,,,,,,,,,,,38,10.20
Alex Anzalone,2558163,LB,DET,@MIN,1,3,,,1,,,,,,,,,1,,,,39,10.10
Nick Kwiatkoski,2555288,LB,LV,CHI,5,2,,,,,,,,,,,,,,,,40,10.10
Kamu Grugier-Hill,2556363,LB,HOU,NE,5,,,1,,,,,,,,,,,,,,41,10.00
Damien Wilson,2552686,LB,JAX,TEN,4,2,,1,,,,,,,,,,,,,,42,9.90
Jeremiah Owusu-Koramoah,2565983,LB,CLE,@LAC,3,1,,,,1,,,,,,,,,,,,43,9.40
Troy Reeder,2563313,LB,LA,@SEA,1,2,,,1,,,,,,,,,1,,,,44,9.30
Joe Schobert,2555166,LB,PIT,DEN,3,2,,,,,,,,,,,,1,,,,45,9.20
Logan Wilson,2563752,LB,CIN,GB,4,3,,,,,,,,,,,,,,,,46,9.20
Germaine Pratt,2562702,LB,CIN,GB,4,1,,1,,,,,,,,,,,,,,47,9.10
Leighton Vander Esch,2560908,LB,DAL,NYG,4,1,,1,,,,,,,,,,,,,,48,9.10
Jaelan Phillips,2566289,LB,MIA,@TB,2,2,1,1,,,,,,,,,,,1,,,49,9.00
T.J. Edwards,2562648,LB,PHI,@CAR,2,3,,,,,,,,,,,1,,,,,50,8.80
Lorenzo Carter,2561015,LB,NYG,@DAL,1,1,,,1,,,,,,,,,1,,1,,51,8.53
Kyzir White,2560928,LB,LAC,CLE,5,,,,,,,,,,,,,,,,,52,8.50
Derrick Barnes,2566055,LB,DET,@MIN,4,2,,,,,,,,,,,,,,,,53,8.40
Jordan Hicks,2552315,LB,ARI,SF,4,2,,,,,,,,,,,,,,,,54,8.40
Anthony Hitchens,2543592,LB,KC,BUF,4,2,,,,,,,,,,,,,,,,55,8.40
Leonard Floyd,2555285,LB,LA,@SEA,3,2,,1,,,,,,,,,,,,,,56,8.20
Pernell McPhee,2495201,LB,BAL,IND,3,2,,1,,,,,,,,,,,,,,57,8.20
Elandon Roberts,2556119,LB,MIA,@TB,2,1,,1,,,,,,,,,,1,,,,58,8.20
Isaiah Simmons,2564940,LB,ARI,SF,2,1,0.5,,,,,,,,,,,1,1,,,59,8.20
Shaq Lawson,2555252,LB,NYJ,@ATL,3,,,1,,,1,,,,,,,,1,,,60,8.10
Preston Smith,2552276,LB,GB,@CIN,1,3,1,1,,,,,,,,,,,1,,,61,8.10
Dont'a Hightower,2533057,LB,NE,@HOU,4,1,,,,,,,,,,,,,,,,62,7.60
T.J. Watt,2558064,LB,PIT,DEN,3,,,1,,,,,,,,,,,2,,,63,7.60
Tyus Bowser,2558166,LB,BAL,IND,3,3,,,,,,,,,,,,,,,,64,7.50
Cory Littleton,2556593,LB,LV,CHI,3,3,,,,,,,,,,,,,,,,65,7.50
Justin Strnad,2563914,LB,DEN,@PIT,3,3,,,,,,,,,,,,,,,,66,7.50
Nick Vigil,2555528,LB,MIN,DET,3,3,,,,,,,,,,,,,,,,67,7.50
Trevis Gipson,2563695,LB,CHI,@LV,1,2,1,1,,,,,,,,,,,1,,,68,7.30
Terrell Lewis,2564370,LB,LA,@SEA,1,2,1,1,,,,,,,,,,,1,,,69,7.30
Jordan Jenkins,2555256,LB,HOU,NE,1,4,,1,,,,,,,,,,,1,,,70,6.90
Jermaine Carter,2561093,LB,CAR,PHI,2,1,,,,,,,,,,,,1,,,,71,6.70
Zach Cunningham,2558094,LB,HOU,NE,2,1,,,,,,,,,,,,1,,,,72,6.70
Deion Jones,2555162,LB,ATL,NYJ,3,2,,,,,,,,,,,,,,,,73,6.70
Keanu Neal,2555543,LB,DAL,NYG,3,2,,,,,,,,,,,,,,,,74,6.70
Anthony Walker,2558851,LB,CLE,@LAC,2,4,,,,,,,,,,,,,,,,75,6.60
Devin Bush,2562243,LB,PIT,DEN,1,,1,1,,,,,,,,,,,2,,,76,6.20
Anthony Barr,2543459,LB,MIN,DET,3,1,,,,,,,,,,,,,,,,77,5.90
Foye Oluokun,2561132,LB,ATL,NYJ,2,3,,,,,,,,,,,,,,,,78,5.80
Jamie Collins,2539311,LB,NE,@HOU,1,,1,1,,,,,,,,,,,1,,,79,5.70
Andrew Van Ginkel,2562768,LB,MIA,@TB,2,1,,1,,,,,,,,,,,,,,80,5.70
Rashan Gary,2562376,LB,GB,@CIN,1,4,,,,,,,,,,,,,1,,,81,5.40
Sione Takitaki,2562753,LB,CLE,@LAC,1,4,,,,,,,,,,,,,1,,,82,5.40
Azeez Ojulari,2566367,LB,NYG,@DAL,3,,,,,,,,,,,,,,,,,83,5.10
Robert Quinn,2495485,LB,CHI,@LV,3,,,,,,,,,,,,,,,,,84,5.10
Zaven Collins,2566421,LB,ARI,SF,2,2,,,,,,,,,,,,,,,,85,5.00
Lavonte David,2532828,LB,TB,MIA,1,1,1,,,,,,,,,,,,1,,,86,5.00
Myles Jack,2555329,LB,JAX,TEN,2,2,,,,,,,,,,,,,,,,87,5.00
Kevin Minter,2540159,LB,TB,MIA,2,1,,,,,,,,,,,,,1,,,88,4.70
Akeem Davis-Gaither,2563728,LB,CIN,GB,2,1,,,,,,,,,,,,,,,,89,4.20
Markus Golden,2552273,LB,ARI,SF,2,1,,,,,,,,,,,,,,,,90,4.20
Khaleke Hudson,2565279,LB,WAS,NO,2,1,,,,,,,,,,,,,,,,91,4.20
Joe Jones,2559200,LB,TEN,@JAX,2,1,,,,,,,,,,,,,,,,92,4.20
E.J. Speed,2562955,LB,IND,@BAL,2,1,,,,,,,,,,,,,,,,93,4.20
Kyle Van Noy,2543699,LB,NE,@HOU,2,1,,,,,,,,,,,,,,,,94,4.20
Josh Woods,2561626,LB,DET,@MIN,2,1,,,,,,,,,,,,,,,,95,4.20
K.J. Wright,2495252,LB,LV,CHI,2,1,,,,,,,,,,,,,,,,96,4.20
Bobby Wagner,2532966,LB,SEA,LA,1,3,,,,,,,,,,,,,,,,97,4.10
Ja'Whaun Bentley,2561143,LB,NE,@HOU,1,2,,,,,,,,,,,,,1,,,98,3.80
Jake Martin,2561092,LB,HOU,NE,1,,,1,,,,,,,,,,,1,,,99,3.70
Jamin Davis,2566595,LB,WAS,NO,2,,,,,,,,,,,,,,,,,100,3.40
Willie Gay Jr.,2564280,LB,KC,BUF,2,,,,,,,,,,,,,,,,,101,3.40
Joe Thomas,2550262,LB,BAL,IND,2,,,,,,,,,,,,,,,,,102,3.40
Zeke Turner,2561283,LB,ARI,SF,2,,,,,,,,,,,,,,,,,103,3.40
Azeez Al-Shaair,2562462,LB,SF,@ARI,1,2,,,,,,,,,,,,,,,,104,3.30
Malik Harrison,2563554,LB,BAL,IND,1,2,,,,,,,,,,,,,,,,105,3.30
Danny Trevathan,2532961,LB,CHI,@LV,1,2,,,,,,,,,,,,,,,,106,3.30
Kenny Young,2560947,LB,DEN,@PIT,,4,,,,,,,,,,,,,,,,107,3.20
Tanner Vallejo,2558289,LB,ARI,SF,,2,0.5,,,,,,,,,,,,1,,,108,3.10
Oren Burks,2560984,LB,GB,@CIN,1,1,,,,,,,,,,,,,1,,,109,3.00
Tarell Basham,2558165,LB,DAL,NYG,1,1,,,,,,,,,,,,,,,,110,2.50
Samson Ebukam,2558830,LB,SF,@ARI,1,1,,,,,,,,,,,,,,,,111,2.50
Kyler Fackrell,2555340,LB,LAC,CLE,1,1,,,,,,,,,,,,,,,,112,2.50
Shaquille Quarterman,2564217,LB,JAX,TEN,1,1,,,,,,,,,,,,,,,,113,2.50
Robert Spillane,2561596,LB,PIT,DEN,1,1,,,,,,,,,,,,,,,,114,2.50
Oshane Ximines,2562613,LB,NYG,@DAL,,2,,,,,,,,,,,,,1,,,115,2.10
Brandon Copeland,2541695,LB,ATL,NYJ,1,,,,,,,,,,,,,,,,,116,1.70
Carter Coughlin,2564724,LB,NYG,@DAL,1,,,,,,,,,,,,,,,,,117,1.70
Jabril Cox,2565998,LB,DAL,NYG,1,,,,,,,,,,,,,,,,,118,1.70
Alex Highsmith,2564982,LB,PIT,DEN,1,,,,,,,,,,,,,,,,,119,1.70
Travin Howard,2561154,LB,LA,@SEA,1,,,,,,,,,,,,,,,,,120,1.70
Christian Kuntz,2559484,LB,PIT,DEN,1,,,,,,,,,,,,,,,,,121,1.70
Tyler Matakevich,2555171,LB,BUF,@KC,1,,,,,,,,,,,,,,,,,122,1.70
Jared Norris,2556862,LB,WAS,NO,1,,,,,,,,,,,,,,,,,123,1.70
Obo Okoronkwo,2560829,LB,LA,@SEA,1,,,,,,,,,,,,,,,,,124,1.70
Brennan Scarlett,2556673,LB,MIA,@TB,1,,,,,,,,,,,,,,,,,125,1.70
Malcolm Smith,2499278,LB,CLE,@LAC,1,,,,,,,,,,,,,,,,,126,1.70
Joe Tryon-Shoyinka,2566574,LB,TB,MIA,1,,,,,,,,,,,,,,,,,127,1.70
Derrek Tuszka,2563917,LB,PIT,DEN,1,,,,,,,,,,,,,,,,,128,1.70
Chris Board,2561301,LB,BAL,IND,,2,,,,,,,,,,,,,,,,129,1.60
Von Miller,2495202,LB,LA,@SEA,,2,,,,,,,,,,,,,,,,130,1.60
Ben Niemann,2561383,LB,KC,BUF,,2,,,,,,,,,,,,,,,,131,1.60
Mack Wilson,2562605,LB,CLE,@LAC,,2,,,,,,,,,,,,,,,,132,1.60
Sam Eguavoen,2562038,LB,MIA,@TB,,1,,,,,,,,,,,,,1,,,133,1.30
Andre Smith,2560875,LB,BUF,@KC,,,,,,,1,,,,,,,,,,,134,1.00
Ola Adeniyi,2560950,LB,TEN,@JAX,,1,,,,,,,,,,,,,,,,135,0.80
Dakota Allen,2562618,LB,JAX,TEN,,1,,,,,,,,,,,,,,,,136,0.80
Baron Browning,2566025,LB,DEN,@PIT,,1,,,,,,,,,,,,,,,,137,0.80
Rashaan Evans,2560718,LB,TEN,@JAX,,1,,,,,,,,,,,,,,,,138,0.80
Zaire Franklin,2561155,LB,IND,@BAL,,1,,,,,,,,,,,,,,,,139,0.80
Ulysees Gilbert,2562811,LB,PIT,DEN,,1,,,,,,,,,,,,,,,,140,0.80
Neville Hewitt,2553657,LB,HOU,NE,,1,,,,,,,,,,,,,,,,141,0.80
Devon Kennard,2543869,LB,ARI,SF,,1,,,,,,,,,,,,,,,,142,0.80
David Mayo,2553441,LB,WAS,NO,,1,,,,,,,,,,,,,,,,143,0.80
Whitney Mercilus,2533049,LB,GB,@CIN,,1,,,,,,,,,,,,,,,,144,0.80
Uchenna Nwosu,2560826,LB,LAC,CLE,,1,,,,,,,,,,,,,,,,145,0.80
Del'Shawn Phillips,2563179,LB,NYJ,@ATL,,1,,,,,,,,,,,,,,,,146,0.80
Duke Riley,2557967,LB,MIA,@TB,,1,,,,,,,,,,,,,,,,147,0.80
Julian Stanford,2535867,LB,CAR,PHI,,1,,,,,,,,,,,,,,,,148,0.80
Kristian Welch,2565348,LB,BAL,IND,,1,,,,,,,,,,,,,,,,149,0.80
Eric Wilson,2559012,LB,HOU,NE,,1,,,,,,,,,,,,,,,,150,0.80
Jonathan Garvin,2563992,LB,GB,@CIN,,,,,,,,,,,,,,,1,,,151,0.50
Matthew Adams,2561149,LB,IND,@BAL,,,,,,,,,,,,,,,,,,152,0.00
Tyrell Adams,2553898,LB,SF,@ARI,,,,,,,,,,,,,,,,,,153,0.00
Otaro Alaka,2562217,LB,BAL,IND,,,,,,,,,,,,,,,,,,154,0.00
Kwon Alexander,2552592,LB,NO,@WAS,,,,,,,,,,,,,,,,,,155,0.00
Jeremiah Attaochu,2543717,LB,CHI,@LV,,,,,,,,,,,,,,,,,,156,0.00
Joe Bachie,2564661,LB,CIN,GB,,,,,,,,,,,,,,,,,,157,0.00
Markus Bailey,2563719,LB,CIN,GB,,,,,,,,,,,,,,,,,,158,0.00
Cody Barton,2562472,LB,SEA,LA,,,,,,,,,,,,,,,,,,159,0.00
Daren Bates,2541539,LB,ATL,NYJ,,,,,,,,,,,,,,,,,,160,0.00
Zack Baun,2564664,LB,NO,@WAS,,,,,,,,,,,,,,,,,,161,0.00
Davin Bellamy,2560973,LB,FA,Bye,,,,,,,,,,,,,,,,,,162,0.00
B.J. Bello,2559141,LB,TEN,@JAX,,,,,,,,,,,,,,,,,,163,0.00
Francis Bernard,2563827,LB,DAL,NYG,,,,,,,,,,,,,,,,,,164,0.00
Rashod Berry,2564589,LB,DET,@MIN,,,,,,,,,,,,,,,,,,165,0.00
Jon Bostic,2539978,LB,WAS,NO,,,,,,,,,,,,,,,,,,166,0.00
Jordan Brailford,2562441,LB,FA,Bye,,,,,,,,,,,,,,,,,,167,0.00
K.J. Britt,2566559,LB,TB,MIA,,,,,,,,,,,,,,,,,,168,0.00
Cameron Brown,2564715,LB,NYG,@DAL,,,,,,,,,,,,,,,,,,169,0.00
Jayon Brown,2558005,LB,TEN,@JAX,,,,,,,,,,,,,,,,,,170,0.00
T.J. Brunson,2564718,LB,NYG,@DAL,,,,,,,,,,,,,,,,,,171,0.00
Deone Bucannon,2543769,LB,FA,Bye,,,,,,,,,,,,,,,,,,172,0.00
Ben Burr-Kirven,2562490,LB,SEA,LA,,,,,,,,,,,,,,,,,,173,0.00
Josh Bynes,2530491,LB,BAL,IND,,,,,,,,,,,,,,,,,,174,0.00
Shilique Calhoun,2555294,LB,KC,BUF,,,,,,,,,,,,,,,,,,175,0.00
Austin Calitro,2558925,LB,CIN,GB,,,,,,,,,,,,,,,,,,176,0.00
Blake Cashman,2562496,LB,NYJ,@ATL,,,,,,,,,,,,,,,,,,177,0.00
Anthony Chickillo,2552266,LB,FA,Bye,,,,,,,,,,,,,,,,,,178,0.00
Cole Christiansen,2565021,LB,LAC,CLE,,,,,,,,,,,,,,,,,,179,0.00
Bradley Chubb,2561020,LB,DEN,@PIT,,,,,,,,,,,,,,,,,,180,0.00
Nick Coe,2564598,LB,FA,Bye,,,,,,,,,,,,,,,,,,181,0.00
Will Compton,2540013,LB,FA,Bye,,,,,,,,,,,,,,,,,,182,0.00
Ryan Connelly,2562638,LB,MIN,DET,,,,,,,,,,,,,,,,,,183,0.00
Kamalei Correa,2555339,LB,FA,Bye,,,,,,,,,,,,,,,,,,184,0.00
Jarrad Davis,2557855,LB,NYJ,@ATL,,,,,,,,,,,,,,,,,,185,0.00
Tae Davis,2561318,LB,HOU,NE,,,,,,,,,,,,,,,,,,186,0.00
Thomas Davis,2506352,LB,FA,Bye,,,,,,,,,,,,,,,,,,187,0.00
Todd Davis,2550930,LB,FA,Bye,,,,,,,,,,,,,,,,,,188,0.00
Tyrel Dodson,2562560,LB,BUF,@KC,,,,,,,,,,,,,,,,,,189,0.00
Devante Downs,2561151,LB,FA,Bye,,,,,,,,,,,,,,,,,,190,0.00
Bud Dupree,2552289,LB,TEN,@JAX,,,,,,,,,,,,,,,,,,191,0.00
Troy Dye,2564535,LB,MIN,DET,,,,,,,,,,,,,,,,,,192,0.00
Nick Dzubnar,2553877,LB,TEN,@JAX,,,,,,,,,,,,,,,,,,193,0.00
Emeke Egbule,2562578,LB,LAC,CLE,,,,,,,,,,,,,,,,,,194,0.00
Milo Eifler,2565729,LB,MIA,@TB,,,,,,,,,,,,,,,,,,195,0.00
Duke Ejiofor,2560714,LB,FA,Bye,,,,,,,,,,,,,,,,,,196,0.00
Jay Elliott,2550196,LB,FA,Bye,,,,,,,,,,,,,,,,,,197,0.00
Kaden Elliss,2562901,LB,NO,@WAS,,,,,,,,,,,,,,,,,,198,0.00
Kyle Emanuel,2552296,LB,FA,Bye,,,,,,,,,,,,,,,,,,199,0.00
Jordan Evans,2558801,LB,CIN,GB,,,,,,,,,,,,,,,,,,200,0.00
Jaylon Ferguson,2562650,LB,BAL,IND,,,,,,,,,,,,,,,,,,201,0.00
Tony Fields II,2565971,LB,CLE,@LAC,,,,,,,,,,,,,,,,,,202,0.00
Sharif Finch,2561328,LB,FA,Bye,,,,,,,,,,,,,,,,,,203,0.00
Paddy Fisher,2565567,LB,FA,Bye,,,,,,,,,,,,,,,,,,204,0.00
Kylie Fitts,2560724,LB,ARI,SF,,,,,,,,,,,,,,,,,,205,0.00
Demetrius Flannigan-Fowles,2563090,LB,SF,@ARI,,,,,,,,,,,,,,,,,,206,0.00
Dee Ford,2543494,LB,SF,@ARI,,,,,,,,,,,,,,,,,,207,0.00
L.J. Fort,2535613,LB,BAL,IND,,,,,,,,,,,,,,,,,,208,0.00
Dennis Gardeck,2561200,LB,ARI,SF,,,,,,,,,,,,,,,,,,209,0.00
Cale Garrett,2565447,LB,FA,Bye,,,,,,,,,,,,,,,,,,210,0.00
Chris Garrett,2566211,LB,LA,@SEA,,,,,,,,,,,,,,,,,,211,0.00
Luke Gifford,2562942,LB,DAL,NYG,,,,,,,,,,,,,,,,,,212,0.00
Joe Giles-Harris,2562591,LB,BUF,@KC,,,,,,,,,,,,,,,,,,213,0.00
Cam Gill,2565216,LB,TB,MIA,,,,,,,,,,,,,,,,,,214,0.00
Jordan Glasgow,2564118,LB,IND,@BAL,,,,,,,,,,,,,,,,,,215,0.00
B.J. Goodson,2555522,LB,FA,Bye,,,,,,,,,,,,,,,,,,216,0.00
Dre Greenlaw,2562428,LB,SF,@ARI,,,,,,,,,,,,,,,,,,217,0.00
Shaquem Griffin,2560999,LB,FA,Bye,,,,,,,,,,,,,,,,,,218,0.00
Bryce Hager,2552307,LB,FA,Bye,,,,,,,,,,,,,,,,,,219,0.00
Nate Hall,2562657,LB,FA,Bye,,,,,,,,,,,,,,,,,,220,0.00
Terez Hall,2562277,LB,NE,@HOU,,,,,,,,,,,,,,,,,,221,0.00
Shaun Dion Hamilton,2561003,LB,DET,@MIN,,,,,,,,,,,,,,,,,,222,0.00
Chase Hansen,2562280,LB,NO,@WAS,,,,,,,,,,,,,,,,,,223,0.00
Darius Harris,2563108,LB,KC,BUF,,,,,,,,,,,,,,,,,,224,0.00
Josh Harvey-Clemons,2557880,LB,FA,Bye,,,,,,,,,,,,,,,,,,225,0.00
Justin Hollins,2562285,LB,LA,@SEA,,,,,,,,,,,,,,,,,,226,0.00
Joel Iyiegbuniwe,2560750,LB,CHI,@LV,,,,,,,,,,,,,,,,,,227,0.00
Leon Jacobs,2560758,LB,FA,Bye,,,,,,,,,,,,,,,,,,228,0.00
Anfernee Jennings,2564613,LB,NE,@HOU,,,,,,,,,,,,,,,,,,229,0.00
Josey Jewell,2560763,LB,DEN,@PIT,,,,,,,,,,,,,,,,,,230,0.00
Buddy Johnson,2566454,LB,PIT,DEN,,,,,,,,,,,,,,,,,,231,0.00
Chandler Jones,2533538,LB,ARI,SF,,,,,,,,,,,,,,,,,,232,0.00
Christian Jones,2550572,LB,CHI,@LV,,,,,,,,,,,,,,,,,,233,0.00
Ernest Jones,2566229,LB,LA,@SEA,,,,,,,,,,,,,,,,,,234,0.00
Peter Kalambayi,2560774,LB,FA,Bye,,,,,,,,,,,,,,,,,,235,0.00
Isaiah Kaufusi,2565606,LB,FA,Bye,,,,,,,,,,,,,,,,,,236,0.00
Mychal Kendricks,2532890,LB,FA,Bye,,,,,,,,,,,,,,,,,,237,0.00
Micah Kiser,2560782,LB,DEN,@PIT,,,,,,,,,,,,,,,,,,238,0.00
Jordan Kunaszyk,2563127,LB,WAS,NO,,,,,,,,,,,,,,,,,,239,0.00
Harvey Langi,2558963,LB,NE,@HOU,,,,,,,,,,,,,,,,,,240,0.00
Elijah Lee,2558121,LB,CLE,@LAC,,,,,,,,,,,,,,,,,,241,0.00
Marquel Lee,2557972,LB,LV,CHI,,,,,,,,,,,,,,,,,,242,0.00
Sean Lee,496937,LB,FA,Bye,,,,,,,,,,,,,,,,,,243,0.00
Frankie Luvu,2561366,LB,CAR,PHI,,,,,,,,,,,,,,,,,,244,0.00
Aaron Lynch,2543650,LB,FA,Bye,,,,,,,,,,,,,,,,,,245,0.00
Blake Lynch,2564562,LB,MIN,DET,,,,,,,,,,,,,,,,,,246,0.00
Cassh Maluia,2564622,LB,FA,Bye,,,,,,,,,,,,,,,,,,247,0.00
Justin March,2553815,LB,FA,Bye,,,,,,,,,,,,,,,,,,248,0.00
Cassius Marsh,2543868,LB,CHI,@LV,,,,,,,,,,,,,,,,,,249,0.00
Kamal Martin,2564010,LB,CAR,PHI,,,,,,,,,,,,,,,,,,250,0.00
Blake Martinez,2555161,LB,NYG,@DAL,,,,,,,,,,,,,,,,,,251,0.00
Isaiah McDuffie,2566082,LB,GB,@CIN,,,,,,,,,,,,,,,,,,252,0.00
Cameron McGrone,2566337,LB,NE,@HOU,,,,,,,,,,,,,,,,,,253,0.00
Benardrick McKinney,2552490,LB,NYG,@DAL,,,,,,,,,,,,,,,,,,254,0.00
Wynton McManis,2556842,LB,FA,Bye,,,,,,,,,,,,,,,,,,255,0.00
Raekwon McMillan,2558070,LB,NE,@HOU,,,,,,,,,,,,,,,,,,256,0.00
Montrel Meander,2561376,LB,CLE,@LAC,,,,,,,,,,,,,,,,,,257,0.00
Matt Milano,2557969,LB,BUF,@KC,,,,,,,,,,,,,,,,,,258,0.00
Christian Miller,2562313,LB,FA,Bye,,,,,,,,,,,,,,,,,,259,0.00
Jarvis Miller,2565789,LB,FA,Bye,,,,,,,,,,,,,,,,,,260,0.00
Barkevious Mingo,2540140,LB,FA,Bye,,,,,,,,,,,,,,,,,,261,0.00
Nicholas Morrow,2559054,LB,LV,CHI,,,,,,,,,,,,,,,,,,262,0.00
Dylan Moses,2565627,LB,JAX,TEN,,,,,,,,,,,,,,,,,,263,0.00
Calvin Munson,2559217,LB,NE,@HOU,,,,,,,,,,,,,,,,,,264,0.00
Kenneth Murray,2565063,LB,LAC,CLE,,,,,,,,,,,,,,,,,,265,0.00
Tanner Muse,2564427,LB,SEA,LA,,,,,,,,,,,,,,,,,,266,0.00
Hamsah Nasirildeen,2565747,LB,NYJ,@ATL,,,,,,,,,,,,,,,,,,267,0.00
Anthony Nelson,2562507,LB,TB,MIA,,,,,,,,,,,,,,,,,,268,0.00
Hardy Nickerson,2558982,LB,HOU,NE,,,,,,,,,,,,,,,,,,269,0.00
Nick Niemann,2566496,LB,LAC,CLE,,,,,,,,,,,,,,,,,,270,0.00
Mark Nzeocha,2552684,LB,FA,Bye,,,,,,,,,,,,,,,,,,271,0.00
Dorian O'Daniel,2560827,LB,KC,BUF,,,,,,,,,,,,,,,,,,272,0.00
Amen Ogbongbemiga,2566499,LB,LAC,CLE,,,,,,,,,,,,,,,,,,273,0.00
James Onwualu,2559225,LB,FA,Bye,,,,,,,,,,,,,,,,,,274,0.00
Joseph Ossai,2565956,LB,CIN,GB,,,,,,,,,,,,,,,,,,275,0.00
Natrez Patrick,2562325,LB,DEN,@PIT,,,,,,,,,,,,,,,,,,276,0.00
Jacob Phillips,2563806,LB,CLE,@LAC,,,,,,,,,,,,,,,,,,277,0.00
Kevin Pierre-Louis,2543563,LB,HOU,NE,,,,,,,,,,,,,,,,,,278,0.00
Randy Ramsey,2562920,LB,GB,@CIN,,,,,,,,,,,,,,,,,,279,0.00
Hamilcar Rashed Jr.,2565756,LB,NYJ,@ATL,,,,,,,,,,,,,,,,,,280,0.00
LaRoy Reynolds,2541741,LB,NYJ,@ATL,,,,,,,,,,,,,,,,,,281,0.00
Monty Rice,2566121,LB,TEN,@JAX,,,,,,,,,,,,,,,,,,282,0.00
Max Richardson,2565657,LB,FA,Bye,,,,,,,,,,,,,,,,,,283,0.00
Derick Roberson,2562870,LB,TEN,@JAX,,,,,,,,,,,,,,,,,,284,0.00
Craig Robertson,2532431,LB,FA,Bye,,,,,,,,,,,,,,,,,,285,0.00
Edmond Robinson,2552441,LB,FA,Bye,,,,,,,,,,,,,,,,,,286,0.00
Chris Rumph II,2566508,LB,LAC,CLE,,,,,,,,,,,,,,,,,,287,0.00
Tegray Scales,2560864,LB,FA,Bye,,,,,,,,,,,,,,,,,,288,0.00
Cameron Smith,2562737,LB,FA,Bye,,,,,,,,,,,,,,,,,,289,0.00
Emmanuel Smith,2561275,LB,FA,Bye,,,,,,,,,,,,,,,,,,290,0.00
Jaylon Smith,2555310,LB,FA,Bye,,,,,,,,,,,,,,,,,,291,0.00
Jordan Smith,2566169,LB,JAX,TEN,,,,,,,,,,,,,,,,,,292,0.00
Rashad Smith,2565420,LB,CHI,@LV,,,,,,,,,,,,,,,,,,293,0.00
Shaq Smith,2565708,LB,FA,Bye,,,,,,,,,,,,,,,,,,294,0.00
Terrance Smith,2556775,LB,FA,Bye,,,,,,,,,,,,,,,,,,295,0.00
Za'Darius Smith,2552279,LB,GB,@CIN,,,,,,,,,,,,,,,,,,296,0.00
Grant Stuard,2566568,LB,TB,MIA,,,,,,,,,,,,,,,,,,297,0.00
Ty Summers,2562748,LB,GB,@CIN,,,,,,,,,,,,,,,,,,298,0.00
Chazz Surratt,2566322,LB,MIN,DET,,,,,,,,,,,,,,,,,,299,0.00
Jahlani Tavai,2562755,LB,NE,@HOU,,,,,,,,,,,,,,,,,,300,0.00
Adarius Taylor,2550565,LB,FA,Bye,,,,,,,,,,,,,,,,,,301,0.00
Davion Taylor,2564862,LB,PHI,@CAR,,,,,,,,,,,,,,,,,,302,0.00
Shaq Thompson,2552447,LB,CAR,PHI,,,,,,,,,,,,,,,,,,303,0.00
Josh Uche,2564649,LB,NE,@HOU,,,,,,,,,,,,,,,,,,304,0.00
James Vaughters,2553781,LB,ATL,NYJ,,,,,,,,,,,,,,,,,,305,0.00
Barrington Wade,2566629,LB,DEN,@PIT,,,,,,,,,,,,,,,,,,306,0.00
D'Andre Walker,2562769,LB,FA,Bye,,,,,,,,,,,,,,,,,,307,0.00
Joe Walker,2556192,LB,ARI,SF,,,,,,,,,,,,,,,,,,308,0.00
Mykal Walker,2563530,LB,ATL,NYJ,,,,,,,,,,,,,,,,,,309,0.00
Garret Wallow,2566139,LB,HOU,NE,,,,,,,,,,,,,,,,,,310,0.00
Jamar Watson,2565801,LB,FA,Bye,,,,,,,,,,,,,,,,,,311,0.00
Josh Watson,2563104,LB,CAR,PHI,,,,,,,,,,,,,,,,,,312,0.00
Tahir Whitehead,2532986,LB,ARI,SF,,,,,,,,,,,,,,,,,,313,0.00
Kyle Wilber,2532974,LB,FA,Bye,,,,,,,,,,,,,,,,,,314,0.00
Vince Williams,2540221,LB,FA,Bye,,,,,,,,,,,,,,,,,,315,0.00
Avery Williamson,2543597,LB,DEN,@PIT,,,,,,,,,,,,,,,,,,316,0.00
