[{"PlayerName":"Justin Herbert","PlayerId":"2565045","Pos":"QB","Team":"LAC","PlayerOpponent":"CLE","PassingYDS":"398","PassingTD":"4","PassingInt":"","RushingYDS":"29","RushingTD":"1","ReceivingRec":"","ReceivingYDS":"","ReceivingTD":"","RetTD":"","FumTD":"","2PT":"1","Fum":"","FanPtsAgainst-pts":"42.82","TouchCarries":"4","TouchReceptions":"","Touches":"4","TargetsReceptions":"","Targets":"","ReceptionPercentage":"","RzTarget":"","RzTouch":"1","RzG2G":"1","Rank":1,"TotalPoints":"42.82"},{"PlayerName":"Lamar Jackson","PlayerId":"2560757","Pos":"QB","Team":"BAL","PlayerOpponent":"IND","PassingYDS":"442","PassingTD":"4","PassingInt":"","RushingYDS":"62","RushingTD":"","ReceivingRec":"","ReceivingYDS":"","ReceivingTD":"","RetTD":"","FumTD":"","2PT":"2","Fum":"1","FanPtsAgainst-pts":"41.88","TouchCarries":"14","TouchReceptions":"","Touches":"14","TargetsReceptions":"","Targets":"","ReceptionPercentage":"","RzTarget":"","RzTouch":"3","RzG2G":"2","Rank":2,"TotalPoints":"41.88"},{"PlayerName":"Tom Brady","PlayerId":"2504211","Pos":"QB","Team":"TB","PlayerOpponent":"MIA","PassingYDS":"411","PassingTD":"5","PassingInt":"","RushingYDS":"13","RushingTD":"","ReceivingRec":"","ReceivingYDS":"","ReceivingTD":"","RetTD":"","FumTD":"","2PT":"","Fum":"","FanPtsAgainst-pts":"39.28","TouchCarries":"1","TouchReceptions":"","Touches":"1","TargetsReceptions":"","Targets":"","ReceptionPercentage":"","RzTarget":"","RzTouch":"","RzG2G":"","Rank":3,"TotalPoints":"37.74"},{"PlayerName":"Josh Allen","PlayerId":"2560955","Pos":"QB","Team":"BUF","PlayerOpponent":"@KC","PassingYDS":"315","PassingTD":"3","PassingInt":"","RushingYDS":"59","RushingTD":"1","ReceivingRec":"","ReceivingYDS":"","ReceivingTD":"","RetTD":"","FumTD":"","2PT":"","Fum":"","FanPtsAgainst-pts":"36.50","TouchCarries":"11","TouchReceptions":"","Touches":"11","TargetsReceptions":"","Targets":"","ReceptionPercentage":"","RzTarget":"","RzTouch":"3","RzG2G":"1","Rank":4,"TotalPoints":"36.50"},{"PlayerName":"Jameis Winston","PlayerId":"2552033","Pos":"QB","Team":"NO","PlayerOpponent":"@WAS","PassingYDS":"279","PassingTD":"4","PassingInt":"1","RushingYDS":"26","RushingTD":"","ReceivingRec":"","ReceivingYDS":"","ReceivingTD":"","RetTD":"","FumTD":"","2PT":"","Fum":"1","FanPtsAgainst-pts":"29.06","TouchCarries":"6","TouchReceptions":"","Touches":"6","TargetsReceptions":"","Targets":"","ReceptionPercentage":"","RzTarget":"","RzTouch":"","RzG2G":"","Rank":5,"TotalPoints":"25.76"},{"PlayerName":"Davis Mills","PlayerId":"2566136","Pos":"QB","Team":"HOU","PlayerOpponent":"NE","PassingYDS":"312","PassingTD":"3","PassingInt":"","RushingYDS":"2","RushingTD":"","ReceivingRec":"","ReceivingYDS":"","ReceivingTD":"","RetTD":"","FumTD":"","2PT":"","Fum":"","FanPtsAgainst-pts":"24.68","TouchCarries":"1","TouchReceptions":"","Touches":"1","TargetsReceptions":"","Targets":"","ReceptionPercentage":"","RzTarget":"","RzTouch":"","RzG2G":"","Rank":6,"TotalPoints":"24.68"},{"PlayerName":"Carson Wentz","PlayerId":"2555259","Pos":"QB","Team":"IND","PlayerOpponent":"@BAL","PassingYDS":"402","PassingTD":"2","PassingInt":"","RushingYDS":"5","RushingTD":"","ReceivingRec":"","ReceivingYDS":"","ReceivingTD":"","RetTD":"","FumTD":"","2PT":"","Fum":"1","FanPtsAgainst-pts":"22.58","TouchCarries":"2","TouchReceptions":"","Touches":"2","TargetsReceptions":"","Targets":"","ReceptionPercentage":"","RzTarget":"","RzTouch":"","RzG2G":"","Rank":7,"TotalPoints":"22.58"},{"PlayerName":"Trevor Lawrence","PlayerId":"2566163","Pos":"QB","Team":"JAX","PlayerOpponent":"TEN","PassingYDS":"273","PassingTD":"1","PassingInt":"1","RushingYDS":"28","RushingTD":"1","ReceivingRec":"","ReceivingYDS":"","ReceivingTD":"","RetTD":"","FumTD":"","2PT":"","Fum":"","FanPtsAgainst-pts":"21.72","TouchCarries":"7","TouchReceptions":"","Touches":"7","TargetsReceptions":"","Targets":"","ReceptionPercentage":"","RzTarget":"","RzTouch":"2","RzG2G":"2","Rank":8,"TotalPoints":"21.72"},{"PlayerName":"Matt Ryan","PlayerId":"310","Pos":"QB","Team":"ATL","PlayerOpponent":"NYJ","PassingYDS":"342","PassingTD":"2","PassingInt":"","RushingYDS":"-1","RushingTD":"","ReceivingRec":"","ReceivingYDS":"","ReceivingTD":"","RetTD":"","FumTD":"","2PT":"","Fum":"","FanPtsAgainst-pts":"21.58","TouchCarries":"1","TouchReceptions":"","Touches":"1","TargetsReceptions":"","Targets":"","ReceptionPercentage":"","RzTarget":"","RzTouch":"","RzG2G":"","Rank":9,"TotalPoints":"21.58"},{"PlayerName":"Baker Mayfield","PlayerId":"2560800","Pos":"QB","Team":"CLE","PlayerOpponent":"@LAC","PassingYDS":"305","PassingTD":"2","PassingInt":"","RushingYDS":"8","RushingTD":"","ReceivingRec":"","ReceivingYDS":"","ReceivingTD":"","RetTD":"","FumTD":"","2PT":"1","Fum":"1","FanPtsAgainst-pts":"21.00","TouchCarries":"2","TouchReceptions":"","Touches":"2","TargetsReceptions":"","Targets":"","ReceptionPercentage":"","RzTarget":"","RzTouch":"","RzG2G":"","Rank":10,"TotalPoints":"21.00"},{"PlayerName":"Dak Prescott","PlayerId":"2555260","Pos":"QB","Team":"DAL","PlayerOpponent":"NYG","PassingYDS":"302","PassingTD":"3","PassingInt":"1","RushingYDS":"6","RushingTD":"","ReceivingRec":"","ReceivingYDS":"","ReceivingTD":"","RetTD":"","FumTD":"","2PT":"","Fum":"1","FanPtsAgainst-pts":"20.58","TouchCarries":"2","TouchReceptions":"","Touches":"2","TargetsReceptions":"","Targets":"","ReceptionPercentage":"","RzTarget":"","RzTouch":"1","RzG2G":"1","Rank":11,"TotalPoints":"20.58"},{"PlayerName":"Jalen Hurts","PlayerId":"2564832","Pos":"QB","Team":"PHI","PlayerOpponent":"@CAR","PassingYDS":"198","PassingTD":"","PassingInt":"1","RushingYDS":"30","RushingTD":"2","ReceivingRec":"","ReceivingYDS":"","ReceivingTD":"","RetTD":"","FumTD":"","2PT":"1","Fum":"1","FanPtsAgainst-pts":"20.39","TouchCarries":"9","TouchReceptions":"","Touches":"9","TargetsReceptions":"","Targets":"","ReceptionPercentage":"","RzTarget":"","RzTouch":"5","RzG2G":"4","Rank":12,"TotalPoints":"20.39"},{"PlayerName":"Joe Burrow","PlayerId":"2563722","Pos":"QB","Team":"CIN","PlayerOpponent":"GB","PassingYDS":"281","PassingTD":"2","PassingInt":"2","RushingYDS":"11","RushingTD":"","ReceivingRec":"","ReceivingYDS":"","ReceivingTD":"","RetTD":"","FumTD":"","2PT":"1","Fum":"","FanPtsAgainst-pts":"20.04","TouchCarries":"3","TouchReceptions":"","Touches":"3","TargetsReceptions":"","Targets":"","ReceptionPercentage":"","RzTarget":"","RzTouch":"","RzG2G":"","Rank":13,"TotalPoints":"20.04"},{"PlayerName":"Aaron Rodgers","PlayerId":"2506363","Pos":"QB","Team":"GB","PlayerOpponent":"@CIN","PassingYDS":"344","PassingTD":"2","PassingInt":"1","RushingYDS":"","RushingTD":"","ReceivingRec":"","ReceivingYDS":"","ReceivingTD":"","RetTD":"","FumTD":"","2PT":"","Fum":"","FanPtsAgainst-pts":"19.76","TouchCarries":"","TouchReceptions":"","Touches":"","TargetsReceptions":"","Targets":"","ReceptionPercentage":"","RzTarget":"","RzTouch":"","RzG2G":"","Rank":14,"TotalPoints":"19.76"},{"PlayerName":"Patrick Mahomes","PlayerId":"2558125","Pos":"QB","Team":"KC","PlayerOpponent":"BUF","PassingYDS":"272","PassingTD":"2","PassingInt":"2","RushingYDS":"61","RushingTD":"","ReceivingRec":"","ReceivingYDS":"","ReceivingTD":"","RetTD":"","FumTD":"","2PT":"","Fum":"1","FanPtsAgainst-pts":"18.75","TouchCarries":"8","TouchReceptions":"","Touches":"8","TargetsReceptions":"","Targets":"","ReceptionPercentage":"","RzTarget":"","RzTouch":"2","RzG2G":"","Rank":15,"TotalPoints":"18.75"},{"PlayerName":"Teddy Bridgewater","PlayerId":"2543465","Pos":"QB","Team":"DEN","PlayerOpponent":"@PIT","PassingYDS":"288","PassingTD":"2","PassingInt":"1","RushingYDS":"11","RushingTD":"","ReceivingRec":"","ReceivingYDS":"","ReceivingTD":"","RetTD":"","FumTD":"","2PT":"","Fum":"","FanPtsAgainst-pts":"18.62","TouchCarries":"1","TouchReceptions":"","Touches":"1","TargetsReceptions":"","Targets":"","ReceptionPercentage":"","RzTarget":"","RzTouch":"1","RzG2G":"1","Rank":16,"TotalPoints":"18.62"},{"PlayerName":"Matthew Stafford","PlayerId":"79860","Pos":"QB","Team":"LA","PlayerOpponent":"@SEA","PassingYDS":"365","PassingTD":"1","PassingInt":"1","RushingYDS":"-1","RushingTD":"","ReceivingRec":"","ReceivingYDS":"","ReceivingTD":"","RetTD":"","FumTD":"","2PT":"","Fum":"","FanPtsAgainst-pts":"16.50","TouchCarries":"1","TouchReceptions":"","Touches":"1","TargetsReceptions":"","Targets":"","ReceptionPercentage":"","RzTarget":"","RzTouch":"","RzG2G":"","Rank":17,"TotalPoints":"16.50"},{"PlayerName":"Ben Roethlisberger","PlayerId":"2506109","Pos":"QB","Team":"PIT","PlayerOpponent":"DEN","PassingYDS":"253","PassingTD":"2","PassingInt":"","RushingYDS":"-1","RushingTD":"","ReceivingRec":"","ReceivingYDS":"","ReceivingTD":"","RetTD":"","FumTD":"","2PT":"","Fum":"1","FanPtsAgainst-pts":"16.02","TouchCarries":"1","TouchReceptions":"","Touches":"1","TargetsReceptions":"","Targets":"","ReceptionPercentage":"","RzTarget":"","RzTouch":"","RzG2G":"","Rank":18,"TotalPoints":"16.02"},{"PlayerName":"Jacoby Brissett","PlayerId":"2555261","Pos":"QB","Team":"MIA","PlayerOpponent":"@TB","PassingYDS":"275","PassingTD":"2","PassingInt":"1","RushingYDS":"","RushingTD":"","ReceivingRec":"","ReceivingYDS":"","ReceivingTD":"","RetTD":"","FumTD":"","2PT":"","Fum":"1","FanPtsAgainst-pts":"15.00","TouchCarries":"","TouchReceptions":"","Touches":"","TargetsReceptions":"","Targets":"","ReceptionPercentage":"","RzTarget":"","RzTouch":"","RzG2G":"","Rank":19,"TotalPoints":"15.00"},{"PlayerName":"Trey Lance","PlayerId":"2566532","Pos":"QB","Team":"SF","PlayerOpponent":"@ARI","PassingYDS":"192","PassingTD":"","PassingInt":"1","RushingYDS":"89","RushingTD":"","ReceivingRec":"","ReceivingYDS":"","ReceivingTD":"","RetTD":"","FumTD":"","2PT":"","Fum":"","FanPtsAgainst-pts":"14.58","TouchCarries":"16","TouchReceptions":"","Touches":"16","TargetsReceptions":"","Targets":"","ReceptionPercentage":"","RzTarget":"","RzTouch":"2","RzG2G":"1","Rank":20,"TotalPoints":"14.58"},{"PlayerName":"Ryan Tannehill","PlayerId":"2532956","Pos":"QB","Team":"TEN","PlayerOpponent":"@JAX","PassingYDS":"197","PassingTD":"1","PassingInt":"","RushingYDS":"21","RushingTD":"","ReceivingRec":"","ReceivingYDS":"","ReceivingTD":"","RetTD":"","FumTD":"","2PT":"","Fum":"","FanPtsAgainst-pts":"13.98","TouchCarries":"3","TouchReceptions":"","Touches":"3","TargetsReceptions":"","Targets":"","ReceptionPercentage":"","RzTarget":"","RzTouch":"","RzG2G":"","Rank":21,"TotalPoints":"13.98"},{"PlayerName":"Kirk Cousins","PlayerId":"2532820","Pos":"QB","Team":"MIN","PlayerOpponent":"DET","PassingYDS":"275","PassingTD":"1","PassingInt":"1","RushingYDS":"4","RushingTD":"","ReceivingRec":"","ReceivingYDS":"","ReceivingTD":"","RetTD":"","FumTD":"","2PT":"","Fum":"","FanPtsAgainst-pts":"13.40","TouchCarries":"1","TouchReceptions":"","Touches":"1","TargetsReceptions":"","Targets":"","ReceptionPercentage":"","RzTarget":"","RzTouch":"","RzG2G":"","Rank":22,"TotalPoints":"13.40"},{"PlayerName":"Mac Jones","PlayerId":"2566334","Pos":"QB","Team":"NE","PlayerOpponent":"@HOU","PassingYDS":"231","PassingTD":"1","PassingInt":"1","RushingYDS":"3","RushingTD":"","ReceivingRec":"","ReceivingYDS":"","ReceivingTD":"","RetTD":"","FumTD":"","2PT":"","Fum":"","FanPtsAgainst-pts":"11.54","TouchCarries":"1","TouchReceptions":"","Touches":"1","TargetsReceptions":"","Targets":"","ReceptionPercentage":"","RzTarget":"","RzTouch":"1","RzG2G":"","Rank":23,"TotalPoints":"11.54"},{"PlayerName":"Kyler Murray","PlayerId":"2562382","Pos":"QB","Team":"ARI","PlayerOpponent":"SF","PassingYDS":"239","PassingTD":"1","PassingInt":"","RushingYDS":"1","RushingTD":"","ReceivingRec":"","ReceivingYDS":"","ReceivingTD":"","RetTD":"","FumTD":"","2PT":"","Fum":"2","FanPtsAgainst-pts":"10.49","TouchCarries":"7","TouchReceptions":"","Touches":"7","TargetsReceptions":"","Targets":"","ReceptionPercentage":"","RzTarget":"","RzTouch":"1","RzG2G":"","Rank":24,"TotalPoints":"10.49"},{"PlayerName":"Taylor Heinicke","PlayerId":"2553656","Pos":"QB","Team":"WAS","PlayerOpponent":"NO","PassingYDS":"248","PassingTD":"","PassingInt":"2","RushingYDS":"40","RushingTD":"","ReceivingRec":"","ReceivingYDS":"","ReceivingTD":"","RetTD":"","FumTD":"","2PT":"","Fum":"","FanPtsAgainst-pts":"9.92","TouchCarries":"5","TouchReceptions":"","Touches":"5","TargetsReceptions":"","Targets":"","ReceptionPercentage":"","RzTarget":"","RzTouch":"2","RzG2G":"2","Rank":25,"TotalPoints":"9.92"},{"PlayerName":"Geno Smith","PlayerId":"2539335","Pos":"QB","Team":"SEA","PlayerOpponent":"LA","PassingYDS":"131","PassingTD":"1","PassingInt":"1","RushingYDS":"23","RushingTD":"","ReceivingRec":"","ReceivingYDS":"","ReceivingTD":"","RetTD":"","FumTD":"","2PT":"","Fum":"","FanPtsAgainst-pts":"18.62","TouchCarries":"3","TouchReceptions":"","Touches":"3","TargetsReceptions":"","Targets":"","ReceptionPercentage":"","RzTarget":"","RzTouch":"","RzG2G":"","Rank":26,"TotalPoints":"9.54"},{"PlayerName":"Russell Wilson","PlayerId":"2532975","Pos":"QB","Team":"SEA","PlayerOpponent":"LA","PassingYDS":"152","PassingTD":"1","PassingInt":"1","RushingYDS":"10","RushingTD":"","ReceivingRec":"","ReceivingYDS":"","ReceivingTD":"","RetTD":"","FumTD":"","2PT":"","Fum":"","FanPtsAgainst-pts":"18.62","TouchCarries":"2","TouchReceptions":"","Touches":"2","TargetsReceptions":"","Targets":"","ReceptionPercentage":"","RzTarget":"","RzTouch":"","RzG2G":"","Rank":27,"TotalPoints":"9.08"},{"PlayerName":"Zach Wilson","PlayerId":"2566391","Pos":"QB","Team":"NYJ","PlayerOpponent":"@ATL","PassingYDS":"192","PassingTD":"","PassingInt":"1","RushingYDS":"3","RushingTD":"","ReceivingRec":"","ReceivingYDS":"","ReceivingTD":"","RetTD":"","FumTD":"","2PT":"1","Fum":"","FanPtsAgainst-pts":"7.98","TouchCarries":"1","TouchReceptions":"","Touches":"1","TargetsReceptions":"","Targets":"","ReceptionPercentage":"","RzTarget":"","RzTouch":"","RzG2G":"","Rank":28,"TotalPoints":"7.98"},{"PlayerName":"Derek Carr","PlayerId":"2543499","Pos":"QB","Team":"LV","PlayerOpponent":"CHI","PassingYDS":"206","PassingTD":"","PassingInt":"1","RushingYDS":"10","RushingTD":"","ReceivingRec":"","ReceivingYDS":"","ReceivingTD":"","RetTD":"","FumTD":"","2PT":"","Fum":"","FanPtsAgainst-pts":"7.44","TouchCarries":"3","TouchReceptions":"","Touches":"3","TargetsReceptions":"","Targets":"","ReceptionPercentage":"","RzTarget":"","RzTouch":"","RzG2G":"","Rank":29,"TotalPoints":"7.24"},{"PlayerName":"Mike Glennon","PlayerId":"2539275","Pos":"QB","Team":"NYG","PlayerOpponent":"@DAL","PassingYDS":"196","PassingTD":"1","PassingInt":"2","RushingYDS":"2","RushingTD":"","ReceivingRec":"","ReceivingYDS":"","ReceivingTD":"","RetTD":"","FumTD":"","2PT":"","Fum":"1","FanPtsAgainst-pts":"11.56","TouchCarries":"2","TouchReceptions":"","Touches":"2","TargetsReceptions":"","Targets":"","ReceptionPercentage":"","RzTarget":"","RzTouch":"","RzG2G":"","Rank":30,"TotalPoints":"6.74"},{"PlayerName":"Justin Fields","PlayerId":"2565920","Pos":"QB","Team":"CHI","PlayerOpponent":"@LV","PassingYDS":"111","PassingTD":"1","PassingInt":"","RushingYDS":"4","RushingTD":"","ReceivingRec":"","ReceivingYDS":"","ReceivingTD":"","RetTD":"","FumTD":"","2PT":"","Fum":"1","FanPtsAgainst-pts":"6.93","TouchCarries":"3","TouchReceptions":"","Touches":"3","TargetsReceptions":"","Targets":"","ReceptionPercentage":"","RzTarget":"","RzTouch":"","RzG2G":"","Rank":31,"TotalPoints":"6.61"},{"PlayerName":"Jared Goff","PlayerId":"2555334","Pos":"QB","Team":"DET","PlayerOpponent":"@MIN","PassingYDS":"203","PassingTD":"","PassingInt":"1","RushingYDS":"","RushingTD":"","ReceivingRec":"","ReceivingYDS":"","ReceivingTD":"","RetTD":"","FumTD":"","2PT":"1","Fum":"1","FanPtsAgainst-pts":"6.12","TouchCarries":"","TouchReceptions":"","Touches":"","TargetsReceptions":"","Targets":"","ReceptionPercentage":"","RzTarget":"","RzTouch":"","RzG2G":"","Rank":32,"TotalPoints":"6.12"},{"PlayerName":"Sam Darnold","PlayerId":"2561036","Pos":"QB","Team":"CAR","PlayerOpponent":"PHI","PassingYDS":"177","PassingTD":"1","PassingInt":"3","RushingYDS":"10","RushingTD":"","ReceivingRec":"","ReceivingYDS":"","ReceivingTD":"","RetTD":"","FumTD":"","2PT":"","Fum":"","FanPtsAgainst-pts":"6.08","TouchCarries":"2","TouchReceptions":"","Touches":"2","TargetsReceptions":"","Targets":"","ReceptionPercentage":"","RzTarget":"","RzTouch":"","RzG2G":"","Rank":33,"TotalPoints":"6.08"},{"PlayerName":"Daniel Jones","PlayerId":"2562299","Pos":"QB","Team":"NYG","PlayerOpponent":"@DAL","PassingYDS":"98","PassingTD":"","PassingInt":"","RushingYDS":"9","RushingTD":"","ReceivingRec":"","ReceivingYDS":"","ReceivingTD":"","RetTD":"","FumTD":"","2PT":"","Fum":"","FanPtsAgainst-pts":"11.56","TouchCarries":"3","TouchReceptions":"","Touches":"3","TargetsReceptions":"","Targets":"","ReceptionPercentage":"","RzTarget":"","RzTouch":"1","RzG2G":"1","Rank":34,"TotalPoints":"4.82"},{"PlayerName":"Taysom Hill","PlayerId":"2558954","Pos":"QB","Team":"NO","PlayerOpponent":"@WAS","PassingYDS":"","PassingTD":"","PassingInt":"","RushingYDS":"","RushingTD":"","ReceivingRec":"1","ReceivingYDS":"11","ReceivingTD":"","RetTD":"","FumTD":"","2PT":"","Fum":"","FanPtsAgainst-pts":"29.06","TouchCarries":"","TouchReceptions":"1","Touches":"1","TargetsReceptions":"1","Targets":"2","ReceptionPercentage":"50","RzTarget":"","RzTouch":"","RzG2G":"","Rank":35,"TotalPoints":"3.30"},{"PlayerName":"Blaine Gabbert","PlayerId":"2495441","Pos":"QB","Team":"TB","PlayerOpponent":"MIA","PassingYDS":"41","PassingTD":"","PassingInt":"","RushingYDS":"-1","RushingTD":"","ReceivingRec":"","ReceivingYDS":"","ReceivingTD":"","RetTD":"","FumTD":"","2PT":"","Fum":"","FanPtsAgainst-pts":"39.28","TouchCarries":"3","TouchReceptions":"","Touches":"3","TargetsReceptions":"","Targets":"","ReceptionPercentage":"","RzTarget":"","RzTouch":"3","RzG2G":"3","Rank":36,"TotalPoints":"1.54"},{"PlayerName":"Andy Dalton","PlayerId":"2495143","Pos":"QB","Team":"CHI","PlayerOpponent":"@LV","PassingYDS":"8","PassingTD":"","PassingInt":"","RushingYDS":"","RushingTD":"","ReceivingRec":"","ReceivingYDS":"","ReceivingTD":"","RetTD":"","FumTD":"","2PT":"","Fum":"","FanPtsAgainst-pts":"6.93","TouchCarries":"","TouchReceptions":"","Touches":"","TargetsReceptions":"","Targets":"","ReceptionPercentage":"","RzTarget":"","RzTouch":"","RzG2G":"","Rank":37,"TotalPoints":"0.32"},{"PlayerName":"Nathan Peterman","PlayerId":"2558191","Pos":"QB","Team":"LV","PlayerOpponent":"CHI","PassingYDS":"","PassingTD":"","PassingInt":"","RushingYDS":"2","RushingTD":"","ReceivingRec":"","ReceivingYDS":"","ReceivingTD":"","RetTD":"","FumTD":"","2PT":"","Fum":"","FanPtsAgainst-pts":"7.44","TouchCarries":"2","TouchReceptions":"","Touches":"2","TargetsReceptions":"","Targets":"","ReceptionPercentage":"","RzTarget":"","RzTouch":"","RzG2G":"","Rank":38,"TotalPoints":"0.20"},{"PlayerName":"Brandon Allen","PlayerId":"2555365","Pos":"QB","Team":"CIN","PlayerOpponent":"GB","PassingYDS":"","PassingTD":"","PassingInt":"","RushingYDS":"","RushingTD":"","ReceivingRec":"","ReceivingYDS":"","ReceivingTD":"","RetTD":"","FumTD":"","2PT":"","Fum":"","FanPtsAgainst-pts":"20.04","TouchCarries":"","TouchReceptions":"","Touches":"","TargetsReceptions":"","Targets":"","ReceptionPercentage":"","RzTarget":"","RzTouch":"","RzG2G":"","Rank":39,"TotalPoints":"0.00"},{"PlayerName":"Kyle Allen","PlayerId":"2561177","Pos":"QB","Team":"WAS","PlayerOpponent":"NO","PassingYDS":"","PassingTD":"","PassingInt":"","RushingYDS":"","RushingTD":"","ReceivingRec":"","ReceivingYDS":"","ReceivingTD":"","RetTD":"","FumTD":"","2PT":"","Fum":"","FanPtsAgainst-pts":"9.92","TouchCarries":"","TouchReceptions":"","Touches":"","TargetsReceptions":"","Targets":"","ReceptionPercentage":"","RzTarget":"","RzTouch":"","RzG2G":"","Rank":40,"TotalPoints":"0.00"},{"PlayerName":"Kenji Bahar","PlayerId":"2566608","Pos":"QB","Team":"FA","PlayerOpponent":"Bye","PassingYDS":"","PassingTD":"","PassingInt":"","RushingYDS":"","RushingTD":"","ReceivingRec":"","ReceivingYDS":"","ReceivingTD":"","RetTD":"","FumTD":"","2PT":"","Fum":"","FanPtsAgainst-pts":"","TouchCarries":"","TouchReceptions":"","Touches":"","TargetsReceptions":"","Targets":"","ReceptionPercentage":"","RzTarget":"","RzTouch":"","RzG2G":"","Rank":41,"TotalPoints":"0.00"},{"PlayerName":"Matt Barkley","PlayerId":"2539308","Pos":"QB","Team":"CAR","PlayerOpponent":"PHI","PassingYDS":"","PassingTD":"","PassingInt":"","RushingYDS":"","RushingTD":"","ReceivingRec":"","ReceivingYDS":"","ReceivingTD":"","RetTD":"","FumTD":"","2PT":"","Fum":"","FanPtsAgainst-pts":"6.08","TouchCarries":"","TouchReceptions":"","Touches":"","TargetsReceptions":"","Targets":"","ReceptionPercentage":"","RzTarget":"","RzTouch":"","RzG2G":"","Rank":42,"TotalPoints":"0.00"},{"PlayerName":"C.J. Beathard","PlayerId":"2557922","Pos":"QB","Team":"JAX","PlayerOpponent":"TEN","PassingYDS":"","PassingTD":"","PassingInt":"","RushingYDS":"","RushingTD":"","ReceivingRec":"","ReceivingYDS":"","ReceivingTD":"","RetTD":"","FumTD":"","2PT":"","Fum":"","FanPtsAgainst-pts":"21.72","TouchCarries":"","TouchReceptions":"","Touches":"","TargetsReceptions":"","Targets":"","ReceptionPercentage":"","RzTarget":"","RzTouch":"","RzG2G":"","Rank":43,"TotalPoints":"0.00"},{"PlayerName":"David Blough","PlayerId":"2563043","Pos":"QB","Team":"DET","PlayerOpponent":"@MIN","PassingYDS":"","PassingTD":"","PassingInt":"","RushingYDS":"","RushingTD":"","ReceivingRec":"","ReceivingYDS":"","ReceivingTD":"","RetTD":"","FumTD":"","2PT":"","Fum":"","FanPtsAgainst-pts":"6.12","TouchCarries":"","TouchReceptions":"","Touches":"","TargetsReceptions":"","Targets":"","ReceptionPercentage":"","RzTarget":"","RzTouch":"","RzG2G":"","Rank":44,"TotalPoints":"0.00"},{"PlayerName":"Ian Book","PlayerId":"2566352","Pos":"QB","Team":"NO","PlayerOpponent":"@WAS","PassingYDS":"","PassingTD":"","PassingInt":"","RushingYDS":"","RushingTD":"","ReceivingRec":"","ReceivingYDS":"","ReceivingTD":"","RetTD":"","FumTD":"","2PT":"","Fum":"","FanPtsAgainst-pts":"29.06","TouchCarries":"","TouchReceptions":"","Touches":"","TargetsReceptions":"","Targets":"","ReceptionPercentage":"","RzTarget":"","RzTouch":"","RzG2G":"","Rank":45,"TotalPoints":"0.00"},{"PlayerName":"Blake Bortles","PlayerId":"2543477","Pos":"QB","Team":"GB","PlayerOpponent":"@CIN","PassingYDS":"","PassingTD":"","PassingInt":"","RushingYDS":"","RushingTD":"","ReceivingRec":"","ReceivingYDS":"","ReceivingTD":"","RetTD":"","FumTD":"","2PT":"","Fum":"","FanPtsAgainst-pts":"19.76","TouchCarries":"","TouchReceptions":"","Touches":"","TargetsReceptions":"","Targets":"","ReceptionPercentage":"","RzTarget":"","RzTouch":"","RzG2G":"","Rank":46,"TotalPoints":"0.00"},{"PlayerName":"Tim Boyle","PlayerId":"2561187","Pos":"QB","Team":"DET","PlayerOpponent":"@MIN","PassingYDS":"","PassingTD":"","PassingInt":"","RushingYDS":"","RushingTD":"","ReceivingRec":"","ReceivingYDS":"","ReceivingTD":"","RetTD":"","FumTD":"","2PT":"","Fum":"","FanPtsAgainst-pts":"6.12","TouchCarries":"","TouchReceptions":"","Touches":"","TargetsReceptions":"","Targets":"","ReceptionPercentage":"","RzTarget":"","RzTouch":"","RzG2G":"","Rank":47,"TotalPoints":"0.00"},{"PlayerName":"Drew Brees","PlayerId":"2504775","Pos":"QB","Team":"FA","PlayerOpponent":"Bye","PassingYDS":"","PassingTD":"","PassingInt":"","RushingYDS":"","RushingTD":"","ReceivingRec":"","ReceivingYDS":"","ReceivingTD":"","RetTD":"","FumTD":"","2PT":"","Fum":"","FanPtsAgainst-pts":"","TouchCarries":"","TouchReceptions":"","Touches":"","TargetsReceptions":"","Targets":"","ReceptionPercentage":"","RzTarget":"","RzTouch":"","RzG2G":"","Rank":48,"TotalPoints":"0.00"},{"PlayerName":"Jake Browning","PlayerId":"2562634","Pos":"QB","Team":"CIN","PlayerOpponent":"GB","PassingYDS":"","PassingTD":"","PassingInt":"","RushingYDS":"","RushingTD":"","ReceivingRec":"","ReceivingYDS":"","ReceivingTD":"","RetTD":"","FumTD":"","2PT":"","Fum":"","FanPtsAgainst-pts":"20.04","TouchCarries":"","TouchReceptions":"","Touches":"","TargetsReceptions":"","Targets":"","ReceptionPercentage":"","RzTarget":"","RzTouch":"","RzG2G":"","Rank":49,"TotalPoints":"0.00"},{"PlayerName":"Shane Buechele","PlayerId":"2566983","Pos":"QB","Team":"KC","PlayerOpponent":"BUF","PassingYDS":"","PassingTD":"","PassingInt":"","RushingYDS":"","RushingTD":"","ReceivingRec":"","ReceivingYDS":"","ReceivingTD":"","RetTD":"","FumTD":"","2PT":"","Fum":"","FanPtsAgainst-pts":"18.75","TouchCarries":"","TouchReceptions":"","Touches":"","TargetsReceptions":"","Targets":"","ReceptionPercentage":"","RzTarget":"","RzTouch":"","RzG2G":"","Rank":50,"TotalPoints":"0.00"},{"PlayerName":"Chase Daniel","PlayerId":"81284","Pos":"QB","Team":"LAC","PlayerOpponent":"CLE","PassingYDS":"","PassingTD":"","PassingInt":"","RushingYDS":"","RushingTD":"","ReceivingRec":"","ReceivingYDS":"","ReceivingTD":"","RetTD":"","FumTD":"","2PT":"","Fum":"","FanPtsAgainst-pts":"42.82","TouchCarries":"","TouchReceptions":"","Touches":"","TargetsReceptions":"","Targets":"","ReceptionPercentage":"","RzTarget":"","RzTouch":"","RzG2G":"","Rank":51,"TotalPoints":"0.00"},{"PlayerName":"Ben DiNucci","PlayerId":"2563839","Pos":"QB","Team":"DAL","PlayerOpponent":"NYG","PassingYDS":"","PassingTD":"","PassingInt":"","RushingYDS":"","RushingTD":"","ReceivingRec":"","ReceivingYDS":"","ReceivingTD":"","RetTD":"","FumTD":"","2PT":"","Fum":"","FanPtsAgainst-pts":"20.58","TouchCarries":"","TouchReceptions":"","Touches":"","TargetsReceptions":"","Targets":"","ReceptionPercentage":"","RzTarget":"","RzTouch":"","RzG2G":"","Rank":52,"TotalPoints":"0.00"},{"PlayerName":"Joshua Dobbs","PlayerId":"2558167","Pos":"QB","Team":"PIT","PlayerOpponent":"DEN","PassingYDS":"","PassingTD":"","PassingInt":"","RushingYDS":"","RushingTD":"","ReceivingRec":"","ReceivingYDS":"","ReceivingTD":"","RetTD":"","FumTD":"","2PT":"","Fum":"","FanPtsAgainst-pts":"16.02","TouchCarries":"","TouchReceptions":"","Touches":"","TargetsReceptions":"","Targets":"","ReceptionPercentage":"","RzTarget":"","RzTouch":"","RzG2G":"","Rank":53,"TotalPoints":"0.00"},{"PlayerName":"Jeff Driskel","PlayerId":"2555262","Pos":"QB","Team":"HOU","PlayerOpponent":"NE","PassingYDS":"","PassingTD":"","PassingInt":"","RushingYDS":"","RushingTD":"","ReceivingRec":"","ReceivingYDS":"","ReceivingTD":"","RetTD":"","FumTD":"","2PT":"","Fum":"","FanPtsAgainst-pts":"24.68","TouchCarries":"","TouchReceptions":"","Touches":"","TargetsReceptions":"","Targets":"","ReceptionPercentage":"","RzTarget":"","RzTouch":"","RzG2G":"","Rank":54,"TotalPoints":"0.00"},{"PlayerName":"Jacob Eason","PlayerId":"2564115","Pos":"QB","Team":"SEA","PlayerOpponent":"LA","PassingYDS":"","PassingTD":"","PassingInt":"","RushingYDS":"","RushingTD":"","ReceivingRec":"","ReceivingYDS":"","ReceivingTD":"","RetTD":"","FumTD":"","2PT":"","Fum":"","FanPtsAgainst-pts":"18.62","TouchCarries":"","TouchReceptions":"","Touches":"","TargetsReceptions":"","Targets":"","ReceptionPercentage":"","RzTarget":"","RzTouch":"","RzG2G":"","Rank":55,"TotalPoints":"0.00"},{"PlayerName":"Sam Ehlinger","PlayerId":"2566142","Pos":"QB","Team":"IND","PlayerOpponent":"@BAL","PassingYDS":"","PassingTD":"","PassingInt":"","RushingYDS":"","RushingTD":"","ReceivingRec":"","ReceivingYDS":"","ReceivingTD":"","RetTD":"","FumTD":"","2PT":"","Fum":"","FanPtsAgainst-pts":"22.58","TouchCarries":"","TouchReceptions":"","Touches":"","TargetsReceptions":"","Targets":"","ReceptionPercentage":"","RzTarget":"","RzTouch":"","RzG2G":"","Rank":56,"TotalPoints":"0.00"},{"PlayerName":"Danny Etling","PlayerId":"2560717","Pos":"QB","Team":"FA","PlayerOpponent":"Bye","PassingYDS":"","PassingTD":"","PassingInt":"","RushingYDS":"","RushingTD":"","ReceivingRec":"","ReceivingYDS":"","ReceivingTD":"","RetTD":"","FumTD":"","2PT":"","Fum":"","FanPtsAgainst-pts":"","TouchCarries":"","TouchReceptions":"","Touches":"","TargetsReceptions":"","Targets":"","ReceptionPercentage":"","RzTarget":"","RzTouch":"","RzG2G":"","Rank":57,"TotalPoints":"0.00"},{"PlayerName":"Ryan Finley","PlayerId":"2562651","Pos":"QB","Team":"FA","PlayerOpponent":"Bye","PassingYDS":"","PassingTD":"","PassingInt":"","RushingYDS":"","RushingTD":"","ReceivingRec":"","ReceivingYDS":"","ReceivingTD":"","RetTD":"","FumTD":"","2PT":"","Fum":"","FanPtsAgainst-pts":"","TouchCarries":"","TouchReceptions":"","Touches":"","TargetsReceptions":"","Targets":"","ReceptionPercentage":"","RzTarget":"","RzTouch":"","RzG2G":"","Rank":58,"TotalPoints":"0.00"},{"PlayerName":"Ryan Fitzpatrick","PlayerId":"2506581","Pos":"QB","Team":"WAS","PlayerOpponent":"NO","PassingYDS":"","PassingTD":"","PassingInt":"","RushingYDS":"","RushingTD":"","ReceivingRec":"","ReceivingYDS":"","ReceivingTD":"","RetTD":"","FumTD":"","2PT":"","Fum":"","FanPtsAgainst-pts":"9.92","TouchCarries":"","TouchReceptions":"","Touches":"","TargetsReceptions":"","Targets":"","ReceptionPercentage":"","RzTarget":"","RzTouch":"","RzG2G":"","Rank":59,"TotalPoints":"0.00"},{"PlayerName":"Joe Flacco","PlayerId":"382","Pos":"QB","Team":"NYJ","PlayerOpponent":"@ATL","PassingYDS":"","PassingTD":"","PassingInt":"","RushingYDS":"","RushingTD":"","ReceivingRec":"","ReceivingYDS":"","ReceivingTD":"","RetTD":"","FumTD":"","2PT":"","Fum":"","FanPtsAgainst-pts":"7.98","TouchCarries":"","TouchReceptions":"","Touches":"","TargetsReceptions":"","Targets":"","ReceptionPercentage":"","RzTarget":"","RzTouch":"","RzG2G":"","Rank":60,"TotalPoints":"0.00"},{"PlayerName":"Nick Foles","PlayerId":"2532842","Pos":"QB","Team":"CHI","PlayerOpponent":"@LV","PassingYDS":"","PassingTD":"","PassingInt":"","RushingYDS":"","RushingTD":"","ReceivingRec":"","ReceivingYDS":"","ReceivingTD":"","RetTD":"","FumTD":"","2PT":"","Fum":"","FanPtsAgainst-pts":"6.93","TouchCarries":"","TouchReceptions":"","Touches":"","TargetsReceptions":"","Targets":"","ReceptionPercentage":"","RzTarget":"","RzTouch":"","RzG2G":"","Rank":61,"TotalPoints":"0.00"},{"PlayerName":"Feleipe Franks","PlayerId":"2566683","Pos":"QB","Team":"ATL","PlayerOpponent":"NYJ","PassingYDS":"","PassingTD":"","PassingInt":"","RushingYDS":"","RushingTD":"","ReceivingRec":"","ReceivingYDS":"","ReceivingTD":"","RetTD":"","FumTD":"","2PT":"","Fum":"","FanPtsAgainst-pts":"21.58","TouchCarries":"","TouchReceptions":"","Touches":"","TargetsReceptions":"","Targets":"","ReceptionPercentage":"","RzTarget":"","RzTouch":"","RzG2G":"","Rank":62,"TotalPoints":"0.00"},{"PlayerName":"Jake Fromm","PlayerId":"2563608","Pos":"QB","Team":"BUF","PlayerOpponent":"@KC","PassingYDS":"","PassingTD":"","PassingInt":"","RushingYDS":"","RushingTD":"","ReceivingRec":"","ReceivingYDS":"","ReceivingTD":"","RetTD":"","FumTD":"","2PT":"","Fum":"","FanPtsAgainst-pts":"36.50","TouchCarries":"","TouchReceptions":"","Touches":"","TargetsReceptions":"","Targets":"","ReceptionPercentage":"","RzTarget":"","RzTouch":"","RzG2G":"","Rank":63,"TotalPoints":"0.00"},{"PlayerName":"Jimmy Garoppolo","PlayerId":"2543801","Pos":"QB","Team":"SF","PlayerOpponent":"@ARI","PassingYDS":"","PassingTD":"","PassingInt":"","RushingYDS":"","RushingTD":"","ReceivingRec":"","ReceivingYDS":"","ReceivingTD":"","RetTD":"","FumTD":"","2PT":"","Fum":"","FanPtsAgainst-pts":"14.58","TouchCarries":"","TouchReceptions":"","Touches":"","TargetsReceptions":"","Targets":"","ReceptionPercentage":"","RzTarget":"","RzTouch":"","RzG2G":"","Rank":64,"TotalPoints":"0.00"},{"PlayerName":"Garrett Gilbert","PlayerId":"2549982","Pos":"QB","Team":"NE","PlayerOpponent":"@HOU","PassingYDS":"","PassingTD":"","PassingInt":"","RushingYDS":"","RushingTD":"","ReceivingRec":"","ReceivingYDS":"","ReceivingTD":"","RetTD":"","FumTD":"","2PT":"","Fum":"","FanPtsAgainst-pts":"11.54","TouchCarries":"","TouchReceptions":"","Touches":"","TargetsReceptions":"","Targets":"","ReceptionPercentage":"","RzTarget":"","RzTouch":"","RzG2G":"","Rank":65,"TotalPoints":"0.00"},{"PlayerName":"Anthony Gordon","PlayerId":"2565153","Pos":"QB","Team":"FA","PlayerOpponent":"Bye","PassingYDS":"","PassingTD":"","PassingInt":"","RushingYDS":"","RushingTD":"","ReceivingRec":"","ReceivingYDS":"","ReceivingTD":"","RetTD":"","FumTD":"","2PT":"","Fum":"","FanPtsAgainst-pts":"","TouchCarries":"","TouchReceptions":"","Touches":"","TargetsReceptions":"","Targets":"","ReceptionPercentage":"","RzTarget":"","RzTouch":"","RzG2G":"","Rank":66,"TotalPoints":"0.00"},{"PlayerName":"Will Grier","PlayerId":"2562404","Pos":"QB","Team":"DAL","PlayerOpponent":"NYG","PassingYDS":"","PassingTD":"","PassingInt":"","RushingYDS":"","RushingTD":"","ReceivingRec":"","ReceivingYDS":"","ReceivingTD":"","RetTD":"","FumTD":"","2PT":"","Fum":"","FanPtsAgainst-pts":"20.58","TouchCarries":"","TouchReceptions":"","Touches":"","TargetsReceptions":"","Targets":"","ReceptionPercentage":"","RzTarget":"","RzTouch":"","RzG2G":"","Rank":67,"TotalPoints":"0.00"},{"PlayerName":"Ryan Griffin","PlayerId":"2541185","Pos":"QB","Team":"TB","PlayerOpponent":"MIA","PassingYDS":"","PassingTD":"","PassingInt":"","RushingYDS":"","RushingTD":"","ReceivingRec":"","ReceivingYDS":"","ReceivingTD":"","RetTD":"","FumTD":"","2PT":"","Fum":"","FanPtsAgainst-pts":"39.28","TouchCarries":"","TouchReceptions":"","Touches":"","TargetsReceptions":"","Targets":"","ReceptionPercentage":"","RzTarget":"","RzTouch":"","RzG2G":"","Rank":68,"TotalPoints":"0.00"},{"PlayerName":"Dwayne Haskins","PlayerId":"2562660","Pos":"QB","Team":"PIT","PlayerOpponent":"DEN","PassingYDS":"","PassingTD":"","PassingInt":"","RushingYDS":"","RushingTD":"","ReceivingRec":"","ReceivingYDS":"","ReceivingTD":"","RetTD":"","FumTD":"","2PT":"","Fum":"","FanPtsAgainst-pts":"16.02","TouchCarries":"","TouchReceptions":"","Touches":"","TargetsReceptions":"","Targets":"","ReceptionPercentage":"","RzTarget":"","RzTouch":"","RzG2G":"","Rank":69,"TotalPoints":"0.00"},{"PlayerName":"Chad Henne","PlayerId":"252","Pos":"QB","Team":"KC","PlayerOpponent":"BUF","PassingYDS":"","PassingTD":"","PassingInt":"","RushingYDS":"","RushingTD":"","ReceivingRec":"","ReceivingYDS":"","ReceivingTD":"","RetTD":"","FumTD":"","2PT":"","Fum":"","FanPtsAgainst-pts":"18.75","TouchCarries":"","TouchReceptions":"","Touches":"","TargetsReceptions":"","Targets":"","ReceptionPercentage":"","RzTarget":"","RzTouch":"","RzG2G":"","Rank":70,"TotalPoints":"0.00"},{"PlayerName":"Devlin Hodges","PlayerId":"2563258","Pos":"QB","Team":"FA","PlayerOpponent":"Bye","PassingYDS":"","PassingTD":"","PassingInt":"","RushingYDS":"","RushingTD":"","ReceivingRec":"","ReceivingYDS":"","ReceivingTD":"","RetTD":"","FumTD":"","2PT":"","Fum":"","FanPtsAgainst-pts":"","TouchCarries":"","TouchReceptions":"","Touches":"","TargetsReceptions":"","Targets":"","ReceptionPercentage":"","RzTarget":"","RzTouch":"","RzG2G":"","Rank":71,"TotalPoints":"0.00"},{"PlayerName":"Brian Hoyer","PlayerId":"81294","Pos":"QB","Team":"NE","PlayerOpponent":"@HOU","PassingYDS":"","PassingTD":"","PassingInt":"","RushingYDS":"","RushingTD":"","ReceivingRec":"","ReceivingYDS":"","ReceivingTD":"","RetTD":"","FumTD":"","2PT":"","Fum":"","FanPtsAgainst-pts":"11.54","TouchCarries":"","TouchReceptions":"","Touches":"","TargetsReceptions":"","Targets":"","ReceptionPercentage":"","RzTarget":"","RzTouch":"","RzG2G":"","Rank":72,"TotalPoints":"0.00"},{"PlayerName":"Brett Hundley","PlayerId":"2552588","Pos":"QB","Team":"IND","PlayerOpponent":"@BAL","PassingYDS":"","PassingTD":"","PassingInt":"","RushingYDS":"","RushingTD":"","ReceivingRec":"","ReceivingYDS":"","ReceivingTD":"","RetTD":"","FumTD":"","2PT":"","Fum":"","FanPtsAgainst-pts":"22.58","TouchCarries":"","TouchReceptions":"","Touches":"","TargetsReceptions":"","Targets":"","ReceptionPercentage":"","RzTarget":"","RzTouch":"","RzG2G":"","Rank":73,"TotalPoints":"0.00"},{"PlayerName":"Tyler Huntley","PlayerId":"2563560","Pos":"QB","Team":"BAL","PlayerOpponent":"IND","PassingYDS":"","PassingTD":"","PassingInt":"","RushingYDS":"","RushingTD":"","ReceivingRec":"","ReceivingYDS":"","ReceivingTD":"","RetTD":"","FumTD":"","2PT":"","Fum":"","FanPtsAgainst-pts":"41.88","TouchCarries":"","TouchReceptions":"","Touches":"","TargetsReceptions":"","Targets":"","ReceptionPercentage":"","RzTarget":"","RzTouch":"","RzG2G":"","Rank":74,"TotalPoints":"0.00"},{"PlayerName":"Josh Johnson","PlayerId":"264","Pos":"QB","Team":"NYJ","PlayerOpponent":"@ATL","PassingYDS":"","PassingTD":"","PassingInt":"","RushingYDS":"","RushingTD":"","ReceivingRec":"","ReceivingYDS":"","ReceivingTD":"","RetTD":"","FumTD":"","2PT":"","Fum":"","FanPtsAgainst-pts":"7.98","TouchCarries":"","TouchReceptions":"","Touches":"","TargetsReceptions":"","Targets":"","ReceptionPercentage":"","RzTarget":"","RzTouch":"","RzG2G":"","Rank":75,"TotalPoints":"0.00"},{"PlayerName":"Colin Kaepernick","PlayerId":"2495186","Pos":"QB","Team":"FA","PlayerOpponent":"Bye","PassingYDS":"","PassingTD":"","PassingInt":"","RushingYDS":"","RushingTD":"","ReceivingRec":"","ReceivingYDS":"","ReceivingTD":"","RetTD":"","FumTD":"","2PT":"","Fum":"","FanPtsAgainst-pts":"","TouchCarries":"","TouchReceptions":"","Touches":"","TargetsReceptions":"","Targets":"","ReceptionPercentage":"","RzTarget":"","RzTouch":"","RzG2G":"","Rank":76,"TotalPoints":"0.00"},{"PlayerName":"Case Keenum","PlayerId":"2532888","Pos":"QB","Team":"CLE","PlayerOpponent":"@LAC","PassingYDS":"","PassingTD":"","PassingInt":"","RushingYDS":"","RushingTD":"","ReceivingRec":"","ReceivingYDS":"","ReceivingTD":"","RetTD":"","FumTD":"","2PT":"","Fum":"","FanPtsAgainst-pts":"21.00","TouchCarries":"","TouchReceptions":"","Touches":"","TargetsReceptions":"","Targets":"","ReceptionPercentage":"","RzTarget":"","RzTouch":"","RzG2G":"","Rank":77,"TotalPoints":"0.00"},{"PlayerName":"DeShone Kizer","PlayerId":"2557983","Pos":"QB","Team":"FA","PlayerOpponent":"Bye","PassingYDS":"","PassingTD":"","PassingInt":"","RushingYDS":"","RushingTD":"","ReceivingRec":"","ReceivingYDS":"","ReceivingTD":"","RetTD":"","FumTD":"","2PT":"","Fum":"","FanPtsAgainst-pts":"","TouchCarries":"","TouchReceptions":"","Touches":"","TargetsReceptions":"","Targets":"","ReceptionPercentage":"","RzTarget":"","RzTouch":"","RzG2G":"","Rank":78,"TotalPoints":"0.00"},{"PlayerName":"Kyle Lauletta","PlayerId":"2560786","Pos":"QB","Team":"JAX","PlayerOpponent":"TEN","PassingYDS":"","PassingTD":"","PassingInt":"","RushingYDS":"","RushingTD":"","ReceivingRec":"","ReceivingYDS":"","ReceivingTD":"","RetTD":"","FumTD":"","2PT":"","Fum":"","FanPtsAgainst-pts":"21.72","TouchCarries":"","TouchReceptions":"","Touches":"","TargetsReceptions":"","Targets":"","ReceptionPercentage":"","RzTarget":"","RzTouch":"","RzG2G":"","Rank":79,"TotalPoints":"0.00"},{"PlayerName":"Drew Lock","PlayerId":"2562305","Pos":"QB","Team":"DEN","PlayerOpponent":"@PIT","PassingYDS":"","PassingTD":"","PassingInt":"","RushingYDS":"","RushingTD":"","ReceivingRec":"","ReceivingYDS":"","ReceivingTD":"","RetTD":"","FumTD":"","2PT":"","Fum":"","FanPtsAgainst-pts":"18.62","TouchCarries":"","TouchReceptions":"","Touches":"","TargetsReceptions":"","Targets":"","ReceptionPercentage":"","RzTarget":"","RzTouch":"","RzG2G":"","Rank":80,"TotalPoints":"0.00"},{"PlayerName":"Jordan Love","PlayerId":"2564007","Pos":"QB","Team":"GB","PlayerOpponent":"@CIN","PassingYDS":"","PassingTD":"","PassingInt":"","RushingYDS":"","RushingTD":"","ReceivingRec":"","ReceivingYDS":"","ReceivingTD":"","RetTD":"","FumTD":"","2PT":"","Fum":"","FanPtsAgainst-pts":"19.76","TouchCarries":"","TouchReceptions":"","Touches":"","TargetsReceptions":"","Targets":"","ReceptionPercentage":"","RzTarget":"","RzTouch":"","RzG2G":"","Rank":81,"TotalPoints":"0.00"},{"PlayerName":"Jake Luton","PlayerId":"2564205","Pos":"QB","Team":"SEA","PlayerOpponent":"LA","PassingYDS":"","PassingTD":"","PassingInt":"","RushingYDS":"","RushingTD":"","ReceivingRec":"","ReceivingYDS":"","ReceivingTD":"","RetTD":"","FumTD":"","2PT":"","Fum":"","FanPtsAgainst-pts":"18.62","TouchCarries":"","TouchReceptions":"","Touches":"","TargetsReceptions":"","Targets":"","ReceptionPercentage":"","RzTarget":"","RzTouch":"","RzG2G":"","Rank":82,"TotalPoints":"0.00"},{"PlayerName":"Sean Mannion","PlayerId":"2552576","Pos":"QB","Team":"MIN","PlayerOpponent":"DET","PassingYDS":"","PassingTD":"","PassingInt":"","RushingYDS":"","RushingTD":"","ReceivingRec":"","ReceivingYDS":"","ReceivingTD":"","RetTD":"","FumTD":"","2PT":"","Fum":"","FanPtsAgainst-pts":"13.40","TouchCarries":"","TouchReceptions":"","Touches":"","TargetsReceptions":"","Targets":"","ReceptionPercentage":"","RzTarget":"","RzTouch":"","RzG2G":"","Rank":83,"TotalPoints":"0.00"},{"PlayerName":"Marcus Mariota","PlayerId":"2552466","Pos":"QB","Team":"LV","PlayerOpponent":"CHI","PassingYDS":"","PassingTD":"","PassingInt":"","RushingYDS":"","RushingTD":"","ReceivingRec":"","ReceivingYDS":"","ReceivingTD":"","RetTD":"","FumTD":"","2PT":"","Fum":"","FanPtsAgainst-pts":"7.44","TouchCarries":"","TouchReceptions":"","Touches":"","TargetsReceptions":"","Targets":"","ReceptionPercentage":"","RzTarget":"","RzTouch":"","RzG2G":"","Rank":84,"TotalPoints":"0.00"},{"PlayerName":"AJ McCarron","PlayerId":"2543497","Pos":"QB","Team":"ATL","PlayerOpponent":"NYJ","PassingYDS":"","PassingTD":"","PassingInt":"","RushingYDS":"","RushingTD":"","ReceivingRec":"","ReceivingYDS":"","ReceivingTD":"","RetTD":"","FumTD":"","2PT":"","Fum":"","FanPtsAgainst-pts":"21.58","TouchCarries":"","TouchReceptions":"","Touches":"","TargetsReceptions":"","Targets":"","ReceptionPercentage":"","RzTarget":"","RzTouch":"","RzG2G":"","Rank":85,"TotalPoints":"0.00"},{"PlayerName":"Josh McCown","PlayerId":"2505076","Pos":"QB","Team":"FA","PlayerOpponent":"Bye","PassingYDS":"","PassingTD":"","PassingInt":"","RushingYDS":"","RushingTD":"","ReceivingRec":"","ReceivingYDS":"","ReceivingTD":"","RetTD":"","FumTD":"","2PT":"","Fum":"","FanPtsAgainst-pts":"","TouchCarries":"","TouchReceptions":"","Touches":"","TargetsReceptions":"","Targets":"","ReceptionPercentage":"","RzTarget":"","RzTouch":"","RzG2G":"","Rank":86,"TotalPoints":"0.00"},{"PlayerName":"Colt McCoy","PlayerId":"497123","Pos":"QB","Team":"ARI","PlayerOpponent":"SF","PassingYDS":"","PassingTD":"","PassingInt":"","RushingYDS":"","RushingTD":"","ReceivingRec":"","ReceivingYDS":"","ReceivingTD":"","RetTD":"","FumTD":"","2PT":"","Fum":"","FanPtsAgainst-pts":"10.49","TouchCarries":"","TouchReceptions":"","Touches":"","TargetsReceptions":"","Targets":"","ReceptionPercentage":"","RzTarget":"","RzTouch":"","RzG2G":"","Rank":87,"TotalPoints":"0.00"},{"PlayerName":"Cole McDonald","PlayerId":"2564052","Pos":"QB","Team":"FA","PlayerOpponent":"Bye","PassingYDS":"","PassingTD":"","PassingInt":"","RushingYDS":"","RushingTD":"","ReceivingRec":"","ReceivingYDS":"","ReceivingTD":"","RetTD":"","FumTD":"","2PT":"","Fum":"","FanPtsAgainst-pts":"","TouchCarries":"","TouchReceptions":"","Touches":"","TargetsReceptions":"","Targets":"","ReceptionPercentage":"","RzTarget":"","RzTouch":"","RzG2G":"","Rank":88,"TotalPoints":"0.00"},{"PlayerName":"Alex McGough","PlayerId":"2561148","Pos":"QB","Team":"FA","PlayerOpponent":"Bye","PassingYDS":"","PassingTD":"","PassingInt":"","RushingYDS":"","RushingTD":"","ReceivingRec":"","ReceivingYDS":"","ReceivingTD":"","RetTD":"","FumTD":"","2PT":"","Fum":"","FanPtsAgainst-pts":"","TouchCarries":"","TouchReceptions":"","Touches":"","TargetsReceptions":"","Targets":"","ReceptionPercentage":"","RzTarget":"","RzTouch":"","RzG2G":"","Rank":89,"TotalPoints":"0.00"},{"PlayerName":"Trace McSorley","PlayerId":"2562403","Pos":"QB","Team":"BAL","PlayerOpponent":"IND","PassingYDS":"","PassingTD":"","PassingInt":"","RushingYDS":"","RushingTD":"","ReceivingRec":"","ReceivingYDS":"","ReceivingTD":"","RetTD":"","FumTD":"","2PT":"","Fum":"","FanPtsAgainst-pts":"41.88","TouchCarries":"","TouchReceptions":"","Touches":"","TargetsReceptions":"","Targets":"","ReceptionPercentage":"","RzTarget":"","RzTouch":"","RzG2G":"","Rank":90,"TotalPoints":"0.00"},{"PlayerName":"Gardner Minshew","PlayerId":"2562796","Pos":"QB","Team":"PHI","PlayerOpponent":"@CAR","PassingYDS":"","PassingTD":"","PassingInt":"","RushingYDS":"","RushingTD":"","ReceivingRec":"","ReceivingYDS":"","ReceivingTD":"","RetTD":"","FumTD":"","2PT":"","Fum":"","FanPtsAgainst-pts":"20.39","TouchCarries":"","TouchReceptions":"","Touches":"","TargetsReceptions":"","Targets":"","ReceptionPercentage":"","RzTarget":"","RzTouch":"","RzG2G":"","Rank":91,"TotalPoints":"0.00"},{"PlayerName":"Kellen Mond","PlayerId":"2566310","Pos":"QB","Team":"MIN","PlayerOpponent":"DET","PassingYDS":"","PassingTD":"","PassingInt":"","RushingYDS":"","RushingTD":"","ReceivingRec":"","ReceivingYDS":"","ReceivingTD":"","RetTD":"","FumTD":"","2PT":"","Fum":"","FanPtsAgainst-pts":"13.40","TouchCarries":"","TouchReceptions":"","Touches":"","TargetsReceptions":"","Targets":"","ReceptionPercentage":"","RzTarget":"","RzTouch":"","RzG2G":"","Rank":92,"TotalPoints":"0.00"},{"PlayerName":"Steven Montez","PlayerId":"2565285","Pos":"QB","Team":"DET","PlayerOpponent":"@MIN","PassingYDS":"","PassingTD":"","PassingInt":"","RushingYDS":"","RushingTD":"","ReceivingRec":"","ReceivingYDS":"","ReceivingTD":"","RetTD":"","FumTD":"","2PT":"","Fum":"","FanPtsAgainst-pts":"6.12","TouchCarries":"","TouchReceptions":"","Touches":"","TargetsReceptions":"","Targets":"","ReceptionPercentage":"","RzTarget":"","RzTouch":"","RzG2G":"","Rank":93,"TotalPoints":"0.00"},{"PlayerName":"Matt Moore","PlayerId":"2507282","Pos":"QB","Team":"FA","PlayerOpponent":"Bye","PassingYDS":"","PassingTD":"","PassingInt":"","RushingYDS":"","RushingTD":"","ReceivingRec":"","ReceivingYDS":"","ReceivingTD":"","RetTD":"","FumTD":"","2PT":"","Fum":"","FanPtsAgainst-pts":"","TouchCarries":"","TouchReceptions":"","Touches":"","TargetsReceptions":"","Targets":"","ReceptionPercentage":"","RzTarget":"","RzTouch":"","RzG2G":"","Rank":94,"TotalPoints":"0.00"},{"PlayerName":"James Morgan","PlayerId":"2564805","Pos":"QB","Team":"FA","PlayerOpponent":"Bye","PassingYDS":"","PassingTD":"","PassingInt":"","RushingYDS":"","RushingTD":"","ReceivingRec":"","ReceivingYDS":"","ReceivingTD":"","RetTD":"","FumTD":"","2PT":"","Fum":"","FanPtsAgainst-pts":"","TouchCarries":"","TouchReceptions":"","Touches":"","TargetsReceptions":"","Targets":"","ReceptionPercentage":"","RzTarget":"","RzTouch":"","RzG2G":"","Rank":95,"TotalPoints":"0.00"},{"PlayerName":"Jalen Morton","PlayerId":"2564013","Pos":"QB","Team":"FA","PlayerOpponent":"Bye","PassingYDS":"","PassingTD":"","PassingInt":"","RushingYDS":"","RushingTD":"","ReceivingRec":"","ReceivingYDS":"","ReceivingTD":"","RetTD":"","FumTD":"","2PT":"","Fum":"","FanPtsAgainst-pts":"","TouchCarries":"","TouchReceptions":"","Touches":"","TargetsReceptions":"","Targets":"","ReceptionPercentage":"","RzTarget":"","RzTouch":"","RzG2G":"","Rank":96,"TotalPoints":"0.00"},{"PlayerName":"Jamie Newman","PlayerId":"2567058","Pos":"QB","Team":"FA","PlayerOpponent":"Bye","PassingYDS":"","PassingTD":"","PassingInt":"","RushingYDS":"","RushingTD":"","ReceivingRec":"","ReceivingYDS":"","ReceivingTD":"","RetTD":"","FumTD":"","2PT":"","Fum":"","FanPtsAgainst-pts":"","TouchCarries":"","TouchReceptions":"","Touches":"","TargetsReceptions":"","Targets":"","ReceptionPercentage":"","RzTarget":"","RzTouch":"","RzG2G":"","Rank":97,"TotalPoints":"0.00"},{"PlayerName":"Cam Newton","PlayerId":"2495455","Pos":"QB","Team":"CAR","PlayerOpponent":"PHI","PassingYDS":"","PassingTD":"","PassingInt":"","RushingYDS":"","RushingTD":"","ReceivingRec":"","ReceivingYDS":"","ReceivingTD":"","RetTD":"","FumTD":"","2PT":"","Fum":"","FanPtsAgainst-pts":"6.08","TouchCarries":"","TouchReceptions":"","Touches":"","TargetsReceptions":"","Targets":"","ReceptionPercentage":"","RzTarget":"","RzTouch":"","RzG2G":"","Rank":98,"TotalPoints":"0.00"},{"PlayerName":"Bryce Perkins","PlayerId":"2564382","Pos":"QB","Team":"LA","PlayerOpponent":"@SEA","PassingYDS":"","PassingTD":"","PassingInt":"","RushingYDS":"","RushingTD":"","ReceivingRec":"","ReceivingYDS":"","ReceivingTD":"","RetTD":"","FumTD":"","2PT":"","Fum":"","FanPtsAgainst-pts":"16.50","TouchCarries":"","TouchReceptions":"","Touches":"","TargetsReceptions":"","Targets":"","ReceptionPercentage":"","RzTarget":"","RzTouch":"","RzG2G":"","Rank":99,"TotalPoints":"0.00"},{"PlayerName":"Philip Rivers","PlayerId":"2506121","Pos":"QB","Team":"FA","PlayerOpponent":"Bye","PassingYDS":"","PassingTD":"","PassingInt":"","RushingYDS":"","RushingTD":"","ReceivingRec":"","ReceivingYDS":"","ReceivingTD":"","RetTD":"","FumTD":"","2PT":"","Fum":"","FanPtsAgainst-pts":"","TouchCarries":"","TouchReceptions":"","Touches":"","TargetsReceptions":"","Targets":"","ReceptionPercentage":"","RzTarget":"","RzTouch":"","RzG2G":"","Rank":100,"TotalPoints":"0.00"},{"PlayerName":"Josh Rosen","PlayerId":"2560858","Pos":"QB","Team":"ATL","PlayerOpponent":"NYJ","PassingYDS":"","PassingTD":"","PassingInt":"","RushingYDS":"","RushingTD":"","ReceivingRec":"","ReceivingYDS":"","ReceivingTD":"","RetTD":"","FumTD":"","2PT":"","Fum":"","FanPtsAgainst-pts":"21.58","TouchCarries":"","TouchReceptions":"","Touches":"","TargetsReceptions":"","Targets":"","ReceptionPercentage":"","RzTarget":"","RzTouch":"","RzG2G":"","Rank":101,"TotalPoints":"0.00"},{"PlayerName":"Jake Rudock","PlayerId":"2556232","Pos":"QB","Team":"FA","PlayerOpponent":"Bye","PassingYDS":"","PassingTD":"","PassingInt":"","RushingYDS":"","RushingTD":"","ReceivingRec":"","ReceivingYDS":"","ReceivingTD":"","RetTD":"","FumTD":"","2PT":"","Fum":"","FanPtsAgainst-pts":"","TouchCarries":"","TouchReceptions":"","Touches":"","TargetsReceptions":"","Targets":"","ReceptionPercentage":"","RzTarget":"","RzTouch":"","RzG2G":"","Rank":102,"TotalPoints":"0.00"},{"PlayerName":"Mason Rudolph","PlayerId":"2560860","Pos":"QB","Team":"PIT","PlayerOpponent":"DEN","PassingYDS":"","PassingTD":"","PassingInt":"","RushingYDS":"","RushingTD":"","ReceivingRec":"","ReceivingYDS":"","ReceivingTD":"","RetTD":"","FumTD":"","2PT":"","Fum":"","FanPtsAgainst-pts":"16.02","TouchCarries":"","TouchReceptions":"","Touches":"","TargetsReceptions":"","Targets":"","ReceptionPercentage":"","RzTarget":"","RzTouch":"","RzG2G":"","Rank":103,"TotalPoints":"0.00"},{"PlayerName":"Cooper Rush","PlayerId":"2559242","Pos":"QB","Team":"DAL","PlayerOpponent":"NYG","PassingYDS":"","PassingTD":"","PassingInt":"","RushingYDS":"","RushingTD":"","ReceivingRec":"","ReceivingYDS":"","ReceivingTD":"","RetTD":"","FumTD":"","2PT":"","Fum":"","FanPtsAgainst-pts":"20.58","TouchCarries":"","TouchReceptions":"","Touches":"","TargetsReceptions":"","Targets":"","ReceptionPercentage":"","RzTarget":"","RzTouch":"","RzG2G":"","Rank":104,"TotalPoints":"0.00"},{"PlayerName":"Brett Rypien","PlayerId":"2562718","Pos":"QB","Team":"DEN","PlayerOpponent":"@PIT","PassingYDS":"","PassingTD":"","PassingInt":"","RushingYDS":"","RushingTD":"","ReceivingRec":"","ReceivingYDS":"","ReceivingTD":"","RetTD":"","FumTD":"","2PT":"","Fum":"","FanPtsAgainst-pts":"18.62","TouchCarries":"","TouchReceptions":"","Touches":"","TargetsReceptions":"","Targets":"","ReceptionPercentage":"","RzTarget":"","RzTouch":"","RzG2G":"","Rank":105,"TotalPoints":"0.00"},{"PlayerName":"Matt Schaub","PlayerId":"2505982","Pos":"QB","Team":"FA","PlayerOpponent":"Bye","PassingYDS":"","PassingTD":"","PassingInt":"","RushingYDS":"","RushingTD":"","ReceivingRec":"","ReceivingYDS":"","ReceivingTD":"","RetTD":"","FumTD":"","2PT":"","Fum":"","FanPtsAgainst-pts":"","TouchCarries":"","TouchReceptions":"","Touches":"","TargetsReceptions":"","Targets":"","ReceptionPercentage":"","RzTarget":"","RzTouch":"","RzG2G":"","Rank":106,"TotalPoints":"0.00"},{"PlayerName":"Kyle Shurmur","PlayerId":"2562731","Pos":"QB","Team":"WAS","PlayerOpponent":"NO","PassingYDS":"","PassingTD":"","PassingInt":"","RushingYDS":"","RushingTD":"","ReceivingRec":"","ReceivingYDS":"","ReceivingTD":"","RetTD":"","FumTD":"","2PT":"","Fum":"","FanPtsAgainst-pts":"9.92","TouchCarries":"","TouchReceptions":"","Touches":"","TargetsReceptions":"","Targets":"","ReceptionPercentage":"","RzTarget":"","RzTouch":"","RzG2G":"","Rank":107,"TotalPoints":"0.00"},{"PlayerName":"Trevor Siemian","PlayerId":"2553457","Pos":"QB","Team":"NO","PlayerOpponent":"@WAS","PassingYDS":"","PassingTD":"","PassingInt":"","RushingYDS":"","RushingTD":"","ReceivingRec":"","ReceivingYDS":"","ReceivingTD":"","RetTD":"","FumTD":"","2PT":"","Fum":"","FanPtsAgainst-pts":"29.06","TouchCarries":"","TouchReceptions":"","Touches":"","TargetsReceptions":"","Targets":"","ReceptionPercentage":"","RzTarget":"","RzTouch":"","RzG2G":"","Rank":108,"TotalPoints":"0.00"},{"PlayerName":"Reid Sinnett","PlayerId":"2565255","Pos":"QB","Team":"PHI","PlayerOpponent":"@CAR","PassingYDS":"","PassingTD":"","PassingInt":"","RushingYDS":"","RushingTD":"","ReceivingRec":"","ReceivingYDS":"","ReceivingTD":"","RetTD":"","FumTD":"","2PT":"","Fum":"","FanPtsAgainst-pts":"20.39","TouchCarries":"","TouchReceptions":"","Touches":"","TargetsReceptions":"","Targets":"","ReceptionPercentage":"","RzTarget":"","RzTouch":"","RzG2G":"","Rank":109,"TotalPoints":"0.00"},{"PlayerName":"Alex Smith","PlayerId":"2506340","Pos":"QB","Team":"FA","PlayerOpponent":"Bye","PassingYDS":"","PassingTD":"","PassingInt":"","RushingYDS":"","RushingTD":"","ReceivingRec":"","ReceivingYDS":"","ReceivingTD":"","RetTD":"","FumTD":"","2PT":"","Fum":"","FanPtsAgainst-pts":"","TouchCarries":"","TouchReceptions":"","Touches":"","TargetsReceptions":"","Targets":"","ReceptionPercentage":"","RzTarget":"","RzTouch":"","RzG2G":"","Rank":110,"TotalPoints":"0.00"},{"PlayerName":"Nate Stanley","PlayerId":"2564577","Pos":"QB","Team":"MIN","PlayerOpponent":"DET","PassingYDS":"","PassingTD":"","PassingInt":"","RushingYDS":"","RushingTD":"","ReceivingRec":"","ReceivingYDS":"","ReceivingTD":"","RetTD":"","FumTD":"","2PT":"","Fum":"","FanPtsAgainst-pts":"13.40","TouchCarries":"","TouchReceptions":"","Touches":"","TargetsReceptions":"","Targets":"","ReceptionPercentage":"","RzTarget":"","RzTouch":"","RzG2G":"","Rank":111,"TotalPoints":"0.00"},{"PlayerName":"Drew Stanton","PlayerId":"2495748","Pos":"QB","Team":"FA","PlayerOpponent":"Bye","PassingYDS":"","PassingTD":"","PassingInt":"","RushingYDS":"","RushingTD":"","ReceivingRec":"","ReceivingYDS":"","ReceivingTD":"","RetTD":"","FumTD":"","2PT":"","Fum":"","FanPtsAgainst-pts":"","TouchCarries":"","TouchReceptions":"","Touches":"","TargetsReceptions":"","Targets":"","ReceptionPercentage":"","RzTarget":"","RzTouch":"","RzG2G":"","Rank":112,"TotalPoints":"0.00"},{"PlayerName":"Tommy Stevens","PlayerId":"2564697","Pos":"QB","Team":"FA","PlayerOpponent":"Bye","PassingYDS":"","PassingTD":"","PassingInt":"","RushingYDS":"","RushingTD":"","ReceivingRec":"","ReceivingYDS":"","ReceivingTD":"","RetTD":"","FumTD":"","2PT":"","Fum":"","FanPtsAgainst-pts":"","TouchCarries":"","TouchReceptions":"","Touches":"","TargetsReceptions":"","Targets":"","ReceptionPercentage":"","RzTarget":"","RzTouch":"","RzG2G":"","Rank":113,"TotalPoints":"0.00"},{"PlayerName":"Easton Stick","PlayerId":"2562745","Pos":"QB","Team":"LAC","PlayerOpponent":"CLE","PassingYDS":"","PassingTD":"","PassingInt":"","RushingYDS":"","RushingTD":"","ReceivingRec":"","ReceivingYDS":"","ReceivingTD":"","RetTD":"","FumTD":"","2PT":"","Fum":"","FanPtsAgainst-pts":"42.82","TouchCarries":"","TouchReceptions":"","Touches":"","TargetsReceptions":"","Targets":"","ReceptionPercentage":"","RzTarget":"","RzTouch":"","RzG2G":"","Rank":114,"TotalPoints":"0.00"},{"PlayerName":"Jarrett Stidham","PlayerId":"2562746","Pos":"QB","Team":"NE","PlayerOpponent":"@HOU","PassingYDS":"","PassingTD":"","PassingInt":"","RushingYDS":"","RushingTD":"","ReceivingRec":"","ReceivingYDS":"","ReceivingTD":"","RetTD":"","FumTD":"","2PT":"","Fum":"","FanPtsAgainst-pts":"11.54","TouchCarries":"","TouchReceptions":"","Touches":"","TargetsReceptions":"","Targets":"","ReceptionPercentage":"","RzTarget":"","RzTouch":"","RzG2G":"","Rank":115,"TotalPoints":"0.00"},{"PlayerName":"Chris Streveler","PlayerId":"2563458","Pos":"QB","Team":"ARI","PlayerOpponent":"SF","PassingYDS":"","PassingTD":"","PassingInt":"","RushingYDS":"","RushingTD":"","ReceivingRec":"","ReceivingYDS":"","ReceivingTD":"","RetTD":"","FumTD":"","2PT":"","Fum":"","FanPtsAgainst-pts":"10.49","TouchCarries":"","TouchReceptions":"","Touches":"","TargetsReceptions":"","Targets":"","ReceptionPercentage":"","RzTarget":"","RzTouch":"","RzG2G":"","Rank":116,"TotalPoints":"0.00"},{"PlayerName":"Nate Sudfeld","PlayerId":"2555427","Pos":"QB","Team":"SF","PlayerOpponent":"@ARI","PassingYDS":"","PassingTD":"","PassingInt":"","RushingYDS":"","RushingTD":"","ReceivingRec":"","ReceivingYDS":"","ReceivingTD":"","RetTD":"","FumTD":"","2PT":"","Fum":"","FanPtsAgainst-pts":"14.58","TouchCarries":"","TouchReceptions":"","Touches":"","TargetsReceptions":"","Targets":"","ReceptionPercentage":"","RzTarget":"","RzTouch":"","RzG2G":"","Rank":117,"TotalPoints":"0.00"},{"PlayerName":"Tua Tagovailoa","PlayerId":"2564499","Pos":"QB","Team":"MIA","PlayerOpponent":"@TB","PassingYDS":"","PassingTD":"","PassingInt":"","RushingYDS":"","RushingTD":"","ReceivingRec":"","ReceivingYDS":"","ReceivingTD":"","RetTD":"","FumTD":"","2PT":"","Fum":"","FanPtsAgainst-pts":"15.00","TouchCarries":"","TouchReceptions":"","Touches":"","TargetsReceptions":"","Targets":"","ReceptionPercentage":"","RzTarget":"","RzTouch":"","RzG2G":"","Rank":118,"TotalPoints":"0.00"},{"PlayerName":"Tyrod Taylor","PlayerId":"2495240","Pos":"QB","Team":"HOU","PlayerOpponent":"NE","PassingYDS":"","PassingTD":"","PassingInt":"","RushingYDS":"","RushingTD":"","ReceivingRec":"","ReceivingYDS":"","ReceivingTD":"","RetTD":"","FumTD":"","2PT":"","Fum":"","FanPtsAgainst-pts":"24.68","TouchCarries":"","TouchReceptions":"","Touches":"","TargetsReceptions":"","Targets":"","ReceptionPercentage":"","RzTarget":"","RzTouch":"","RzG2G":"","Rank":119,"TotalPoints":"0.00"},{"PlayerName":"Clayton Thorson","PlayerId":"2562762","Pos":"QB","Team":"FA","PlayerOpponent":"Bye","PassingYDS":"","PassingTD":"","PassingInt":"","RushingYDS":"","RushingTD":"","ReceivingRec":"","ReceivingYDS":"","ReceivingTD":"","RetTD":"","FumTD":"","2PT":"","Fum":"","FanPtsAgainst-pts":"","TouchCarries":"","TouchReceptions":"","Touches":"","TargetsReceptions":"","Targets":"","ReceptionPercentage":"","RzTarget":"","RzTouch":"","RzG2G":"","Rank":120,"TotalPoints":"0.00"},{"PlayerName":"Kyle Trask","PlayerId":"2566571","Pos":"QB","Team":"TB","PlayerOpponent":"MIA","PassingYDS":"","PassingTD":"","PassingInt":"","RushingYDS":"","RushingTD":"","ReceivingRec":"","ReceivingYDS":"","ReceivingTD":"","RetTD":"","FumTD":"","2PT":"","Fum":"","FanPtsAgainst-pts":"39.28","TouchCarries":"","TouchReceptions":"","Touches":"","TargetsReceptions":"","Targets":"","ReceptionPercentage":"","RzTarget":"","RzTouch":"","RzG2G":"","Rank":121,"TotalPoints":"0.00"},{"PlayerName":"Mitchell Trubisky","PlayerId":"2558008","Pos":"QB","Team":"BUF","PlayerOpponent":"@KC","PassingYDS":"","PassingTD":"","PassingInt":"","RushingYDS":"","RushingTD":"","ReceivingRec":"","ReceivingYDS":"","ReceivingTD":"","RetTD":"","FumTD":"","2PT":"","Fum":"","FanPtsAgainst-pts":"36.50","TouchCarries":"","TouchReceptions":"","Touches":"","TargetsReceptions":"","Targets":"","ReceptionPercentage":"","RzTarget":"","RzTouch":"","RzG2G":"","Rank":122,"TotalPoints":"0.00"},{"PlayerName":"P.J. Walker","PlayerId":"2558904","Pos":"QB","Team":"CAR","PlayerOpponent":"PHI","PassingYDS":"","PassingTD":"","PassingInt":"","RushingYDS":"","RushingTD":"","ReceivingRec":"","ReceivingYDS":"","ReceivingTD":"","RetTD":"","FumTD":"","2PT":"","Fum":"","FanPtsAgainst-pts":"6.08","TouchCarries":"","TouchReceptions":"","Touches":"","TargetsReceptions":"","Targets":"","ReceptionPercentage":"","RzTarget":"","RzTouch":"","RzG2G":"","Rank":123,"TotalPoints":"0.00"},{"PlayerName":"Deshaun Watson","PlayerId":"2558063","Pos":"QB","Team":"HOU","PlayerOpponent":"NE","PassingYDS":"","PassingTD":"","PassingInt":"","RushingYDS":"","RushingTD":"","ReceivingRec":"","ReceivingYDS":"","ReceivingTD":"","RetTD":"","FumTD":"","2PT":"","Fum":"","FanPtsAgainst-pts":"24.68","TouchCarries":"","TouchReceptions":"","Touches":"","TargetsReceptions":"","Targets":"","ReceptionPercentage":"","RzTarget":"","RzTouch":"","RzG2G":"","Rank":124,"TotalPoints":"0.00"},{"PlayerName":"Davis Webb","PlayerId":"2557897","Pos":"QB","Team":"BUF","PlayerOpponent":"@KC","PassingYDS":"","PassingTD":"","PassingInt":"","RushingYDS":"","RushingTD":"","ReceivingRec":"","ReceivingYDS":"","ReceivingTD":"","RetTD":"","FumTD":"","2PT":"","Fum":"","FanPtsAgainst-pts":"36.50","TouchCarries":"","TouchReceptions":"","Touches":"","TargetsReceptions":"","Targets":"","ReceptionPercentage":"","RzTarget":"","RzTouch":"","RzG2G":"","Rank":125,"TotalPoints":"0.00"},{"PlayerName":"Mike White","PlayerId":"2560929","Pos":"QB","Team":"NYJ","PlayerOpponent":"@ATL","PassingYDS":"","PassingTD":"","PassingInt":"","RushingYDS":"","RushingTD":"","ReceivingRec":"","ReceivingYDS":"","ReceivingTD":"","RetTD":"","FumTD":"","2PT":"","Fum":"","FanPtsAgainst-pts":"7.98","TouchCarries":"","TouchReceptions":"","Touches":"","TargetsReceptions":"","Targets":"","ReceptionPercentage":"","RzTarget":"","RzTouch":"","RzG2G":"","Rank":126,"TotalPoints":"0.00"},{"PlayerName":"John Wolford","PlayerId":"2561718","Pos":"QB","Team":"LA","PlayerOpponent":"@SEA","PassingYDS":"","PassingTD":"","PassingInt":"","RushingYDS":"","RushingTD":"","ReceivingRec":"","ReceivingYDS":"","ReceivingTD":"","RetTD":"","FumTD":"","2PT":"","Fum":"","FanPtsAgainst-pts":"16.50","TouchCarries":"","TouchReceptions":"","Touches":"","TargetsReceptions":"","Targets":"","ReceptionPercentage":"","RzTarget":"","RzTouch":"","RzG2G":"","Rank":127,"TotalPoints":"0.00"},{"PlayerName":"Logan Woodside","PlayerId":"2560942","Pos":"QB","Team":"TEN","PlayerOpponent":"@JAX","PassingYDS":"","PassingTD":"","PassingInt":"","RushingYDS":"","RushingTD":"","ReceivingRec":"","ReceivingYDS":"","ReceivingTD":"","RetTD":"","FumTD":"","2PT":"","Fum":"","FanPtsAgainst-pts":"13.98","TouchCarries":"","TouchReceptions":"","Touches":"","TargetsReceptions":"","Targets":"","ReceptionPercentage":"","RzTarget":"","RzTouch":"","RzG2G":"","Rank":128,"TotalPoints":"0.00"}]