PlayerName,PlayerId,Pos,Team,PlayerOpponent,TacklesTot,TacklesAst,TacklesSck,TacklesTfl,TurnoverInt,TurnoverFrcFum,TurnoverFumRec,ScoreIntTd,ScoreFumTd,ScoreBlkTd,ScoreSaf,ScoreDef2ptRet,Blk,PDef,QBHit,ReturnIntYds,ReturnFumYds,Rank,TotalPoints
Anthony Brown,2555531,DB,DAL,@NO,9,1,,,,1,,,,,,,,2,,,,1,24.60
Jayron Kearse,2555156,DB,DAL,@NO,8,1,,2,1,,,,,,,,,1,,,,2,23.40
Marshon Lattimore,2558061,DB,NO,DAL,5,3,,,1,,,,,,,,,3,,15,,3,22.40
Jalen Thompson,2563339,DB,ARI,@CHI,7,3,,,1,,,,,,,,,1,,6,,4,20.50
Minkah Fitzpatrick,2560725,DB,PIT,BAL,7,2,,,1,,,,,,,,,1,,,,5,19.50
Byron Murphy,2562318,DB,ARI,@CHI,4,2,0.5,,1,,,,,,,,,2,1,13,,6,18.83
Bashaud Breeland,2543571,DB,ARI,@CHI,6,3,,,,1,,,,,,,,1,,,,7,18.60
Mike Hilton,2556559,DB,CIN,LAC,6,3,,,,1,,,,,,,,1,,,,8,18.60
Nate Hobbs,2566259,DB,LV,WAS,4,5,,1,1,,,,,,,,,1,,9,,9,18.60
Kenny Moore II,2558976,DB,IND,@HOU,3,1,,,1,1,,,,,,,,2,,,,10,17.90
P.J. Williams,2552484,DB,NO,DAL,8,,1,1,,,,,,,,,,,1,,,11,17.60
Antoine Winfield Jr.,2565261,DB,TB,@ATL,6,4,,1,,,,,,,,,,1,,,,12,17.40
K'Waun Williams,2550654,DB,SF,@SEA,4,1,,,1,1,,,,,,,,1,,4,,13,17.23
Budda Baker,2558009,DB,ARI,@CHI,4,2,,,1,,,,,,,,,1,,77,,14,16.97
Divine Deablo,2566253,DB,LV,WAS,8,3,,,,,,,,,,,,,,,,15,16.00
Daniel Sorensen,2550257,DB,KC,DEN,2,,,,1,,,1,,,,,,1,,75,,16,15.90
Tevaughn Campbell,2562806,DB,LAC,@CIN,4,2,,,,,1,,1,,,,,,,,61,17,15.43
Chidobe Awuzie,2557840,DB,CIN,LAC,3,,,1,1,,,,,,,,,2,,,,18,15.10
Tracy Walker III,2560913,DB,DET,MIN,7,4,,,,,,,,,,,,,,,,19,15.10
Juan Thornhill,2562761,DB,KC,DEN,4,2,,,1,,,,,,,,,1,,13,,20,14.83
Michael Davis,2559164,DB,LAC,@CIN,2,,,,1,,,,,,,,,3,,,,21,14.40
Artie Burns,2555344,DB,CHI,ARI,6,,,1,,,,,,,,,,1,,,,22,14.20
Jordan Poyer,2539290,DB,BUF,NE,6,3,,1,,,,,,,,,,,,,,23,14.10
Tyrann Mathieu,2540180,DB,KC,DEN,7,2,,,,,,,,,,,,,1,,,24,14.00
Kendall Fuller,2555349,DB,WAS,@LV,8,,,,,,,,,,,,,,,,,25,13.60
Adrian Phillips,2550842,DB,NE,@BUF,5,,,,,,,,,,,,,2,,,,26,13.50
Elijah Riley,2564853,DB,NYJ,PHI,6,1,1,,,,,,,,,,,,1,,,27,13.50
Amani Oruwariye,2562390,DB,DET,MIN,7,,,1,,,,,,,,,,,,,,28,13.40
Charvarius Ward,2561417,DB,KC,DEN,5,3,,,,,,,,,,,,1,,,,29,13.40
Quandre Diggs,2552262,DB,SEA,SF,3,1,,,1,,,,,,,,,1,,29,,30,12.87
Trevon Diggs,2563836,DB,DAL,@NO,4,,,,1,,,,,,,,,1,,,,31,12.80
Chris Harris,2530510,DB,LAC,@CIN,4,,,,1,,,,,,,,,1,,,,32,12.80
Carlton Davis,2561039,DB,TB,@ATL,2,1,,,,,1,,,,,,,3,,,,33,12.70
Marcus Epps,2562946,DB,PHI,@NYJ,3,2,,,1,,,,,,,,,1,,,,34,12.70
Jessie Bates,2560970,DB,CIN,LAC,4,2,,1,,,1,,,,,,,,,,46,35,12.43
Nevin Lawson,2543872,DB,JAX,@LA,7,,,,,,,,,,,,,,,,,36,11.90
Dean Marlowe,2553562,DB,DET,MIN,7,,,,,,,,,,,,,,,,,37,11.90
Bryce Hall,2564796,DB,NYJ,PHI,5,1,,,,,,,,,,,,1,,,,38,11.80
Aaron Robinson,2566370,DB,NYG,@MIA,4,3,,,,,,,,,,,,1,,,,39,11.70
Cameron Dantzler,2564526,DB,MIN,@DET,1,1,,,1,,,,,,,,,2,,,,40,11.00
Khari Willis,2562602,DB,IND,@HOU,5,,,,,,,,,,,,,1,,,,41,11.00
Ahkello Witherspoon,2558157,DB,PIT,BAL,5,,,,,,,,,,,,,1,,,,42,11.00
Jordan Fuller,2564340,DB,LA,JAX,5,3,,,,,,,,,,,,,,,,43,10.90
Tavierre Thomas,2561278,DB,HOU,IND,3,1,,1,,1,,,,,,,,,,,,44,10.90
Darious Williams,2561469,DB,LA,JAX,4,,,1,,,,,,,,,,1,,,,45,10.80
Rudy Ford,2558174,DB,JAX,@LA,3,3,0.5,1,,,,,,,,,,,1,,,46,10.50
Pierre Desir,2543811,DB,TB,@ATL,4,,,,,1,,,,,,,,,,,,47,10.30
Terrance Mitchell,2543637,DB,HOU,IND,6,,,,,,,,,,,,,,,,,48,10.20
Dane Jackson,2563614,DB,BUF,NE,4,1,,,,,,,,,,,,1,,,,49,10.10
Eric Rowe,2552255,DB,MIA,NYG,5,2,,,,,,,,,,,,,,,,50,10.10
Darius Slay,2540288,DB,PHI,@NYJ,4,1,,,,,,,,,,,,1,,,,51,10.10
Brandon Stephens,2565851,DB,BAL,@PIT,5,2,,,,,,,,,,,,,,,,52,10.10
Xavier McKinney,2564766,DB,NYG,@MIA,4,2,,1,,,,,,,,,,,,,,53,9.90
Derwin James,2560760,DB,LAC,@CIN,3,4,0.5,,,,,,,,,,,,1,,,54,9.80
Jevon Holland,2566283,DB,MIA,NYG,,5,,,,,,,,,,,,2,1,,,55,9.50
Desmond King,2557927,DB,HOU,IND,5,1,,,,,,,,,,,,,,,,56,9.30
Fabian Moreau,2558136,DB,ATL,TB,5,1,,,,,,,,,,,,,,,,57,9.30
Myles Bryant,2564592,DB,NE,@BUF,3,2,,,,,,,,,,,,1,,,,58,9.20
Chuck Clark,2558248,DB,BAL,@PIT,3,2,,,,,,,,,,,,1,,,,59,9.20
Kamren Curl,2565270,DB,WAS,@LV,3,2,,,,,,,,,,,,1,,,,60,9.20
Justin Reid,2560851,DB,HOU,IND,4,3,,,,,,,,,,,,,,,,61,9.20
Eddie Jackson,2558176,DB,CHI,ARI,4,1,,1,,,,,,,,,,,,,,62,9.10
Logan Ryan,2540162,DB,NYG,@MIA,3,5,,,,,,,,,,,,,,,,63,9.10
Andrew Wingard,2562606,DB,JAX,@LA,3,5,,,,,,,,,,,,,,,,64,9.10
Xavier Woods,2558159,DB,MIN,@DET,3,5,,,,,,,,,,,,,,,,65,9.10
Nasir Adderley,2562617,DB,LAC,@CIN,2,5,0.5,,,,,,,,,,,,1,,,66,8.90
Damontae Kazee,2558184,DB,DAL,@NO,1,1,,,1,,,,,,,,,1,,8,,67,8.77
Xavien Howard,2555539,DB,MIA,NYG,1,1,,,1,,,,,,,,,1,,,,68,8.50
Byron Jones,2552568,DB,MIA,NYG,5,,,,,,,,,,,,,,,,,69,8.50
Deandre Baker,2562227,DB,KC,DEN,3,1,,,,,,,,,,,,1,,,,70,8.40
Jourdan Lewis,2557920,DB,DAL,@NO,3,1,,,,,,,,,,,,1,,,,71,8.40
Bobby McCain,2552434,DB,WAS,@LV,3,1,,,,,,,,,,,,1,,,,72,8.40
Trevon Moehrig,2566268,DB,LV,WAS,3,1,,,,,,,,,,,,1,,,,73,8.40
Sean Murphy-Bunting,2562635,DB,TB,@ATL,4,2,,,,,,,,,,,,,,,,74,8.40
D.J. Reed,2560850,DB,SEA,SF,1,2,,,,,,,,,,,,2,,,,75,8.30
Vonn Bell,2555530,DB,CIN,LAC,2,4,0.5,,,,,,,,,,,,1,,,76,8.10
Jalen Ramsey,2555280,DB,LA,JAX,2,1,,,,,1,,,,,,,1,,,8,77,7.97
Dontae Johnson,2543739,DB,SF,@SEA,3,2,,,,,1,,,,,,,,,,,78,7.70
Darren Hall,2565821,DB,ATL,TB,4,1,,,,,,,,,,,,,,,,79,7.60
Nik Needham,2563220,DB,MIA,NYG,4,1,,,,,,,,,,,,,,,,80,7.60
Harrison Smith,2532948,DB,MIN,@DET,4,1,,,,,,,,,,,,,,,,81,7.60
Marcus Williams,2558847,DB,NO,DAL,3,,,,,,,,,,,,,1,,,,82,7.60
Andrew Adams,2556456,DB,TB,@ATL,3,3,,,,,,,,,,,,,,,,83,7.50
J.C. Jackson,2560754,DB,NE,@BUF,2,,,1,,,,,,,,,,1,,,,84,7.40
Johnathan Abram,2562616,DB,LV,WAS,1,2,,1,,,,,,,,,,1,,,,85,7.30
Pat Surtain II,2566043,DB,DEN,@KC,,1,,,1,,,,,,,,,1,,,,86,6.80
Cameron Sutton,2558849,DB,PIT,BAL,4,,,,,,,,,,,,,,,,,87,6.80
Jaquiski Tartt,2552391,DB,SF,@SEA,4,,,,,,,,,,,,,,,,,88,6.80
Ashtyn Davis,2564793,DB,NYJ,PHI,2,1,,,,,,,,,,,,1,,,,89,6.70
Tashaun Gipson,2532848,DB,CHI,ARI,3,2,,,,,,,,,,,,,,,,90,6.70
Will Harris,2562395,DB,DET,MIN,2,1,,,,,,,,,,,,1,,,,91,6.70
Casey Hayward,2532861,DB,LV,WAS,2,1,,,,,,,,,,,,1,,,,92,6.70
Bradley Roby,2543505,DB,NO,DAL,1,,,,,,,,,,,,,2,,,,93,6.70
A.J. Terrell,2563527,DB,ATL,TB,2,1,,,,,,,,,,,,1,,,,94,6.70
Micah Hyde,2539240,DB,BUF,NE,3,,,1,,,,,,,,,,,,,,95,6.60
Rayshawn Jenkins,2558182,DB,JAX,@LA,2,4,,,,,,,,,,,,,,,,96,6.60
Deommodore Lenoir,2566535,DB,SF,@SEA,3,,,1,,,,,,,,,,,,,,97,6.60
Terrell Edmunds,2560712,DB,PIT,BAL,3,1,,,,,,,,,,,,,,,,98,5.90
Talanoa Hufanga,2566529,DB,SF,@SEA,3,1,,,,,,,,,,,,,,,,99,5.90
Malcolm Jenkins,79848,DB,NO,DAL,3,1,,,,,,,,,,,,,,,,100,5.90
Jimmy Smith,2508107,DB,BAL,@PIT,3,1,,,,,,,,,,,,,,,,101,5.90
Jimmie Ward,2543741,DB,SF,@SEA,3,1,,,,,,,,,,,,,,,,102,5.90
Javelin Guidry,2565504,DB,NYJ,PHI,2,3,,,,,,,,,,,,,,,,103,5.80
Xavier Rhodes,2540155,DB,IND,@HOU,1,,,,,,1,,,,,,,1,,,,104,5.20
Anthony Averett,2560963,DB,BAL,@PIT,3,,,,,,,,,,,,,,,,,105,5.10
Chris Claybrooks,2564169,DB,JAX,@LA,3,,,,,,,,,,,,,,,,,106,5.10
Tre Flowers,2560728,DB,CIN,LAC,3,,,,,,,,,,,,,,,,,107,5.10
Marlon Humphrey,2558067,DB,BAL,@PIT,3,,,,,,,,,,,,,,,,,108,5.10
Ambry Thomas,2566547,DB,SF,@SEA,3,,,,,,,,,,,,,,,,,109,5.10
Jarren Williams,2564958,DB,NYG,@MIA,3,,,,,,,,,,,,,,,,,110,5.10
Marco Wilson,2566439,DB,ARI,@CHI,3,,,,,,,,,,,,,,,,,111,5.10
Jamal Adams,2557979,DB,SEA,SF,2,2,,,,,,,,,,,,,,,,112,5.00
Eli Apple,2555277,DB,CIN,LAC,1,1,,,,,,,,,,,,1,,,,113,5.00
Tyson Campbell,2566151,DB,JAX,@LA,2,2,,,,,,,,,,,,,,,,114,5.00
Deshazor Everett,2553710,DB,WAS,@LV,2,2,,,,,,,,,,,,,,,,115,5.00
Julian Love,2562414,DB,NYG,@MIA,1,1,,,,,,,,,,,,1,,,,116,5.00
Avonte Maddox,2560795,DB,PHI,@NYJ,2,2,,,,,,,,,,,,,,,,117,5.00
L'Jarius Sneed,2564304,DB,KC,DEN,2,2,,,,,,,,,,,,,,,,118,5.00
Ryan Neal,2561381,DB,SEA,SF,1,4,,,,,,,,,,,,,,,,119,4.90
Taylor Rapp,2562707,DB,LA,JAX,1,2,,,,,1,,,,,,,,,,,120,4.30
Ross Cockrell,2543799,DB,TB,@ATL,2,1,,,,,,,,,,,,,,,,121,4.20
Jamel Dean,2562556,DB,TB,@ATL,1,,,,,,,,,,,,,1,,,,122,4.20
Brandon Facyson,2560719,DB,LV,WAS,2,1,,,,,,,,,,,,,,,,123,4.20
Richie Grant,2565818,DB,ATL,TB,2,1,,,,,,,,,,,,,,,,124,4.20
Duron Harmon,2541243,DB,ATL,TB,2,1,,,,,,,,,,,,,,,,125,4.20
Anthony Harris,2553655,DB,PHI,@NYJ,2,1,,,,,,,,,,,,,,,,126,4.20
William Jackson,2556367,DB,WAS,@LV,1,,,,,,,,,,,,,1,,,,127,4.20
Josh Norman,2532920,DB,SF,@SEA,2,1,,,,,,,,,,,,,,,,128,4.20
Jonathan Owens,2561255,DB,HOU,IND,2,1,,,,,,,,,,,,,,,,129,4.20
Nick Scott,2562905,DB,LA,JAX,2,1,,,,,,,,,,,,,,,,130,4.20
Tre Norwood,2566463,DB,PIT,BAL,1,3,,,,,,,,,,,,,,,,131,4.10
Avery Williams,2565833,DB,ATL,TB,2,2,,,,,1,,,,,,,,,,,132,4.00
Geno Stone,2563584,DB,BAL,@PIT,2,,,,,,,,,,,,,,1,,,133,3.90
James Bradberry,2555175,DB,NYG,@MIA,2,,,,,,,,,,,,,,,,,134,3.40
T.J. Carrie,2550164,DB,IND,@HOU,2,,,,,,,,,,,,,,,,,135,3.40
Xavier Crawford,2562515,DB,CHI,ARI,2,,,,,,,,,,,,,,,,,136,3.40
Ronald Darby,2552689,DB,DEN,@KC,2,,,,,,,,,,,,,,,,,137,3.40
J.T. Gray,2561206,DB,NO,DAL,2,,,,,,,,,,,,,,,,,138,3.40
Antonio Hamilton,2556804,DB,ARI,@CHI,2,,,,,,,,,,,,,,,,,139,3.40
Lonnie Johnson,2562295,DB,HOU,IND,2,,,,,,,,,,,,,,,,,140,3.40
Justin Layne,2562479,DB,PIT,BAL,2,,,,,,,,,,,,,,,,,141,3.40
Devin McCourty,494287,DB,NE,@BUF,2,,,,,,,,,,,,,,,,,142,3.40
Ifeatu Melifonwu,2566064,DB,DET,MIN,2,,,,,,,,,,,,,,,,,143,3.40
George Odum,2561131,DB,IND,@HOU,2,,,,,,,,,,,,,,,,,144,3.40
Justin Simmons,2555550,DB,DEN,@KC,2,,,,,,,,,,,,,,,,,145,3.40
Rodney McLeod,2534832,DB,PHI,@NYJ,1,2,,,,,,,,,,,,,,,,146,3.30
Levi Wallace,2560914,DB,BUF,NE,1,2,,,,,,,,,,,,,,,,147,3.30
Ugo Amadi,2562464,DB,SEA,SF,1,1,,,,,,,,,,,,,,,,148,2.50
Kris Boyd,2562630,DB,MIN,@DET,1,1,,,,,,,,,,,,,,,,149,2.50
Michael Carter II,2565717,DB,NYJ,PHI,1,1,,,,,,,,,,,,,,,,150,2.50
Justin Coleman,2553637,DB,MIA,NYG,1,1,,,,,,,,,,,,,,,,151,2.50
Donte' Deayon,2556512,DB,LA,JAX,1,1,,,,,,,,,,,,,,,,152,2.50
Clayton Fejedelem,2555355,DB,MIA,NYG,1,1,,,,,,,,,,,,,,,,153,2.50
Kyle Fuller,2543681,DB,DEN,@KC,,,,,,,,,,,,,,1,,,,154,2.50
Kareem Jackson,496735,DB,DEN,@KC,1,1,,,,,,,,,,,,,,,,155,2.50
Jaylon Johnson,2563701,DB,CHI,ARI,1,1,,,,,,,,,,,,,,,,156,2.50
Arthur Maulet,2559087,DB,PIT,BAL,1,1,,,,,,,,,,,,,,,,157,2.50
A.J. Moore,2561538,DB,HOU,IND,1,1,,,,,,,,,,,,,,,,158,2.50
Eric Murray,2555173,DB,HOU,IND,1,1,,,,,,,,,,,,,,,,159,2.50
Keisean Nixon,2562938,DB,LV,WAS,1,1,,,,,,,,,,,,,,,,160,2.50
Paulson Adebo,2566346,DB,NO,DAL,1,,,,,,,,,,,,,,,,,161,1.70
Mackensie Alexander,2555177,DB,MIN,@DET,1,,,,,,,,,,,,,,,,,162,1.70
Robert Alford,2539653,DB,ARI,@CHI,1,,,,,,,,,,,,,,,,,163,1.70
Blessuan Austin,2562468,DB,SEA,SF,1,,,,,,,,,,,,,,,,,164,1.70
Andre Chachere,2561016,DB,PHI,@NYJ,1,,,,,,,,,,,,,,,,,165,1.70
Andre Cisco,2566154,DB,JAX,@LA,1,,,,,,,,,,,,,,,,,166,1.70
Cody Davis,2541135,DB,NE,@BUF,1,,,,,,,,,,,,,,,,,167,1.70
Mike Ford,2561527,DB,DEN,@KC,1,,,,,,,,,,,,,,,,,168,1.70
Jeff Heath,2541832,DB,NO,DAL,1,,,,,,,,,,,,,,,,,169,1.70
Danny Johnson,2560764,DB,WAS,@LV,1,,,,,,,,,,,,,,,,,170,1.70
Taron Johnson,2560766,DB,BUF,NE,1,,,,,,,,,,,,,,,,,171,1.70
C.J. Moore,2563193,DB,DET,MIN,1,,,,,,,,,,,,,,,,,172,1.70
Armani Watts,2560921,DB,KC,DEN,1,,,,,,,,,,,,,,,,,173,1.70
Vernon Hargreaves III,2555299,DB,CIN,LAC,,2,,,,,,,,,,,,,,,,174,1.60
Erik Harris,2555568,DB,ATL,TB,,2,,,,,,,,,,,,,,,,175,1.60
DeAndre Houston-Carson,2555381,DB,CHI,ARI,,2,,,,,,,,,,,,,,,,176,1.60
Emmanuel Moseley,2561072,DB,SF,@SEA,,,,,,,1,,,,,,,,,,,177,1.00
Siran Neal,2560818,DB,BUF,NE,,,,,,,1,,,,,,,,,,,178,1.00
Nate Hairston,2558108,DB,DEN,@KC,,1,,,,,,,,,,,,,,,,179,0.80
Kemon Hall,2562975,DB,LAC,@CIN,,1,,,,,,,,,,,,,,,,180,0.80
Justin Hardee,2559181,DB,NYJ,PHI,,1,,,,,,,,,,,,,,,,181,0.80
Malik Hooker,2558060,DB,DAL,@NO,,1,,,,,,,,,,,,,,,,182,0.80
Kelvin Joseph,2566010,DB,DAL,@NO,,1,,,,,,,,,,,,,,,,183,0.80
Miles Killebrew,2555315,DB,PIT,BAL,,1,,,,,,,,,,,,,,,,184,0.80
Trey Marshall,2561370,DB,LAC,@CIN,,1,,,,,,,,,,,,,,,,185,0.80
Zech McPhearson,2566406,DB,PHI,@NYJ,,1,,,,,,,,,,,,,,,,186,0.80
James Pierre,2565003,DB,PIT,BAL,,1,,,,,,,,,,,,,,,,187,0.80
John Reid,2564088,DB,SEA,SF,,1,,,,,,,,,,,,,,,,188,0.80
Kindle Vildor,2563713,DB,CHI,ARI,,1,,,,,,,,,,,,,,,,189,0.80
Delrick Abrams,2563464,DB,FA,Bye,,,,,,,,,,,,,,,,,,190,0.00
DeMarkus Acy,2565087,DB,PIT,BAL,,,,,,,,,,,,,,,,,,191,0.00
Jahleel Addae,2541958,DB,IND,@HOU,,,,,,,,,,,,,,,,,,192,0.00
Jaire Alexander,2560952,DB,GB,Bye,,,,,,,,,,,,,,,,,,193,0.00
Brian Allen,2558237,DB,CLE,Bye,,,,,,,,,,,,,,,,,,194,0.00
Marcus Allen,2560956,DB,PIT,BAL,,,,,,,,,,,,,,,,,,195,0.00
Ricardo Allen,2543850,DB,CIN,LAC,,,,,,,,,,,,,,,,,,196,0.00
Johnathan Alston,2561520,DB,FA,Bye,,,,,,,,,,,,,,,,,,197,0.00
Adrian Amos,2552385,DB,GB,Bye,,,,,,,,,,,,,,,,,,198,0.00
Troy Apke,2560958,DB,WAS,@LV,,,,,,,,,,,,,,,,,,199,0.00
Cornell Armstrong,2561147,DB,ATL,TB,,,,,,,,,,,,,,,,,,200,0.00
Damon Arnette,2564409,DB,MIA,NYG,,,,,,,,,,,,,,,,,,201,0.00
Grayland Arnold,2564814,DB,HOU,IND,,,,,,,,,,,,,,,,,,202,0.00
Jaytlin Askew,2566656,DB,FA,Bye,,,,,,,,,,,,,,,,,,203,0.00
Corey Ballentine,2562228,DB,DET,MIN,,,,,,,,,,,,,,,,,,204,0.00
Chris Banjo,2541192,DB,ARI,@CHI,,,,,,,,,,,,,,,,,,205,0.00
Luq Barcoo,2564160,DB,SF,@SEA,,,,,,,,,,,,,,,,,,206,0.00
Essang Bassey,2563875,DB,FA,Bye,,,,,,,,,,,,,,,,,,207,0.00
DeVante Bausby,2553790,DB,NE,@BUF,,,,,,,,,,,,,,,,,,208,0.00
Sam Beal,2561643,DB,FA,Bye,,,,,,,,,,,,,,,,,,209,0.00
Elijah Benton,2563758,DB,FA,Bye,,,,,,,,,,,,,,,,,,210,0.00
Justin Bethel,2532792,DB,NE,@BUF,,,,,,,,,,,,,,,,,,211,0.00
Henry Black,2563974,DB,GB,Bye,,,,,,,,,,,,,,,,,,212,0.00
Julian Blackmon,2564103,DB,IND,@HOU,,,,,,,,,,,,,,,,,,213,0.00
Marquise Blair,2562233,DB,SEA,SF,,,,,,,,,,,,,,,,,,214,0.00
Joshuah Bledsoe,2566331,DB,NE,@BUF,,,,,,,,,,,,,,,,,,215,0.00
Briean Boddy-Calhoun,2556475,DB,TEN,Bye,,,,,,,,,,,,,,,,,,216,0.00
Terrell Bonds,2563136,DB,FA,Bye,,,,,,,,,,,,,,,,,,217,0.00
Breon Borders,2559015,DB,ARI,@CHI,,,,,,,,,,,,,,,,,,218,0.00
Tre Boston,2543830,DB,FA,Bye,,,,,,,,,,,,,,,,,,219,0.00
A.J. Bouye,2541162,DB,CAR,Bye,,,,,,,,,,,,,,,,,,220,0.00
John Brannon,2565018,DB,CIN,LAC,,,,,,,,,,,,,,,,,,221,0.00
Brady Breeze,2566103,DB,DET,MIN,,,,,,,,,,,,,,,,,,222,0.00
Antoine Brooks Jr.,2564967,DB,LA,JAX,,,,,,,,,,,,,,,,,,223,0.00
Terrence Brooks,2543712,DB,HOU,IND,,,,,,,,,,,,,,,,,,224,0.00
Jordan Brown,2562396,DB,LV,WAS,,,,,,,,,,,,,,,,,,225,0.00
Shakur Brown,2565774,DB,FA,Bye,,,,,,,,,,,,,,,,,,226,0.00
Tony Brown,2560982,DB,LV,WAS,,,,,,,,,,,,,,,,,,227,0.00
Tre Brown,2566550,DB,SEA,SF,,,,,,,,,,,,,,,,,,228,0.00
Terrell Burgess,2564331,DB,LA,JAX,,,,,,,,,,,,,,,,,,229,0.00
Eric Burrell,2565696,DB,FA,Bye,,,,,,,,,,,,,,,,,,230,0.00
Juston Burris,2555313,DB,CAR,Bye,,,,,,,,,,,,,,,,,,231,0.00
Deante Burton,2559109,DB,FA,Bye,,,,,,,,,,,,,,,,,,232,0.00
Deon Bush,2555155,DB,CHI,ARI,,,,,,,,,,,,,,,,,,233,0.00
Malcolm Butler,2550613,DB,FA,Bye,,,,,,,,,,,,,,,,,,234,0.00
Kevin Byard,2555158,DB,TEN,Bye,,,,,,,,,,,,,,,,,,235,0.00
Camryn Bynum,2566295,DB,MIN,@DET,,,,,,,,,,,,,,,,,,236,0.00
Bryce Callahan,2553500,DB,DEN,@KC,,,,,,,,,,,,,,,,,,237,0.00
Elijah Campbell,2561455,DB,MIA,NYG,,,,,,,,,,,,,,,,,,238,0.00
Ibraheim Campbell,2552605,DB,IND,@HOU,,,,,,,,,,,,,,,,,,239,0.00
Maurice Canady,2555178,DB,DAL,@NO,,,,,,,,,,,,,,,,,,240,0.00
Jamal Carter,2559321,DB,TEN,Bye,,,,,,,,,,,,,,,,,,241,0.00
Sean Chandler,2561017,DB,CAR,Bye,,,,,,,,,,,,,,,,,,242,0.00
Anthony Chesley,2563235,DB,IND,@HOU,,,,,,,,,,,,,,,,,,243,0.00
Jeremy Chinn,2563632,DB,CAR,Bye,,,,,,,,,,,,,,,,,,244,0.00
Marqui Christian,2556277,DB,CHI,ARI,,,,,,,,,,,,,,,,,,245,0.00
Patrick Chung,71251,DB,FA,Bye,,,,,,,,,,,,,,,,,,246,0.00
Adrian Colbert,2558857,DB,CLE,Bye,,,,,,,,,,,,,,,,,,247,0.00
Landon Collins,2552454,DB,WAS,@LV,,,,,,,,,,,,,,,,,,248,0.00
Chris Cooper,2561429,DB,FA,Bye,,,,,,,,,,,,,,,,,,249,0.00
Shaun Crawford,2565642,DB,FA,Bye,,,,,,,,,,,,,,,,,,250,0.00
Ken Crawley,2556735,DB,NO,DAL,,,,,,,,,,,,,,,,,,251,0.00
Keion Crossen,2561157,DB,NYG,@MIA,,,,,,,,,,,,,,,,,,252,0.00
Dane Cruikshank,2561033,DB,TEN,Bye,,,,,,,,,,,,,,,,,,253,0.00
Jordan Dangerfield,2541696,DB,FA,Bye,,,,,,,,,,,,,,,,,,254,0.00
DJ Daniel,2566653,DB,NE,@BUF,,,,,,,,,,,,,,,,,,255,0.00
Jalen Davis,2561316,DB,CIN,LAC,,,,,,,,,,,,,,,,,,256,0.00
Javaris Davis,2564265,DB,MIA,NYG,,,,,,,,,,,,,,,,,,257,0.00
Sean Davis,2555386,DB,NE,@BUF,,,,,,,,,,,,,,,,,,258,0.00
Shawn Davis,2565597,DB,GB,Bye,,,,,,,,,,,,,,,,,,259,0.00
Duke Dawson,2561040,DB,DEN,@KC,,,,,,,,,,,,,,,,,,260,0.00
Grant Delpit,2563773,DB,CLE,Bye,,,,,,,,,,,,,,,,,,261,0.00
Stephen Denmark,2562874,DB,FA,Bye,,,,,,,,,,,,,,,,,,262,0.00
Darqueze Dennard,2543474,DB,SF,@SEA,,,,,,,,,,,,,,,,,,263,0.00
Khalil Dorsey,2565336,DB,BAL,@PIT,,,,,,,,,,,,,,,,,,264,0.00
Rasul Douglas,2558168,DB,GB,Bye,,,,,,,,,,,,,,,,,,265,0.00
Kyle Dugger,2564601,DB,NE,@BUF,,,,,,,,,,,,,,,,,,266,0.00
Quinton Dunbar,2553796,DB,FA,Bye,,,,,,,,,,,,,,,,,,267,0.00
Isaiah Dunn,2565720,DB,NYJ,PHI,,,,,,,,,,,,,,,,,,268,0.00
Nate Ebner,2535132,DB,NYG,@MIA,,,,,,,,,,,,,,,,,,269,0.00
Brandin Echols,2565726,DB,NYJ,PHI,,,,,,,,,,,,,,,,,,270,0.00
Mike Edwards,2562259,DB,TB,@ATL,,,,,,,,,,,,,,,,,,271,0.00
Corn Elder,2558171,DB,WAS,@LV,,,,,,,,,,,,,,,,,,272,0.00
DeShon Elliott,2560715,DB,BAL,@PIT,,,,,,,,,,,,,,,,,,273,0.00
Tino Ellis,2564670,DB,FA,Bye,,,,,,,,,,,,,,,,,,274,0.00
Caleb Farley,2566106,DB,TEN,Bye,,,,,,,,,,,,,,,,,,275,0.00
Matthias Farley,2556429,DB,TEN,Bye,,,,,,,,,,,,,,,,,,276,0.00
Rashad Fenton,2562649,DB,KC,DEN,,,,,,,,,,,,,,,,,,277,0.00
Mark Fields,2562442,DB,FA,Bye,,,,,,,,,,,,,,,,,,278,0.00
Paris Ford,2566205,DB,FA,Bye,,,,,,,,,,,,,,,,,,279,0.00
Darrick Forrest,2566598,DB,WAS,@LV,,,,,,,,,,,,,,,,,,280,0.00
Sam Franklin,2563638,DB,CAR,Bye,,,,,,,,,,,,,,,,,,281,0.00
Kavon Frazier,2555536,DB,LV,WAS,,,,,,,,,,,,,,,,,,282,0.00
Kristian Fulton,2564046,DB,TEN,Bye,,,,,,,,,,,,,,,,,,283,0.00
Innis Gaines,2565591,DB,GB,Bye,,,,,,,,,,,,,,,,,,284,0.00
Phillip Gaines,2543851,DB,FA,Bye,,,,,,,,,,,,,,,,,,285,0.00
Chauncey Gardner-Johnson,2562588,DB,NO,DAL,,,,,,,,,,,,,,,,,,286,0.00
Rashaan Gaulden,2560775,DB,FA,Bye,,,,,,,,,,,,,,,,,,287,0.00
Jake Gervase,2563306,DB,LA,JAX,,,,,,,,,,,,,,,,,,288,0.00
Mark Gilbert,2565783,DB,DET,MIN,,,,,,,,,,,,,,,,,,289,0.00
Tyree Gillespie,2566256,DB,LV,WAS,,,,,,,,,,,,,,,,,,290,0.00
Alohi Gilman,2565042,DB,LAC,@CIN,,,,,,,,,,,,,,,,,,291,0.00
Stephon Gilmore,2533062,DB,CAR,Bye,,,,,,,,,,,,,,,,,,292,0.00
Jeff Gladney,2564541,DB,FA,Bye,,,,,,,,,,,,,,,,,,293,0.00
C.J. Goodwin,2550767,DB,DAL,@NO,,,,,,,,,,,,,,,,,,294,0.00
Tay Gowan,2566427,DB,PHI,@NYJ,,,,,,,,,,,,,,,,,,295,0.00
Thomas Graham Jr.,2565923,DB,CHI,ARI,,,,,,,,,,,,,,,,,,296,0.00
A.J. Green,2563782,DB,CLE,Bye,,,,,,,,,,,,,,,,,,297,0.00
T.J. Green,2555537,DB,HOU,IND,,,,,,,,,,,,,,,,,,298,0.00
Raven Greene,2561207,DB,FA,Bye,,,,,,,,,,,,,,,,,,299,0.00
Olaijah Griffin,2566635,DB,BUF,NE,,,,,,,,,,,,,,,,,,300,0.00
Shaquill Griffin,2558259,DB,JAX,@LA,,,,,,,,,,,,,,,,,,301,0.00
Joe Haden,496733,DB,PIT,BAL,,,,,,,,,,,,,,,,,,302,0.00
Javon Hagan,2565219,DB,ARI,@CHI,,,,,,,,,,,,,,,,,,303,0.00
Tyler Hall,2563497,DB,LA,JAX,,,,,,,,,,,,,,,,,,304,0.00
Damar Hamlin,2565872,DB,BUF,NE,,,,,,,,,,,,,,,,,,305,0.00
Saquan Hampton,2562658,DB,FA,Bye,,,,,,,,,,,,,,,,,,306,0.00
Harrison Hand,2564547,DB,MIN,@DET,,,,,,,,,,,,,,,,,,307,0.00
Madre Harper,2564421,DB,CAR,Bye,,,,,,,,,,,,,,,,,,308,0.00
Brontae Harris,2566217,DB,FA,Bye,,,,,,,,,,,,,,,,,,309,0.00
Marcell Harris,2561006,DB,SF,@SEA,,,,,,,,,,,,,,,,,,310,0.00
Tim Harris,2562949,DB,BUF,NE,,,,,,,,,,,,,,,,,,311,0.00
Ronnie Harrison,2561008,DB,CLE,Bye,,,,,,,,,,,,,,,,,,312,0.00
Myles Hartsfield,2563644,DB,CAR,Bye,,,,,,,,,,,,,,,,,,313,0.00
J.T. Hassell,2563045,DB,FA,Bye,,,,,,,,,,,,,,,,,,314,0.00
Jaylinn Hawkins,2563500,DB,ATL,TB,,,,,,,,,,,,,,,,,,315,0.00
C.J. Henderson,2564199,DB,CAR,Bye,,,,,,,,,,,,,,,,,,316,0.00
Trayvon Henderson,2561339,DB,CIN,LAC,,,,,,,,,,,,,,,,,,317,0.00
Tre Herndon,2561340,DB,JAX,@LA,,,,,,,,,,,,,,,,,,318,0.00
Gavin Heslop,2565156,DB,SEA,SF,,,,,,,,,,,,,,,,,,319,0.00
Troy Hill,2553536,DB,CLE,Bye,,,,,,,,,,,,,,,,,,320,0.00
Alijah Holder,2562572,DB,FA,Bye,,,,,,,,,,,,,,,,,,321,0.00
Nate Holley,2561627,DB,FA,Bye,,,,,,,,,,,,,,,,,,322,0.00
Ka'dar Hollman,2562940,DB,NYG,@MIA,,,,,,,,,,,,,,,,,,323,0.00
Darnay Holmes,2564739,DB,NYG,@MIA,,,,,,,,,,,,,,,,,,324,0.00
Amani Hooker,2562666,DB,TEN,Bye,,,,,,,,,,,,,,,,,,325,0.00
Jaycee Horn,2565893,DB,CAR,Bye,,,,,,,,,,,,,,,,,,326,0.00
Jameson Houston,2563791,DB,FA,Bye,,,,,,,,,,,,,,,,,,327,0.00
JuJu Hughes,2564352,DB,FA,Bye,,,,,,,,,,,,,,,,,,328,0.00
Mike Hughes,2560746,DB,KC,DEN,,,,,,,,,,,,,,,,,,329,0.00
J.T. Ibe,2565570,DB,FA,Bye,,,,,,,,,,,,,,,,,,330,0.00
Noah Igbinoghene,2564457,DB,MIA,NYG,,,,,,,,,,,,,,,,,,331,0.00
Adoree' Jackson,2558065,DB,NYG,@MIA,,,,,,,,,,,,,,,,,,332,0.00
Bennett Jackson,2543834,DB,FA,Bye,,,,,,,,,,,,,,,,,,333,0.00
Chris Jackson,2564049,DB,TEN,Bye,,,,,,,,,,,,,,,,,,334,0.00
Donte Jackson,2560753,DB,CAR,Bye,,,,,,,,,,,,,,,,,,335,0.00
Josh Jackson,2560755,DB,KC,DEN,,,,,,,,,,,,,,,,,,336,0.00
Lamar Jackson,2565513,DB,NYJ,PHI,,,,,,,,,,,,,,,,,,337,0.00
Mike Jackson,2562434,DB,SEA,SF,,,,,,,,,,,,,,,,,,338,0.00
Robert Jackson,2561434,DB,BAL,@PIT,,,,,,,,,,,,,,,,,,339,0.00
Michael Jacquet,2564835,DB,JAX,@LA,,,,,,,,,,,,,,,,,,340,0.00
Natrell Jamerson,2560759,DB,NYG,@MIA,,,,,,,,,,,,,,,,,,341,0.00
Craig James,2561486,DB,PHI,@NYJ,,,,,,,,,,,,,,,,,,342,0.00
Shemar Jean-Charles,2566079,DB,GB,Bye,,,,,,,,,,,,,,,,,,343,0.00
Janoris Jenkins,2532875,DB,TEN,Bye,,,,,,,,,,,,,,,,,,344,0.00
Isaiah Johnson,2562675,DB,FA,Bye,,,,,,,,,,,,,,,,,,345,0.00
Jamar Johnson,2566031,DB,DEN,@KC,,,,,,,,,,,,,,,,,,346,0.00
Jaquan Johnson,2562676,DB,BUF,NE,,,,,,,,,,,,,,,,,,347,0.00
John Johnson,2558183,DB,CLE,Bye,,,,,,,,,,,,,,,,,,348,0.00
Kevin Johnson,2552261,DB,FA,Bye,,,,,,,,,,,,,,,,,,349,0.00
Brandon Jones,2564469,DB,MIA,NYG,,,,,,,,,,,,,,,,,,350,0.00
Chris Jones,2560767,DB,TEN,Bye,,,,,,,,,,,,,,,,,,351,0.00
Jonathan Jones,2556571,DB,NE,@BUF,,,,,,,,,,,,,,,,,,352,0.00
Josh Jones,2558119,DB,SEA,SF,,,,,,,,,,,,,,,,,,353,0.00
Karl Joseph,2555342,DB,PIT,BAL,,,,,,,,,,,,,,,,,,354,0.00
Lamarcus Joyner,2543492,DB,NYJ,PHI,,,,,,,,,,,,,,,,,,355,0.00
Jalen Julius,2564289,DB,FA,Bye,,,,,,,,,,,,,,,,,,356,0.00
Joshua Kalu,2560776,DB,NYG,@MIA,,,,,,,,,,,,,,,,,,357,0.00
Bopete Keyes,2564292,DB,CHI,ARI,,,,,,,,,,,,,,,,,,358,0.00
Kevin King,2557996,DB,GB,Bye,,,,,,,,,,,,,,,,,,359,0.00
Luther Kirk,2565304,DB,ATL,TB,,,,,,,,,,,,,,,,,,360,0.00
Dre Kirkpatrick,2533060,DB,FA,Bye,,,,,,,,,,,,,,,,,,361,0.00
Chris Lammons,2561226,DB,KC,DEN,,,,,,,,,,,,,,,,,,362,0.00
Dallin Leavitt,2561585,DB,LV,WAS,,,,,,,,,,,,,,,,,,363,0.00
Richard LeCounte III,2565977,DB,CLE,Bye,,,,,,,,,,,,,,,,,,364,0.00
Anthony Levine,2508004,DB,BAL,@PIT,,,,,,,,,,,,,,,,,,365,0.00
Cam Lewis,2563205,DB,BUF,NE,,,,,,,,,,,,,,,,,,366,0.00
Donnie Lewis,2562910,DB,FA,Bye,,,,,,,,,,,,,,,,,,367,0.00
Zane Lewis,2564928,DB,NYJ,PHI,,,,,,,,,,,,,,,,,,368,0.00
P.J. Locke,2563012,DB,DEN,@KC,,,,,,,,,,,,,,,,,,369,0.00
David Long,2562798,DB,LA,JAX,,,,,,,,,,,,,,,,,,370,0.00
Jordan Lucas,2555542,DB,FA,Bye,,,,,,,,,,,,,,,,,,371,0.00
Cole Luke,2558968,DB,FA,Bye,,,,,,,,,,,,,,,,,,372,0.00
Dylan Mabin,2563029,DB,NO,DAL,,,,,,,,,,,,,,,,,,373,0.00
Greg Mabin,2558971,DB,TEN,Bye,,,,,,,,,,,,,,,,,,374,0.00
Iman Marshall,2562961,DB,BAL,@PIT,,,,,,,,,,,,,,,,,,375,0.00
Marcus Maye,2557995,DB,NYJ,PHI,,,,,,,,,,,,,,,,,,376,0.00
Nick McCloud,2566638,DB,BUF,NE,,,,,,,,,,,,,,,,,,377,0.00
Jason McCourty,89756,DB,MIA,NYG,,,,,,,,,,,,,,,,,,378,0.00
Bradley McDougald,2539243,DB,JAX,@LA,,,,,,,,,,,,,,,,,,379,0.00
Sherrick McManis,494289,DB,FA,Bye,,,,,,,,,,,,,,,,,,380,0.00
Torry McTyer,2559053,DB,WAS,@LV,,,,,,,,,,,,,,,,,,381,0.00
Quenton Meeks,2560808,DB,FA,Bye,,,,,,,,,,,,,,,,,,382,0.00
Rashaan Melvin,2541200,DB,CAR,Bye,,,,,,,,,,,,,,,,,,383,0.00
Josh Metellus,2564568,DB,MIN,@DET,,,,,,,,,,,,,,,,,,384,0.00
Doug Middleton,2556617,DB,SF,@SEA,,,,,,,,,,,,,,,,,,385,0.00
Herb Miller,2563153,DB,CLE,Bye,,,,,,,,,,,,,,,,,,386,0.00
Jordan Miller,2562497,DB,NO,DAL,,,,,,,,,,,,,,,,,,387,0.00
Jalen Mills,2555383,DB,NE,@BUF,,,,,,,,,,,,,,,,,,388,0.00
Chris Milton,2556394,DB,MIA,NYG,,,,,,,,,,,,,,,,,,389,0.00
Jovante Moffatt,2563797,DB,CLE,Bye,,,,,,,,,,,,,,,,,,390,0.00
Elijah Molden,2566115,DB,TEN,Bye,,,,,,,,,,,,,,,,,,391,0.00
Joshua Moon,2563265,DB,FA,Bye,,,,,,,,,,,,,,,,,,392,0.00
Tarvarius Moore,2561117,DB,SF,@SEA,,,,,,,,,,,,,,,,,,393,0.00
Jimmy Moreland,2562858,DB,HOU,IND,,,,,,,,,,,,,,,,,,394,0.00
TJ Morrison,2565651,DB,FA,Bye,,,,,,,,,,,,,,,,,,395,0.00
Parnell Motley,2565237,DB,DET,MIN,,,,,,,,,,,,,,,,,,396,0.00
Israel Mukuamu,2566013,DB,DAL,@NO,,,,,,,,,,,,,,,,,,397,0.00
Trayvon Mullen,2562380,DB,LV,WAS,,,,,,,,,,,,,,,,,,398,0.00
Kai Nacua,2559220,DB,NYJ,PHI,,,,,,,,,,,,,,,,,,399,0.00
Sharrod Neasman,2556443,DB,LA,JAX,,,,,,,,,,,,,,,,,,400,0.00
Nick Nelson,2560819,DB,IND,@HOU,,,,,,,,,,,,,,,,,,401,0.00
Picasso Nelson,2563002,DB,FA,Bye,,,,,,,,,,,,,,,,,,402,0.00
Steven Nelson,2552265,DB,PHI,@NYJ,,,,,,,,,,,,,,,,,,403,0.00
Greg Newsome II,2565980,DB,CLE,Bye,,,,,,,,,,,,,,,,,,404,0.00
Michael Ojemudia,2563908,DB,DEN,@KC,,,,,,,,,,,,,,,,,,405,0.00
Jeff Okudah,2563944,DB,DET,MIN,,,,,,,,,,,,,,,,,,406,0.00
Isaiah Oliver,2560830,DB,ATL,TB,,,,,,,,,,,,,,,,,,407,0.00
Kareem Orr,2563274,DB,LA,JAX,,,,,,,,,,,,,,,,,,408,0.00
Steven Parker,2561256,DB,NYG,@MIA,,,,,,,,,,,,,,,,,,409,0.00
Will Parks,2556278,DB,NYJ,PHI,,,,,,,,,,,,,,,,,,410,0.00
Jabrill Peppers,2557980,DB,NYG,@MIA,,,,,,,,,,,,,,,,,,411,0.00
Jomal Wiltz,2559283,DB,MIA,NYG,,,,,,,,,,,,,,,,,,412,0.00
Jordyn Peters,2565750,DB,FA,Bye,,,,,,,,,,,,,,,,,,413,0.00
Marcus Peters,2552488,DB,BAL,@PIT,,,,,,,,,,,,,,,,,,414,0.00
Kevin Peterson,2556764,DB,ARI,@CHI,,,,,,,,,,,,,,,,,,415,0.00
Patrick Peterson,2495504,DB,MIN,@DET,,,,,,,,,,,,,,,,,,416,0.00
Darius Phillips,2560839,DB,CIN,LAC,,,,,,,,,,,,,,,,,,417,0.00
Jason Pinnock,2565753,DB,NYJ,PHI,,,,,,,,,,,,,,,,,,418,0.00
Brian Poole,2556445,DB,IND,@HOU,,,,,,,,,,,,,,,,,,419,0.00
Bobby Price,2563953,DB,DET,MIN,,,,,,,,,,,,,,,,,,420,0.00
Troy Pride,2563662,DB,CAR,Bye,,,,,,,,,,,,,,,,,,421,0.00
Glover Quin,71441,DB,FA,Bye,,,,,,,,,,,,,,,,,,422,0.00
Damarious Randall,2552389,DB,FA,Bye,,,,,,,,,,,,,,,,,,423,0.00
Jeremy Reaves,2561394,DB,WAS,@LV,,,,,,,,,,,,,,,,,,424,0.00
Will Redmond,2555545,DB,IND,@HOU,,,,,,,,,,,,,,,,,,425,0.00
Sheldrick Redwine,2562711,DB,MIA,NYG,,,,,,,,,,,,,,,,,,426,0.00
J.R. Reed,2564220,DB,NYG,@MIA,,,,,,,,,,,,,,,,,,427,0.00
Jordan Richards,2552392,DB,BAL,@PIT,,,,,,,,,,,,,,,,,,428,0.00
Darryl Roberts,2553353,DB,WAS,@LV,,,,,,,,,,,,,,,,,,429,0.00
Amik Robertson,2564430,DB,LV,WAS,,,,,,,,,,,,,,,,,,430,0.00
Nickell Robey-Coleman,2540197,DB,DET,MIN,,,,,,,,,,,,,,,,,,431,0.00
Kenny Robinson,2563674,DB,CAR,Bye,,,,,,,,,,,,,,,,,,432,0.00
Patrick Robinson,2508084,DB,FA,Bye,,,,,,,,,,,,,,,,,,433,0.00
Rashard Robinson,2555546,DB,TB,@ATL,,,,,,,,,,,,,,,,,,434,0.00
Reggie Robinson II,2563863,DB,DAL,@NO,,,,,,,,,,,,,,,,,,435,0.00
Tyree Robinson,2561519,DB,FA,Bye,,,,,,,,,,,,,,,,,,436,0.00
Robert Rochell,2566241,DB,LA,JAX,,,,,,,,,,,,,,,,,,437,0.00
Isaiah Rodgers,2564142,DB,IND,@HOU,,,,,,,,,,,,,,,,,,438,0.00
Winston Rose,2556670,DB,FA,Bye,,,,,,,,,,,,,,,,,,439,0.00
D'Angelo Ross,2563057,DB,NE,@BUF,,,,,,,,,,,,,,,,,,440,0.00
Brandon Rusnak,2562912,DB,JAX,@LA,,,,,,,,,,,,,,,,,,441,0.00
KeiVarae Russell,2555547,DB,NO,DAL,,,,,,,,,,,,,,,,,,442,0.00
Asante Samuel Jr.,2566511,DB,LAC,@CIN,,,,,,,,,,,,,,,,,,443,0.00
Stanford Samuels III,2564022,DB,FA,Bye,,,,,,,,,,,,,,,,,,444,0.00
Darnell Savage,2562724,DB,GB,Bye,,,,,,,,,,,,,,,,,,445,0.00
Josiah Scott,2564229,DB,PHI,@NYJ,,,,,,,,,,,,,,,,,,446,0.00
Vernon Scott,2564028,DB,GB,Bye,,,,,,,,,,,,,,,,,,447,0.00
Andrew Sendejo,2525323,DB,IND,@HOU,,,,,,,,,,,,,,,,,,448,0.00
Kevon Seymour,2555549,DB,BAL,@PIT,,,,,,,,,,,,,,,,,,449,0.00
Kendall Sheffield,2562730,DB,ATL,TB,,,,,,,,,,,,,,,,,,450,0.00
Duke Shelley,2562957,DB,CHI,ARI,,,,,,,,,,,,,,,,,,451,0.00
Richard Sherman,2495507,DB,TB,@ATL,,,,,,,,,,,,,,,,,,452,0.00
Jamien Sherwood,2565762,DB,NYJ,PHI,,,,,,,,,,,,,,,,,,453,0.00
LeShaun Sims,2555551,DB,FA,Bye,,,,,,,,,,,,,,,,,,454,0.00
Kemah Siverand,2565189,DB,FA,Bye,,,,,,,,,,,,,,,,,,455,0.00
Buster Skrine,2495343,DB,TEN,Bye,,,,,,,,,,,,,,,,,,456,0.00
Maurice Smith,2559058,DB,FA,Bye,,,,,,,,,,,,,,,,,,457,0.00
Ryan Smith,2555552,DB,LAC,@CIN,,,,,,,,,,,,,,,,,,458,0.00
Saivion Smith,2562741,DB,DET,MIN,,,,,,,,,,,,,,,,,,459,0.00
Tremon Smith,2561103,DB,HOU,IND,,,,,,,,,,,,,,,,,,460,0.00
Tye Smith,2552449,DB,MIN,@DET,,,,,,,,,,,,,,,,,,461,0.00
Benjamin St-Juste,2566604,DB,WAS,@LV,,,,,,,,,,,,,,,,,,462,0.00
Linden Stephens,2561277,DB,PIT,BAL,,,,,,,,,,,,,,,,,,463,0.00
Caden Sterns,2566040,DB,DEN,@KC,,,,,,,,,,,,,,,,,,464,0.00
JaCoby Stevens,2566412,DB,PHI,@NYJ,,,,,,,,,,,,,,,,,,465,0.00
M.J. Stewart,2560884,DB,CLE,Bye,,,,,,,,,,,,,,,,,,466,0.00
Donovan Stiner,2565795,DB,PIT,BAL,,,,,,,,,,,,,,,,,,467,0.00
Eric Stokes,2566097,DB,GB,Bye,,,,,,,,,,,,,,,,,,468,0.00
Corey Straughter,2565636,DB,FA,Bye,,,,,,,,,,,,,,,,,,469,0.00
Greg Stroman,2560886,DB,FA,Bye,,,,,,,,,,,,,,,,,,470,0.00
Chandon Sullivan,2560887,DB,GB,Bye,,,,,,,,,,,,,,,,,,471,0.00
D.J. Swearinger,2539943,DB,IND,@HOU,,,,,,,,,,,,,,,,,,472,0.00
Teez Tabor,2557955,DB,CHI,ARI,,,,,,,,,,,,,,,,,,473,0.00
Cordrea Tankersley,2557931,DB,FA,Bye,,,,,,,,,,,,,,,,,,474,0.00
Keith Taylor,2565911,DB,CAR,Bye,,,,,,,,,,,,,,,,,,475,0.00
Shakial Taylor,2563129,DB,FA,Bye,,,,,,,,,,,,,,,,,,476,0.00
Roderic Teamer,2562981,DB,LV,WAS,,,,,,,,,,,,,,,,,,477,0.00
Marvell Tell,2562757,DB,IND,@HOU,,,,,,,,,,,,,,,,,,478,0.00
Josh Thomas,2565387,DB,BUF,NE,,,,,,,,,,,,,,,,,,479,0.00
Stantley Thomas-Oliver,2563689,DB,CAR,Bye,,,,,,,,,,,,,,,,,,480,0.00
Darian Thompson,2555154,DB,DAL,@NO,,,,,,,,,,,,,,,,,,481,0.00
Deionte Thompson,2562760,DB,ARI,@CHI,,,,,,,,,,,,,,,,,,482,0.00
Tariq Thompson,2566644,DB,FA,Bye,,,,,,,,,,,,,,,,,,483,0.00
Desmond Trufant,2539334,DB,LV,WAS,,,,,,,,,,,,,,,,,,484,0.00
Kenny Vaccaro,2539320,DB,FA,Bye,,,,,,,,,,,,,,,,,,485,0.00
Donte Vaughn,2565084,DB,FA,Bye,,,,,,,,,,,,,,,,,,486,0.00
Jason Verrett,2543493,DB,SF,@SEA,,,,,,,,,,,,,,,,,,487,0.00
Kary Vincent Jr.,2566046,DB,PHI,@NYJ,,,,,,,,,,,,,,,,,,488,0.00
Dee Virgin,2559274,DB,FA,Bye,,,,,,,,,,,,,,,,,,489,0.00
Lamont Wade,2565798,DB,FA,Bye,,,,,,,,,,,,,,,,,,490,0.00
Shaun Wade,2565854,DB,NE,@BUF,,,,,,,,,,,,,,,,,,491,0.00
K'Von Wallace,2564871,DB,PHI,@NYJ,,,,,,,,,,,,,,,,,,492,0.00
Denzel Ward,2560916,DB,CLE,Bye,,,,,,,,,,,,,,,,,,493,0.00
Nigel Warrior,2563590,DB,SEA,SF,,,,,,,,,,,,,,,,,,494,0.00
Ar'Darius Washington,2566632,DB,BAL,@PIT,,,,,,,,,,,,,,,,,,495,0.00
Charles Washington,2556703,DB,ARI,@CHI,,,,,,,,,,,,,,,,,,496,0.00
Keith Washington,2564706,DB,FA,Bye,,,,,,,,,,,,,,,,,,497,0.00
Jaylen Watkins,2543707,DB,FA,Bye,,,,,,,,,,,,,,,,,,498,0.00
Trae Waynes,2552448,DB,CIN,LAC,,,,,,,,,,,,,,,,,,499,0.00
Mark Webb,2566523,DB,LAC,@CIN,,,,,,,,,,,,,,,,,,500,0.00
Chris Westry,2562902,DB,BAL,@PIT,,,,,,,,,,,,,,,,,,501,0.00
Brendon White,2565765,DB,FA,Bye,,,,,,,,,,,,,,,,,,502,0.00
Tre'Davious White,2557867,DB,BUF,NE,,,,,,,,,,,,,,,,,,503,0.00
Jordan Whitehead,2560930,DB,TB,@ATL,,,,,,,,,,,,,,,,,,504,0.00
Jace Whittaker,2564955,DB,ARI,@CHI,,,,,,,,,,,,,,,,,,505,0.00
Chris Wilcox,2566577,DB,IND,@HOU,,,,,,,,,,,,,,,,,,506,0.00
Rachad Wildgoose,2565881,DB,NYJ,PHI,,,,,,,,,,,,,,,,,,507,0.00
LaDarius Wiley,2563280,DB,FA,Bye,,,,,,,,,,,,,,,,,,508,0.00
Greedy Williams,2562785,DB,CLE,Bye,,,,,,,,,,,,,,,,,,509,0.00
Joejuan Williams,2562787,DB,NE,@BUF,,,,,,,,,,,,,,,,,,510,0.00
Rodarius Williams,2566379,DB,NYG,@MIA,,,,,,,,,,,,,,,,,,511,0.00
Shawn Williams,2539233,DB,ATL,TB,,,,,,,,,,,,,,,,,,512,0.00
Trill Williams,2565714,DB,MIA,NYG,,,,,,,,,,,,,,,,,,513,0.00
Chris Williamson,2564784,DB,FA,Bye,,,,,,,,,,,,,,,,,,514,0.00
Brandon Wilson,2558786,DB,CIN,LAC,,,,,,,,,,,,,,,,,,515,0.00
Donovan Wilson,2562604,DB,DAL,@NO,,,,,,,,,,,,,,,,,,516,0.00
Jarrod Wilson,2556711,DB,SF,@SEA,,,,,,,,,,,,,,,,,,517,0.00
Quincy Wilson,2557961,DB,FA,Bye,,,,,,,,,,,,,,,,,,518,0.00
Tavon Wilson,2534830,DB,SF,@SEA,,,,,,,,,,,,,,,,,,519,0.00
Daryl Worley,2555394,DB,BAL,@PIT,,,,,,,,,,,,,,,,,,520,0.00
Blidi Wreh-Wilson,2539219,DB,TB,@ATL,,,,,,,,,,,,,,,,,,521,0.00
Nahshon Wright,2566022,DB,DAL,@NO,,,,,,,,,,,,,,,,,,522,0.00
Rock Ya-Sin,2562614,DB,IND,@HOU,,,,,,,,,,,,,,,,,,523,0.00
Isaac Yiadom,2560946,DB,GB,Bye,,,,,,,,,,,,,,,,,,524,0.00
Tavon Young,2555378,DB,BAL,@PIT,,,,,,,,,,,,,,,,,,525,0.00
