[{"PlayerName":"Jake Elliott","PlayerId":"2558172","Pos":"K","Team":"PHI","PlayerOpponent":"@NYJ","PatMade":"3","PatMissed":"","FgMade_0-19":"","FgMade_20-29":"","FgMade_30-39":"2","FgMade_40-49":"2","FgMade_50":"","FgMiss_0-19":"","FgMiss_20-29":"","FgMiss_30-39":"","Rank":1,"TotalPoints":"17.00"},{"PlayerName":"Matt Gay","PlayerId":"2562271","Pos":"K","Team":"LA","PlayerOpponent":"JAX","PatMade":"4","PatMissed":"","FgMade_0-19":"","FgMade_20-29":"","FgMade_30-39":"1","FgMade_40-49":"2","FgMade_50":"","FgMiss_0-19":"","FgMiss_20-29":"","FgMiss_30-39":"","Rank":2,"TotalPoints":"15.00"},{"PlayerName":"Riley Patterson","PlayerId":"2567013","Pos":"K","Team":"DET","PlayerOpponent":"MIN","PatMade":"2","PatMissed":"","FgMade_0-19":"","FgMade_20-29":"","FgMade_30-39":"1","FgMade_40-49":"2","FgMade_50":"","FgMiss_0-19":"","FgMiss_20-29":"","FgMiss_30-39":"","Rank":3,"TotalPoints":"13.00"},{"PlayerName":"Daniel Carlson","PlayerId":"2560993","Pos":"K","Team":"LV","PlayerOpponent":"WAS","PatMade":"","PatMissed":"","FgMade_0-19":"","FgMade_20-29":"","FgMade_30-39":"2","FgMade_40-49":"","FgMade_50":"1","FgMiss_0-19":"","FgMiss_20-29":"","FgMiss_30-39":"","Rank":4,"TotalPoints":"11.00"},{"PlayerName":"Graham Gano","PlayerId":"71309","Pos":"K","Team":"NYG","PlayerOpponent":"@MIA","PatMade":"","PatMissed":"","FgMade_0-19":"","FgMade_20-29":"","FgMade_30-39":"2","FgMade_40-49":"","FgMade_50":"1","FgMiss_0-19":"","FgMiss_20-29":"","FgMiss_30-39":"","Rank":5,"TotalPoints":"11.00"},{"PlayerName":"Greg Zuerlein","PlayerId":"2534797","Pos":"K","Team":"DAL","PlayerOpponent":"@NO","PatMade":"3","PatMissed":"","FgMade_0-19":"","FgMade_20-29":"","FgMade_30-39":"1","FgMade_40-49":"","FgMade_50":"1","FgMiss_0-19":"","FgMiss_20-29":"","FgMiss_30-39":"","Rank":6,"TotalPoints":"11.00"},{"PlayerName":"Harrison Butker","PlayerId":"2558245","Pos":"K","Team":"KC","PlayerOpponent":"DEN","PatMade":"1","PatMissed":"1","FgMade_0-19":"","FgMade_20-29":"1","FgMade_30-39":"","FgMade_40-49":"1","FgMade_50":"1","FgMiss_0-19":"","FgMiss_20-29":"","FgMiss_30-39":"","Rank":7,"TotalPoints":"10.00"},{"PlayerName":"Greg Joseph","PlayerId":"2561534","Pos":"K","Team":"MIN","PlayerOpponent":"@DET","PatMade":"","PatMissed":"","FgMade_0-19":"","FgMade_20-29":"","FgMade_30-39":"2","FgMade_40-49":"1","FgMade_50":"","FgMiss_0-19":"","FgMiss_20-29":"","FgMiss_30-39":"","Rank":8,"TotalPoints":"10.00"},{"PlayerName":"Jason Sanders","PlayerId":"2561153","Pos":"K","Team":"MIA","PlayerOpponent":"NYG","PatMade":"2","PatMissed":"","FgMade_0-19":"","FgMade_20-29":"","FgMade_30-39":"","FgMade_40-49":"2","FgMade_50":"","FgMiss_0-19":"","FgMiss_20-29":"","FgMiss_30-39":"","Rank":9,"TotalPoints":"10.00"},{"PlayerName":"Matt Prater","PlayerId":"2506677","Pos":"K","Team":"ARI","PlayerOpponent":"@CHI","PatMade":"3","PatMissed":"","FgMade_0-19":"","FgMade_20-29":"1","FgMade_30-39":"1","FgMade_40-49":"","FgMade_50":"","FgMiss_0-19":"","FgMiss_20-29":"","FgMiss_30-39":"","Rank":10,"TotalPoints":"9.00"},{"PlayerName":"Dustin Hopkins","PlayerId":"2539227","Pos":"K","Team":"LAC","PlayerOpponent":"@CIN","PatMade":"3","PatMissed":"1","FgMade_0-19":"","FgMade_20-29":"","FgMade_30-39":"","FgMade_40-49":"2","FgMade_50":"","FgMiss_0-19":"","FgMiss_20-29":"","FgMiss_30-39":"","Rank":11,"TotalPoints":"8.00"},{"PlayerName":"Nick Folk","PlayerId":"2507225","Pos":"K","Team":"NE","PlayerOpponent":"@BUF","PatMade":"","PatMissed":"","FgMade_0-19":"","FgMade_20-29":"","FgMade_30-39":"1","FgMade_40-49":"1","FgMade_50":"","FgMiss_0-19":"","FgMiss_20-29":"","FgMiss_30-39":"","Rank":12,"TotalPoints":"7.00"},{"PlayerName":"Justin Tucker","PlayerId":"2536340","Pos":"K","Team":"BAL","PlayerOpponent":"@PIT","PatMade":"1","PatMissed":"","FgMade_0-19":"","FgMade_20-29":"1","FgMade_30-39":"1","FgMade_40-49":"","FgMade_50":"","FgMiss_0-19":"","FgMiss_20-29":"","FgMiss_30-39":"","Rank":13,"TotalPoints":"7.00"},{"PlayerName":"Mike Badgley","PlayerId":"2560965","Pos":"K","Team":"IND","PlayerOpponent":"@HOU","PatMade":"4","PatMissed":"","FgMade_0-19":"","FgMade_20-29":"1","FgMade_30-39":"","FgMade_40-49":"","FgMade_50":"","FgMiss_0-19":"","FgMiss_20-29":"","FgMiss_30-39":"1","Rank":14,"TotalPoints":"6.00"},{"PlayerName":"Chris Boswell","PlayerId":"2550545","Pos":"K","Team":"PIT","PlayerOpponent":"BAL","PatMade":"","PatMissed":"1","FgMade_0-19":"","FgMade_20-29":"","FgMade_30-39":"","FgMade_40-49":"1","FgMade_50":"1","FgMiss_0-19":"","FgMiss_20-29":"","FgMiss_30-39":"","Rank":15,"TotalPoints":"6.00"},{"PlayerName":"Brian Johnson","PlayerId":"2566740","Pos":"K","Team":"WAS","PlayerOpponent":"@LV","PatMade":"2","PatMissed":"","FgMade_0-19":"","FgMade_20-29":"","FgMade_30-39":"","FgMade_40-49":"1","FgMade_50":"","FgMiss_0-19":"","FgMiss_20-29":"","FgMiss_30-39":"","Rank":16,"TotalPoints":"6.00"},{"PlayerName":"Brett Maher","PlayerId":"2540243","Pos":"K","Team":"NO","PlayerOpponent":"DAL","PatMade":"2","PatMissed":"","FgMade_0-19":"","FgMade_20-29":"","FgMade_30-39":"","FgMade_40-49":"1","FgMade_50":"","FgMiss_0-19":"","FgMiss_20-29":"","FgMiss_30-39":"","Rank":17,"TotalPoints":"6.00"},{"PlayerName":"Younghoe Koo","PlayerId":"2559205","Pos":"K","Team":"ATL","PlayerOpponent":"TB","PatMade":"2","PatMissed":"","FgMade_0-19":"","FgMade_20-29":"1","FgMade_30-39":"","FgMade_40-49":"","FgMade_50":"","FgMiss_0-19":"","FgMiss_20-29":"","FgMiss_30-39":"","Rank":18,"TotalPoints":"5.00"},{"PlayerName":"Robbie Gould","PlayerId":"2506264","Pos":"K","Team":"SF","PlayerOpponent":"@SEA","PatMade":"2","PatMissed":"1","FgMade_0-19":"","FgMade_20-29":"","FgMade_30-39":"","FgMade_40-49":"","FgMade_50":"1","FgMiss_0-19":"","FgMiss_20-29":"","FgMiss_30-39":"","Rank":19,"TotalPoints":"4.00"},{"PlayerName":"Brandon McManus","PlayerId":"2541556","Pos":"K","Team":"DEN","PlayerOpponent":"@KC","PatMade":"","PatMissed":"","FgMade_0-19":"","FgMade_20-29":"","FgMade_30-39":"","FgMade_40-49":"1","FgMade_50":"","FgMiss_0-19":"","FgMiss_20-29":"","FgMiss_30-39":"","Rank":20,"TotalPoints":"4.00"},{"PlayerName":"Jason Myers","PlayerId":"2553112","Pos":"K","Team":"SEA","PlayerOpponent":"SF","PatMade":"4","PatMissed":"","FgMade_0-19":"","FgMade_20-29":"","FgMade_30-39":"","FgMade_40-49":"","FgMade_50":"","FgMiss_0-19":"","FgMiss_20-29":"","FgMiss_30-39":"","Rank":21,"TotalPoints":"4.00"},{"PlayerName":"Tyler Bass","PlayerId":"2563596","Pos":"K","Team":"BUF","PlayerOpponent":"NE","PatMade":"1","PatMissed":"","FgMade_0-19":"","FgMade_20-29":"","FgMade_30-39":"1","FgMade_40-49":"","FgMade_50":"","FgMiss_0-19":"","FgMiss_20-29":"","FgMiss_30-39":"1","Rank":22,"TotalPoints":"3.00"},{"PlayerName":"Ryan Succop","PlayerId":"89802","Pos":"K","Team":"TB","PlayerOpponent":"@ATL","PatMade":"3","PatMissed":"1","FgMade_0-19":"","FgMade_20-29":"","FgMade_30-39":"1","FgMade_40-49":"","FgMade_50":"","FgMiss_0-19":"","FgMiss_20-29":"","FgMiss_30-39":"","Rank":23,"TotalPoints":"3.00"},{"PlayerName":"Evan McPherson","PlayerId":"2565953","Pos":"K","Team":"CIN","PlayerOpponent":"LAC","PatMade":"1","PatMissed":"1","FgMade_0-19":"","FgMade_20-29":"","FgMade_30-39":"","FgMade_40-49":"1","FgMade_50":"","FgMiss_0-19":"","FgMiss_20-29":"","FgMiss_30-39":"","Rank":24,"TotalPoints":"2.00"},{"PlayerName":"Cairo Santos","PlayerId":"2550636","Pos":"K","Team":"CHI","PlayerOpponent":"ARI","PatMade":"2","PatMissed":"","FgMade_0-19":"","FgMade_20-29":"","FgMade_30-39":"","FgMade_40-49":"","FgMade_50":"","FgMiss_0-19":"","FgMiss_20-29":"","FgMiss_30-39":"","Rank":25,"TotalPoints":"2.00"},{"PlayerName":"Matthew Wright","PlayerId":"2562968","Pos":"K","Team":"JAX","PlayerOpponent":"@LA","PatMade":"1","PatMissed":"","FgMade_0-19":"","FgMade_20-29":"","FgMade_30-39":"","FgMade_40-49":"","FgMade_50":"","FgMiss_0-19":"","FgMiss_20-29":"","FgMiss_30-39":"","Rank":26,"TotalPoints":"1.00"},{"PlayerName":"Roberto Aguayo","PlayerId":"2555408","Pos":"K","Team":"FA","PlayerOpponent":"Bye","PatMade":"","PatMissed":"","FgMade_0-19":"","FgMade_20-29":"","FgMade_30-39":"","FgMade_40-49":"","FgMade_50":"","FgMiss_0-19":"","FgMiss_20-29":"","FgMiss_30-39":"","Rank":27,"TotalPoints":"0.00"},{"PlayerName":"Matt Ammendola","PlayerId":"2565555","Pos":"K","Team":"NYJ","PlayerOpponent":"PHI","PatMade":"","PatMissed":"","FgMade_0-19":"","FgMade_20-29":"","FgMade_30-39":"","FgMade_40-49":"","FgMade_50":"","FgMiss_0-19":"","FgMiss_20-29":"","FgMiss_30-39":"","Rank":28,"TotalPoints":"0.00"},{"PlayerName":"Dan Bailey","PlayerId":"2495259","Pos":"K","Team":"FA","PlayerOpponent":"Bye","PatMade":"","PatMissed":"","FgMade_0-19":"","FgMade_20-29":"","FgMade_30-39":"","FgMade_40-49":"","FgMade_50":"","FgMiss_0-19":"","FgMiss_20-29":"","FgMiss_30-39":"","Rank":29,"TotalPoints":"0.00"},{"PlayerName":"Rodrigo Blankenship","PlayerId":"2564106","Pos":"K","Team":"IND","PlayerOpponent":"@HOU","PatMade":"","PatMissed":"","FgMade_0-19":"","FgMade_20-29":"","FgMade_30-39":"","FgMade_40-49":"","FgMade_50":"","FgMiss_0-19":"","FgMiss_20-29":"","FgMiss_30-39":"","Rank":30,"TotalPoints":"0.00"},{"PlayerName":"Chris Blewitt","PlayerId":"2562800","Pos":"K","Team":"CLE","PlayerOpponent":"Bye","PatMade":"","PatMissed":"","FgMade_0-19":"","FgMade_20-29":"","FgMade_30-39":"","FgMade_40-49":"","FgMade_50":"","FgMiss_0-19":"","FgMiss_20-29":"","FgMiss_30-39":"","Rank":31,"TotalPoints":"0.00"},{"PlayerName":"Randy Bullock","PlayerId":"2533444","Pos":"K","Team":"TEN","PlayerOpponent":"Bye","PatMade":"","PatMissed":"","FgMade_0-19":"","FgMade_20-29":"","FgMade_30-39":"","FgMade_40-49":"","FgMade_50":"","FgMiss_0-19":"","FgMiss_20-29":"","FgMiss_30-39":"","Rank":32,"TotalPoints":"0.00"},{"PlayerName":"Chandler Catanzaro","PlayerId":"2550325","Pos":"K","Team":"FA","PlayerOpponent":"Bye","PatMade":"","PatMissed":"","FgMade_0-19":"","FgMade_20-29":"","FgMade_30-39":"","FgMade_40-49":"","FgMade_50":"","FgMiss_0-19":"","FgMiss_20-29":"","FgMiss_30-39":"","Rank":33,"TotalPoints":"0.00"},{"PlayerName":"Mason Crosby","PlayerId":"2507232","Pos":"K","Team":"GB","PlayerOpponent":"Bye","PatMade":"","PatMissed":"","FgMade_0-19":"","FgMade_20-29":"","FgMade_30-39":"","FgMade_40-49":"","FgMade_50":"","FgMiss_0-19":"","FgMiss_20-29":"","FgMiss_30-39":"","Rank":34,"TotalPoints":"0.00"},{"PlayerName":"Dominik Eberle","PlayerId":"2565360","Pos":"K","Team":"CAR","PlayerOpponent":"Bye","PatMade":"","PatMissed":"","FgMade_0-19":"","FgMade_20-29":"","FgMade_30-39":"","FgMade_40-49":"","FgMade_50":"","FgMiss_0-19":"","FgMiss_20-29":"","FgMiss_30-39":"","Rank":35,"TotalPoints":"0.00"},{"PlayerName":"Ka'imi Fairbairn","PlayerId":"2556521","Pos":"K","Team":"HOU","PlayerOpponent":"IND","PatMade":"","PatMissed":"","FgMade_0-19":"","FgMade_20-29":"","FgMade_30-39":"","FgMade_40-49":"","FgMade_50":"","FgMiss_0-19":"","FgMiss_20-29":"","FgMiss_30-39":"","Rank":36,"TotalPoints":"0.00"},{"PlayerName":"Sam Ficken","PlayerId":"2557430","Pos":"K","Team":"TEN","PlayerOpponent":"Bye","PatMade":"","PatMissed":"","FgMade_0-19":"","FgMade_20-29":"","FgMade_30-39":"","FgMade_40-49":"","FgMade_50":"","FgMiss_0-19":"","FgMiss_20-29":"","FgMiss_30-39":"","Rank":37,"TotalPoints":"0.00"},{"PlayerName":"Kai Forbath","PlayerId":"2495150","Pos":"K","Team":"FA","PlayerOpponent":"Bye","PatMade":"","PatMissed":"","FgMade_0-19":"","FgMade_20-29":"","FgMade_30-39":"","FgMade_40-49":"","FgMade_50":"","FgMiss_0-19":"","FgMiss_20-29":"","FgMiss_30-39":"","Rank":38,"TotalPoints":"0.00"},{"PlayerName":"Elliott Fry","PlayerId":"2562897","Pos":"K","Team":"CIN","PlayerOpponent":"LAC","PatMade":"","PatMissed":"","FgMade_0-19":"","FgMade_20-29":"","FgMade_30-39":"","FgMade_40-49":"","FgMade_50":"","FgMiss_0-19":"","FgMiss_20-29":"","FgMiss_30-39":"","Rank":39,"TotalPoints":"0.00"},{"PlayerName":"Zane Gonzalez","PlayerId":"2558178","Pos":"K","Team":"CAR","PlayerOpponent":"Bye","PatMade":"","PatMissed":"","FgMade_0-19":"","FgMade_20-29":"","FgMade_30-39":"","FgMade_40-49":"","FgMade_50":"","FgMiss_0-19":"","FgMiss_20-29":"","FgMiss_30-39":"","Rank":40,"TotalPoints":"0.00"},{"PlayerName":"Stephen Gostkowski","PlayerId":"2506922","Pos":"K","Team":"FA","PlayerOpponent":"Bye","PatMade":"","PatMissed":"","FgMade_0-19":"","FgMade_20-29":"","FgMade_30-39":"","FgMade_40-49":"","FgMade_50":"","FgMiss_0-19":"","FgMiss_20-29":"","FgMiss_30-39":"","Rank":41,"TotalPoints":"0.00"},{"PlayerName":"Lirim Hajrullahu","PlayerId":"2563449","Pos":"K","Team":"CAR","PlayerOpponent":"Bye","PatMade":"","PatMissed":"","FgMade_0-19":"","FgMade_20-29":"","FgMade_30-39":"","FgMade_40-49":"","FgMade_50":"","FgMiss_0-19":"","FgMiss_20-29":"","FgMiss_30-39":"","Rank":42,"TotalPoints":"0.00"},{"PlayerName":"Stephen Hauschka","PlayerId":"2507374","Pos":"K","Team":"FA","PlayerOpponent":"Bye","PatMade":"","PatMissed":"","FgMade_0-19":"","FgMade_20-29":"","FgMade_30-39":"","FgMade_40-49":"","FgMade_50":"","FgMiss_0-19":"","FgMiss_20-29":"","FgMiss_30-39":"","Rank":43,"TotalPoints":"0.00"},{"PlayerName":"Josh Lambo","PlayerId":"2553833","Pos":"K","Team":"FA","PlayerOpponent":"Bye","PatMade":"","PatMissed":"","FgMade_0-19":"","FgMade_20-29":"","FgMade_30-39":"","FgMade_40-49":"","FgMade_50":"","FgMiss_0-19":"","FgMiss_20-29":"","FgMiss_30-39":"","Rank":44,"TotalPoints":"0.00"},{"PlayerName":"Ty Long","PlayerId":"2553555","Pos":"K","Team":"LAC","PlayerOpponent":"@CIN","PatMade":"","PatMissed":"","FgMade_0-19":"","FgMade_20-29":"","FgMade_30-39":"","FgMade_40-49":"","FgMade_50":"","FgMiss_0-19":"","FgMiss_20-29":"","FgMiss_30-39":"","Rank":45,"TotalPoints":"0.00"},{"PlayerName":"Wil Lutz","PlayerId":"2556601","Pos":"K","Team":"NO","PlayerOpponent":"DAL","PatMade":"","PatMissed":"","FgMade_0-19":"","FgMade_20-29":"","FgMade_30-39":"","FgMade_40-49":"","FgMade_50":"","FgMiss_0-19":"","FgMiss_20-29":"","FgMiss_30-39":"","Rank":46,"TotalPoints":"0.00"},{"PlayerName":"Austin MacGinnis","PlayerId":"2563452","Pos":"K","Team":"FA","PlayerOpponent":"Bye","PatMade":"","PatMissed":"","FgMade_0-19":"","FgMade_20-29":"","FgMade_30-39":"","FgMade_40-49":"","FgMade_50":"","FgMiss_0-19":"","FgMiss_20-29":"","FgMiss_30-39":"","Rank":47,"TotalPoints":"0.00"},{"PlayerName":"Tucker McCann","PlayerId":"2565462","Pos":"K","Team":"FA","PlayerOpponent":"Bye","PatMade":"","PatMissed":"","FgMade_0-19":"","FgMade_20-29":"","FgMade_30-39":"","FgMade_40-49":"","FgMade_50":"","FgMiss_0-19":"","FgMiss_20-29":"","FgMiss_30-39":"","Rank":48,"TotalPoints":"0.00"},{"PlayerName":"Chase McLaughlin","PlayerId":"2563203","Pos":"K","Team":"CLE","PlayerOpponent":"Bye","PatMade":"","PatMissed":"","FgMade_0-19":"","FgMade_20-29":"","FgMade_30-39":"","FgMade_40-49":"","FgMade_50":"","FgMiss_0-19":"","FgMiss_20-29":"","FgMiss_30-39":"","Rank":49,"TotalPoints":"0.00"},{"PlayerName":"JJ Molson","PlayerId":"2565550","Pos":"K","Team":"GB","PlayerOpponent":"Bye","PatMade":"","PatMissed":"","FgMade_0-19":"","FgMade_20-29":"","FgMade_30-39":"","FgMade_40-49":"","FgMade_50":"","FgMiss_0-19":"","FgMiss_20-29":"","FgMiss_30-39":"","Rank":50,"TotalPoints":"0.00"},{"PlayerName":"Chris Naggar","PlayerId":"2565744","Pos":"K","Team":"FA","PlayerOpponent":"Bye","PatMade":"","PatMissed":"","FgMade_0-19":"","FgMade_20-29":"","FgMade_30-39":"","FgMade_40-49":"","FgMade_50":"","FgMiss_0-19":"","FgMiss_20-29":"","FgMiss_30-39":"","Rank":51,"TotalPoints":"0.00"},{"PlayerName":"Quinn Nordin","PlayerId":"2565684","Pos":"K","Team":"NE","PlayerOpponent":"@BUF","PatMade":"","PatMissed":"","FgMade_0-19":"","FgMade_20-29":"","FgMade_30-39":"","FgMade_40-49":"","FgMade_50":"","FgMiss_0-19":"","FgMiss_20-29":"","FgMiss_30-39":"","Rank":52,"TotalPoints":"0.00"},{"PlayerName":"Mike Nugent","PlayerId":"2506386","Pos":"K","Team":"FA","PlayerOpponent":"Bye","PatMade":"","PatMissed":"","FgMade_0-19":"","FgMade_20-29":"","FgMade_30-39":"","FgMade_40-49":"","FgMade_50":"","FgMiss_0-19":"","FgMiss_20-29":"","FgMiss_30-39":"","Rank":53,"TotalPoints":"0.00"},{"PlayerName":"Cody Parkey","PlayerId":"2550380","Pos":"K","Team":"FA","PlayerOpponent":"Bye","PatMade":"","PatMissed":"","FgMade_0-19":"","FgMade_20-29":"","FgMade_30-39":"","FgMade_40-49":"","FgMade_50":"","FgMiss_0-19":"","FgMiss_20-29":"","FgMiss_30-39":"","Rank":54,"TotalPoints":"0.00"},{"PlayerName":"Eddy Pineiro","PlayerId":"2560842","Pos":"K","Team":"NYJ","PlayerOpponent":"PHI","PatMade":"","PatMissed":"","FgMade_0-19":"","FgMade_20-29":"","FgMade_30-39":"","FgMade_40-49":"","FgMade_50":"","FgMiss_0-19":"","FgMiss_20-29":"","FgMiss_30-39":"","Rank":55,"TotalPoints":"0.00"},{"PlayerName":"Aldrick Rosas","PlayerId":"2556771","Pos":"K","Team":"DET","PlayerOpponent":"MIN","PatMade":"","PatMissed":"","FgMade_0-19":"","FgMade_20-29":"","FgMade_30-39":"","FgMade_40-49":"","FgMade_50":"","FgMiss_0-19":"","FgMiss_20-29":"","FgMiss_30-39":"","Rank":56,"TotalPoints":"0.00"},{"PlayerName":"Ryan Santoso","PlayerId":"2561269","Pos":"K","Team":"LA","PlayerOpponent":"JAX","PatMade":"","PatMissed":"","FgMade_0-19":"","FgMade_20-29":"","FgMade_30-39":"","FgMade_40-49":"","FgMade_50":"","FgMiss_0-19":"","FgMiss_20-29":"","FgMiss_30-39":"","Rank":57,"TotalPoints":"0.00"},{"PlayerName":"Austin Seibert","PlayerId":"2562729","Pos":"K","Team":"DET","PlayerOpponent":"MIN","PatMade":"","PatMissed":"","FgMade_0-19":"","FgMade_20-29":"","FgMade_30-39":"","FgMade_40-49":"","FgMade_50":"","FgMiss_0-19":"","FgMiss_20-29":"","FgMiss_30-39":"","Rank":58,"TotalPoints":"0.00"},{"PlayerName":"Joey Slye","PlayerId":"2563132","Pos":"K","Team":"WAS","PlayerOpponent":"@LV","PatMade":"","PatMissed":"","FgMade_0-19":"","FgMade_20-29":"","FgMade_30-39":"","FgMade_40-49":"","FgMade_50":"","FgMiss_0-19":"","FgMiss_20-29":"","FgMiss_30-39":"","Rank":59,"TotalPoints":"0.00"},{"PlayerName":"Giorgio Tavecchio","PlayerId":"2535686","Pos":"K","Team":"FA","PlayerOpponent":"Bye","PatMade":"","PatMissed":"","FgMade_0-19":"","FgMade_20-29":"","FgMade_30-39":"","FgMade_40-49":"","FgMade_50":"","FgMiss_0-19":"","FgMiss_20-29":"","FgMiss_30-39":"","Rank":60,"TotalPoints":"0.00"},{"PlayerName":"Jake Verity","PlayerId":"2566731","Pos":"K","Team":"BAL","PlayerOpponent":"@PIT","PatMade":"","PatMissed":"","FgMade_0-19":"","FgMade_20-29":"","FgMade_30-39":"","FgMade_40-49":"","FgMade_50":"","FgMiss_0-19":"","FgMiss_20-29":"","FgMiss_30-39":"","Rank":61,"TotalPoints":"0.00"},{"PlayerName":"Tristan Vizcaino","PlayerId":"2562807","Pos":"K","Team":"LAC","PlayerOpponent":"@CIN","PatMade":"","PatMissed":"","FgMade_0-19":"","FgMade_20-29":"","FgMade_30-39":"","FgMade_40-49":"","FgMade_50":"","FgMiss_0-19":"","FgMiss_20-29":"","FgMiss_30-39":"","Rank":62,"TotalPoints":"0.00"},{"PlayerName":"Brandon Wright","PlayerId":"2564247","Pos":"K","Team":"FA","PlayerOpponent":"Bye","PatMade":"","PatMissed":"","FgMade_0-19":"","FgMade_20-29":"","FgMade_30-39":"","FgMade_40-49":"","FgMade_50":"","FgMiss_0-19":"","FgMiss_20-29":"","FgMiss_30-39":"","Rank":63,"TotalPoints":"0.00"},{"PlayerName":"Alex Kessman","PlayerId":"2566484","Pos":"K","Team":"FA","PlayerOpponent":"Bye","PatMade":"","PatMissed":"2","FgMade_0-19":"","FgMade_20-29":"","FgMade_30-39":"","FgMade_40-49":"","FgMade_50":"","FgMiss_0-19":"","FgMiss_20-29":"","FgMiss_30-39":"","Rank":64,"TotalPoints":"-6.00"}]