PlayerName,PlayerId,Pos,Team,PlayerOpponent,PassingYDS,PassingTD,PassingInt,RushingYDS,RushingTD,ReceivingRec,ReceivingYDS,ReceivingTD,RetTD,FumTD,2PT,Fum,FanPtsAgainst-pts,TouchCarries,TouchReceptions,Touches,TargetsReceptions,Targets,ReceptionPercentage,RzTarget,RzTouch,RzG2G,Rank,TotalPoints
Kyler Murray,2562382,QB,ARI,@CHI,123,2,,59,2,,,,,,,2,28.75,10,,10,,,,,6,2,1,28.75
Tom Brady,2504211,QB,TB,@ATL,368,4,1,-1,,,,,,,,,28.62,1,,1,,,,,,,2,28.62
Justin Herbert,2565045,QB,LAC,@CIN,317,3,1,6,,,,,,,1,,26.98,1,,1,,,,,1,,3,26.98
Matthew Stafford,79860,QB,LA,JAX,295,3,,2,,,,,,,,,24.00,1,,1,,,,,,,4,24.00
Zach Wilson,2566391,QB,NYJ,PHI,226,2,1,,1,,,,,,,,21.04,3,,3,,,,,2,2,5,21.04
Taysom Hill,2558954,QB,NO,DAL,264,2,4,101,,,,,,,,,20.66,11,,11,,,,,,,6,20.66
Kirk Cousins,2532820,QB,MIN,@DET,340,2,,6,,,,,,,,1,20.20,2,,2,,,,,,,7,20.20
Jared Goff,2555334,QB,DET,MIN,296,3,1,1,,,,,,,,1,19.94,2,,2,,,,,,,8,19.94
Ben Roethlisberger,2506109,QB,PIT,BAL,236,2,,-1,,,,,,,1,,19.34,1,,1,,,,,,,9,19.34
Tua Tagovailoa,2564499,QB,MIA,NYG,244,2,,1,,,,,,,,,17.86,2,,2,,,,,,,10,17.86
Gardner Minshew,2562796,QB,PHI,@NYJ,242,2,,11,,,,,,,,1,17.78,4,,4,,,,,,,11,17.78
Joe Burrow,2563722,QB,CIN,LAC,300,1,2,6,1,,,,,,,1,16.60,1,,1,,,,,1,1,12,16.60
Jimmy Garoppolo,2543801,QB,SF,@SEA,299,2,2,,,,,,,,,,15.96,2,,2,,,,,,,13,15.96
Lamar Jackson,2560757,QB,BAL,@PIT,253,1,1,55,,,,,,,,1,15.62,8,,8,,,,,2,,14,15.62
Andy Dalton,2495143,QB,CHI,ARI,229,2,4,6,,,,,,,1,,15.26,2,,2,,,,,2,1,15,15.26
Taylor Heinicke,2553656,QB,WAS,@LV,196,2,1,10,,,,,,,,,14.84,3,,3,,,,,1,,16,14.84
Russell Wilson,2532975,QB,SEA,SF,231,2,1,15,,,,,,,,1,14.74,3,,3,,,,,,,17,14.74
Patrick Mahomes,2558125,QB,KC,DEN,184,,1,12,1,,,,,,,,12.56,4,,4,,,,,1,1,18,12.56
Derek Carr,2543499,QB,LV,WAS,249,,,24,,,,,,,,,12.36,2,,2,,,,,,,19,12.36
Teddy Bridgewater,2543465,QB,DEN,@KC,257,1,2,17,,,,,,,,,11.98,4,,4,,,,,1,,20,11.98
Josh Allen,2560955,QB,BUF,NE,145,1,,39,,,,,,,,1,11.63,6,,6,,,,,1,,21,11.63
Dak Prescott,2555260,QB,DAL,@NO,238,1,1,-3,,,,,,,,,11.22,3,,3,,,,,,,22,11.22
Carson Wentz,2555259,QB,IND,@HOU,158,1,,8,,,,,,,,,11.02,3,,3,,,,,,,23,11.12
Matt Ryan,310,QB,ATL,TB,297,,,2,,,,,,,,3,7.98,3,,3,,,,,1,1,24,7.98
Trevor Lawrence,2566163,QB,JAX,@LA,145,,,10,,,,,,,,1,7.70,4,,4,,,,,,,25,7.50
Mike Glennon,2539275,QB,NYG,@MIA,187,,1,,,,,,,,,,5.48,,,,,,,,,,26,5.48
Davis Mills,2566136,QB,HOU,IND,49,,,11,,,,,,,,,4.36,2,,2,,,,,,,27,3.06
Tyrod Taylor,2495240,QB,HOU,IND,45,,1,15,,,,,,,,,4.36,3,,3,,,,,,,28,1.30
C.J. Beathard,2557922,QB,JAX,@LA,,,,2,,,,,,,,,7.70,1,,1,,,,,,,29,0.20
Brandon Allen,2555365,QB,CIN,LAC,,,,,,,,,,,,,16.60,,,,,,,,,,30,0.00
Kyle Allen,2561177,QB,WAS,@LV,,,,,,,,,,,,,14.84,,,,,,,,,,31,0.00
Kenji Bahar,2566608,QB,FA,Bye,,,,,,,,,,,,,,,,,,,,,,,32,0.00
Matt Barkley,2539308,QB,ATL,TB,,,,,,,,,,,,,7.98,,,,,,,,,,33,0.00
Kurt Benkert,2560974,QB,GB,Bye,,,,,,,,,,,,,,,,,,,,,,,34,0.00
David Blough,2563043,QB,DET,MIN,,,,,,,,,,,,,19.94,,,,,,,,,,35,0.00
Ian Book,2566352,QB,NO,DAL,,,,,,,,,,,,,20.66,,,,,,,,,,36,0.00
Blake Bortles,2543477,QB,NO,DAL,,,,,,,,,,,,,20.66,,,,,,,,,,37,0.00
Tim Boyle,2561187,QB,DET,MIN,,,,,,,,,,,,,19.94,,,,,,,,,,38,0.00
Drew Brees,2504775,QB,FA,Bye,,,,,,,,,,,,,,,,,,,,,,,39,0.00
Jacoby Brissett,2555261,QB,MIA,NYG,,,,,,,,,,,,,17.86,,,,,,,,,,40,0.00
Jake Browning,2562634,QB,CIN,LAC,,,,,,,,,,,,,16.60,,,,,,,,,,41,0.00
Shane Buechele,2566983,QB,KC,DEN,,,,,,,,,,,,,12.56,,,,,,,,,,42,0.00
Chase Daniel,81284,QB,LAC,@CIN,,,,,,,,,,,,,26.98,,,,,,,,,,43,0.00
Sam Darnold,2561036,QB,CAR,Bye,,,,,,,,,,,,,,,,,,,,,,,44,0.00
Ben DiNucci,2563839,QB,DAL,@NO,,,,,,,,,,,,,11.22,,,,,,,,,,45,0.00
Joshua Dobbs,2558167,QB,PIT,BAL,,,,,,,,,,,,,19.34,,,,,,,,,,46,0.00
Jeff Driskel,2555262,QB,HOU,IND,,,,,,,,,,,,,4.36,,,,,,,,,,47,0.00
Jacob Eason,2564115,QB,SEA,SF,,,,,,,,,,,,,14.74,,,,,,,,,,48,0.00
Danny Etling,2560717,QB,JAX,@LA,,,,,,,,,,,,,7.70,,,,,,,,,,49,0.00
Justin Fields,2565920,QB,CHI,ARI,,,,,,,,,,,,,15.26,,,,,,,,,,50,0.00
Ryan Finley,2562651,QB,FA,Bye,,,,,,,,,,,,,,,,,,,,,,,51,0.00
Ryan Fitzpatrick,2506581,QB,WAS,@LV,,,,,,,,,,,,,14.84,,,,,,,,,,52,0.00
Joe Flacco,382,QB,NYJ,PHI,,,,,,,,,,,,,21.04,,,,,,,,,,53,0.00
Nick Foles,2532842,QB,CHI,ARI,,,,,,,,,,,,,15.26,,,,,,,,,,54,0.00
Feleipe Franks,2566683,QB,ATL,TB,,,,,,,,,,,,,7.98,,,,,,,,,,55,0.00
Jake Fromm,2563608,QB,NYG,@MIA,,,,,,,,,,,,,5.48,,,,,,,,,,56,0.00
Blaine Gabbert,2495441,QB,TB,@ATL,,,,,,,,,,,,,28.62,,,,,,,,,,57,0.00
Garrett Gilbert,2549982,QB,WAS,@LV,,,,,,,,,,,,,14.84,,,,,,,,,,58,0.00
Anthony Gordon,2565153,QB,DEN,@KC,,,,,,,,,,,,,11.98,,,,,,,,,,59,0.00
Will Grier,2562404,QB,DAL,@NO,,,,,,,,,,,,,11.22,,,,,,,,,,60,0.00
Ryan Griffin,2541185,QB,TB,@ATL,,,,,,,,,,,,,28.62,,,,,,,,,,61,0.00
Dwayne Haskins,2562660,QB,PIT,BAL,,,,,,,,,,,,,19.34,,,,,,,,,,62,0.00
Chad Henne,252,QB,KC,DEN,,,,,,,,,,,,,12.56,,,,,,,,,,63,0.00
Devlin Hodges,2563258,QB,FA,Bye,,,,,,,,,,,,,,,,,,,,,,,64,0.00
Brian Hoyer,81294,QB,NE,@BUF,,,,,,,,,,,,,-1.77,,,,,,,,,,65,0.00
Brett Hundley,2552588,QB,IND,@HOU,,,,,,,,,,,,,11.02,,,,,,,,,,66,0.00
Tyler Huntley,2563560,QB,BAL,@PIT,,,,,,,,,,,,,15.62,,,,,,,,,,67,0.00
Jalen Hurts,2564832,QB,PHI,@NYJ,,,,,,,,,,,,,17.78,,,,,,,,,,68,0.00
Josh Johnson,264,QB,BAL,@PIT,,,,,,,,,,,,,15.62,,,,,,,,,,69,0.00
Daniel Jones,2562299,QB,NYG,@MIA,,,,,,,,,,,,,5.48,,,,,,,,,,70,0.00
Colin Kaepernick,2495186,QB,FA,Bye,,,,,,,,,,,,,,,,,,,,,,,71,0.00
Case Keenum,2532888,QB,CLE,Bye,,,,,,,,,,,,,,,,,,,,,,,72,0.00
DeShone Kizer,2557983,QB,FA,Bye,,,,,,,,,,,,,,,,,,,,,,,73,0.00
Trey Lance,2566532,QB,SF,@SEA,,,,,,,,,,,,,15.96,,1,1,1,1,100,,,,74,0.00
Kyle Lauletta,2560786,QB,FA,Bye,,,,,,,,,,,,,,,,,,,,,,,75,0.00
Drew Lock,2562305,QB,DEN,@KC,,,,,,,,,,,,,11.98,,,,,,,,,,76,0.00
Jordan Love,2564007,QB,GB,Bye,,,,,,,,,,,,,,,,,,,,,,,77,0.00
Jake Luton,2564205,QB,MIA,NYG,,,,,,,,,,,,,17.86,,,,,,,,,,78,0.00
Sean Mannion,2552576,QB,MIN,@DET,,,,,,,,,,,,,20.20,,,,,,,,,,79,0.00
Marcus Mariota,2552466,QB,LV,WAS,,,,,,,,,,,,,12.36,,,,,,,,,,80,0.00
Baker Mayfield,2560800,QB,CLE,Bye,,,,,,,,,,,,,,,,,,,,,,,81,0.00
AJ McCarron,2543497,QB,ATL,TB,,,,,,,,,,,,,7.98,,,,,,,,,,82,0.00
Josh McCown,2505076,QB,FA,Bye,,,,,,,,,,,,,,,,,,,,,,,83,0.00
Colt McCoy,497123,QB,ARI,@CHI,,,,,,,,,,,,,28.75,,,,,,,,,,84,0.00
Cole McDonald,2564052,QB,FA,Bye,,,,,,,,,,,,,,,,,,,,,,,85,0.00
Alex McGough,2561148,QB,FA,Bye,,,,,,,,,,,,,,,,,,,,,,,86,0.00
Trace McSorley,2562403,QB,ARI,@CHI,,,,,,,,,,,,,28.75,,,,,,,,,,87,0.00
Kellen Mond,2566310,QB,MIN,@DET,,,,,,,,,,,,,20.20,,,,,,,,,,88,0.00
Steven Montez,2565285,QB,DET,MIN,,,,,,,,,,,,,19.94,,,,,,,,,,89,0.00
Matt Moore,2507282,QB,FA,Bye,,,,,,,,,,,,,,,,,,,,,,,90,0.00
James Morgan,2564805,QB,IND,@HOU,,,,,,,,,,,,,11.02,,,,,,,,,,91,0.00
Jalen Morton,2564013,QB,FA,Bye,,,,,,,,,,,,,,,,,,,,,,,92,0.00
Nick Mullens,2558979,QB,CLE,Bye,,,,,,,,,,,,,,,,,,,,,,,93,0.00
Jamie Newman,2567058,QB,FA,Bye,,,,,,,,,,,,,,,,,,,,,,,94,0.00
Cam Newton,2495455,QB,CAR,Bye,,,,,,,,,,,,,,,,,,,,,,,95,0.00
Bryce Perkins,2564382,QB,LA,JAX,,,,,,,,,,,,,24.00,,,,,,,,,,96,0.00
Nathan Peterman,2558191,QB,LV,WAS,,,,,,,,,,,,,12.36,,,,,,,,,,97,0.00
Philip Rivers,2506121,QB,FA,Bye,,,,,,,,,,,,,,,,,,,,,,,98,0.00
Aaron Rodgers,2506363,QB,GB,Bye,,,,,,,,,,,,,,,,,,,,,,,99,0.00
Josh Rosen,2560858,QB,ATL,TB,,,,,,,,,,,,,7.98,,,,,,,,,,100,0.00
Jake Rudock,2556232,QB,FA,Bye,,,,,,,,,,,,,,,,,,,,,,,101,0.00
Mason Rudolph,2560860,QB,PIT,BAL,,,,,,,,,,,,,19.34,,,,,,,,,,102,0.00
Cooper Rush,2559242,QB,DAL,@NO,,,,,,,,,,,,,11.22,,,,,,,,,,103,0.00
Brett Rypien,2562718,QB,DEN,@KC,,,,,,,,,,,,,11.98,,,,,,,,,,104,0.00
Matt Schaub,2505982,QB,FA,Bye,,,,,,,,,,,,,,,,,,,,,,,105,0.00
Kyle Shurmur,2562731,QB,FA,Bye,,,,,,,,,,,,,,,,,,,,,,,106,0.00
Trevor Siemian,2553457,QB,NO,DAL,,,,,,,,,,,,,20.66,,,,,,,,,,107,0.00
Reid Sinnett,2565255,QB,PHI,@NYJ,,,,,,,,,,,,,17.78,,,,,,,,,,108,0.00
Alex Smith,2506340,QB,FA,Bye,,,,,,,,,,,,,,,,,,,,,,,109,0.00
Geno Smith,2539335,QB,SEA,SF,,,,,,,,,,,,,14.74,,,,,,,,,,110,0.00
Nate Stanley,2564577,QB,MIN,@DET,,,,,,,,,,,,,20.20,,,,,,,,,,111,0.00
Drew Stanton,2495748,QB,FA,Bye,,,,,,,,,,,,,,,,,,,,,,,112,0.00
Tommy Stevens,2564697,QB,FA,Bye,,,,,,,,,,,,,,,,,,,,,,,113,0.00
Easton Stick,2562745,QB,LAC,@CIN,,,,,,,,,,,,,26.98,,,,,,,,,,114,0.00
Jarrett Stidham,2562746,QB,NE,@BUF,,,,,,,,,,,,,-1.77,,,,,,,,,,115,0.00
Chris Streveler,2563458,QB,BAL,@PIT,,,,,,,,,,,,,15.62,,,,,,,,,,116,0.00
Nate Sudfeld,2555427,QB,SF,@SEA,,,,,,,,,,,,,15.96,,,,,,,,,,117,0.00
Ryan Tannehill,2532956,QB,TEN,Bye,,,,,,,,,,,,,,,,,,,,,,,118,0.00
Clayton Thorson,2562762,QB,NYG,@MIA,,,,,,,,,,,,,5.48,,,,,,,,,,119,0.00
Kyle Trask,2566571,QB,TB,@ATL,,,,,,,,,,,,,28.62,,,,,,,,,,120,0.00
Mitchell Trubisky,2558008,QB,BUF,NE,,,,,,,,,,,,,11.63,,,,,,,,,,121,0.00
P.J. Walker,2558904,QB,CAR,Bye,,,,,,,,,,,,,,,,,,,,,,,122,0.00
Deshaun Watson,2558063,QB,HOU,IND,,,,,,,,,,,,,4.36,,,,,,,,,,123,0.00
Davis Webb,2557897,QB,BUF,NE,,,,,,,,,,,,,11.63,,,,,,,,,,124,0.00
Mike White,2560929,QB,NYJ,PHI,,,,,,,,,,,,,21.04,,,,,,,,,,125,0.00
Jameis Winston,2552033,QB,NO,DAL,,,,,,,,,,,,,20.66,,,,,,,,,,126,0.00
John Wolford,2561718,QB,LA,JAX,,,,,,,,,,,,,24.00,,,,,,,,,,127,0.00
Logan Woodside,2560942,QB,TEN,Bye,,,,,,,,,,,,,,,,,,,,,,,128,0.00
Sam Ehlinger,2566142,QB,IND,@HOU,,,,-1,,,,,,,,,11.02,1,,1,,,,,,,129,-0.10
Mac Jones,2566334,QB,NE,@BUF,19,,,-3,,,,,,,,1,-1.77,5,,5,,,,,,,130,-1.77
