[{"PlayerName":"George Kittle","PlayerId":"2558266","Pos":"TE","Team":"SF","PlayerOpponent":"@SEA","PassingYDS":"","PassingTD":"","PassingInt":"","RushingYDS":"5","RushingTD":"","ReceivingRec":"9","ReceivingYDS":"181","ReceivingTD":"2","RetTD":"","FumTD":"","2PT":"","Fum":"","FanPtsAgainst-pts":"36.80","TouchCarries":"1","TouchReceptions":"9","Touches":"10","TargetsReceptions":"9","Targets":"12","ReceptionPercentage":"75","RzTarget":"","RzTouch":"","RzG2G":"","Rank":1,"TotalPoints":"35.10"},{"PlayerName":"Dallas Goedert","PlayerId":"2560995","Pos":"TE","Team":"PHI","PlayerOpponent":"@NYJ","PassingYDS":"","PassingTD":"","PassingInt":"","RushingYDS":"","RushingTD":"","ReceivingRec":"6","ReceivingYDS":"105","ReceivingTD":"2","RetTD":"","FumTD":"","2PT":"","Fum":"","FanPtsAgainst-pts":"25.50","TouchCarries":"","TouchReceptions":"6","Touches":"6","TargetsReceptions":"6","Targets":"6","ReceptionPercentage":"100","RzTarget":"","RzTouch":"","RzG2G":"","Rank":2,"TotalPoints":"25.50"},{"PlayerName":"Rob Gronkowski","PlayerId":"497240","Pos":"TE","Team":"TB","PlayerOpponent":"@ATL","PassingYDS":"","PassingTD":"","PassingInt":"","RushingYDS":"","RushingTD":"","ReceivingRec":"4","ReceivingYDS":"58","ReceivingTD":"2","RetTD":"","FumTD":"","2PT":"","Fum":"","FanPtsAgainst-pts":"26.60","TouchCarries":"","TouchReceptions":"4","Touches":"4","TargetsReceptions":"4","Targets":"8","ReceptionPercentage":"50","RzTarget":"1","RzTouch":"1","RzG2G":"","Rank":3,"TotalPoints":"19.80"},{"PlayerName":"T.J. Hockenson","PlayerId":"2562378","Pos":"TE","Team":"DET","PlayerOpponent":"MIN","PassingYDS":"","PassingTD":"","PassingInt":"","RushingYDS":"","RushingTD":"","ReceivingRec":"4","ReceivingYDS":"49","ReceivingTD":"1","RetTD":"","FumTD":"","2PT":"","Fum":"","FanPtsAgainst-pts":"24.40","TouchCarries":"","TouchReceptions":"4","Touches":"4","TargetsReceptions":"4","Targets":"8","ReceptionPercentage":"50","RzTarget":"1","RzTouch":"1","RzG2G":"","Rank":4,"TotalPoints":"14.60"},{"PlayerName":"Logan Thomas","PlayerId":"2543767","Pos":"TE","Team":"WAS","PlayerOpponent":"@LV","PassingYDS":"","PassingTD":"","PassingInt":"","RushingYDS":"","RushingTD":"","ReceivingRec":"3","ReceivingYDS":"48","ReceivingTD":"1","RetTD":"","FumTD":"","2PT":"","Fum":"","FanPtsAgainst-pts":"20.50","TouchCarries":"","TouchReceptions":"3","Touches":"3","TargetsReceptions":"3","Targets":"5","ReceptionPercentage":"60","RzTarget":"1","RzTouch":"1","RzG2G":"1","Rank":5,"TotalPoints":"12.30"},{"PlayerName":"Brock Wright","PlayerId":"2567221","Pos":"TE","Team":"DET","PlayerOpponent":"MIN","PassingYDS":"","PassingTD":"","PassingInt":"","RushingYDS":"","RushingTD":"","ReceivingRec":"2","ReceivingYDS":"28","ReceivingTD":"1","RetTD":"","FumTD":"","2PT":"","Fum":"","FanPtsAgainst-pts":"24.40","TouchCarries":"","TouchReceptions":"2","Touches":"2","TargetsReceptions":"2","Targets":"3","ReceptionPercentage":"67","RzTarget":"","RzTouch":"","RzG2G":"","Rank":6,"TotalPoints":"9.80"},{"PlayerName":"Tyler Conklin","PlayerId":"2561027","Pos":"TE","Team":"MIN","PlayerOpponent":"@DET","PassingYDS":"","PassingTD":"","PassingInt":"","RushingYDS":"","RushingTD":"","ReceivingRec":"7","ReceivingYDS":"56","ReceivingTD":"","RetTD":"","FumTD":"","2PT":"","Fum":"","FanPtsAgainst-pts":"9.10","TouchCarries":"","TouchReceptions":"7","Touches":"7","TargetsReceptions":"7","Targets":"9","ReceptionPercentage":"78","RzTarget":"4","RzTouch":"3","RzG2G":"","Rank":7,"TotalPoints":"9.10"},{"PlayerName":"Jimmy Graham","PlayerId":"497236","Pos":"TE","Team":"CHI","PlayerOpponent":"ARI","PassingYDS":"","PassingTD":"","PassingInt":"","RushingYDS":"","RushingTD":"","ReceivingRec":"1","ReceivingYDS":"1","ReceivingTD":"1","RetTD":"","FumTD":"","2PT":"1","Fum":"","FanPtsAgainst-pts":"15.90","TouchCarries":"","TouchReceptions":"1","Touches":"1","TargetsReceptions":"1","Targets":"1","ReceptionPercentage":"100","RzTarget":"1","RzTouch":"1","RzG2G":"1","Rank":8,"TotalPoints":"8.60"},{"PlayerName":"Ryan Griffin","PlayerId":"2541316","Pos":"TE","Team":"NYJ","PlayerOpponent":"PHI","PassingYDS":"","PassingTD":"","PassingInt":"","RushingYDS":"","RushingTD":"","ReceivingRec":"2","ReceivingYDS":"15","ReceivingTD":"1","RetTD":"","FumTD":"","2PT":"","Fum":"","FanPtsAgainst-pts":"10.20","TouchCarries":"","TouchReceptions":"2","Touches":"2","TargetsReceptions":"2","Targets":"2","ReceptionPercentage":"100","RzTarget":"1","RzTouch":"1","RzG2G":"1","Rank":9,"TotalPoints":"8.50"},{"PlayerName":"Evan Engram","PlayerId":"2557858","Pos":"TE","Team":"NYG","PlayerOpponent":"@MIA","PassingYDS":"","PassingTD":"","PassingInt":"","RushingYDS":"","RushingTD":"","ReceivingRec":"4","ReceivingYDS":"61","ReceivingTD":"","RetTD":"","FumTD":"","2PT":"","Fum":"","FanPtsAgainst-pts":"10.90","TouchCarries":"","TouchReceptions":"4","Touches":"4","TargetsReceptions":"4","Targets":"5","ReceptionPercentage":"80","RzTarget":"","RzTouch":"","RzG2G":"","Rank":10,"TotalPoints":"8.10"},{"PlayerName":"Mike Gesicki","PlayerId":"2560994","Pos":"TE","Team":"MIA","PlayerOpponent":"NYG","PassingYDS":"","PassingTD":"","PassingInt":"","RushingYDS":"","RushingTD":"","ReceivingRec":"7","ReceivingYDS":"46","ReceivingTD":"","RetTD":"","FumTD":"","2PT":"","Fum":"","FanPtsAgainst-pts":"9.40","TouchCarries":"","TouchReceptions":"7","Touches":"7","TargetsReceptions":"7","Targets":"11","ReceptionPercentage":"64","RzTarget":"2","RzTouch":"1","RzG2G":"","Rank":11,"TotalPoints":"8.10"},{"PlayerName":"John Bates","PlayerId":"2566580","Pos":"TE","Team":"WAS","PlayerOpponent":"@LV","PassingYDS":"","PassingTD":"","PassingInt":"","RushingYDS":"","RushingTD":"","ReceivingRec":"3","ReceivingYDS":"42","ReceivingTD":"","RetTD":"","FumTD":"","2PT":"","Fum":"","FanPtsAgainst-pts":"20.50","TouchCarries":"","TouchReceptions":"3","Touches":"3","TargetsReceptions":"3","Targets":"4","ReceptionPercentage":"75","RzTarget":"","RzTouch":"","RzG2G":"","Rank":12,"TotalPoints":"7.40"},{"PlayerName":"Tyler Higbee","PlayerId":"2555364","Pos":"TE","Team":"LA","PlayerOpponent":"JAX","PassingYDS":"","PassingTD":"","PassingInt":"","RushingYDS":"","RushingTD":"","ReceivingRec":"5","ReceivingYDS":"48","ReceivingTD":"","RetTD":"","FumTD":"","2PT":"","Fum":"","FanPtsAgainst-pts":"7.40","TouchCarries":"","TouchReceptions":"5","Touches":"5","TargetsReceptions":"5","Targets":"6","ReceptionPercentage":"83","RzTarget":"","RzTouch":"","RzG2G":"","Rank":13,"TotalPoints":"7.30"},{"PlayerName":"Cole Kmet","PlayerId":"2563704","Pos":"TE","Team":"CHI","PlayerOpponent":"ARI","PassingYDS":"","PassingTD":"","PassingInt":"","RushingYDS":"","RushingTD":"","ReceivingRec":"3","ReceivingYDS":"41","ReceivingTD":"","RetTD":"","FumTD":"","2PT":"","Fum":"","FanPtsAgainst-pts":"15.90","TouchCarries":"","TouchReceptions":"3","Touches":"3","TargetsReceptions":"3","Targets":"7","ReceptionPercentage":"43","RzTarget":"2","RzTouch":"","RzG2G":"","Rank":14,"TotalPoints":"7.30"},{"PlayerName":"Mark Andrews","PlayerId":"2560957","Pos":"TE","Team":"BAL","PlayerOpponent":"@PIT","PassingYDS":"","PassingTD":"","PassingInt":"","RushingYDS":"","RushingTD":"","ReceivingRec":"4","ReceivingYDS":"50","ReceivingTD":"","RetTD":"","FumTD":"","2PT":"","Fum":"","FanPtsAgainst-pts":"9.50","TouchCarries":"","TouchReceptions":"4","Touches":"4","TargetsReceptions":"4","Targets":"9","ReceptionPercentage":"44","RzTarget":"2","RzTouch":"","RzG2G":"","Rank":15,"TotalPoints":"7.00"},{"PlayerName":"Cameron Brate","PlayerId":"2550656","Pos":"TE","Team":"TB","PlayerOpponent":"@ATL","PassingYDS":"","PassingTD":"","PassingInt":"","RushingYDS":"","RushingTD":"","ReceivingRec":"1","ReceivingYDS":"3","ReceivingTD":"1","RetTD":"","FumTD":"","2PT":"","Fum":"","FanPtsAgainst-pts":"26.60","TouchCarries":"","TouchReceptions":"1","Touches":"1","TargetsReceptions":"1","Targets":"1","ReceptionPercentage":"100","RzTarget":"1","RzTouch":"1","RzG2G":"1","Rank":16,"TotalPoints":"6.80"},{"PlayerName":"Kyle Pitts","PlayerId":"2565830","Pos":"TE","Team":"ATL","PlayerOpponent":"TB","PassingYDS":"","PassingTD":"","PassingInt":"","RushingYDS":"","RushingTD":"","ReceivingRec":"4","ReceivingYDS":"48","ReceivingTD":"","RetTD":"","FumTD":"","2PT":"","Fum":"","FanPtsAgainst-pts":"6.80","TouchCarries":"","TouchReceptions":"4","Touches":"4","TargetsReceptions":"4","Targets":"7","ReceptionPercentage":"57","RzTarget":"","RzTouch":"","RzG2G":"","Rank":17,"TotalPoints":"6.80"},{"PlayerName":"Dalton Schultz","PlayerId":"2560866","Pos":"TE","Team":"DAL","PlayerOpponent":"@NO","PassingYDS":"","PassingTD":"","PassingInt":"","RushingYDS":"","RushingTD":"","ReceivingRec":"5","ReceivingYDS":"43","ReceivingTD":"","RetTD":"","FumTD":"","2PT":"","Fum":"","FanPtsAgainst-pts":"6.80","TouchCarries":"","TouchReceptions":"5","Touches":"5","TargetsReceptions":"5","Targets":"5","ReceptionPercentage":"100","RzTarget":"1","RzTouch":"1","RzG2G":"","Rank":18,"TotalPoints":"6.80"},{"PlayerName":"Nick Vannett","PlayerId":"2555289","Pos":"TE","Team":"NO","PlayerOpponent":"DAL","PassingYDS":"","PassingTD":"","PassingInt":"","RushingYDS":"","RushingTD":"","ReceivingRec":"3","ReceivingYDS":"48","ReceivingTD":"","RetTD":"","FumTD":"","2PT":"","Fum":"","FanPtsAgainst-pts":"8.90","TouchCarries":"","TouchReceptions":"3","Touches":"3","TargetsReceptions":"3","Targets":"4","ReceptionPercentage":"75","RzTarget":"","RzTouch":"","RzG2G":"","Rank":19,"TotalPoints":"6.30"},{"PlayerName":"Pat Freiermuth","PlayerId":"2566442","Pos":"TE","Team":"PIT","PlayerOpponent":"BAL","PassingYDS":"","PassingTD":"","PassingInt":"","RushingYDS":"","RushingTD":"","ReceivingRec":"3","ReceivingYDS":"26","ReceivingTD":"","RetTD":"","FumTD":"","2PT":"1","Fum":"","FanPtsAgainst-pts":"8.10","TouchCarries":"","TouchReceptions":"3","Touches":"3","TargetsReceptions":"3","Targets":"4","ReceptionPercentage":"75","RzTarget":"","RzTouch":"","RzG2G":"","Rank":20,"TotalPoints":"6.10"},{"PlayerName":"Noah Fant","PlayerId":"2562383","Pos":"TE","Team":"DEN","PlayerOpponent":"@KC","PassingYDS":"","PassingTD":"","PassingInt":"","RushingYDS":"","RushingTD":"","ReceivingRec":"4","ReceivingYDS":"33","ReceivingTD":"","RetTD":"","FumTD":"","2PT":"","Fum":"","FanPtsAgainst-pts":"8.90","TouchCarries":"","TouchReceptions":"4","Touches":"4","TargetsReceptions":"4","Targets":"4","ReceptionPercentage":"100","RzTarget":"","RzTouch":"","RzG2G":"","Rank":21,"TotalPoints":"5.30"},{"PlayerName":"Jared Cook","PlayerId":"71265","Pos":"TE","Team":"LAC","PlayerOpponent":"@CIN","PassingYDS":"","PassingTD":"","PassingInt":"","RushingYDS":"","RushingTD":"","ReceivingRec":"3","ReceivingYDS":"29","ReceivingTD":"","RetTD":"","FumTD":"","2PT":"","Fum":"","FanPtsAgainst-pts":"5.70","TouchCarries":"","TouchReceptions":"3","Touches":"3","TargetsReceptions":"3","Targets":"4","ReceptionPercentage":"75","RzTarget":"","RzTouch":"","RzG2G":"","Rank":22,"TotalPoints":"4.40"},{"PlayerName":"Travis Kelce","PlayerId":"2540258","Pos":"TE","Team":"KC","PlayerOpponent":"DEN","PassingYDS":"","PassingTD":"","PassingInt":"","RushingYDS":"","RushingTD":"","ReceivingRec":"3","ReceivingYDS":"27","ReceivingTD":"","RetTD":"","FumTD":"","2PT":"","Fum":"","FanPtsAgainst-pts":"4.20","TouchCarries":"","TouchReceptions":"3","Touches":"3","TargetsReceptions":"3","Targets":"8","ReceptionPercentage":"38","RzTarget":"2","RzTouch":"1","RzG2G":"","Rank":23,"TotalPoints":"4.20"},{"PlayerName":"James O'Shaughnessy","PlayerId":"2553318","Pos":"TE","Team":"JAX","PlayerOpponent":"@LA","PassingYDS":"","PassingTD":"","PassingInt":"","RushingYDS":"","RushingTD":"","ReceivingRec":"2","ReceivingYDS":"13","ReceivingTD":"","RetTD":"","FumTD":"","2PT":"","Fum":"","FanPtsAgainst-pts":"4.00","TouchCarries":"","TouchReceptions":"2","Touches":"2","TargetsReceptions":"2","Targets":"6","ReceptionPercentage":"33","RzTarget":"","RzTouch":"","RzG2G":"","Rank":24,"TotalPoints":"4.00"},{"PlayerName":"Foster Moreau","PlayerId":"2562317","Pos":"TE","Team":"LV","PlayerOpponent":"WAS","PassingYDS":"","PassingTD":"","PassingInt":"","RushingYDS":"","RushingTD":"","ReceivingRec":"1","ReceivingYDS":"34","ReceivingTD":"","RetTD":"","FumTD":"","2PT":"","Fum":"","FanPtsAgainst-pts":"3.90","TouchCarries":"","TouchReceptions":"1","Touches":"1","TargetsReceptions":"1","Targets":"3","ReceptionPercentage":"33","RzTarget":"1","RzTouch":"","RzG2G":"","Rank":25,"TotalPoints":"3.90"},{"PlayerName":"Albert Okwuegbunam","PlayerId":"2563911","Pos":"TE","Team":"DEN","PlayerOpponent":"@KC","PassingYDS":"","PassingTD":"","PassingInt":"","RushingYDS":"","RushingTD":"","ReceivingRec":"3","ReceivingYDS":"21","ReceivingTD":"","RetTD":"","FumTD":"","2PT":"","Fum":"","FanPtsAgainst-pts":"8.90","TouchCarries":"","TouchReceptions":"3","Touches":"3","TargetsReceptions":"3","Targets":"4","ReceptionPercentage":"75","RzTarget":"1","RzTouch":"","RzG2G":"","Rank":26,"TotalPoints":"3.60"},{"PlayerName":"C.J. Uzomah","PlayerId":"2552559","Pos":"TE","Team":"CIN","PlayerOpponent":"LAC","PassingYDS":"","PassingTD":"","PassingInt":"","RushingYDS":"","RushingTD":"","ReceivingRec":"3","ReceivingYDS":"20","ReceivingTD":"","RetTD":"","FumTD":"","2PT":"","Fum":"","FanPtsAgainst-pts":"3.50","TouchCarries":"","TouchReceptions":"3","Touches":"3","TargetsReceptions":"3","Targets":"6","ReceptionPercentage":"50","RzTarget":"1","RzTouch":"","RzG2G":"1","Rank":27,"TotalPoints":"3.50"},{"PlayerName":"Juwan Johnson","PlayerId":"2564676","Pos":"TE","Team":"NO","PlayerOpponent":"DAL","PassingYDS":"","PassingTD":"","PassingInt":"","RushingYDS":"","RushingTD":"","ReceivingRec":"1","ReceivingYDS":"27","ReceivingTD":"","RetTD":"","FumTD":"","2PT":"","Fum":"","FanPtsAgainst-pts":"8.90","TouchCarries":"","TouchReceptions":"1","Touches":"1","TargetsReceptions":"1","Targets":"1","ReceptionPercentage":"100","RzTarget":"","RzTouch":"","RzG2G":"","Rank":28,"TotalPoints":"3.20"},{"PlayerName":"Kyle Rudolph","PlayerId":"2495438","Pos":"TE","Team":"NYG","PlayerOpponent":"@MIA","PassingYDS":"","PassingTD":"","PassingInt":"","RushingYDS":"","RushingTD":"","ReceivingRec":"2","ReceivingYDS":"18","ReceivingTD":"","RetTD":"","FumTD":"","2PT":"","Fum":"","FanPtsAgainst-pts":"10.90","TouchCarries":"","TouchReceptions":"2","Touches":"2","TargetsReceptions":"2","Targets":"4","ReceptionPercentage":"50","RzTarget":"","RzTouch":"","RzG2G":"","Rank":29,"TotalPoints":"2.80"},{"PlayerName":"Will Dissly","PlayerId":"2561046","Pos":"TE","Team":"SEA","PlayerOpponent":"SF","PassingYDS":"","PassingTD":"","PassingInt":"","RushingYDS":"","RushingTD":"","ReceivingRec":"2","ReceivingYDS":"7","ReceivingTD":"","RetTD":"","FumTD":"","2PT":"","Fum":"","FanPtsAgainst-pts":"1.40","TouchCarries":"","TouchReceptions":"2","Touches":"2","TargetsReceptions":"2","Targets":"2","ReceptionPercentage":"100","RzTarget":"1","RzTouch":"1","RzG2G":"","Rank":30,"TotalPoints":"2.70"},{"PlayerName":"Dawson Knox","PlayerId":"2562681","Pos":"TE","Team":"BUF","PlayerOpponent":"NE","PassingYDS":"","PassingTD":"","PassingInt":"","RushingYDS":"","RushingTD":"","ReceivingRec":"2","ReceivingYDS":"14","ReceivingTD":"","RetTD":"","FumTD":"","2PT":"","Fum":"","FanPtsAgainst-pts":"2.40","TouchCarries":"","TouchReceptions":"2","Touches":"2","TargetsReceptions":"2","Targets":"6","ReceptionPercentage":"33","RzTarget":"2","RzTouch":"","RzG2G":"1","Rank":31,"TotalPoints":"2.40"},{"PlayerName":"Pharaoh Brown","PlayerId":"2559018","Pos":"TE","Team":"HOU","PlayerOpponent":"IND","PassingYDS":"","PassingTD":"","PassingInt":"","RushingYDS":"","RushingTD":"","ReceivingRec":"4","ReceivingYDS":"23","ReceivingTD":"","RetTD":"","FumTD":"","2PT":"","Fum":"1","FanPtsAgainst-pts":"4.00","TouchCarries":"","TouchReceptions":"4","Touches":"4","TargetsReceptions":"4","Targets":"5","ReceptionPercentage":"80","RzTarget":"","RzTouch":"","RzG2G":"","Rank":32,"TotalPoints":"2.30"},{"PlayerName":"Zach Gentry","PlayerId":"2562654","Pos":"TE","Team":"PIT","PlayerOpponent":"BAL","PassingYDS":"","PassingTD":"","PassingInt":"","RushingYDS":"","RushingTD":"","ReceivingRec":"2","ReceivingYDS":"10","ReceivingTD":"","RetTD":"","FumTD":"","2PT":"","Fum":"","FanPtsAgainst-pts":"8.10","TouchCarries":"","TouchReceptions":"2","Touches":"2","TargetsReceptions":"2","Targets":"2","ReceptionPercentage":"100","RzTarget":"1","RzTouch":"1","RzG2G":"1","Rank":33,"TotalPoints":"2.00"},{"PlayerName":"Jack Doyle","PlayerId":"2540232","Pos":"TE","Team":"IND","PlayerOpponent":"@HOU","PassingYDS":"","PassingTD":"","PassingInt":"","RushingYDS":"","RushingTD":"","ReceivingRec":"1","ReceivingYDS":"13","ReceivingTD":"","RetTD":"","FumTD":"","2PT":"","Fum":"","FanPtsAgainst-pts":"3.40","TouchCarries":"","TouchReceptions":"1","Touches":"1","TargetsReceptions":"1","Targets":"1","ReceptionPercentage":"100","RzTarget":"","RzTouch":"","RzG2G":"","Rank":34,"TotalPoints":"1.80"},{"PlayerName":"Demetrius Harris","PlayerId":"2541187","Pos":"TE","Team":"ARI","PlayerOpponent":"@CHI","PassingYDS":"","PassingTD":"","PassingInt":"","RushingYDS":"","RushingTD":"","ReceivingRec":"2","ReceivingYDS":"7","ReceivingTD":"","RetTD":"","FumTD":"","2PT":"","Fum":"","FanPtsAgainst-pts":"3.20","TouchCarries":"","TouchReceptions":"2","Touches":"2","TargetsReceptions":"2","Targets":"2","ReceptionPercentage":"100","RzTarget":"","RzTouch":"","RzG2G":"","Rank":35,"TotalPoints":"1.70"},{"PlayerName":"Brevin Jordan","PlayerId":"2566130","Pos":"TE","Team":"HOU","PlayerOpponent":"IND","PassingYDS":"","PassingTD":"","PassingInt":"","RushingYDS":"","RushingTD":"","ReceivingRec":"2","ReceivingYDS":"7","ReceivingTD":"","RetTD":"","FumTD":"","2PT":"","Fum":"","FanPtsAgainst-pts":"4.00","TouchCarries":"","TouchReceptions":"2","Touches":"2","TargetsReceptions":"2","Targets":"4","ReceptionPercentage":"50","RzTarget":"","RzTouch":"","RzG2G":"","Rank":36,"TotalPoints":"1.70"},{"PlayerName":"Eric Tomlinson","PlayerId":"2553744","Pos":"TE","Team":"BAL","PlayerOpponent":"@PIT","PassingYDS":"","PassingTD":"","PassingInt":"","RushingYDS":"","RushingTD":"","ReceivingRec":"","ReceivingYDS":"","ReceivingTD":"","RetTD":"","FumTD":"","2PT":"","Fum":"","FanPtsAgainst-pts":"9.50","TouchCarries":"","TouchReceptions":"","Touches":"","TargetsReceptions":"","Targets":"","ReceptionPercentage":"","RzTarget":"","RzTouch":"","RzG2G":"","Rank":37,"TotalPoints":"1.70"},{"PlayerName":"Charlie Woerner","PlayerId":"2565129","Pos":"TE","Team":"SF","PlayerOpponent":"@SEA","PassingYDS":"","PassingTD":"","PassingInt":"","RushingYDS":"","RushingTD":"","ReceivingRec":"","ReceivingYDS":"","ReceivingTD":"","RetTD":"","FumTD":"","2PT":"","Fum":"","FanPtsAgainst-pts":"36.80","TouchCarries":"","TouchReceptions":"","Touches":"","TargetsReceptions":"","Targets":"","ReceptionPercentage":"","RzTarget":"","RzTouch":"","RzG2G":"","Rank":38,"TotalPoints":"1.70"},{"PlayerName":"Kenny Yeboah","PlayerId":"2565768","Pos":"TE","Team":"NYJ","PlayerOpponent":"PHI","PassingYDS":"","PassingTD":"","PassingInt":"","RushingYDS":"","RushingTD":"","ReceivingRec":"","ReceivingYDS":"","ReceivingTD":"","RetTD":"","FumTD":"","2PT":"","Fum":"","FanPtsAgainst-pts":"10.20","TouchCarries":"","TouchReceptions":"","Touches":"","TargetsReceptions":"","Targets":"1","ReceptionPercentage":"","RzTarget":"","RzTouch":"","RzG2G":"","Rank":39,"TotalPoints":"1.70"},{"PlayerName":"Jonnu Smith","PlayerId":"2558207","Pos":"TE","Team":"NE","PlayerOpponent":"@BUF","PassingYDS":"","PassingTD":"","PassingInt":"","RushingYDS":"-1","RushingTD":"","ReceivingRec":"1","ReceivingYDS":"12","ReceivingTD":"","RetTD":"","FumTD":"","2PT":"","Fum":"","FanPtsAgainst-pts":"1.60","TouchCarries":"1","TouchReceptions":"1","Touches":"2","TargetsReceptions":"1","Targets":"1","ReceptionPercentage":"100","RzTarget":"","RzTouch":"","RzG2G":"","Rank":40,"TotalPoints":"1.60"},{"PlayerName":"Zach Ertz","PlayerId":"2540158","Pos":"TE","Team":"ARI","PlayerOpponent":"@CHI","PassingYDS":"","PassingTD":"","PassingInt":"","RushingYDS":"","RushingTD":"","ReceivingRec":"1","ReceivingYDS":"10","ReceivingTD":"","RetTD":"","FumTD":"","2PT":"","Fum":"","FanPtsAgainst-pts":"3.20","TouchCarries":"","TouchReceptions":"1","Touches":"1","TargetsReceptions":"1","Targets":"2","ReceptionPercentage":"50","RzTarget":"","RzTouch":"","RzG2G":"","Rank":41,"TotalPoints":"1.50"},{"PlayerName":"Hunter Long","PlayerId":"2566286","Pos":"TE","Team":"MIA","PlayerOpponent":"NYG","PassingYDS":"","PassingTD":"","PassingInt":"","RushingYDS":"","RushingTD":"","ReceivingRec":"1","ReceivingYDS":"8","ReceivingTD":"","RetTD":"","FumTD":"","2PT":"","Fum":"","FanPtsAgainst-pts":"9.40","TouchCarries":"","TouchReceptions":"1","Touches":"1","TargetsReceptions":"1","Targets":"1","ReceptionPercentage":"100","RzTarget":"","RzTouch":"","RzG2G":"","Rank":42,"TotalPoints":"1.30"},{"PlayerName":"Donald Parham","PlayerId":"2562394","Pos":"TE","Team":"LAC","PlayerOpponent":"@CIN","PassingYDS":"","PassingTD":"","PassingInt":"","RushingYDS":"","RushingTD":"","ReceivingRec":"2","ReceivingYDS":"3","ReceivingTD":"","RetTD":"","FumTD":"","2PT":"","Fum":"","FanPtsAgainst-pts":"5.70","TouchCarries":"","TouchReceptions":"2","Touches":"2","TargetsReceptions":"2","Targets":"4","ReceptionPercentage":"50","RzTarget":"1","RzTouch":"","RzG2G":"1","Rank":43,"TotalPoints":"1.30"},{"PlayerName":"Kylen Granson","PlayerId":"2566145","Pos":"TE","Team":"IND","PlayerOpponent":"@HOU","PassingYDS":"","PassingTD":"","PassingInt":"","RushingYDS":"","RushingTD":"","ReceivingRec":"1","ReceivingYDS":"6","ReceivingTD":"","RetTD":"","FumTD":"","2PT":"","Fum":"","FanPtsAgainst-pts":"3.40","TouchCarries":"","TouchReceptions":"1","Touches":"1","TargetsReceptions":"1","Targets":"2","ReceptionPercentage":"50","RzTarget":"2","RzTouch":"1","RzG2G":"1","Rank":44,"TotalPoints":"1.10"},{"PlayerName":"Josh Oliver","PlayerId":"2562693","Pos":"TE","Team":"BAL","PlayerOpponent":"@PIT","PassingYDS":"","PassingTD":"","PassingInt":"","RushingYDS":"","RushingTD":"","ReceivingRec":"","ReceivingYDS":"","ReceivingTD":"","RetTD":"","FumTD":"","2PT":"","Fum":"","FanPtsAgainst-pts":"9.50","TouchCarries":"","TouchReceptions":"","Touches":"","TargetsReceptions":"","Targets":"","ReceptionPercentage":"","RzTarget":"","RzTouch":"","RzG2G":"","Rank":45,"TotalPoints":"0.80"},{"PlayerName":"Sammis Reyes","PlayerId":"2565807","Pos":"TE","Team":"WAS","PlayerOpponent":"@LV","PassingYDS":"","PassingTD":"","PassingInt":"","RushingYDS":"","RushingTD":"","ReceivingRec":"","ReceivingYDS":"","ReceivingTD":"","RetTD":"","FumTD":"","2PT":"","Fum":"","FanPtsAgainst-pts":"20.50","TouchCarries":"","TouchReceptions":"","Touches":"","TargetsReceptions":"","Targets":"","ReceptionPercentage":"","RzTarget":"","RzTouch":"","RzG2G":"","Rank":46,"TotalPoints":"0.80"},{"PlayerName":"Mo Alie-Cox","PlayerId":"2558832","Pos":"TE","Team":"IND","PlayerOpponent":"@HOU","PassingYDS":"","PassingTD":"","PassingInt":"","RushingYDS":"","RushingTD":"","ReceivingRec":"1","ReceivingYDS":"","ReceivingTD":"","RetTD":"","FumTD":"","2PT":"","Fum":"","FanPtsAgainst-pts":"3.40","TouchCarries":"","TouchReceptions":"1","Touches":"1","TargetsReceptions":"1","Targets":"1","ReceptionPercentage":"100","RzTarget":"1","RzTouch":"1","RzG2G":"1","Rank":47,"TotalPoints":"0.50"},{"PlayerName":"Kendall Blanton","PlayerId":"2562234","Pos":"TE","Team":"LA","PlayerOpponent":"JAX","PassingYDS":"","PassingTD":"","PassingInt":"","RushingYDS":"","RushingTD":"","ReceivingRec":"1","ReceivingYDS":"6","ReceivingTD":"","RetTD":"","FumTD":"","2PT":"","Fum":"1","FanPtsAgainst-pts":"7.40","TouchCarries":"","TouchReceptions":"1","Touches":"1","TargetsReceptions":"1","Targets":"2","ReceptionPercentage":"50","RzTarget":"1","RzTouch":"","RzG2G":"","Rank":48,"TotalPoints":"0.10"},{"PlayerName":"Jordan Akins","PlayerId":"2560951","Pos":"TE","Team":"HOU","PlayerOpponent":"IND","PassingYDS":"","PassingTD":"","PassingInt":"","RushingYDS":"","RushingTD":"","ReceivingRec":"","ReceivingYDS":"","ReceivingTD":"","RetTD":"","FumTD":"","2PT":"","Fum":"","FanPtsAgainst-pts":"4.00","TouchCarries":"","TouchReceptions":"","Touches":"","TargetsReceptions":"","Targets":"","ReceptionPercentage":"","RzTarget":"","RzTouch":"","RzG2G":"","Rank":49,"TotalPoints":"0.00"},{"PlayerName":"Stephen Anderson","PlayerId":"2556463","Pos":"TE","Team":"LAC","PlayerOpponent":"@CIN","PassingYDS":"","PassingTD":"","PassingInt":"","RushingYDS":"","RushingTD":"","ReceivingRec":"","ReceivingYDS":"","ReceivingTD":"","RetTD":"","FumTD":"","2PT":"","Fum":"","FanPtsAgainst-pts":"5.70","TouchCarries":"","TouchReceptions":"","Touches":"","TargetsReceptions":"","Targets":"","ReceptionPercentage":"","RzTarget":"","RzTouch":"","RzG2G":"","Rank":50,"TotalPoints":"0.00"},{"PlayerName":"Dan Arnold","PlayerId":"2559385","Pos":"TE","Team":"JAX","PlayerOpponent":"@LA","PassingYDS":"","PassingTD":"","PassingInt":"","RushingYDS":"","RushingTD":"","ReceivingRec":"","ReceivingYDS":"","ReceivingTD":"","RetTD":"","FumTD":"","2PT":"","Fum":"","FanPtsAgainst-pts":"4.00","TouchCarries":"","TouchReceptions":"","Touches":"","TargetsReceptions":"","Targets":"","ReceptionPercentage":"","RzTarget":"","RzTouch":"","RzG2G":"","Rank":51,"TotalPoints":"0.00"},{"PlayerName":"Devin Asiasi","PlayerId":"2564586","Pos":"TE","Team":"NE","PlayerOpponent":"@BUF","PassingYDS":"","PassingTD":"","PassingInt":"","RushingYDS":"","RushingTD":"","ReceivingRec":"","ReceivingYDS":"","ReceivingTD":"","RetTD":"","FumTD":"","2PT":"","Fum":"","FanPtsAgainst-pts":"1.60","TouchCarries":"","TouchReceptions":"","Touches":"","TargetsReceptions":"","Targets":"","ReceptionPercentage":"","RzTarget":"","RzTouch":"","RzG2G":"","Rank":52,"TotalPoints":"0.00"},{"PlayerName":"Antony Auclair","PlayerId":"2559044","Pos":"TE","Team":"HOU","PlayerOpponent":"IND","PassingYDS":"","PassingTD":"","PassingInt":"","RushingYDS":"","RushingTD":"","ReceivingRec":"","ReceivingYDS":"","ReceivingTD":"","RetTD":"","FumTD":"","2PT":"","Fum":"","FanPtsAgainst-pts":"4.00","TouchCarries":"","TouchReceptions":"","Touches":"","TargetsReceptions":"","Targets":"","ReceptionPercentage":"","RzTarget":"","RzTouch":"","RzG2G":"","Rank":53,"TotalPoints":"0.00"},{"PlayerName":"Marcus Baugh","PlayerId":"2560971","Pos":"TE","Team":"FA","PlayerOpponent":"Bye","PassingYDS":"","PassingTD":"","PassingInt":"","RushingYDS":"","RushingTD":"","ReceivingRec":"","ReceivingYDS":"","ReceivingTD":"","RetTD":"","FumTD":"","2PT":"","Fum":"","FanPtsAgainst-pts":"","TouchCarries":"","TouchReceptions":"","Touches":"","TargetsReceptions":"","Targets":"","ReceptionPercentage":"","RzTarget":"","RzTouch":"","RzG2G":"","Rank":54,"TotalPoints":"0.00"},{"PlayerName":"Evan Baylis","PlayerId":"2559299","Pos":"TE","Team":"FA","PlayerOpponent":"Bye","PassingYDS":"","PassingTD":"","PassingInt":"","RushingYDS":"","RushingTD":"","ReceivingRec":"","ReceivingYDS":"","ReceivingTD":"","RetTD":"","FumTD":"","2PT":"","Fum":"","FanPtsAgainst-pts":"","TouchCarries":"","TouchReceptions":"","Touches":"","TargetsReceptions":"","Targets":"","ReceptionPercentage":"","RzTarget":"","RzTouch":"","RzG2G":"","Rank":55,"TotalPoints":"0.00"},{"PlayerName":"Andrew Beck","PlayerId":"2562626","Pos":"TE","Team":"DEN","PlayerOpponent":"@KC","PassingYDS":"","PassingTD":"","PassingInt":"","RushingYDS":"","RushingTD":"","ReceivingRec":"","ReceivingYDS":"","ReceivingTD":"","RetTD":"","FumTD":"","2PT":"","Fum":"","FanPtsAgainst-pts":"8.90","TouchCarries":"","TouchReceptions":"","Touches":"","TargetsReceptions":"","Targets":"","ReceptionPercentage":"","RzTarget":"","RzTouch":"","RzG2G":"","Rank":56,"TotalPoints":"0.00"},{"PlayerName":"Nate Becker","PlayerId":"2563191","Pos":"TE","Team":"FA","PlayerOpponent":"Bye","PassingYDS":"","PassingTD":"","PassingInt":"","RushingYDS":"","RushingTD":"","ReceivingRec":"","ReceivingYDS":"","ReceivingTD":"","RetTD":"","FumTD":"","2PT":"","Fum":"","FanPtsAgainst-pts":"","TouchCarries":"","TouchReceptions":"","Touches":"","TargetsReceptions":"","Targets":"","ReceptionPercentage":"","RzTarget":"","RzTouch":"","RzG2G":"","Rank":57,"TotalPoints":"0.00"},{"PlayerName":"Ryan Becker","PlayerId":"2564886","Pos":"TE","Team":"FA","PlayerOpponent":"Bye","PassingYDS":"","PassingTD":"","PassingInt":"","RushingYDS":"","RushingTD":"","ReceivingRec":"","ReceivingYDS":"","ReceivingTD":"","RetTD":"","FumTD":"","2PT":"","Fum":"","FanPtsAgainst-pts":"","TouchCarries":"","TouchReceptions":"","Touches":"","TargetsReceptions":"","Targets":"","ReceptionPercentage":"","RzTarget":"","RzTouch":"","RzG2G":"","Rank":58,"TotalPoints":"0.00"},{"PlayerName":"Blake Bell","PlayerId":"2552478","Pos":"TE","Team":"KC","PlayerOpponent":"DEN","PassingYDS":"","PassingTD":"","PassingInt":"","RushingYDS":"","RushingTD":"","ReceivingRec":"","ReceivingYDS":"","ReceivingTD":"","RetTD":"","FumTD":"","2PT":"","Fum":"","FanPtsAgainst-pts":"4.20","TouchCarries":"","TouchReceptions":"","Touches":"","TargetsReceptions":"","Targets":"","ReceptionPercentage":"","RzTarget":"","RzTouch":"","RzG2G":"","Rank":59,"TotalPoints":"0.00"},{"PlayerName":"Kelvin Benjamin","PlayerId":"2543471","Pos":"TE","Team":"FA","PlayerOpponent":"Bye","PassingYDS":"","PassingTD":"","PassingInt":"","RushingYDS":"","RushingTD":"","ReceivingRec":"","ReceivingYDS":"","ReceivingTD":"","RetTD":"","FumTD":"","2PT":"","Fum":"","FanPtsAgainst-pts":"","TouchCarries":"","TouchReceptions":"","Touches":"","TargetsReceptions":"","Targets":"","ReceptionPercentage":"","RzTarget":"","RzTouch":"","RzG2G":"","Rank":60,"TotalPoints":"0.00"},{"PlayerName":"Jibri Blount","PlayerId":"2565672","Pos":"TE","Team":"FA","PlayerOpponent":"Bye","PassingYDS":"","PassingTD":"","PassingInt":"","RushingYDS":"","RushingTD":"","ReceivingRec":"","ReceivingYDS":"","ReceivingTD":"","RetTD":"","FumTD":"","2PT":"","Fum":"","FanPtsAgainst-pts":"","TouchCarries":"","TouchReceptions":"","Touches":"","TargetsReceptions":"","Targets":"","ReceptionPercentage":"","RzTarget":"","RzTouch":"","RzG2G":"","Rank":61,"TotalPoints":"0.00"},{"PlayerName":"Nick Bowers","PlayerId":"2564415","Pos":"TE","Team":"LV","PlayerOpponent":"WAS","PassingYDS":"","PassingTD":"","PassingInt":"","RushingYDS":"","RushingTD":"","ReceivingRec":"","ReceivingYDS":"","ReceivingTD":"","RetTD":"","FumTD":"","2PT":"","Fum":"","FanPtsAgainst-pts":"3.90","TouchCarries":"","TouchReceptions":"","Touches":"","TargetsReceptions":"","Targets":"","ReceptionPercentage":"","RzTarget":"","RzTouch":"","RzG2G":"","Rank":62,"TotalPoints":"0.00"},{"PlayerName":"Nick Boyle","PlayerId":"2552402","Pos":"TE","Team":"BAL","PlayerOpponent":"@PIT","PassingYDS":"","PassingTD":"","PassingInt":"","RushingYDS":"","RushingTD":"","ReceivingRec":"","ReceivingYDS":"","ReceivingTD":"","RetTD":"","FumTD":"","2PT":"","Fum":"","FanPtsAgainst-pts":"9.50","TouchCarries":"","TouchReceptions":"","Touches":"","TargetsReceptions":"","Targets":"","ReceptionPercentage":"","RzTarget":"","RzTouch":"","RzG2G":"","Rank":63,"TotalPoints":"0.00"},{"PlayerName":"Jacob Breeland","PlayerId":"2565321","Pos":"TE","Team":"FA","PlayerOpponent":"Bye","PassingYDS":"","PassingTD":"","PassingInt":"","RushingYDS":"","RushingTD":"","ReceivingRec":"","ReceivingYDS":"","ReceivingTD":"","RetTD":"","FumTD":"","2PT":"","Fum":"","FanPtsAgainst-pts":"","TouchCarries":"","TouchReceptions":"","Touches":"","TargetsReceptions":"","Targets":"","ReceptionPercentage":"","RzTarget":"","RzTouch":"","RzG2G":"","Rank":64,"TotalPoints":"0.00"},{"PlayerName":"Daniel Brown","PlayerId":"2553900","Pos":"TE","Team":"NYJ","PlayerOpponent":"PHI","PassingYDS":"","PassingTD":"","PassingInt":"","RushingYDS":"","RushingTD":"","ReceivingRec":"","ReceivingYDS":"","ReceivingTD":"","RetTD":"","FumTD":"","2PT":"","Fum":"","FanPtsAgainst-pts":"10.20","TouchCarries":"","TouchReceptions":"","Touches":"","TargetsReceptions":"","Targets":"","ReceptionPercentage":"","RzTarget":"","RzTouch":"","RzG2G":"","Rank":65,"TotalPoints":"0.00"},{"PlayerName":"Harrison Bryant","PlayerId":"2563767","Pos":"TE","Team":"CLE","PlayerOpponent":"Bye","PassingYDS":"","PassingTD":"","PassingInt":"","RushingYDS":"","RushingTD":"","ReceivingRec":"","ReceivingYDS":"","ReceivingTD":"","RetTD":"","FumTD":"","2PT":"","Fum":"","FanPtsAgainst-pts":null,"TouchCarries":null,"TouchReceptions":null,"Touches":null,"TargetsReceptions":null,"Targets":null,"ReceptionPercentage":null,"RzTarget":null,"RzTouch":null,"RzG2G":null,"Rank":66,"TotalPoints":"0.00"},{"PlayerName":"Hunter Bryant","PlayerId":"2563923","Pos":"TE","Team":"DET","PlayerOpponent":"MIN","PassingYDS":"","PassingTD":"","PassingInt":"","RushingYDS":"","RushingTD":"","ReceivingRec":"","ReceivingYDS":"","ReceivingTD":"","RetTD":"","FumTD":"","2PT":"","Fum":"","FanPtsAgainst-pts":"24.40","TouchCarries":"","TouchReceptions":"","Touches":"","TargetsReceptions":"","Targets":"","ReceptionPercentage":"","RzTarget":"","RzTouch":"","RzG2G":"","Rank":67,"TotalPoints":"0.00"},{"PlayerName":"Ian Bunting","PlayerId":"2563073","Pos":"TE","Team":"DAL","PlayerOpponent":"@NO","PassingYDS":"","PassingTD":"","PassingInt":"","RushingYDS":"","RushingTD":"","ReceivingRec":"","ReceivingYDS":"","ReceivingTD":"","RetTD":"","FumTD":"","2PT":"","Fum":"","FanPtsAgainst-pts":"6.80","TouchCarries":"","TouchReceptions":"","Touches":"","TargetsReceptions":"","Targets":"","ReceptionPercentage":"","RzTarget":"","RzTouch":"","RzG2G":"","Rank":68,"TotalPoints":"0.00"},{"PlayerName":"Trey Burton","PlayerId":"2550284","Pos":"TE","Team":"FA","PlayerOpponent":"Bye","PassingYDS":"","PassingTD":"","PassingInt":"","RushingYDS":"","RushingTD":"","ReceivingRec":"","ReceivingYDS":"","ReceivingTD":"","RetTD":"","FumTD":"","2PT":"","Fum":"","FanPtsAgainst-pts":"","TouchCarries":"","TouchReceptions":"","Touches":"","TargetsReceptions":"","Targets":"","ReceptionPercentage":"","RzTarget":"","RzTouch":"","RzG2G":"","Rank":69,"TotalPoints":"0.00"},{"PlayerName":"Matt Bushman","PlayerId":"2565639","Pos":"TE","Team":"KC","PlayerOpponent":"DEN","PassingYDS":"","PassingTD":"","PassingInt":"","RushingYDS":"","RushingTD":"","ReceivingRec":"","ReceivingYDS":"","ReceivingTD":"","RetTD":"","FumTD":"","2PT":"","Fum":"","FanPtsAgainst-pts":"4.20","TouchCarries":"","TouchReceptions":"","Touches":"","TargetsReceptions":"","Targets":"","ReceptionPercentage":"","RzTarget":"","RzTouch":"","RzG2G":"","Rank":70,"TotalPoints":"0.00"},{"PlayerName":"Jake Butt","PlayerId":"2557859","Pos":"TE","Team":"FA","PlayerOpponent":"Bye","PassingYDS":"","PassingTD":"","PassingInt":"","RushingYDS":"","RushingTD":"","ReceivingRec":"","ReceivingYDS":"","ReceivingTD":"","RetTD":"","FumTD":"","2PT":"","Fum":"","FanPtsAgainst-pts":"","TouchCarries":"","TouchReceptions":"","Touches":"","TargetsReceptions":"","Targets":"","ReceptionPercentage":"","RzTarget":"","RzTouch":"","RzG2G":"","Rank":71,"TotalPoints":"0.00"},{"PlayerName":"Stephen Carlson","PlayerId":"2563044","Pos":"TE","Team":"CLE","PlayerOpponent":"Bye","PassingYDS":"","PassingTD":"","PassingInt":"","RushingYDS":"","RushingTD":"","ReceivingRec":"","ReceivingYDS":"","ReceivingTD":"","RetTD":"","FumTD":"","2PT":"","Fum":"","FanPtsAgainst-pts":null,"TouchCarries":null,"TouchReceptions":null,"Touches":null,"TargetsReceptions":null,"Targets":null,"ReceptionPercentage":null,"RzTarget":null,"RzTouch":null,"RzG2G":null,"Rank":72,"TotalPoints":"0.00"},{"PlayerName":"Derek Carrier","PlayerId":"2534241","Pos":"TE","Team":"LV","PlayerOpponent":"WAS","PassingYDS":"","PassingTD":"","PassingInt":"","RushingYDS":"","RushingTD":"","ReceivingRec":"","ReceivingYDS":"","ReceivingTD":"","RetTD":"","FumTD":"","2PT":"","Fum":"","FanPtsAgainst-pts":"3.90","TouchCarries":"","TouchReceptions":"","Touches":"","TargetsReceptions":"","Targets":"","ReceptionPercentage":"","RzTarget":"","RzTouch":"","RzG2G":"","Rank":73,"TotalPoints":"0.00"},{"PlayerName":"Cethan Carter","PlayerId":"2558929","Pos":"TE","Team":"MIA","PlayerOpponent":"NYG","PassingYDS":"","PassingTD":"","PassingInt":"","RushingYDS":"","RushingTD":"","ReceivingRec":"","ReceivingYDS":"","ReceivingTD":"","RetTD":"","FumTD":"","2PT":"","Fum":"","FanPtsAgainst-pts":"9.40","TouchCarries":"","TouchReceptions":"","Touches":"","TargetsReceptions":"","Targets":"","ReceptionPercentage":"","RzTarget":"","RzTouch":"","RzG2G":"","Rank":74,"TotalPoints":"0.00"},{"PlayerName":"Darion Clark","PlayerId":"2563434","Pos":"TE","Team":"FA","PlayerOpponent":"Bye","PassingYDS":"","PassingTD":"","PassingInt":"","RushingYDS":"","RushingTD":"","ReceivingRec":"","ReceivingYDS":"","ReceivingTD":"","RetTD":"","FumTD":"","2PT":"","Fum":"","FanPtsAgainst-pts":"","TouchCarries":"","TouchReceptions":"","Touches":"","TargetsReceptions":"","Targets":"","ReceptionPercentage":"","RzTarget":"","RzTouch":"","RzG2G":"","Rank":75,"TotalPoints":"0.00"},{"PlayerName":"Jason Croom","PlayerId":"2559159","Pos":"TE","Team":"PHI","PlayerOpponent":"@NYJ","PassingYDS":"","PassingTD":"","PassingInt":"","RushingYDS":"","RushingTD":"","ReceivingRec":"","ReceivingYDS":"","ReceivingTD":"","RetTD":"","FumTD":"","2PT":"","Fum":"","FanPtsAgainst-pts":"25.50","TouchCarries":"","TouchReceptions":"","Touches":"","TargetsReceptions":"","Targets":"","ReceptionPercentage":"","RzTarget":"","RzTouch":"","RzG2G":"","Rank":76,"TotalPoints":"0.00"},{"PlayerName":"Dominique Dafney","PlayerId":"2565540","Pos":"TE","Team":"GB","PlayerOpponent":"Bye","PassingYDS":"","PassingTD":"","PassingInt":"","RushingYDS":"","RushingTD":"","ReceivingRec":"","ReceivingYDS":"","ReceivingTD":"","RetTD":"","FumTD":"","2PT":"","Fum":"","FanPtsAgainst-pts":null,"TouchCarries":null,"TouchReceptions":null,"Touches":null,"TargetsReceptions":null,"Targets":null,"ReceptionPercentage":null,"RzTarget":null,"RzTouch":null,"RzG2G":null,"Rank":77,"TotalPoints":"0.00"},{"PlayerName":"Darrell Daniels","PlayerId":"2558886","Pos":"TE","Team":"ARI","PlayerOpponent":"@CHI","PassingYDS":"","PassingTD":"","PassingInt":"","RushingYDS":"","RushingTD":"","ReceivingRec":"","ReceivingYDS":"","ReceivingTD":"","RetTD":"","FumTD":"","2PT":"","Fum":"","FanPtsAgainst-pts":"3.20","TouchCarries":"","TouchReceptions":"","Touches":"","TargetsReceptions":"","Targets":"","ReceptionPercentage":"","RzTarget":"","RzTouch":"","RzG2G":"","Rank":78,"TotalPoints":"0.00"},{"PlayerName":"Zach Davidson","PlayerId":"2566301","Pos":"TE","Team":"MIN","PlayerOpponent":"@DET","PassingYDS":"","PassingTD":"","PassingInt":"","RushingYDS":"","RushingTD":"","ReceivingRec":"","ReceivingYDS":"","ReceivingTD":"","RetTD":"","FumTD":"","2PT":"","Fum":"","FanPtsAgainst-pts":"9.10","TouchCarries":"","TouchReceptions":"","Touches":"","TargetsReceptions":"","Targets":"","ReceptionPercentage":"","RzTarget":"","RzTouch":"","RzG2G":"","Rank":79,"TotalPoints":"0.00"},{"PlayerName":"Tyler Davis","PlayerId":"2564178","Pos":"TE","Team":"GB","PlayerOpponent":"Bye","PassingYDS":"","PassingTD":"","PassingInt":"","RushingYDS":"","RushingTD":"","ReceivingRec":"","ReceivingYDS":"","ReceivingTD":"","RetTD":"","FumTD":"","2PT":"","Fum":"","FanPtsAgainst-pts":null,"TouchCarries":null,"TouchReceptions":null,"Touches":null,"TargetsReceptions":null,"Targets":null,"ReceptionPercentage":null,"RzTarget":null,"RzTouch":null,"RzG2G":null,"Rank":80,"TotalPoints":"0.00"},{"PlayerName":"Josiah Deguara","PlayerId":"2563980","Pos":"TE","Team":"GB","PlayerOpponent":"Bye","PassingYDS":"","PassingTD":"","PassingInt":"","RushingYDS":"","RushingTD":"","ReceivingRec":"","ReceivingYDS":"","ReceivingTD":"","RetTD":"","FumTD":"","2PT":"","Fum":"","FanPtsAgainst-pts":null,"TouchCarries":null,"TouchReceptions":null,"Touches":null,"TargetsReceptions":null,"Targets":null,"ReceptionPercentage":null,"RzTarget":null,"RzTouch":null,"RzG2G":null,"Rank":81,"TotalPoints":"0.00"},{"PlayerName":"Seth DeValve","PlayerId":"2556365","Pos":"TE","Team":"FA","PlayerOpponent":"Bye","PassingYDS":"","PassingTD":"","PassingInt":"","RushingYDS":"","RushingTD":"","ReceivingRec":"","ReceivingYDS":"","ReceivingTD":"","RetTD":"","FumTD":"","2PT":"","Fum":"","FanPtsAgainst-pts":"","TouchCarries":"","TouchReceptions":"","Touches":"","TargetsReceptions":"","Targets":"","ReceptionPercentage":"","RzTarget":"","RzTouch":"","RzG2G":"","Rank":82,"TotalPoints":"0.00"},{"PlayerName":"Brandon Dillon","PlayerId":"2562984","Pos":"TE","Team":"NYJ","PlayerOpponent":"PHI","PassingYDS":"","PassingTD":"","PassingInt":"","RushingYDS":"","RushingTD":"","ReceivingRec":"","ReceivingYDS":"","ReceivingTD":"","RetTD":"","FumTD":"","2PT":"","Fum":"","FanPtsAgainst-pts":"10.20","TouchCarries":"","TouchReceptions":"","Touches":"","TargetsReceptions":"","Targets":"","ReceptionPercentage":"","RzTarget":"","RzTouch":"","RzG2G":"","Rank":83,"TotalPoints":"0.00"},{"PlayerName":"Ross Dwelley","PlayerId":"2561060","Pos":"TE","Team":"SF","PlayerOpponent":"@SEA","PassingYDS":"","PassingTD":"","PassingInt":"","RushingYDS":"","RushingTD":"","ReceivingRec":"","ReceivingYDS":"","ReceivingTD":"","RetTD":"","FumTD":"","2PT":"","Fum":"","FanPtsAgainst-pts":"36.80","TouchCarries":"","TouchReceptions":"","Touches":"","TargetsReceptions":"","Targets":"","ReceptionPercentage":"","RzTarget":"","RzTouch":"","RzG2G":"","Rank":84,"TotalPoints":"0.00"},{"PlayerName":"Eric Ebron","PlayerId":"2543466","Pos":"TE","Team":"PIT","PlayerOpponent":"BAL","PassingYDS":"","PassingTD":"","PassingInt":"","RushingYDS":"","RushingTD":"","ReceivingRec":"","ReceivingYDS":"","ReceivingTD":"","RetTD":"","FumTD":"","2PT":"","Fum":"","FanPtsAgainst-pts":"8.10","TouchCarries":"","TouchReceptions":"","Touches":"","TargetsReceptions":"","Targets":"","ReceptionPercentage":"","RzTarget":"","RzTouch":"","RzG2G":"","Rank":85,"TotalPoints":"0.00"},{"PlayerName":"Tyler Eifert","PlayerId":"2540148","Pos":"TE","Team":"FA","PlayerOpponent":"Bye","PassingYDS":"","PassingTD":"","PassingInt":"","RushingYDS":"","RushingTD":"","ReceivingRec":"","ReceivingYDS":"","ReceivingTD":"","RetTD":"","FumTD":"","2PT":"","Fum":"","FanPtsAgainst-pts":"","TouchCarries":"","TouchReceptions":"","Touches":"","TargetsReceptions":"","Targets":"","ReceptionPercentage":"","RzTarget":"","RzTouch":"","RzG2G":"","Rank":86,"TotalPoints":"0.00"},{"PlayerName":"Ben Ellefson","PlayerId":"2564181","Pos":"TE","Team":"MIN","PlayerOpponent":"@DET","PassingYDS":"","PassingTD":"","PassingInt":"","RushingYDS":"","RushingTD":"","ReceivingRec":"","ReceivingYDS":"","ReceivingTD":"","RetTD":"","FumTD":"","2PT":"","Fum":"","FanPtsAgainst-pts":"9.10","TouchCarries":"","TouchReceptions":"","Touches":"","TargetsReceptions":"","Targets":"","ReceptionPercentage":"","RzTarget":"","RzTouch":"","RzG2G":"","Rank":87,"TotalPoints":"0.00"},{"PlayerName":"Luke Farrell","PlayerId":"2566160","Pos":"TE","Team":"JAX","PlayerOpponent":"@LA","PassingYDS":"","PassingTD":"","PassingInt":"","RushingYDS":"","RushingTD":"","ReceivingRec":"","ReceivingYDS":"","ReceivingTD":"","RetTD":"","FumTD":"","2PT":"","Fum":"","FanPtsAgainst-pts":"4.00","TouchCarries":"","TouchReceptions":"","Touches":"","TargetsReceptions":"","Targets":"","ReceptionPercentage":"","RzTarget":"","RzTouch":"","RzG2G":"","Rank":88,"TotalPoints":"0.00"},{"PlayerName":"Darren Fells","PlayerId":"2540928","Pos":"TE","Team":"TB","PlayerOpponent":"@ATL","PassingYDS":"","PassingTD":"","PassingInt":"","RushingYDS":"","RushingTD":"","ReceivingRec":"","ReceivingYDS":"","ReceivingTD":"","RetTD":"","FumTD":"","2PT":"","Fum":"","FanPtsAgainst-pts":"26.60","TouchCarries":"","TouchReceptions":"","Touches":"","TargetsReceptions":"","Targets":"","ReceptionPercentage":"","RzTarget":"","RzTouch":"","RzG2G":"","Rank":89,"TotalPoints":"0.00"},{"PlayerName":"Anthony Firkser","PlayerId":"2558942","Pos":"TE","Team":"TEN","PlayerOpponent":"Bye","PassingYDS":"","PassingTD":"","PassingInt":"","RushingYDS":"","RushingTD":"","ReceivingRec":"","ReceivingYDS":"","ReceivingTD":"","RetTD":"","FumTD":"","2PT":"","Fum":"","FanPtsAgainst-pts":null,"TouchCarries":null,"TouchReceptions":null,"Touches":null,"TargetsReceptions":null,"Targets":null,"ReceptionPercentage":null,"RzTarget":null,"RzTouch":null,"RzG2G":null,"Rank":90,"TotalPoints":"0.00"},{"PlayerName":"Austin Fort","PlayerId":"2563037","Pos":"TE","Team":"TEN","PlayerOpponent":"Bye","PassingYDS":"","PassingTD":"","PassingInt":"","RushingYDS":"","RushingTD":"","ReceivingRec":"","ReceivingYDS":"","ReceivingTD":"","RetTD":"","FumTD":"","2PT":"","Fum":"","FanPtsAgainst-pts":null,"TouchCarries":null,"TouchReceptions":null,"Touches":null,"TargetsReceptions":null,"Targets":null,"ReceptionPercentage":null,"RzTarget":null,"RzTouch":null,"RzG2G":null,"Rank":91,"TotalPoints":"0.00"},{"PlayerName":"Jody Fortson","PlayerId":"2563259","Pos":"TE","Team":"KC","PlayerOpponent":"DEN","PassingYDS":"","PassingTD":"","PassingInt":"","RushingYDS":"","RushingTD":"","ReceivingRec":"","ReceivingYDS":"","ReceivingTD":"","RetTD":"","FumTD":"","2PT":"","Fum":"","FanPtsAgainst-pts":"4.20","TouchCarries":"","TouchReceptions":"","Touches":"","TargetsReceptions":"","Targets":"","ReceptionPercentage":"","RzTarget":"","RzTouch":"","RzG2G":"","Rank":92,"TotalPoints":"0.00"},{"PlayerName":"Jordan Franks","PlayerId":"2561330","Pos":"TE","Team":"FA","PlayerOpponent":"Bye","PassingYDS":"","PassingTD":"","PassingInt":"","RushingYDS":"","RushingTD":"","ReceivingRec":"","ReceivingYDS":"","ReceivingTD":"","RetTD":"","FumTD":"","2PT":"","Fum":"","FanPtsAgainst-pts":"","TouchCarries":"","TouchReceptions":"","Touches":"","TargetsReceptions":"","Targets":"","ReceptionPercentage":"","RzTarget":"","RzTouch":"","RzG2G":"","Rank":93,"TotalPoints":"0.00"},{"PlayerName":"Troy Fumagalli","PlayerId":"2560734","Pos":"TE","Team":"NE","PlayerOpponent":"@BUF","PassingYDS":"","PassingTD":"","PassingInt":"","RushingYDS":"","RushingTD":"","ReceivingRec":"","ReceivingYDS":"","ReceivingTD":"","RetTD":"","FumTD":"","2PT":"","Fum":"","FanPtsAgainst-pts":"1.60","TouchCarries":"","TouchReceptions":"","Touches":"","TargetsReceptions":"","Targets":"","ReceptionPercentage":"","RzTarget":"","RzTouch":"","RzG2G":"","Rank":94,"TotalPoints":"0.00"},{"PlayerName":"Reggie Gilliam","PlayerId":"2565378","Pos":"TE","Team":"BUF","PlayerOpponent":"NE","PassingYDS":"","PassingTD":"","PassingInt":"","RushingYDS":"","RushingTD":"","ReceivingRec":"","ReceivingYDS":"","ReceivingTD":"","RetTD":"","FumTD":"","2PT":"","Fum":"","FanPtsAgainst-pts":"2.40","TouchCarries":"","TouchReceptions":"","Touches":"","TargetsReceptions":"","Targets":"","ReceptionPercentage":"","RzTarget":"","RzTouch":"","RzG2G":"","Rank":95,"TotalPoints":"0.00"},{"PlayerName":"Jaeden Graham","PlayerId":"2561622","Pos":"TE","Team":"ATL","PlayerOpponent":"TB","PassingYDS":"","PassingTD":"","PassingInt":"","RushingYDS":"","RushingTD":"","ReceivingRec":"","ReceivingYDS":"","ReceivingTD":"","RetTD":"","FumTD":"","2PT":"","Fum":"","FanPtsAgainst-pts":"6.80","TouchCarries":"","TouchReceptions":"","Touches":"","TargetsReceptions":"","Targets":"","ReceptionPercentage":"","RzTarget":"","RzTouch":"","RzG2G":"","Rank":96,"TotalPoints":"0.00"},{"PlayerName":"Noah Gray","PlayerId":"2566178","Pos":"TE","Team":"KC","PlayerOpponent":"DEN","PassingYDS":"","PassingTD":"","PassingInt":"","RushingYDS":"","RushingTD":"","ReceivingRec":"","ReceivingYDS":"","ReceivingTD":"","RetTD":"","FumTD":"","2PT":"","Fum":"","FanPtsAgainst-pts":"4.20","TouchCarries":"","TouchReceptions":"","Touches":"","TargetsReceptions":"","Targets":"1","ReceptionPercentage":"","RzTarget":"","RzTouch":"","RzG2G":"","Rank":97,"TotalPoints":"0.00"},{"PlayerName":"Farrod Green","PlayerId":"2564121","Pos":"TE","Team":"IND","PlayerOpponent":"@HOU","PassingYDS":"","PassingTD":"","PassingInt":"","RushingYDS":"","RushingTD":"","ReceivingRec":"","ReceivingYDS":"","ReceivingTD":"","RetTD":"","FumTD":"","2PT":"","Fum":"","FanPtsAgainst-pts":"3.40","TouchCarries":"","TouchReceptions":"","Touches":"","TargetsReceptions":"","Targets":"","ReceptionPercentage":"","RzTarget":"","RzTouch":"","RzG2G":"","Rank":98,"TotalPoints":"0.00"},{"PlayerName":"Nakie Griffin-Stewart","PlayerId":"2564544","Pos":"TE","Team":"KC","PlayerOpponent":"DEN","PassingYDS":"","PassingTD":"","PassingInt":"","RushingYDS":"","RushingTD":"","ReceivingRec":"","ReceivingYDS":"","ReceivingTD":"","RetTD":"","FumTD":"","2PT":"","Fum":"","FanPtsAgainst-pts":"4.20","TouchCarries":"","TouchReceptions":"","Touches":"","TargetsReceptions":"","Targets":"","ReceptionPercentage":"","RzTarget":"","RzTouch":"","RzG2G":"","Rank":99,"TotalPoints":"0.00"},{"PlayerName":"Nick Guggemos","PlayerId":"2565804","Pos":"TE","Team":"CLE","PlayerOpponent":"Bye","PassingYDS":"","PassingTD":"","PassingInt":"","RushingYDS":"","RushingTD":"","ReceivingRec":"","ReceivingYDS":"","ReceivingTD":"","RetTD":"","FumTD":"","2PT":"","Fum":"","FanPtsAgainst-pts":null,"TouchCarries":null,"TouchReceptions":null,"Touches":null,"TargetsReceptions":null,"Targets":null,"ReceptionPercentage":null,"RzTarget":null,"RzTouch":null,"RzG2G":null,"Rank":100,"TotalPoints":"0.00"},{"PlayerName":"Jacob Harris","PlayerId":"2566220","Pos":"TE","Team":"LA","PlayerOpponent":"JAX","PassingYDS":"","PassingTD":"","PassingInt":"","RushingYDS":"","RushingTD":"","ReceivingRec":"","ReceivingYDS":"","ReceivingTD":"","RetTD":"","FumTD":"","2PT":"","Fum":"","FanPtsAgainst-pts":"7.40","TouchCarries":"","TouchReceptions":"","Touches":"","TargetsReceptions":"","Targets":"","ReceptionPercentage":"","RzTarget":"","RzTouch":"","RzG2G":"","Rank":101,"TotalPoints":"0.00"},{"PlayerName":"Daniel Helm","PlayerId":"2562284","Pos":"TE","Team":"LV","PlayerOpponent":"WAS","PassingYDS":"","PassingTD":"","PassingInt":"","RushingYDS":"","RushingTD":"","ReceivingRec":"","ReceivingYDS":"","ReceivingTD":"","RetTD":"","FumTD":"","2PT":"","Fum":"","FanPtsAgainst-pts":"3.90","TouchCarries":"","TouchReceptions":"","Touches":"","TargetsReceptions":"","Targets":"","ReceptionPercentage":"","RzTarget":"","RzTouch":"","RzG2G":"","Rank":102,"TotalPoints":"0.00"},{"PlayerName":"Temarrick Hemingway","PlayerId":"2555486","Pos":"TE","Team":"WAS","PlayerOpponent":"@LV","PassingYDS":"","PassingTD":"","PassingInt":"","RushingYDS":"","RushingTD":"","ReceivingRec":"","ReceivingYDS":"","ReceivingTD":"","RetTD":"","FumTD":"","2PT":"","Fum":"","FanPtsAgainst-pts":"20.50","TouchCarries":"","TouchReceptions":"","Touches":"","TargetsReceptions":"","Targets":"","ReceptionPercentage":"","RzTarget":"","RzTouch":"","RzG2G":"","Rank":103,"TotalPoints":"0.00"},{"PlayerName":"Hunter Henry","PlayerId":"2555341","Pos":"TE","Team":"NE","PlayerOpponent":"@BUF","PassingYDS":"","PassingTD":"","PassingInt":"","RushingYDS":"","RushingTD":"","ReceivingRec":"","ReceivingYDS":"","ReceivingTD":"","RetTD":"","FumTD":"","2PT":"","Fum":"","FanPtsAgainst-pts":"1.60","TouchCarries":"","TouchReceptions":"","Touches":"","TargetsReceptions":"","Targets":"","ReceptionPercentage":"","RzTarget":"","RzTouch":"","RzG2G":"","Rank":104,"TotalPoints":"0.00"},{"PlayerName":"Hale Hentges","PlayerId":"2563066","Pos":"TE","Team":"FA","PlayerOpponent":"Bye","PassingYDS":"","PassingTD":"","PassingInt":"","RushingYDS":"","RushingTD":"","ReceivingRec":"","ReceivingYDS":"","ReceivingTD":"","RetTD":"","FumTD":"","2PT":"","Fum":"","FanPtsAgainst-pts":"","TouchCarries":"","TouchReceptions":"","Touches":"","TargetsReceptions":"","Targets":"","ReceptionPercentage":"","RzTarget":"","RzTouch":"","RzG2G":"","Rank":105,"TotalPoints":"0.00"},{"PlayerName":"Chris Herndon","PlayerId":"2560738","Pos":"TE","Team":"MIN","PlayerOpponent":"@DET","PassingYDS":"","PassingTD":"","PassingInt":"","RushingYDS":"","RushingTD":"","ReceivingRec":"","ReceivingYDS":"","ReceivingTD":"","RetTD":"","FumTD":"","2PT":"","Fum":"","FanPtsAgainst-pts":"9.10","TouchCarries":"","TouchReceptions":"","Touches":"","TargetsReceptions":"","Targets":"","ReceptionPercentage":"","RzTarget":"","RzTouch":"","RzG2G":"","Rank":106,"TotalPoints":"0.00"},{"PlayerName":"Cole Hikutini","PlayerId":"2558953","Pos":"TE","Team":"FA","PlayerOpponent":"Bye","PassingYDS":"","PassingTD":"","PassingInt":"","RushingYDS":"","RushingTD":"","ReceivingRec":"","ReceivingYDS":"","ReceivingTD":"","RetTD":"","FumTD":"","2PT":"","Fum":"","FanPtsAgainst-pts":"","TouchCarries":"","TouchReceptions":"","Touches":"","TargetsReceptions":"","Targets":"","ReceptionPercentage":"","RzTarget":"","RzTouch":"","RzG2G":"","Rank":107,"TotalPoints":"0.00"},{"PlayerName":"Josh Hill","PlayerId":"2541834","Pos":"TE","Team":"FA","PlayerOpponent":"Bye","PassingYDS":"","PassingTD":"","PassingInt":"","RushingYDS":"","RushingTD":"","ReceivingRec":"","ReceivingYDS":"","ReceivingTD":"","RetTD":"","FumTD":"","2PT":"","Fum":"","FanPtsAgainst-pts":"","TouchCarries":"","TouchReceptions":"","Touches":"","TargetsReceptions":"","Targets":"","ReceptionPercentage":"","RzTarget":"","RzTouch":"","RzG2G":"","Rank":108,"TotalPoints":"0.00"},{"PlayerName":"Jacob Hollister","PlayerId":"2558956","Pos":"TE","Team":"JAX","PlayerOpponent":"@LA","PassingYDS":"","PassingTD":"","PassingInt":"","RushingYDS":"","RushingTD":"","ReceivingRec":"","ReceivingYDS":"","ReceivingTD":"","RetTD":"","FumTD":"","2PT":"","Fum":"","FanPtsAgainst-pts":"4.00","TouchCarries":"","TouchReceptions":"","Touches":"","TargetsReceptions":"","Targets":"","ReceptionPercentage":"","RzTarget":"","RzTouch":"","RzG2G":"","Rank":109,"TotalPoints":"0.00"},{"PlayerName":"J.P. Holtz","PlayerId":"2556852","Pos":"TE","Team":"CHI","PlayerOpponent":"ARI","PassingYDS":"","PassingTD":"","PassingInt":"","RushingYDS":"","RushingTD":"","ReceivingRec":"","ReceivingYDS":"","ReceivingTD":"","RetTD":"","FumTD":"","2PT":"","Fum":"","FanPtsAgainst-pts":"15.90","TouchCarries":"","TouchReceptions":"","Touches":"","TargetsReceptions":"","Targets":"","ReceptionPercentage":"","RzTarget":"","RzTouch":"","RzG2G":"","Rank":110,"TotalPoints":"0.00"},{"PlayerName":"Austin Hooper","PlayerId":"2555415","Pos":"TE","Team":"CLE","PlayerOpponent":"Bye","PassingYDS":"","PassingTD":"","PassingInt":"","RushingYDS":"","RushingTD":"","ReceivingRec":"","ReceivingYDS":"","ReceivingTD":"","RetTD":"","FumTD":"","2PT":"","Fum":"","FanPtsAgainst-pts":null,"TouchCarries":null,"TouchReceptions":null,"Touches":null,"TargetsReceptions":null,"Targets":null,"ReceptionPercentage":null,"RzTarget":null,"RzTouch":null,"RzG2G":null,"Rank":111,"TotalPoints":"0.00"},{"PlayerName":"Brycen Hopkins","PlayerId":"2564349","Pos":"TE","Team":"LA","PlayerOpponent":"JAX","PassingYDS":"","PassingTD":"","PassingInt":"","RushingYDS":"","RushingTD":"","ReceivingRec":"","ReceivingYDS":"","ReceivingTD":"","RetTD":"","FumTD":"","2PT":"","Fum":"","FanPtsAgainst-pts":"7.40","TouchCarries":"","TouchReceptions":"","Touches":"","TargetsReceptions":"","Targets":"","ReceptionPercentage":"","RzTarget":"","RzTouch":"","RzG2G":"","Rank":112,"TotalPoints":"0.00"},{"PlayerName":"Jesper Horsted","PlayerId":"2563270","Pos":"TE","Team":"CHI","PlayerOpponent":"ARI","PassingYDS":"","PassingTD":"","PassingInt":"","RushingYDS":"","RushingTD":"","ReceivingRec":"","ReceivingYDS":"","ReceivingTD":"","RetTD":"","FumTD":"","2PT":"","Fum":"","FanPtsAgainst-pts":"15.90","TouchCarries":"","TouchReceptions":"","Touches":"","TargetsReceptions":"","Targets":"","ReceptionPercentage":"","RzTarget":"","RzTouch":"","RzG2G":"","Rank":113,"TotalPoints":"0.00"},{"PlayerName":"O.J. Howard","PlayerId":"2557856","Pos":"TE","Team":"TB","PlayerOpponent":"@ATL","PassingYDS":"","PassingTD":"","PassingInt":"","RushingYDS":"","RushingTD":"","ReceivingRec":"","ReceivingYDS":"","ReceivingTD":"","RetTD":"","FumTD":"","2PT":"","Fum":"","FanPtsAgainst-pts":"26.60","TouchCarries":"","TouchReceptions":"","Touches":"","TargetsReceptions":"","Targets":"","ReceptionPercentage":"","RzTarget":"","RzTouch":"","RzG2G":"","Rank":114,"TotalPoints":"0.00"},{"PlayerName":"Tanner Hudson","PlayerId":"2561215","Pos":"TE","Team":"SF","PlayerOpponent":"@SEA","PassingYDS":"","PassingTD":"","PassingInt":"","RushingYDS":"","RushingTD":"","ReceivingRec":"","ReceivingYDS":"","ReceivingTD":"","RetTD":"","FumTD":"","2PT":"","Fum":"","FanPtsAgainst-pts":"36.80","TouchCarries":"","TouchReceptions":"","Touches":"","TargetsReceptions":"","Targets":"","ReceptionPercentage":"","RzTarget":"","RzTouch":"","RzG2G":"","Rank":115,"TotalPoints":"0.00"},{"PlayerName":"Tommy Hudson","PlayerId":"2565450","Pos":"TE","Team":"TEN","PlayerOpponent":"Bye","PassingYDS":"","PassingTD":"","PassingInt":"","RushingYDS":"","RushingTD":"","ReceivingRec":"","ReceivingYDS":"","ReceivingTD":"","RetTD":"","FumTD":"","2PT":"","Fum":"","FanPtsAgainst-pts":null,"TouchCarries":null,"TouchReceptions":null,"Touches":null,"TargetsReceptions":null,"Targets":null,"ReceptionPercentage":null,"RzTarget":null,"RzTouch":null,"RzG2G":null,"Rank":116,"TotalPoints":"0.00"},{"PlayerName":"Hayden Hurst","PlayerId":"2560747","Pos":"TE","Team":"ATL","PlayerOpponent":"TB","PassingYDS":"","PassingTD":"","PassingInt":"","RushingYDS":"","RushingTD":"","ReceivingRec":"","ReceivingYDS":"","ReceivingTD":"","RetTD":"","FumTD":"","2PT":"","Fum":"","FanPtsAgainst-pts":"6.80","TouchCarries":"","TouchReceptions":"","Touches":"","TargetsReceptions":"","Targets":"","ReceptionPercentage":"","RzTarget":"","RzTouch":"","RzG2G":"","Rank":117,"TotalPoints":"0.00"},{"PlayerName":"Ryan Izzo","PlayerId":"2560751","Pos":"TE","Team":"TEN","PlayerOpponent":"Bye","PassingYDS":"","PassingTD":"","PassingInt":"","RushingYDS":"","RushingTD":"","ReceivingRec":"","ReceivingYDS":"","ReceivingTD":"","RetTD":"","FumTD":"","2PT":"","Fum":"","FanPtsAgainst-pts":null,"TouchCarries":null,"TouchReceptions":null,"Touches":null,"TargetsReceptions":null,"Targets":null,"ReceptionPercentage":null,"RzTarget":null,"RzTouch":null,"RzG2G":null,"Rank":118,"TotalPoints":"0.00"},{"PlayerName":"Tyree Jackson","PlayerId":"2562435","Pos":"TE","Team":"PHI","PlayerOpponent":"@NYJ","PassingYDS":"","PassingTD":"","PassingInt":"","RushingYDS":"","RushingTD":"","ReceivingRec":"","ReceivingYDS":"","ReceivingTD":"","RetTD":"","FumTD":"","2PT":"","Fum":"","FanPtsAgainst-pts":"25.50","TouchCarries":"","TouchReceptions":"","Touches":"","TargetsReceptions":"","Targets":"","ReceptionPercentage":"","RzTarget":"","RzTouch":"","RzG2G":"","Rank":119,"TotalPoints":"0.00"},{"PlayerName":"Jesse James","PlayerId":"2552633","Pos":"TE","Team":"CHI","PlayerOpponent":"ARI","PassingYDS":"","PassingTD":"","PassingInt":"","RushingYDS":"","RushingTD":"","ReceivingRec":"","ReceivingYDS":"","ReceivingTD":"","RetTD":"","FumTD":"","2PT":"","Fum":"","FanPtsAgainst-pts":"15.90","TouchCarries":"","TouchReceptions":"","Touches":"","TargetsReceptions":"","Targets":"","ReceptionPercentage":"","RzTarget":"","RzTouch":"","RzG2G":"","Rank":120,"TotalPoints":"0.00"},{"PlayerName":"Blake Jarwin","PlayerId":"2559193","Pos":"TE","Team":"DAL","PlayerOpponent":"@NO","PassingYDS":"","PassingTD":"","PassingInt":"","RushingYDS":"","RushingTD":"","ReceivingRec":"","ReceivingYDS":"","ReceivingTD":"","RetTD":"","FumTD":"","2PT":"","Fum":"","FanPtsAgainst-pts":"6.80","TouchCarries":"","TouchReceptions":"","Touches":"","TargetsReceptions":"","Targets":"","ReceptionPercentage":"","RzTarget":"","RzTouch":"","RzG2G":"","Rank":121,"TotalPoints":"0.00"},{"PlayerName":"Rysen John","PlayerId":"2564742","Pos":"TE","Team":"NYG","PlayerOpponent":"@MIA","PassingYDS":"","PassingTD":"","PassingInt":"","RushingYDS":"","RushingTD":"","ReceivingRec":"","ReceivingYDS":"","ReceivingTD":"","RetTD":"","FumTD":"","2PT":"","Fum":"","FanPtsAgainst-pts":"10.90","TouchCarries":"","TouchReceptions":"","Touches":"","TargetsReceptions":"","Targets":"","ReceptionPercentage":"","RzTarget":"","RzTouch":"","RzG2G":"","Rank":122,"TotalPoints":"0.00"},{"PlayerName":"Hunter Kampmoyer","PlayerId":"2566481","Pos":"TE","Team":"LAC","PlayerOpponent":"@CIN","PassingYDS":"","PassingTD":"","PassingInt":"","RushingYDS":"","RushingTD":"","ReceivingRec":"","ReceivingYDS":"","ReceivingTD":"","RetTD":"","FumTD":"","2PT":"","Fum":"","FanPtsAgainst-pts":"5.70","TouchCarries":"","TouchReceptions":"","Touches":"","TargetsReceptions":"","Targets":"","ReceptionPercentage":"","RzTarget":"","RzTouch":"","RzG2G":"","Rank":123,"TotalPoints":"0.00"},{"PlayerName":"Dalton Keene","PlayerId":"2564616","Pos":"TE","Team":"NE","PlayerOpponent":"@BUF","PassingYDS":"","PassingTD":"","PassingInt":"","RushingYDS":"","RushingTD":"","ReceivingRec":"","ReceivingYDS":"","ReceivingTD":"","RetTD":"","FumTD":"","2PT":"","Fum":"","FanPtsAgainst-pts":"1.60","TouchCarries":"","TouchReceptions":"","Touches":"","TargetsReceptions":"","Targets":"","ReceptionPercentage":"","RzTarget":"","RzTouch":"","RzG2G":"","Rank":124,"TotalPoints":"0.00"},{"PlayerName":"Nick Keizer","PlayerId":"2561115","Pos":"TE","Team":"FA","PlayerOpponent":"Bye","PassingYDS":"","PassingTD":"","PassingInt":"","RushingYDS":"","RushingTD":"","ReceivingRec":"","ReceivingYDS":"","ReceivingTD":"","RetTD":"","FumTD":"","2PT":"","Fum":"","FanPtsAgainst-pts":"","TouchCarries":"","TouchReceptions":"","Touches":"","TargetsReceptions":"","Targets":"","ReceptionPercentage":"","RzTarget":"","RzTouch":"","RzG2G":"","Rank":125,"TotalPoints":"0.00"},{"PlayerName":"Tyler Kroft","PlayerId":"2552586","Pos":"TE","Team":"NYJ","PlayerOpponent":"PHI","PassingYDS":"","PassingTD":"","PassingInt":"","RushingYDS":"","RushingTD":"","ReceivingRec":"","ReceivingYDS":"","ReceivingTD":"","RetTD":"","FumTD":"","2PT":"","Fum":"","FanPtsAgainst-pts":"10.20","TouchCarries":"","TouchReceptions":"","Touches":"","TargetsReceptions":"","Targets":"","ReceptionPercentage":"","RzTarget":"","RzTouch":"","RzG2G":"","Rank":126,"TotalPoints":"0.00"},{"PlayerName":"Matt LaCosse","PlayerId":"2553667","Pos":"TE","Team":"NE","PlayerOpponent":"@BUF","PassingYDS":"","PassingTD":"","PassingInt":"","RushingYDS":"","RushingTD":"","ReceivingRec":"","ReceivingYDS":"","ReceivingTD":"","RetTD":"","FumTD":"","2PT":"","Fum":"","FanPtsAgainst-pts":"1.60","TouchCarries":"","TouchReceptions":"","Touches":"","TargetsReceptions":"","Targets":"","ReceptionPercentage":"","RzTarget":"","RzTouch":"","RzG2G":"","Rank":127,"TotalPoints":"0.00"},{"PlayerName":"Marcedes Lewis","PlayerId":"2495888","Pos":"TE","Team":"GB","PlayerOpponent":"Bye","PassingYDS":"","PassingTD":"","PassingInt":"","RushingYDS":"","RushingTD":"","ReceivingRec":"","ReceivingYDS":"","ReceivingTD":"","RetTD":"","FumTD":"","2PT":"","Fum":"","FanPtsAgainst-pts":null,"TouchCarries":null,"TouchReceptions":null,"Touches":null,"TargetsReceptions":null,"Targets":null,"ReceptionPercentage":null,"RzTarget":null,"RzTouch":null,"RzG2G":null,"Rank":128,"TotalPoints":"0.00"},{"PlayerName":"Tyler Mabry","PlayerId":"2565168","Pos":"TE","Team":"SEA","PlayerOpponent":"SF","PassingYDS":"","PassingTD":"","PassingInt":"","RushingYDS":"","RushingTD":"","ReceivingRec":"","ReceivingYDS":"","ReceivingTD":"","RetTD":"","FumTD":"","2PT":"","Fum":"","FanPtsAgainst-pts":"1.40","TouchCarries":"","TouchReceptions":"","Touches":"","TargetsReceptions":"","Targets":"","ReceptionPercentage":"","RzTarget":"","RzTouch":"","RzG2G":"","Rank":129,"TotalPoints":"0.00"},{"PlayerName":"Alize Mack","PlayerId":"2562307","Pos":"TE","Team":"FA","PlayerOpponent":"Bye","PassingYDS":"","PassingTD":"","PassingInt":"","RushingYDS":"","RushingTD":"","ReceivingRec":"","ReceivingYDS":"","ReceivingTD":"","RetTD":"","FumTD":"","2PT":"","Fum":"","FanPtsAgainst-pts":"","TouchCarries":"","TouchReceptions":"","Touches":"","TargetsReceptions":"","Targets":"","ReceptionPercentage":"","RzTarget":"","RzTouch":"","RzG2G":"","Rank":130,"TotalPoints":"0.00"},{"PlayerName":"Chris Manhertz","PlayerId":"2552622","Pos":"TE","Team":"JAX","PlayerOpponent":"@LA","PassingYDS":"","PassingTD":"","PassingInt":"","RushingYDS":"","RushingTD":"","ReceivingRec":"","ReceivingYDS":"","ReceivingTD":"","RetTD":"","FumTD":"","2PT":"","Fum":"","FanPtsAgainst-pts":"4.00","TouchCarries":"","TouchReceptions":"","Touches":"","TargetsReceptions":"","Targets":"","ReceptionPercentage":"","RzTarget":"","RzTouch":"","RzG2G":"","Rank":131,"TotalPoints":"0.00"},{"PlayerName":"Kyle Markway","PlayerId":"2564763","Pos":"TE","Team":"LA","PlayerOpponent":"JAX","PassingYDS":"","PassingTD":"","PassingInt":"","RushingYDS":"","RushingTD":"","ReceivingRec":"","ReceivingYDS":"","ReceivingTD":"","RetTD":"","FumTD":"","2PT":"","Fum":"","FanPtsAgainst-pts":"7.40","TouchCarries":"","TouchReceptions":"","Touches":"","TargetsReceptions":"","Targets":"","ReceptionPercentage":"","RzTarget":"","RzTouch":"","RzG2G":"","Rank":132,"TotalPoints":"0.00"},{"PlayerName":"Tyree Mayfield","PlayerId":"2563145","Pos":"TE","Team":"FA","PlayerOpponent":"Bye","PassingYDS":"","PassingTD":"","PassingInt":"","RushingYDS":"","RushingTD":"","ReceivingRec":"","ReceivingYDS":"","ReceivingTD":"","RetTD":"","FumTD":"","2PT":"","Fum":"","FanPtsAgainst-pts":"","TouchCarries":"","TouchReceptions":"","Touches":"","TargetsReceptions":"","Targets":"","ReceptionPercentage":"","RzTarget":"","RzTouch":"","RzG2G":"","Rank":133,"TotalPoints":"0.00"},{"PlayerName":"Vance McDonald","PlayerId":"2540215","Pos":"TE","Team":"FA","PlayerOpponent":"Bye","PassingYDS":"","PassingTD":"","PassingInt":"","RushingYDS":"","RushingTD":"","ReceivingRec":"","ReceivingYDS":"","ReceivingTD":"","RetTD":"","FumTD":"","2PT":"","Fum":"","FanPtsAgainst-pts":"","TouchCarries":"","TouchReceptions":"","Touches":"","TargetsReceptions":"","Targets":"","ReceptionPercentage":"","RzTarget":"","RzTouch":"","RzG2G":"","Rank":134,"TotalPoints":"0.00"},{"PlayerName":"Codey McElroy","PlayerId":"2561239","Pos":"TE","Team":"TB","PlayerOpponent":"@ATL","PassingYDS":"","PassingTD":"","PassingInt":"","RushingYDS":"","RushingTD":"","ReceivingRec":"","ReceivingYDS":"","ReceivingTD":"","RetTD":"","FumTD":"","2PT":"","Fum":"","FanPtsAgainst-pts":"26.60","TouchCarries":"","TouchReceptions":"","Touches":"","TargetsReceptions":"","Targets":"","ReceptionPercentage":"","RzTarget":"","RzTouch":"","RzG2G":"","Rank":135,"TotalPoints":"0.00"},{"PlayerName":"Sean McKeon","PlayerId":"2563854","Pos":"TE","Team":"DAL","PlayerOpponent":"@NO","PassingYDS":"","PassingTD":"","PassingInt":"","RushingYDS":"","RushingTD":"","ReceivingRec":"","ReceivingYDS":"","ReceivingTD":"","RetTD":"","FumTD":"","2PT":"","Fum":"","FanPtsAgainst-pts":"6.80","TouchCarries":"","TouchReceptions":"","Touches":"","TargetsReceptions":"","Targets":"","ReceptionPercentage":"","RzTarget":"","RzTouch":"","RzG2G":"","Rank":136,"TotalPoints":"0.00"},{"PlayerName":"Tre' McKitty","PlayerId":"2566490","Pos":"TE","Team":"LAC","PlayerOpponent":"@CIN","PassingYDS":"","PassingTD":"","PassingInt":"","RushingYDS":"","RushingTD":"","ReceivingRec":"","ReceivingYDS":"","ReceivingTD":"","RetTD":"","FumTD":"","2PT":"","Fum":"","FanPtsAgainst-pts":"5.70","TouchCarries":"","TouchReceptions":"","Touches":"","TargetsReceptions":"","Targets":"","ReceptionPercentage":"","RzTarget":"","RzTouch":"","RzG2G":"","Rank":137,"TotalPoints":"0.00"},{"PlayerName":"Briley Moore-McKinney","PlayerId":"2566956","Pos":"TE","Team":"TEN","PlayerOpponent":"Bye","PassingYDS":"","PassingTD":"","PassingInt":"","RushingYDS":"","RushingTD":"","ReceivingRec":"","ReceivingYDS":"","ReceivingTD":"","RetTD":"","FumTD":"","2PT":"","Fum":"","FanPtsAgainst-pts":null,"TouchCarries":null,"TouchReceptions":null,"Touches":null,"TargetsReceptions":null,"Targets":null,"ReceptionPercentage":null,"RzTarget":null,"RzTouch":null,"RzG2G":null,"Rank":138,"TotalPoints":"0.00"},{"PlayerName":"Quintin Morris","PlayerId":"2566641","Pos":"TE","Team":"BUF","PlayerOpponent":"NE","PassingYDS":"","PassingTD":"","PassingInt":"","RushingYDS":"","RushingTD":"","ReceivingRec":"","ReceivingYDS":"","ReceivingTD":"","RetTD":"","FumTD":"","2PT":"","Fum":"","FanPtsAgainst-pts":"2.40","TouchCarries":"","TouchReceptions":"","Touches":"","TargetsReceptions":"","Targets":"","ReceptionPercentage":"","RzTarget":"","RzTouch":"","RzG2G":"","Rank":139,"TotalPoints":"0.00"},{"PlayerName":"Thaddeus Moss","PlayerId":"2565288","Pos":"TE","Team":"CIN","PlayerOpponent":"LAC","PassingYDS":"","PassingTD":"","PassingInt":"","RushingYDS":"","RushingTD":"","ReceivingRec":"","ReceivingYDS":"","ReceivingTD":"","RetTD":"","FumTD":"","2PT":"","Fum":"","FanPtsAgainst-pts":"3.50","TouchCarries":"","TouchReceptions":"","Touches":"","TargetsReceptions":"","Targets":"","ReceptionPercentage":"","RzTarget":"","RzTouch":"","RzG2G":"","Rank":140,"TotalPoints":"0.00"},{"PlayerName":"Johnny Mundt","PlayerId":"2558875","Pos":"TE","Team":"LA","PlayerOpponent":"JAX","PassingYDS":"","PassingTD":"","PassingInt":"","RushingYDS":"","RushingTD":"","ReceivingRec":"","ReceivingYDS":"","ReceivingTD":"","RetTD":"","FumTD":"","2PT":"","Fum":"","FanPtsAgainst-pts":"7.40","TouchCarries":"","TouchReceptions":"","Touches":"","TargetsReceptions":"","Targets":"","ReceptionPercentage":"","RzTarget":"","RzTouch":"","RzG2G":"","Rank":141,"TotalPoints":"0.00"},{"PlayerName":"Chris Myarick","PlayerId":"2563210","Pos":"TE","Team":"CIN","PlayerOpponent":"LAC","PassingYDS":"","PassingTD":"","PassingInt":"","RushingYDS":"","RushingTD":"","ReceivingRec":"","ReceivingYDS":"","ReceivingTD":"","RetTD":"","FumTD":"","2PT":"","Fum":"","FanPtsAgainst-pts":"3.50","TouchCarries":"","TouchReceptions":"","Touches":"","TargetsReceptions":"","Targets":"","ReceptionPercentage":"","RzTarget":"","RzTouch":"","RzG2G":"","Rank":142,"TotalPoints":"0.00"},{"PlayerName":"Isaac Nauta","PlayerId":"2562691","Pos":"TE","Team":"FA","PlayerOpponent":"Bye","PassingYDS":"","PassingTD":"","PassingInt":"","RushingYDS":"","RushingTD":"","ReceivingRec":"","ReceivingYDS":"","ReceivingTD":"","RetTD":"","FumTD":"","2PT":"","Fum":"","FanPtsAgainst-pts":"","TouchCarries":"","TouchReceptions":"","Touches":"","TargetsReceptions":"","Targets":"","ReceptionPercentage":"","RzTarget":"","RzTouch":"","RzG2G":"","Rank":143,"TotalPoints":"0.00"},{"PlayerName":"David Njoku","PlayerId":"2557986","Pos":"TE","Team":"CLE","PlayerOpponent":"Bye","PassingYDS":"","PassingTD":"","PassingInt":"","RushingYDS":"","RushingTD":"","ReceivingRec":"","ReceivingYDS":"","ReceivingTD":"","RetTD":"","FumTD":"","2PT":"","Fum":"","FanPtsAgainst-pts":null,"TouchCarries":null,"TouchReceptions":null,"Touches":null,"TargetsReceptions":null,"Targets":null,"ReceptionPercentage":null,"RzTarget":null,"RzTouch":null,"RzG2G":null,"Rank":144,"TotalPoints":"0.00"},{"PlayerName":"Greg Olsen","PlayerId":"2495700","Pos":"TE","Team":"FA","PlayerOpponent":"Bye","PassingYDS":"","PassingTD":"","PassingInt":"","RushingYDS":"","RushingTD":"","ReceivingRec":"","ReceivingYDS":"","ReceivingTD":"","RetTD":"","FumTD":"","2PT":"","Fum":"","FanPtsAgainst-pts":"","TouchCarries":"","TouchReceptions":"","Touches":"","TargetsReceptions":"","Targets":"","ReceptionPercentage":"","RzTarget":"","RzTouch":"","RzG2G":"","Rank":145,"TotalPoints":"0.00"},{"PlayerName":"Colby Parkinson","PlayerId":"2565180","Pos":"TE","Team":"SEA","PlayerOpponent":"SF","PassingYDS":"","PassingTD":"","PassingInt":"","RushingYDS":"","RushingTD":"","ReceivingRec":"","ReceivingYDS":"","ReceivingTD":"","RetTD":"","FumTD":"","2PT":"","Fum":"","FanPtsAgainst-pts":"1.40","TouchCarries":"","TouchReceptions":"","Touches":"","TargetsReceptions":"","Targets":"","ReceptionPercentage":"","RzTarget":"","RzTouch":"","RzG2G":"","Rank":146,"TotalPoints":"0.00"},{"PlayerName":"Jared Pinkney","PlayerId":"2563518","Pos":"TE","Team":"DET","PlayerOpponent":"MIN","PassingYDS":"","PassingTD":"","PassingInt":"","RushingYDS":"","RushingTD":"","ReceivingRec":"","ReceivingYDS":"","ReceivingTD":"","RetTD":"","FumTD":"","2PT":"","Fum":"","FanPtsAgainst-pts":"24.40","TouchCarries":"","TouchReceptions":"","Touches":"","TargetsReceptions":"","Targets":"","ReceptionPercentage":"","RzTarget":"","RzTouch":"","RzG2G":"","Rank":147,"TotalPoints":"0.00"},{"PlayerName":"Tony Poljan","PlayerId":"2566620","Pos":"TE","Team":"BAL","PlayerOpponent":"@PIT","PassingYDS":"","PassingTD":"","PassingInt":"","RushingYDS":"","RushingTD":"","ReceivingRec":"","ReceivingYDS":"","ReceivingTD":"","RetTD":"","FumTD":"","2PT":"","Fum":"","FanPtsAgainst-pts":"9.50","TouchCarries":"","TouchReceptions":"","Touches":"","TargetsReceptions":"","Targets":"","ReceptionPercentage":"","RzTarget":"","RzTouch":"","RzG2G":"","Rank":148,"TotalPoints":"0.00"},{"PlayerName":"Jake Powell","PlayerId":"2563134","Pos":"TE","Team":"FA","PlayerOpponent":"Bye","PassingYDS":"","PassingTD":"","PassingInt":"","RushingYDS":"","RushingTD":"","ReceivingRec":"","ReceivingYDS":"","ReceivingTD":"","RetTD":"","FumTD":"","2PT":"","Fum":"","FanPtsAgainst-pts":"","TouchCarries":"","TouchReceptions":"","Touches":"","TargetsReceptions":"","Targets":"","ReceptionPercentage":"","RzTarget":"","RzTouch":"","RzG2G":"","Rank":149,"TotalPoints":"0.00"},{"PlayerName":"MyCole Pruitt","PlayerId":"2552401","Pos":"TE","Team":"TEN","PlayerOpponent":"Bye","PassingYDS":"","PassingTD":"","PassingInt":"","RushingYDS":"","RushingTD":"","ReceivingRec":"","ReceivingYDS":"","ReceivingTD":"","RetTD":"","FumTD":"","2PT":"","Fum":"","FanPtsAgainst-pts":null,"TouchCarries":null,"TouchReceptions":null,"Touches":null,"TargetsReceptions":null,"Targets":null,"ReceptionPercentage":null,"RzTarget":null,"RzTouch":null,"RzG2G":null,"Rank":150,"TotalPoints":"0.00"},{"PlayerName":"Paul Quessenberry","PlayerId":"2565531","Pos":"TE","Team":"HOU","PlayerOpponent":"IND","PassingYDS":"","PassingTD":"","PassingInt":"","RushingYDS":"","RushingTD":"","ReceivingRec":"","ReceivingYDS":"","ReceivingTD":"","RetTD":"","FumTD":"","2PT":"","Fum":"","FanPtsAgainst-pts":"4.00","TouchCarries":"","TouchReceptions":"","Touches":"","TargetsReceptions":"","Targets":"","ReceptionPercentage":"","RzTarget":"","RzTouch":"","RzG2G":"","Rank":151,"TotalPoints":"0.00"},{"PlayerName":"Kevin Rader","PlayerId":"2561264","Pos":"TE","Team":"PIT","PlayerOpponent":"BAL","PassingYDS":"","PassingTD":"","PassingInt":"","RushingYDS":"","RushingTD":"","ReceivingRec":"","ReceivingYDS":"","ReceivingTD":"","RetTD":"","FumTD":"","2PT":"","Fum":"","FanPtsAgainst-pts":"8.10","TouchCarries":"","TouchReceptions":"","Touches":"","TargetsReceptions":"","Targets":"","ReceptionPercentage":"","RzTarget":"","RzTouch":"","RzG2G":"","Rank":152,"TotalPoints":"0.00"},{"PlayerName":"Dax Raymond","PlayerId":"2562710","Pos":"TE","Team":"FA","PlayerOpponent":"Bye","PassingYDS":"","PassingTD":"","PassingInt":"","RushingYDS":"","RushingTD":"","ReceivingRec":"","ReceivingYDS":"","ReceivingTD":"","RetTD":"","FumTD":"","2PT":"","Fum":"","FanPtsAgainst-pts":"","TouchCarries":"","TouchReceptions":"","Touches":"","TargetsReceptions":"","Targets":"","ReceptionPercentage":"","RzTarget":"","RzTouch":"","RzG2G":"","Rank":153,"TotalPoints":"0.00"},{"PlayerName":"Jordan Reed","PlayerId":"2540160","Pos":"TE","Team":"FA","PlayerOpponent":"Bye","PassingYDS":"","PassingTD":"","PassingInt":"","RushingYDS":"","RushingTD":"","ReceivingRec":"","ReceivingYDS":"","ReceivingTD":"","RetTD":"","FumTD":"","2PT":"","Fum":"","FanPtsAgainst-pts":"","TouchCarries":"","TouchReceptions":"","Touches":"","TargetsReceptions":"","Targets":"","ReceptionPercentage":"","RzTarget":"","RzTouch":"","RzG2G":"","Rank":154,"TotalPoints":"0.00"},{"PlayerName":"Giovanni Ricci","PlayerId":"2563668","Pos":"TE","Team":"CAR","PlayerOpponent":"Bye","PassingYDS":"","PassingTD":"","PassingInt":"","RushingYDS":"","RushingTD":"","ReceivingRec":"","ReceivingYDS":"","ReceivingTD":"","RetTD":"","FumTD":"","2PT":"","Fum":"","FanPtsAgainst-pts":null,"TouchCarries":null,"TouchReceptions":null,"Touches":null,"TargetsReceptions":null,"Targets":null,"ReceptionPercentage":null,"RzTarget":null,"RzTouch":null,"RzG2G":null,"Rank":155,"TotalPoints":"0.00"},{"PlayerName":"Ellis Richardson","PlayerId":"2563081","Pos":"TE","Team":"FA","PlayerOpponent":"Bye","PassingYDS":"","PassingTD":"","PassingInt":"","RushingYDS":"","RushingTD":"","ReceivingRec":"","ReceivingYDS":"","ReceivingTD":"","RetTD":"","FumTD":"","2PT":"","Fum":"","FanPtsAgainst-pts":"","TouchCarries":"","TouchReceptions":"","Touches":"","TargetsReceptions":"","Targets":"","ReceptionPercentage":"","RzTarget":"","RzTouch":"","RzG2G":"","Rank":156,"TotalPoints":"0.00"},{"PlayerName":"Richard Rodgers","PlayerId":"2550313","Pos":"TE","Team":"PHI","PlayerOpponent":"@NYJ","PassingYDS":"","PassingTD":"","PassingInt":"","RushingYDS":"","RushingTD":"","ReceivingRec":"","ReceivingYDS":"","ReceivingTD":"","RetTD":"","FumTD":"","2PT":"","Fum":"","FanPtsAgainst-pts":"25.50","TouchCarries":"","TouchReceptions":"","Touches":"","TargetsReceptions":"","Targets":"","ReceptionPercentage":"","RzTarget":"","RzTouch":"","RzG2G":"","Rank":157,"TotalPoints":"0.00"},{"PlayerName":"Drew Sample","PlayerId":"2562720","Pos":"TE","Team":"CIN","PlayerOpponent":"LAC","PassingYDS":"","PassingTD":"","PassingInt":"","RushingYDS":"","RushingTD":"","ReceivingRec":"","ReceivingYDS":"","ReceivingTD":"","RetTD":"","FumTD":"","2PT":"","Fum":"","FanPtsAgainst-pts":"3.50","TouchCarries":"","TouchReceptions":"","Touches":"","TargetsReceptions":"","Targets":"","ReceptionPercentage":"","RzTarget":"","RzTouch":"","RzG2G":"","Rank":158,"TotalPoints":"0.00"},{"PlayerName":"Eric Saubert","PlayerId":"2558023","Pos":"TE","Team":"DEN","PlayerOpponent":"@KC","PassingYDS":"","PassingTD":"","PassingInt":"","RushingYDS":"","RushingTD":"","ReceivingRec":"","ReceivingYDS":"","ReceivingTD":"","RetTD":"","FumTD":"","2PT":"","Fum":"","FanPtsAgainst-pts":"8.90","TouchCarries":"","TouchReceptions":"","Touches":"","TargetsReceptions":"","Targets":"","ReceptionPercentage":"","RzTarget":"","RzTouch":"","RzG2G":"","Rank":159,"TotalPoints":"0.00"},{"PlayerName":"Mason Schreck","PlayerId":"2558864","Pos":"TE","Team":"CIN","PlayerOpponent":"LAC","PassingYDS":"","PassingTD":"","PassingInt":"","RushingYDS":"","RushingTD":"","ReceivingRec":"","ReceivingYDS":"","ReceivingTD":"","RetTD":"","FumTD":"","2PT":"","Fum":"","FanPtsAgainst-pts":"3.50","TouchCarries":"","TouchReceptions":"","Touches":"","TargetsReceptions":"","Targets":"","ReceptionPercentage":"","RzTarget":"","RzTouch":"","RzG2G":"","Rank":160,"TotalPoints":"0.00"},{"PlayerName":"Ricky Seals-Jones","PlayerId":"2559248","Pos":"TE","Team":"WAS","PlayerOpponent":"@LV","PassingYDS":"","PassingTD":"","PassingInt":"","RushingYDS":"","RushingTD":"","ReceivingRec":"","ReceivingYDS":"","ReceivingTD":"","RetTD":"","FumTD":"","2PT":"","Fum":"","FanPtsAgainst-pts":"20.50","TouchCarries":"","TouchReceptions":"","Touches":"","TargetsReceptions":"","Targets":"","ReceptionPercentage":"","RzTarget":"","RzTouch":"","RzG2G":"","Rank":161,"TotalPoints":"0.00"},{"PlayerName":"Adam Shaheen","PlayerId":"2558144","Pos":"TE","Team":"MIA","PlayerOpponent":"NYG","PassingYDS":"","PassingTD":"","PassingInt":"","RushingYDS":"","RushingTD":"","ReceivingRec":"","ReceivingYDS":"","ReceivingTD":"","RetTD":"","FumTD":"","2PT":"","Fum":"","FanPtsAgainst-pts":"9.40","TouchCarries":"","TouchReceptions":"","Touches":"","TargetsReceptions":"","Targets":"","ReceptionPercentage":"","RzTarget":"","RzTouch":"","RzG2G":"","Rank":162,"TotalPoints":"0.00"},{"PlayerName":"Irv Smith","PlayerId":"2562738","Pos":"TE","Team":"MIN","PlayerOpponent":"@DET","PassingYDS":"","PassingTD":"","PassingInt":"","RushingYDS":"","RushingTD":"","ReceivingRec":"","ReceivingYDS":"","ReceivingTD":"","RetTD":"","FumTD":"","2PT":"","Fum":"","FanPtsAgainst-pts":"9.10","TouchCarries":"","TouchReceptions":"","Touches":"","TargetsReceptions":"","Targets":"","ReceptionPercentage":"","RzTarget":"","RzTouch":"","RzG2G":"","Rank":163,"TotalPoints":"0.00"},{"PlayerName":"Kaden Smith","PlayerId":"2562740","Pos":"TE","Team":"NYG","PlayerOpponent":"@MIA","PassingYDS":"","PassingTD":"","PassingInt":"","RushingYDS":"","RushingTD":"","ReceivingRec":"","ReceivingYDS":"","ReceivingTD":"","RetTD":"","FumTD":"","2PT":"","Fum":"","FanPtsAgainst-pts":"10.90","TouchCarries":"","TouchReceptions":"","Touches":"","TargetsReceptions":"","Targets":"","ReceptionPercentage":"","RzTarget":"","RzTouch":"","RzG2G":"","Rank":164,"TotalPoints":"0.00"},{"PlayerName":"Lee Smith","PlayerId":"2495347","Pos":"TE","Team":"ATL","PlayerOpponent":"TB","PassingYDS":"","PassingTD":"","PassingInt":"","RushingYDS":"","RushingTD":"","ReceivingRec":"","ReceivingYDS":"","ReceivingTD":"","RetTD":"","FumTD":"","2PT":"","Fum":"","FanPtsAgainst-pts":"6.80","TouchCarries":"","TouchReceptions":"","Touches":"","TargetsReceptions":"","Targets":"","ReceptionPercentage":"","RzTarget":"","RzTouch":"","RzG2G":"","Rank":165,"TotalPoints":"0.00"},{"PlayerName":"Durham Smythe","PlayerId":"2560880","Pos":"TE","Team":"MIA","PlayerOpponent":"NYG","PassingYDS":"","PassingTD":"","PassingInt":"","RushingYDS":"","RushingTD":"","ReceivingRec":"","ReceivingYDS":"","ReceivingTD":"","RetTD":"","FumTD":"","2PT":"","Fum":"","FanPtsAgainst-pts":"9.40","TouchCarries":"","TouchReceptions":"","Touches":"","TargetsReceptions":"","Targets":"1","ReceptionPercentage":"","RzTarget":"","RzTouch":"","RzG2G":"","Rank":166,"TotalPoints":"0.00"},{"PlayerName":"Dylan Soehner","PlayerId":"2565711","Pos":"TE","Team":"NO","PlayerOpponent":"DAL","PassingYDS":"","PassingTD":"","PassingInt":"","RushingYDS":"","RushingTD":"","ReceivingRec":"","ReceivingYDS":"","ReceivingTD":"","RetTD":"","FumTD":"","2PT":"","Fum":"","FanPtsAgainst-pts":"8.90","TouchCarries":"","TouchReceptions":"","Touches":"","TargetsReceptions":"","Targets":"","ReceptionPercentage":"","RzTarget":"","RzTouch":"","RzG2G":"","Rank":167,"TotalPoints":"0.00"},{"PlayerName":"Matt Sokol","PlayerId":"2562980","Pos":"TE","Team":"JAX","PlayerOpponent":"@LA","PassingYDS":"","PassingTD":"","PassingInt":"","RushingYDS":"","RushingTD":"","ReceivingRec":"","ReceivingYDS":"","ReceivingTD":"","RetTD":"","FumTD":"","2PT":"","Fum":"","FanPtsAgainst-pts":"4.00","TouchCarries":"","TouchReceptions":"","Touches":"","TargetsReceptions":"","Targets":"","ReceptionPercentage":"","RzTarget":"","RzTouch":"","RzG2G":"","Rank":168,"TotalPoints":"0.00"},{"PlayerName":"Jeremy Sprinkle","PlayerId":"2557886","Pos":"TE","Team":"DAL","PlayerOpponent":"@NO","PassingYDS":"","PassingTD":"","PassingInt":"","RushingYDS":"","RushingTD":"","ReceivingRec":"","ReceivingYDS":"","ReceivingTD":"","RetTD":"","FumTD":"","2PT":"","Fum":"","FanPtsAgainst-pts":"6.80","TouchCarries":"","TouchReceptions":"","Touches":"","TargetsReceptions":"","Targets":"","ReceptionPercentage":"","RzTarget":"","RzTouch":"","RzG2G":"","Rank":169,"TotalPoints":"0.00"},{"PlayerName":"Jace Sternberger","PlayerId":"2562744","Pos":"TE","Team":"PIT","PlayerOpponent":"BAL","PassingYDS":"","PassingTD":"","PassingInt":"","RushingYDS":"","RushingTD":"","ReceivingRec":"","ReceivingYDS":"","ReceivingTD":"","RetTD":"","FumTD":"","2PT":"","Fum":"","FanPtsAgainst-pts":"8.10","TouchCarries":"","TouchReceptions":"","Touches":"","TargetsReceptions":"","Targets":"","ReceptionPercentage":"","RzTarget":"","RzTouch":"","RzG2G":"","Rank":170,"TotalPoints":"0.00"},{"PlayerName":"Luke Stocker","PlayerId":"2495234","Pos":"TE","Team":"MIN","PlayerOpponent":"@DET","PassingYDS":"","PassingTD":"","PassingInt":"","RushingYDS":"","RushingTD":"","ReceivingRec":"","ReceivingYDS":"","ReceivingTD":"","RetTD":"","FumTD":"","2PT":"","Fum":"","FanPtsAgainst-pts":"9.10","TouchCarries":"","TouchReceptions":"","Touches":"","TargetsReceptions":"","Targets":"","ReceptionPercentage":"","RzTarget":"","RzTouch":"","RzG2G":"","Rank":171,"TotalPoints":"0.00"},{"PlayerName":"Jack Stoll","PlayerId":"2567061","Pos":"TE","Team":"PHI","PlayerOpponent":"@NYJ","PassingYDS":"","PassingTD":"","PassingInt":"","RushingYDS":"","RushingTD":"","ReceivingRec":"","ReceivingYDS":"","ReceivingTD":"","RetTD":"","FumTD":"","2PT":"","Fum":"","FanPtsAgainst-pts":"25.50","TouchCarries":"","TouchReceptions":"","Touches":"","TargetsReceptions":"","Targets":"","ReceptionPercentage":"","RzTarget":"","RzTouch":"","RzG2G":"","Rank":172,"TotalPoints":"0.00"},{"PlayerName":"Stephen Sullivan","PlayerId":"2565192","Pos":"TE","Team":"CAR","PlayerOpponent":"Bye","PassingYDS":"","PassingTD":"","PassingInt":"","RushingYDS":"","RushingTD":"","ReceivingRec":"","ReceivingYDS":"","ReceivingTD":"","RetTD":"","FumTD":"","2PT":"","Fum":"","FanPtsAgainst-pts":null,"TouchCarries":null,"TouchReceptions":null,"Touches":null,"TargetsReceptions":null,"Targets":null,"ReceptionPercentage":null,"RzTarget":null,"RzTouch":null,"RzG2G":null,"Rank":173,"TotalPoints":"0.00"},{"PlayerName":"Geoff Swaim","PlayerId":"2553454","Pos":"TE","Team":"TEN","PlayerOpponent":"Bye","PassingYDS":"","PassingTD":"","PassingInt":"","RushingYDS":"","RushingTD":"","ReceivingRec":"","ReceivingYDS":"","ReceivingTD":"","RetTD":"","FumTD":"","2PT":"","Fum":"","FanPtsAgainst-pts":null,"TouchCarries":null,"TouchReceptions":null,"Touches":null,"TargetsReceptions":null,"Targets":null,"ReceptionPercentage":null,"RzTarget":null,"RzTouch":null,"RzG2G":null,"Rank":174,"TotalPoints":"0.00"},{"PlayerName":"Tommy Sweeney","PlayerId":"2562750","Pos":"TE","Team":"BUF","PlayerOpponent":"NE","PassingYDS":"","PassingTD":"","PassingInt":"","RushingYDS":"","RushingTD":"","ReceivingRec":"","ReceivingYDS":"","ReceivingTD":"","RetTD":"","FumTD":"","2PT":"","Fum":"","FanPtsAgainst-pts":"2.40","TouchCarries":"","TouchReceptions":"","Touches":"","TargetsReceptions":"","Targets":"","ReceptionPercentage":"","RzTarget":"","RzTouch":"","RzG2G":"","Rank":175,"TotalPoints":"0.00"},{"PlayerName":"Tyrone Swoopes","PlayerId":"2559263","Pos":"TE","Team":"FA","PlayerOpponent":"Bye","PassingYDS":"","PassingTD":"","PassingInt":"","RushingYDS":"","RushingTD":"","ReceivingRec":"","ReceivingYDS":"","ReceivingTD":"","RetTD":"","FumTD":"","2PT":"","Fum":"","FanPtsAgainst-pts":"","TouchCarries":"","TouchReceptions":"","Touches":"","TargetsReceptions":"","Targets":"","ReceptionPercentage":"","RzTarget":"","RzTouch":"","RzG2G":"","Rank":176,"TotalPoints":"0.00"},{"PlayerName":"Tim Tebow","PlayerId":"497135","Pos":"TE","Team":"FA","PlayerOpponent":"Bye","PassingYDS":"","PassingTD":"","PassingInt":"","RushingYDS":"","RushingTD":"","ReceivingRec":"","ReceivingYDS":"","ReceivingTD":"","RetTD":"","FumTD":"","2PT":"","Fum":"","FanPtsAgainst-pts":"","TouchCarries":"","TouchReceptions":"","Touches":"","TargetsReceptions":"","Targets":"","ReceptionPercentage":"","RzTarget":"","RzTouch":"","RzG2G":"","Rank":177,"TotalPoints":"0.00"},{"PlayerName":"Hunter Thedford","PlayerId":"2565585","Pos":"TE","Team":"FA","PlayerOpponent":"Bye","PassingYDS":"","PassingTD":"","PassingInt":"","RushingYDS":"","RushingTD":"","ReceivingRec":"","ReceivingYDS":"","ReceivingTD":"","RetTD":"","FumTD":"","2PT":"","Fum":"","FanPtsAgainst-pts":"","TouchCarries":"","TouchReceptions":"","Touches":"","TargetsReceptions":"","Targets":"","ReceptionPercentage":"","RzTarget":"","RzTouch":"","RzG2G":"","Rank":178,"TotalPoints":"0.00"},{"PlayerName":"Ian Thomas","PlayerId":"2560894","Pos":"TE","Team":"CAR","PlayerOpponent":"Bye","PassingYDS":"","PassingTD":"","PassingInt":"","RushingYDS":"","RushingTD":"","ReceivingRec":"","ReceivingYDS":"","ReceivingTD":"","RetTD":"","FumTD":"","2PT":"","Fum":"","FanPtsAgainst-pts":null,"TouchCarries":null,"TouchReceptions":null,"Touches":null,"TargetsReceptions":null,"Targets":null,"ReceptionPercentage":null,"RzTarget":null,"RzTouch":null,"RzG2G":null,"Rank":179,"TotalPoints":"0.00"},{"PlayerName":"Jordan Thomas","PlayerId":"2560896","Pos":"TE","Team":"FA","PlayerOpponent":"Bye","PassingYDS":"","PassingTD":"","PassingInt":"","RushingYDS":"","RushingTD":"","ReceivingRec":"","ReceivingYDS":"","ReceivingTD":"","RetTD":"","FumTD":"","2PT":"","Fum":"","FanPtsAgainst-pts":"","TouchCarries":"","TouchReceptions":"","Touches":"","TargetsReceptions":"","Targets":"","ReceptionPercentage":"","RzTarget":"","RzTouch":"","RzG2G":"","Rank":180,"TotalPoints":"0.00"},{"PlayerName":"Colin Thompson","PlayerId":"2559268","Pos":"TE","Team":"CAR","PlayerOpponent":"Bye","PassingYDS":"","PassingTD":"","PassingInt":"","RushingYDS":"","RushingTD":"","ReceivingRec":"","ReceivingYDS":"","ReceivingTD":"","RetTD":"","FumTD":"","2PT":"","Fum":"","FanPtsAgainst-pts":null,"TouchCarries":null,"TouchReceptions":null,"Touches":null,"TargetsReceptions":null,"Targets":null,"ReceptionPercentage":null,"RzTarget":null,"RzTouch":null,"RzG2G":null,"Rank":181,"TotalPoints":"0.00"},{"PlayerName":"Noah Togiai","PlayerId":"2564865","Pos":"TE","Team":"PHI","PlayerOpponent":"@NYJ","PassingYDS":"","PassingTD":"","PassingInt":"","RushingYDS":"","RushingTD":"","ReceivingRec":"","ReceivingYDS":"","ReceivingTD":"","RetTD":"","FumTD":"","2PT":"","Fum":"","FanPtsAgainst-pts":"25.50","TouchCarries":"","TouchReceptions":"","Touches":"","TargetsReceptions":"","Targets":"","ReceptionPercentage":"","RzTarget":"","RzTouch":"","RzG2G":"","Rank":182,"TotalPoints":"0.00"},{"PlayerName":"Levine Toilolo","PlayerId":"2540203","Pos":"TE","Team":"NYG","PlayerOpponent":"@MIA","PassingYDS":"","PassingTD":"","PassingInt":"","RushingYDS":"","RushingTD":"","ReceivingRec":"","ReceivingYDS":"","ReceivingTD":"","RetTD":"","FumTD":"","2PT":"","Fum":"","FanPtsAgainst-pts":"10.90","TouchCarries":"","TouchReceptions":"","Touches":"","TargetsReceptions":"","Targets":"","ReceptionPercentage":"","RzTarget":"","RzTouch":"","RzG2G":"","Rank":183,"TotalPoints":"0.00"},{"PlayerName":"Robert Tonyan","PlayerId":"2559270","Pos":"TE","Team":"GB","PlayerOpponent":"Bye","PassingYDS":"","PassingTD":"","PassingInt":"","RushingYDS":"","RushingTD":"","ReceivingRec":"","ReceivingYDS":"","ReceivingTD":"","RetTD":"","FumTD":"","2PT":"","Fum":"","FanPtsAgainst-pts":null,"TouchCarries":null,"TouchReceptions":null,"Touches":null,"TargetsReceptions":null,"Targets":null,"ReceptionPercentage":null,"RzTarget":null,"RzTouch":null,"RzG2G":null,"Rank":184,"TotalPoints":"0.00"},{"PlayerName":"Adam Trautman","PlayerId":"2564703","Pos":"TE","Team":"NO","PlayerOpponent":"DAL","PassingYDS":"","PassingTD":"","PassingInt":"","RushingYDS":"","RushingTD":"","ReceivingRec":"","ReceivingYDS":"","ReceivingTD":"","RetTD":"","FumTD":"","2PT":"","Fum":"","FanPtsAgainst-pts":"8.90","TouchCarries":"","TouchReceptions":"","Touches":"","TargetsReceptions":"","Targets":"","ReceptionPercentage":"","RzTarget":"","RzTouch":"","RzG2G":"","Rank":185,"TotalPoints":"0.00"},{"PlayerName":"Ross Travis","PlayerId":"2554630","Pos":"TE","Team":"DET","PlayerOpponent":"MIN","PassingYDS":"","PassingTD":"","PassingInt":"","RushingYDS":"","RushingTD":"","ReceivingRec":"","ReceivingYDS":"","ReceivingTD":"","RetTD":"","FumTD":"","2PT":"","Fum":"","FanPtsAgainst-pts":"24.40","TouchCarries":"","TouchReceptions":"","Touches":"","TargetsReceptions":"","Targets":"","ReceptionPercentage":"","RzTarget":"","RzTouch":"","RzG2G":"","Rank":186,"TotalPoints":"0.00"},{"PlayerName":"Tommy Tremble","PlayerId":"2565914","Pos":"TE","Team":"CAR","PlayerOpponent":"Bye","PassingYDS":"","PassingTD":"","PassingInt":"","RushingYDS":"","RushingTD":"","ReceivingRec":"","ReceivingYDS":"","ReceivingTD":"","RetTD":"","FumTD":"","2PT":"","Fum":"","FanPtsAgainst-pts":null,"TouchCarries":null,"TouchReceptions":null,"Touches":null,"TargetsReceptions":null,"Targets":null,"ReceptionPercentage":null,"RzTarget":null,"RzTouch":null,"RzG2G":null,"Rank":187,"TotalPoints":"0.00"},{"PlayerName":"Carl Tucker","PlayerId":"2566665","Pos":"TE","Team":"FA","PlayerOpponent":"Bye","PassingYDS":"","PassingTD":"","PassingInt":"","RushingYDS":"","RushingTD":"","ReceivingRec":"","ReceivingYDS":"","ReceivingTD":"","RetTD":"","FumTD":"","2PT":"","Fum":"","FanPtsAgainst-pts":"","TouchCarries":"","TouchReceptions":"","Touches":"","TargetsReceptions":"","Targets":"","ReceptionPercentage":"","RzTarget":"","RzTouch":"","RzG2G":"","Rank":188,"TotalPoints":"0.00"},{"PlayerName":"Andrew Vollert","PlayerId":"2561284","Pos":"TE","Team":"FA","PlayerOpponent":"Bye","PassingYDS":"","PassingTD":"","PassingInt":"","RushingYDS":"","RushingTD":"","ReceivingRec":"","ReceivingYDS":"","ReceivingTD":"","RetTD":"","FumTD":"","2PT":"","Fum":"","FanPtsAgainst-pts":"","TouchCarries":"","TouchReceptions":"","Touches":"","TargetsReceptions":"","Targets":"","ReceptionPercentage":"","RzTarget":"","RzTouch":"","RzG2G":"","Rank":189,"TotalPoints":"0.00"},{"PlayerName":"Delanie Walker","PlayerId":"2495966","Pos":"TE","Team":"FA","PlayerOpponent":"Bye","PassingYDS":"","PassingTD":"","PassingInt":"","RushingYDS":"","RushingTD":"","ReceivingRec":"","ReceivingYDS":"","ReceivingTD":"","RetTD":"","FumTD":"","2PT":"","Fum":"","FanPtsAgainst-pts":"","TouchCarries":"","TouchReceptions":"","Touches":"","TargetsReceptions":"","Targets":"","ReceptionPercentage":"","RzTarget":"","RzTouch":"","RzG2G":"","Rank":190,"TotalPoints":"0.00"},{"PlayerName":"Darren Waller","PlayerId":"2552408","Pos":"TE","Team":"LV","PlayerOpponent":"WAS","PassingYDS":"","PassingTD":"","PassingInt":"","RushingYDS":"","RushingTD":"","ReceivingRec":"","ReceivingYDS":"","ReceivingTD":"","RetTD":"","FumTD":"","2PT":"","Fum":"","FanPtsAgainst-pts":"3.90","TouchCarries":"","TouchReceptions":"","Touches":"","TargetsReceptions":"","Targets":"","ReceptionPercentage":"","RzTarget":"","RzTouch":"","RzG2G":"","Rank":191,"TotalPoints":"0.00"},{"PlayerName":"Kahale Warring","PlayerId":"2562771","Pos":"TE","Team":"JAX","PlayerOpponent":"@LA","PassingYDS":"","PassingTD":"","PassingInt":"","RushingYDS":"","RushingTD":"","ReceivingRec":"","ReceivingYDS":"","ReceivingTD":"","RetTD":"","FumTD":"","2PT":"","Fum":"","FanPtsAgainst-pts":"4.00","TouchCarries":"","TouchReceptions":"","Touches":"","TargetsReceptions":"","Targets":"","ReceptionPercentage":"","RzTarget":"","RzTouch":"","RzG2G":"","Rank":192,"TotalPoints":"0.00"},{"PlayerName":"Trevon Wesco","PlayerId":"2562777","Pos":"TE","Team":"NYJ","PlayerOpponent":"PHI","PassingYDS":"","PassingTD":"","PassingInt":"","RushingYDS":"","RushingTD":"","ReceivingRec":"","ReceivingYDS":"","ReceivingTD":"","RetTD":"","FumTD":"","2PT":"","Fum":"","FanPtsAgainst-pts":"10.20","TouchCarries":"","TouchReceptions":"","Touches":"","TargetsReceptions":"","Targets":"","ReceptionPercentage":"","RzTarget":"","RzTouch":"","RzG2G":"","Rank":193,"TotalPoints":"0.00"},{"PlayerName":"Nate Wieting","PlayerId":"2563815","Pos":"TE","Team":"FA","PlayerOpponent":"Bye","PassingYDS":"","PassingTD":"","PassingInt":"","RushingYDS":"","RushingTD":"","ReceivingRec":"","ReceivingYDS":"","ReceivingTD":"","RetTD":"","FumTD":"","2PT":"","Fum":"","FanPtsAgainst-pts":"","TouchCarries":"","TouchReceptions":"","Touches":"","TargetsReceptions":"","Targets":"","ReceptionPercentage":"","RzTarget":"","RzTouch":"","RzG2G":"","Rank":194,"TotalPoints":"0.00"},{"PlayerName":"Mitchell Wilcox","PlayerId":"2563749","Pos":"TE","Team":"CIN","PlayerOpponent":"LAC","PassingYDS":"","PassingTD":"","PassingInt":"","RushingYDS":"","RushingTD":"","ReceivingRec":"","ReceivingYDS":"","ReceivingTD":"","RetTD":"","FumTD":"","2PT":"","Fum":"","FanPtsAgainst-pts":"3.50","TouchCarries":"","TouchReceptions":"","Touches":"","TargetsReceptions":"","Targets":"","ReceptionPercentage":"","RzTarget":"","RzTouch":"","RzG2G":"","Rank":195,"TotalPoints":"0.00"},{"PlayerName":"Carson Williams","PlayerId":"2565669","Pos":"TE","Team":"FA","PlayerOpponent":"Bye","PassingYDS":"","PassingTD":"","PassingInt":"","RushingYDS":"","RushingTD":"","ReceivingRec":"","ReceivingYDS":"","ReceivingTD":"","RetTD":"","FumTD":"","2PT":"","Fum":"","FanPtsAgainst-pts":"","TouchCarries":"","TouchReceptions":"","Touches":"","TargetsReceptions":"","Targets":"","ReceptionPercentage":"","RzTarget":"","RzTouch":"","RzG2G":"","Rank":196,"TotalPoints":"0.00"},{"PlayerName":"Maxx Williams","PlayerId":"2552468","Pos":"TE","Team":"ARI","PlayerOpponent":"@CHI","PassingYDS":"","PassingTD":"","PassingInt":"","RushingYDS":"","RushingTD":"","ReceivingRec":"","ReceivingYDS":"","ReceivingTD":"","RetTD":"","FumTD":"","2PT":"","Fum":"","FanPtsAgainst-pts":"3.20","TouchCarries":"","TouchReceptions":"","Touches":"","TargetsReceptions":"","Targets":"","ReceptionPercentage":"","RzTarget":"","RzTouch":"","RzG2G":"","Rank":197,"TotalPoints":"0.00"},{"PlayerName":"Luke Willson","PlayerId":"2541199","Pos":"TE","Team":"FA","PlayerOpponent":"Bye","PassingYDS":"","PassingTD":"","PassingInt":"","RushingYDS":"","RushingTD":"","ReceivingRec":"","ReceivingYDS":"","ReceivingTD":"","RetTD":"","FumTD":"","2PT":"","Fum":"","FanPtsAgainst-pts":"","TouchCarries":"","TouchReceptions":"","Touches":"","TargetsReceptions":"","Targets":"","ReceptionPercentage":"","RzTarget":"","RzTouch":"","RzG2G":"","Rank":198,"TotalPoints":"0.00"},{"PlayerName":"Caleb Wilson","PlayerId":"2562603","Pos":"TE","Team":"DEN","PlayerOpponent":"@KC","PassingYDS":"","PassingTD":"","PassingInt":"","RushingYDS":"","RushingTD":"","ReceivingRec":"","ReceivingYDS":"","ReceivingTD":"","RetTD":"","FumTD":"","2PT":"","Fum":"","FanPtsAgainst-pts":"8.90","TouchCarries":"","TouchReceptions":"","Touches":"","TargetsReceptions":"","Targets":"","ReceptionPercentage":"","RzTarget":"","RzTouch":"","RzG2G":"","Rank":199,"TotalPoints":"0.00"},{"PlayerName":"Jason Witten","PlayerId":"2505629","Pos":"TE","Team":"FA","PlayerOpponent":"Bye","PassingYDS":"","PassingTD":"","PassingInt":"","RushingYDS":"","RushingTD":"","ReceivingRec":"","ReceivingYDS":"","ReceivingTD":"","RetTD":"","FumTD":"","2PT":"","Fum":"","FanPtsAgainst-pts":"","TouchCarries":"","TouchReceptions":"","Touches":"","TargetsReceptions":"","Targets":"","ReceptionPercentage":"","RzTarget":"","RzTouch":"","RzG2G":"","Rank":200,"TotalPoints":"0.00"},{"PlayerName":"Eli Wolf","PlayerId":"2565354","Pos":"TE","Team":"IND","PlayerOpponent":"@HOU","PassingYDS":"","PassingTD":"","PassingInt":"","RushingYDS":"","RushingTD":"","ReceivingRec":"","ReceivingYDS":"","ReceivingTD":"","RetTD":"","FumTD":"","2PT":"","Fum":"","FanPtsAgainst-pts":"3.40","TouchCarries":"","TouchReceptions":"","Touches":"","TargetsReceptions":"","Targets":"","ReceptionPercentage":"","RzTarget":"","RzTouch":"","RzG2G":"","Rank":201,"TotalPoints":"0.00"},{"PlayerName":"Ethan Wolf","PlayerId":"2561422","Pos":"TE","Team":"NO","PlayerOpponent":"DAL","PassingYDS":"","PassingTD":"","PassingInt":"","RushingYDS":"","RushingTD":"","ReceivingRec":"","ReceivingYDS":"","ReceivingTD":"","RetTD":"","FumTD":"","2PT":"","Fum":"","FanPtsAgainst-pts":"8.90","TouchCarries":"","TouchReceptions":"","Touches":"","TargetsReceptions":"","Targets":"","ReceptionPercentage":"","RzTarget":"","RzTouch":"","RzG2G":"","Rank":202,"TotalPoints":"0.00"},{"PlayerName":"Deon Yelder","PlayerId":"2561293","Pos":"TE","Team":"NYG","PlayerOpponent":"@MIA","PassingYDS":"","PassingTD":"","PassingInt":"","RushingYDS":"","RushingTD":"","ReceivingRec":"","ReceivingYDS":"","ReceivingTD":"","RetTD":"","FumTD":"","2PT":"","Fum":"","FanPtsAgainst-pts":"10.90","TouchCarries":"","TouchReceptions":"","Touches":"","TargetsReceptions":"","Targets":"","ReceptionPercentage":"","RzTarget":"","RzTouch":"","RzG2G":"","Rank":203,"TotalPoints":"0.00"},{"PlayerName":"Garrett Griffin","PlayerId":"2557033","Pos":"TE","Team":"NO","PlayerOpponent":"DAL","PassingYDS":"","PassingTD":"","PassingInt":"","RushingYDS":"","RushingTD":"","ReceivingRec":"1","ReceivingYDS":"9","ReceivingTD":"","RetTD":"","FumTD":"","2PT":"","Fum":"1","FanPtsAgainst-pts":"8.90","TouchCarries":"","TouchReceptions":"1","Touches":"1","TargetsReceptions":"1","Targets":"1","ReceptionPercentage":"100","RzTarget":"","RzTouch":"","RzG2G":"","Rank":204,"TotalPoints":"-0.60"},{"PlayerName":"Gerald Everett","PlayerId":"2557889","Pos":"TE","Team":"SEA","PlayerOpponent":"SF","PassingYDS":"","PassingTD":"","PassingInt":"","RushingYDS":"","RushingTD":"","ReceivingRec":"4","ReceivingYDS":"7","ReceivingTD":"","RetTD":"","FumTD":"","2PT":"","Fum":"2","FanPtsAgainst-pts":"1.40","TouchCarries":"","TouchReceptions":"4","Touches":"4","TargetsReceptions":"4","Targets":"6","ReceptionPercentage":"67","RzTarget":"2","RzTouch":"1","RzG2G":"1","Rank":205,"TotalPoints":"-1.30"}]