PlayerName,PlayerId,Pos,Team,PlayerOpponent,TacklesTot,TacklesAst,TacklesSck,TacklesTfl,TurnoverInt,TurnoverFrcFum,TurnoverFumRec,ScoreIntTd,ScoreFumTd,ScoreBlkTd,ScoreSaf,ScoreDef2ptRet,Blk,PDef,QBHit,ReturnIntYds,ReturnFumYds,PlayerWeekProjectedPts,Rank,TotalPoints,ProjectionDiff
D.J. Jones,2558265,DL,SF,@SEA,7,,,2,,1,,,,,,,,,,,,4.30,1,18.40,14.1
Chris Wormley,2557862,DL,PIT,BAL,3,2,2.5,2,,,,,,,,,,,3,,,5.24,2,16.20,10.96
Brandon Williams,2541302,DL,BAL,@PIT,6,5,,1,,,,,,,,,,,,,,3.34,3,15.70,12.36
Charles Harris,2558001,DL,DET,MIN,2,,2,1,,1,,,,,,,,,4,,,6.55,4,14.40,7.85
Al-Quadin Muhammad,2558131,DL,IND,@HOU,3,,2,2,,,,,,,,,,,3,,,5.20,5,13.60,8.4
Carlos Watkins,2557877,DL,DAL,@NO,1,1,,,1,,,1,,,,,,1,,29,,2.59,6,13.47,10.88
Davon Godchaux,2558012,DL,NE,@BUF,6,4,,,,,,,,,,,,,,,,5.40,7,13.40,8.0
Ndamukong Suh,496861,DL,TB,@ATL,2,2,2,2,,,,,,,,,,,2,,,3.28,8,13.00,9.72
Harrison Phillips,2560840,DL,BUF,NE,5,3,,1,,,,,,,,,,,,,,2.84,9,12.40,9.56
Carlos Dunlap,496780,DL,SEA,SF,1,,1,1,,,,,,,1,,,1,1,,,1.86,10,12.20,10.34
Nick Bosa,2562629,DL,SF,@SEA,3,,1,,,1,,,,,,,,,3,,,7.06,11,12.10,5.04
Vita Vea,2560909,DL,TB,@ATL,2,,2,2,,,,,,,,,,,3,,,4.06,12,11.90,7.84
Quincy Roche,2566466,DL,NYG,@MIA,3,3,1,1,,,,,,,,,,,1,,,6.93,13,11.50,4.57
Aaron Donald,2543485,DL,LA,JAX,1,4,1,,,1,,,,,,,,,2,,,7.18,14,11.40,4.22
Cameron Heyward,2508109,DL,PIT,BAL,3,1,1,2,,,,,,,,,,,1,,,7.63,15,11.40,3.77
Kemoko Turay,2560905,DL,IND,@HOU,2,,2,2,,,,,,,,,,,2,,,1.49,16,11.40,9.91
Jarran Reed,2555238,DL,KC,DEN,4,1,,,,1,,,,,,,,,,,,4.34,17,11.10,6.76
Dawuane Smoot,2557839,DL,JAX,@LA,3,2,0.5,,,,,,,,,,,1,1,,,3.41,18,10.70,7.29
Dre'Mont Jones,2562412,DL,DEN,@KC,3,1,1,1,,,,,,,,,,,2,,,3.94,19,10.40,6.46
D.J. Wonnum,2564583,DL,MIN,@DET,2,,1,1,,,,,,,,,,1,2,,,5.37,20,10.40,5.03
Osa Odighizuwa,2566016,DL,DAL,@NO,4,,,2,,,,,,,,,,,1,,,3.55,21,10.30,6.75
Marlon Davidson,2563479,DL,ATL,TB,,,,,1,,,1,,,,,,1,,3,,2.58,22,10.10,7.52
Maxx Crosby,2562439,DL,LV,WAS,3,1,,1,,,,,,,,,,1,,,,5.69,23,9.90,4.21
Arik Armstead,2552493,DL,SF,@SEA,2,2,1,1,,,,,,,,,,,2,,,5.24,24,9.50,4.26
Zach Allen,2562219,DL,ARI,@CHI,,3,,,1,,,,,,,,,1,,25,,5.90,25,9.23,3.33
Josh Sweat,2560889,DL,PHI,@NYJ,1,2,1.5,1,,,,,,,,,,,2,,,4.55,26,8.80,4.25
Trey Hendrickson,2557943,DL,CIN,LAC,1,3,1,1,,,,,,,,,,,2,,,5.13,27,8.60,3.47
Sam Hubbard,2560745,DL,CIN,LAC,1,4,0.5,1,,,,,,,,,,,2,,,7.38,28,8.40,1.02
A'Shawn Robinson,2555265,DL,LA,JAX,1,4,,,,1,,,,,,,,,,,,5.14,29,8.40,3.26
Quinnen Williams,2562599,DL,NYJ,PHI,4,2,,,,,,,,,,,,,,,,5.87,30,8.40,2.53
Greg Rousseau,2565875,DL,BUF,NE,4,,,1,,,,,,,,,,,,,,5.00,31,8.30,3.3
Justin Jones,2560769,DL,LAC,@CIN,2,1,1,1,,,,,,,,,,,1,,,5.72,32,8.20,2.48
DeShawn Williams,2553623,DL,DEN,@KC,1,5,,,,,,,,,,,,1,,,,,33,8.20,
Demarcus Lawrence,2543490,DL,DAL,@NO,1,1,,,,,,,,,,,,2,1,,,6.43,34,8.00,1.57
Julian Okwara,2563947,DL,DET,MIN,1,1,1,1,,,1,,,,,,,,1,,6,4.32,35,7.70,3.38
Dorance Armstrong,2560959,DL,DAL,@NO,4,1,,,,,,,,,,,,,,,,5.61,36,7.60,1.99
Adam Butler,2558924,DL,MIA,NYG,2,,1,1,,,,,,,,,,,1,,,3.31,37,7.40,4.09
Maliek Collins,2555400,DL,HOU,IND,3,1,,1,,,,,,,,,,,,,,3.69,38,7.40,3.71
Bilal Nichols,2560821,DL,CHI,ARI,3,1,,1,,,,,,,,,,,,,,5.38,39,7.40,2.02
Chris Jones,2556369,DL,KC,DEN,,2,,,,,,,,,,,,2,1,,,4.66,40,7.10,2.44
Daron Payne,2560834,DL,WAS,@LV,3,,,1,,,,,,,,,,,1,,,5.59,41,7.10,1.51
Larry Ogunjobi,2557836,DL,CIN,LAC,1,1,1,1,,,,,,,,,,,2,,,,42,7.00,
Christian Covington,2552602,DL,LAC,@CIN,2,,,,,1,,,,,,,,,,,,2.66,43,6.90,4.24
Lawrence Guy,2495481,DL,NE,@BUF,3,1,,,,,1,,,,,,,,,,,4.91,44,6.90,1.99
Melvin Ingram,2532870,DL,KC,DEN,1,2,0.5,1,,,,,,,,,,,2,,,2.30,45,6.80,4.5
Christian Wilkins,2562782,DL,MIA,NYG,2,3,,,,,,,,,,,,,2,,,4.84,46,6.80,1.96
Leonard Williams,2552486,DL,NYG,@MIA,4,,,,,,,,,,,,,,,,,6.73,47,6.80,0.07
Foley Fatukasi,2560722,DL,NYJ,PHI,3,2,,,,,,,,,,,,,,,,4.04,48,6.70,2.66
William Gholston,2540176,DL,TB,@ATL,1,5,,,,,,,,,,,,,2,,,2.51,49,6.70,4.19
Jalyn Holmes,2560744,DL,NO,DAL,1,3,,,,,,,,,,,,1,,,,2.43,50,6.60,4.17
Ed Oliver,2562322,DL,BUF,NE,3,,,1,,,,,,,,,,,,,,3.95,51,6.60,2.65
Daniel Ekuale,2561458,DL,NE,@BUF,1,1,1,1,,,,,,,,,,,1,,,0.71,52,6.50,5.79
Matthew Ioannidis,2555240,DL,WAS,@LV,1,1,1,1,,,,,,,,,,,1,,,2.75,53,6.50,3.75
Calais Campbell,744,DL,BAL,@PIT,2,,1,,,,,,,,,,,,2,,,4.96,54,6.40,1.44
B.J. Hill,2560740,DL,CIN,LAC,1,4,0.5,,,,,,,,,,,,1,,,3.22,55,6.40,3.18
Greg Gaines,2562391,DL,LA,JAX,2,2,,,,,,,,,,,,,2,,,6.93,56,6.00,-0.93
Jordan Phillips,2552492,DL,ARI,@CHI,3,1,,,,,,,,,,,,,,,,3.43,57,5.90,2.47
Darrell Taylor,2565198,DL,SEA,SF,3,1,,,,,,,,,,,,,,,,3.40,58,5.90,2.5
Austin Johnson,2556368,DL,NYG,@MIA,2,3,,,,,,,,,,,,,,,,4.64,59,5.80,1.16
Steven Means,2541310,DL,ATL,TB,2,3,,,,,,,,,,,,,,,,4.21,60,5.80,1.59
Malcolm Koonce,2566262,DL,LV,WAS,1,,1,1,,,,,,,,,,,1,,,2.29,61,5.70,3.41
Grady Jarrett,2552327,DL,ATL,TB,2,2,,,,,,,,,,,,,1,,,5.31,62,5.50,0.19
Solomon Thomas,2558018,DL,LV,WAS,2,2,,,,,,,,,,,,,1,,,3.46,63,5.50,2.04
David Onyemata,2556274,DL,NO,DAL,1,3,,,,,,,,,,,,,2,,,4.42,64,5.10,0.68
Sheldon Richardson,2540142,DL,MIN,@DET,3,,,,,,,,,,,,,,,,,5.07,65,5.10,0.03
Montravius Adams,2557876,DL,PIT,BAL,1,1,,,,,,,,,,,,1,,,,1.73,66,5.00,3.27
Angelo Blackson,2552670,DL,CHI,ARI,2,2,,,,,,,,,,,,,,,,2.72,67,5.00,2.28
Fletcher Cox,2533051,DL,PHI,@NYJ,2,2,,,,,,,,,,,,,,,,4.21,68,5.00,0.79
Boogie Basham,2565863,DL,BUF,NE,2,,,1,,,,,,,,,,,,,,0.00,69,4.90,4.9
Michael Brockers,2533050,DL,DET,MIN,1,4,,,,,,,,,,,,,,,,4.04,70,4.90,0.86
Nathan Shepherd,2560873,DL,NYJ,PHI,2,1,,,,,,,,,,,,,1,,,2.28,71,4.70,2.42
James Smith-Williams,2565291,DL,WAS,@LV,,4,0.5,,,,,,,,,,,,1,,,5.15,72,4.70,-0.45
DeForest Buckner,2555275,DL,IND,@HOU,2,,,,,,,,,,,,,,2,,,6.45,73,4.40,-2.05
Ross Blacklock,2564064,DL,HOU,IND,2,1,,,,,,,,,,,,,,,,2.97,74,4.20,1.23
Dexter Lawrence,2562301,DL,NYG,@MIA,2,1,,,,,,,,,,,,,,,,5.25,75,4.20,-1.05
Javon Hargrave,2555239,DL,PHI,@NYJ,,2,0.5,,,,,,,,,,,,3,,,5.88,76,4.10,-1.78
Alex Okafor,2539319,DL,KC,DEN,,2,,,,,,,,,,,,1,,,,1.85,77,4.10,2.25
Jonathon Cooper,2566028,DL,DEN,@KC,1,1,,1,,,,,,,,,,,,,,3.51,78,4.00,0.49
Adam Gotsis,2555502,DL,JAX,@LA,1,1,,1,,,,,,,,,,,,,,2.51,79,4.00,1.49
Tarron Jackson,2566400,DL,PHI,@NYJ,1,1,,1,,,,,,,,,,,,,,1.55,80,4.00,2.45
Quinton Jefferson,2555358,DL,LV,WAS,2,,,,,,,,,,,,,,1,,,4.52,81,3.90,-0.62
Arden Key,2560779,DL,SF,@SEA,,3,0.5,,,,,,,,,,,,1,,,2.68,82,3.90,1.22
Dante Fowler Jr.,2553431,DL,ATL,TB,2,,,,,,,,,,,,,,,,,4.72,83,3.40,-1.32
Jaleel Johnson,2557845,DL,HOU,IND,2,,,,,,,,,,,,,,,,,2.19,84,3.40,1.21
Michael Pierce,2556650,DL,MIN,@DET,2,,,,,,,,,,,,,,,,,0.00,85,3.40,3.4
Tershawn Wharton,2564310,DL,KC,DEN,2,,,,,,,,,,,,,,,,,1.91,86,3.40,1.49
Genard Avery,2560964,DL,PHI,@NYJ,1,2,,,,,,,,,,,,,,,,3.93,87,3.30,-0.63
Poona Ford,2561195,DL,SEA,SF,1,2,,,,,,,,,,,,,,,,4.14,88,3.30,-0.84
Justin Houston,2495493,DL,BAL,@PIT,,1,,,,,,,,,,,,1,,,,4.88,89,3.30,-1.58
Shamar Stephen,2543706,DL,DEN,@KC,1,2,,,,,,,,,,,,,,,,2.37,90,3.30,0.93
Jonathan Allen,2557844,DL,WAS,@LV,,2,0.5,,,,,,,,,,,,1,,,5.53,91,3.10,-2.43
Cameron Sample,2565959,DL,CIN,LAC,,2,0.5,,,,,,,,,,,,1,,,2.26,92,3.10,0.84
Jonathan Greenard,2564070,DL,HOU,IND,1,1,,,,,,,,,,,,,1,,,5.37,93,3.00,-2.37
Kwity Paye,2565612,DL,IND,@HOU,1,1,,,,,,,,,,,,,1,,,4.33,94,3.00,-1.33
Isaac Rochell,2557860,DL,IND,@HOU,1,1,,,,,,,,,,,,,1,,,1.76,95,3.00,1.24
Derrick Nnadi,2560823,DL,KC,DEN,,3,,,,,,,,,,,,,1,,,3.32,96,2.90,-0.42
Eli Ankou,2559132,DL,BUF,NE,1,1,,,,,,,,,,,,,,,,,97,2.50,
Malcom Brown,2552483,DL,JAX,@LA,1,1,,,,,,,,,,,,,,,,4.63,98,2.50,-2.13
Taven Bryan,2560983,DL,JAX,@LA,1,1,,,,,,,,,,,,,,,,2.22,99,2.50,0.28
Raekwon Davis,2564445,DL,MIA,NYG,1,1,,,,,,,,,,,,,,,,3.03,100,2.50,-0.53
Bruce Hector,2561338,DL,DET,MIN,1,1,,,,,,,,,,,,,,,,1.62,101,2.50,0.88
Benson Mayowa,2542009,DL,SEA,SF,1,1,,,,,,,,,,,,,,,,4.13,102,2.50,-1.63
Henry Mondeaux,2561243,DL,PIT,BAL,1,1,,,,,,,,,,,,,,,,3.34,103,2.50,-0.84
Jason Pierre-Paul,496843,DL,TB,@ATL,1,1,,,,,,,,,,,,,,,,5.97,104,2.50,-3.47
Derek Rivers,2558040,DL,HOU,IND,1,1,,,,,,,,,,,,,,,,1.87,105,2.50,0.63
Zach Sieler,2561129,DL,MIA,NYG,1,1,,,,,,,,,,,,,,,,4.09,106,2.50,-1.59
Jihad Ward,2555248,DL,JAX,@LA,1,1,,,,,,,,,,,,,,,,1.99,107,2.50,0.51
Daniel Wise,2562608,DL,WAS,@LV,1,1,,,,,,,,,,,,,,,,,108,2.50,
Antwaun Woods,2556792,DL,IND,@HOU,1,1,,,,,,,,,,,,,,,,,109,2.50,
Shelby Harris,2549926,DL,DEN,@KC,,3,,,,,,,,,,,,,,,,4.69,110,2.40,-2.29
Rasheem Green,2560998,DL,SEA,SF,1,,,,,,,,,,,,,,1,,,4.73,111,2.20,-2.53
Jerry Tillery,2562763,DL,LAC,@CIN,1,,,,,,,,,,,,,,1,,,5.29,112,2.20,-3.09
Armon Watts,2562773,DL,MIN,@DET,1,,,,,,,,,,,,,,1,,,5.67,113,2.20,-3.47
Michael Danna,2564262,DL,KC,DEN,,2,,,,,,,,,,,,,1,,,2.41,114,2.10,-0.31
Yannick Ngakoue,2555421,DL,LV,WAS,,2,,,,,,,,,,,,,1,,,4.51,115,2.10,-2.41
Joey Bosa,2555249,DL,LAC,@CIN,1,,,,,,,,,,,,,,,,,6.55,116,1.70,-4.85
K'Lavon Chaisson,2564166,DL,JAX,@LA,1,,,,,,,,,,,,,,,,,2.94,117,1.70,-1.24
A.J. Epenesa,2563605,DL,BUF,NE,1,,,,,,,,,,,,,,,,,1.99,118,1.70,-0.29
John Franklin-Myers,2560731,DL,NYJ,PHI,1,,,,,,,,,,,,,,,,,4.21,119,1.70,-2.51
Margus Hunt,2539310,DL,CHI,ARI,1,,,,,,,,,,,,,,,,,2.55,120,1.70,-0.85
Kerry Hyder,2550433,DL,SEA,SF,1,,,,,,,,,,,,,,,,,4.53,121,1.70,-2.83
Zach Kerr,2550575,DL,ARI,@CHI,1,,,,,,,,,,,,,,,,,1.79,122,1.70,-0.09
Ryan Kerrigan,2495190,DL,PHI,@NYJ,1,,,,,,,,,,,,,,,,,1.72,123,1.70,-0.02
Isaiahh Loudermilk,2566457,DL,PIT,BAL,1,,,,,,,,,,,,,,,,,2.21,124,1.70,-0.51
Bryan Mone,2562914,DL,SEA,SF,1,,,,,,,,,,,,,,,,,2.32,125,1.70,-0.62
Adetokunbo Ogundeji,2565827,DL,ATL,TB,1,,,,,,,,,,,,,,,,,3.86,126,1.70,-2.16
Hassan Ridgeway,2555514,DL,PHI,@NYJ,1,,,,,,,,,,,,,,,,,2.40,127,1.70,-0.7
Dalvin Tomlinson,2557846,DL,MIN,@DET,1,,,,,,,,,,,,,,,,,3.45,128,1.70,-1.75
Deatrich Wise,2558000,DL,NE,@BUF,1,,,,,,,,,,,,,,,,,4.86,129,1.70,-3.16
Albert Huggins,2562667,DL,NO,DAL,,2,,,,,,,,,,,,,,,,2.54,130,1.60,-0.94
Justin Madubuike,2563563,DL,BAL,@PIT,,2,,,,,,,,,,,,,,,,5.43,131,1.60,-3.83
Rakeem Nunez-Roches,2552674,DL,TB,@ATL,,2,,,,,,,,,,,,,,,,1.51,132,1.60,0.09
Emmanuel Ogbah,2555278,DL,MIA,NYG,,2,,,,,,,,,,,,,,,,4.61,133,1.60,-3.01
Christian Barmore,2566328,DL,NE,@BUF,,1,,,,,,,,,,,,,1,,,3.39,134,1.30,-2.09
Frank Clark,2552629,DL,KC,DEN,,1,,,,,,,,,,,,,1,,,4.69,135,1.30,-3.39
Carl Granderson,2562273,DL,NO,DAL,,1,,,,,,,,,,,,,1,,,4.30,136,1.30,-3.0
D.J. Reader,2555388,DL,CIN,LAC,,,,,,,,,,,,,,,2,,,4.30,137,1.00,-3.3
Derek Barnett,2557984,DL,PHI,@NYJ,,1,,,,,,,,,,,,,,,,4.29,138,0.80,-3.49
Austin Bryant,2562240,DL,DET,MIN,,1,,,,,,,,,,,,,,,,6.02,139,0.80,-5.22
Tyeler Davison,2552329,DL,ATL,TB,,1,,,,,,,,,,,,,,,,3.70,140,0.80,-2.9
Clelin Ferrell,2562263,DL,LV,WAS,,1,,,,,,,,,,,,,,,,1.87,141,0.80,-1.07
Joe Gaziano,2565036,DL,LAC,@CIN,,1,,,,,,,,,,,,,,,,1.30,142,0.80,-0.5
Jerry Hughes,496796,DL,BUF,NE,,1,,,,,,,,,,,,,,,,2.27,143,0.80,-1.47
Cameron Jordan,2495184,DL,NO,DAL,,1,,,,,,,,,,,,,,,,5.96,144,0.80,-5.16
Aaron Patrick,2565630,DL,DEN,@KC,,1,,,,,,,,,,,,,,,,0.54,145,0.80,0.26
Tim Settle,2560871,DL,WAS,@LV,,1,,,,,,,,,,,,,,,,1.09,146,0.80,-0.29
Damion Square,2540003,DL,LV,WAS,,1,,,,,,,,,,,,,,,,1.98,147,0.80,-1.18
Kentavius Street,2560885,DL,SF,@SEA,,1,,,,,,,,,,,,,,,,1.68,148,0.80,-0.88
Josh Tupou,2559003,DL,CIN,LAC,,1,,,,,,,,,,,,,,,,1.89,149,0.80,-1.09
Shy Tuttle,2563242,DL,NO,DAL,,1,,,,,,,,,,,,,,,,4.14,150,0.80,-3.34
Broderick Washington,2563593,DL,BAL,@PIT,,1,,,,,,,,,,,,,,,,1.70,151,0.80,-0.9
Nick Williams,2541479,DL,DET,MIN,,1,,,,,,,,,,,,,,,,3.34,152,0.80,-2.54
Al Woods,496881,DL,SEA,SF,,1,,,,,,,,,,,,,,,,3.54,153,0.80,-2.74
L.J. Collier,2562248,DL,SEA,SF,,,,,,,,,,,,,,,1,,,1.74,154,0.50,-1.24
Jessie Lemonier,2565057,DL,DET,MIN,,,,,,,,,,,,,,,1,,,0.98,155,0.50,-0.48
Taylor Stallworth,2560882,DL,IND,@HOU,,,,,,,,,,,,,,,1,,,2.66,156,0.50,-2.16
Grover Stewart,2558766,DL,IND,@HOU,,,,,,,,,,,,,,,1,,,4.26,157,0.50,-3.76
Stephen Weatherly,2555529,DL,DEN,@KC,,,,,,,,,,,,,,,1,,,2.26,158,0.50,-1.76
Myles Adams,2563620,DL,SEA,SF,,,,,,,,,,,,,,,,,,0.00,159,0.00,0.0
Mario Addison,2530474,DL,BUF,NE,,,,,,,,,,,,,,,,,,3.06,160,0.00,-3.06
McTelvin Agim,2563872,DL,DEN,@KC,,,,,,,,,,,,,,,,,,3.66,161,0.00,-3.66
Tyson Alualu,496760,DL,PIT,BAL,,,,,,,,,,,,,,,,,,,162,0.00,
Auzoyah Alufohai,2564061,DL,CHI,ARI,,,,,,,,,,,,,,,,,,0.00,163,0.00,0.0
Bradlee Anae,2563821,DL,DAL,@NO,,,,,,,,,,,,,,,,,,0.00,164,0.00,0.0
Abdullah Anderson,2561088,DL,GB,Bye,,,,,,,,,,,,,,,,,,,165,0.00,
Henry Anderson,2552272,DL,NE,@BUF,,,,,,,,,,,,,,,,,,,166,0.00,
Denico Autry,2550646,DL,TEN,Bye,,,,,,,,,,,,,,,,,,,167,0.00,
David Bada,2565526,DL,WAS,@LV,,,,,,,,,,,,,,,,,,0.00,168,0.00,0.0
Allen Bailey,2495116,DL,FA,Bye,,,,,,,,,,,,,,,,,,,169,0.00,
Ben Banogu,2562229,DL,IND,@HOU,,,,,,,,,,,,,,,,,,0.00,170,0.00,0.0
Alex Barrett,2559140,DL,SF,@SEA,,,,,,,,,,,,,,,,,,0.00,171,0.00,0.0
Vic Beasley,2552301,DL,FA,Bye,,,,,,,,,,,,,,,,,,,172,0.00,
Andrew Billings,2555267,DL,MIA,NYG,,,,,,,,,,,,,,,,,,0.00,173,0.00,0.0
Amani Bledsoe,2562859,DL,TEN,Bye,,,,,,,,,,,,,,,,,,,174,0.00,
Will Bradley-King,2566583,DL,WAS,@LV,,,,,,,,,,,,,,,,,,0.00,175,0.00,0.0
Cortez Broughton,2562823,DL,KC,DEN,,,,,,,,,,,,,,,,,,0.00,176,0.00,0.0
Andrew Brown,2560979,DL,LAC,@CIN,,,,,,,,,,,,,,,,,,0.00,177,0.00,0.0
Derrick Brown,2563629,DL,CAR,Bye,,,,,,,,,,,,,,,,,,,178,0.00,
Earnest Brown IV,2566202,DL,LA,JAX,,,,,,,,,,,,,,,,,,0.00,179,0.00,0.0
Brandin Bryant,2556486,DL,BUF,NE,,,,,,,,,,,,,,,,,,0.00,180,0.00,0.0
Isaiah Buggs,2562241,DL,LV,WAS,,,,,,,,,,,,,,,,,,0.00,181,0.00,0.0
Calvin Bundage,2565777,DL,FA,Bye,,,,,,,,,,,,,,,,,,,182,0.00,
Brian Burns,2562242,DL,CAR,Bye,,,,,,,,,,,,,,,,,,,183,0.00,
Vernon Butler,2555243,DL,BUF,NE,,,,,,,,,,,,,,,,,,0.00,184,0.00,0.0
Ron'Dell Carter,2563833,DL,HOU,IND,,,,,,,,,,,,,,,,,,0.00,185,0.00,0.0
Demarcus Christmas,2562246,DL,PIT,BAL,,,,,,,,,,,,,,,,,,0.00,186,0.00,0.0
Kenny Clark,2555282,DL,GB,Bye,,,,,,,,,,,,,,,,,,,187,0.00,
Tyler Clark,2563725,DL,WAS,@LV,,,,,,,,,,,,,,,,,,0.00,188,0.00,0.0
Adrian Clayborn,2495140,DL,FA,Bye,,,,,,,,,,,,,,,,,,,189,0.00,
Kameron Cline,2564109,DL,IND,@HOU,,,,,,,,,,,,,,,,,,0.00,190,0.00,0.0
Jadeveon Clowney,2543456,DL,CLE,Bye,,,,,,,,,,,,,,,,,,,191,0.00,
Trevon Coley,2556504,DL,TEN,Bye,,,,,,,,,,,,,,,,,,,192,0.00,
John Cominsky,2562249,DL,ATL,TB,,,,,,,,,,,,,,,,,,0.00,193,0.00,0.0
Marquise Copeland,2562877,DL,LA,JAX,,,,,,,,,,,,,,,,,,1.98,194,0.00,-1.98
Jashon Cornell,2563929,DL,DET,MIN,,,,,,,,,,,,,,,,,,0.00,195,0.00,0.0
Doug Costin,2564172,DL,JAX,@LA,,,,,,,,,,,,,,,,,,0.00,196,0.00,0.0
Byron Cowart,2562392,DL,NE,@BUF,,,,,,,,,,,,,,,,,,,197,0.00,
Jack Crawford,2532992,DL,ARI,@CHI,,,,,,,,,,,,,,,,,,,198,0.00,
Tyrone Crawford,2532821,DL,FA,Bye,,,,,,,,,,,,,,,,,,,199,0.00,
Vinny Curry,2532825,DL,FA,Bye,,,,,,,,,,,,,,,,,,,200,0.00,
Jalen Dalton,2563120,DL,NO,DAL,,,,,,,,,,,,,,,,,,,201,0.00,
Darrion Daniels,2565096,DL,SF,@SEA,,,,,,,,,,,,,,,,,,0.00,202,0.00,0.0
Marcus Davenport,2561037,DL,NO,DAL,,,,,,,,,,,,,,,,,,0.00,203,0.00,0.0
Carlos Davis,2564976,DL,PIT,BAL,,,,,,,,,,,,,,,,,,0.00,204,0.00,0.0
Khalil Davis,2565210,DL,PIT,BAL,,,,,,,,,,,,,,,,,,0.00,205,0.00,0.0
Sheldon Day,2555241,DL,CLE,Bye,,,,,,,,,,,,,,,,,,,206,0.00,
Matt Dickerson,2561044,DL,ARI,@CHI,,,,,,,,,,,,,,,,,,0.00,207,0.00,0.0
Victor Dimukeje,2566424,DL,ARI,@CHI,,,,,,,,,,,,,,,,,,0.00,208,0.00,0.0
Mario Edwards,2553433,DL,CHI,ARI,,,,,,,,,,,,,,,,,,0.00,209,0.00,0.0
Jordan Elliott,2563779,DL,CLE,Bye,,,,,,,,,,,,,,,,,,,210,0.00,
Justin Ellis,2543812,DL,BAL,@PIT,,,,,,,,,,,,,,,,,,1.81,211,0.00,-1.81
Trey Flowers,2552278,DL,DET,MIN,,,,,,,,,,,,,,,,,,,212,0.00,
Leki Fotu,2564910,DL,ARI,@CHI,,,,,,,,,,,,,,,,,,2.15,213,0.00,-2.15
Morgan Fox,2556529,DL,CAR,Bye,,,,,,,,,,,,,,,,,,,214,0.00,
Neville Gallimore,2563842,DL,DAL,@NO,,,,,,,,,,,,,,,,,,0.00,215,0.00,0.0
Myles Garrett,2557965,DL,CLE,Bye,,,,,,,,,,,,,,,,,,,216,0.00,
Kevin Givens,2562655,DL,SF,@SEA,,,,,,,,,,,,,,,,,,2.31,217,0.00,-2.31
Ryan Glasgow,2557851,DL,FA,Bye,,,,,,,,,,,,,,,,,,,218,0.00,
Chauncey Golston,2566007,DL,DAL,@NO,,,,,,,,,,,,,,,,,,2.53,219,0.00,-2.53
Brandon Graham,496788,DL,PHI,@NYJ,,,,,,,,,,,,,,,,,,,220,0.00,
Randy Gregory,2552446,DL,DAL,@NO,,,,,,,,,,,,,,,,,,0.00,221,0.00,0.0
Everson Griffen,496790,DL,MIN,@DET,,,,,,,,,,,,,,,,,,0.00,222,0.00,0.0
Yetur Gross-Matos,2563641,DL,CAR,Bye,,,,,,,,,,,,,,,,,,,223,0.00,
Porter Gustin,2562276,DL,CLE,Bye,,,,,,,,,,,,,,,,,,,224,0.00,
DaVon Hamilton,2564190,DL,JAX,@LA,,,,,,,,,,,,,,,,,,0.00,225,0.00,0.0
Justin Hamilton,2553531,DL,DEN,@KC,,,,,,,,,,,,,,,,,,1.73,226,0.00,-1.73
Woodrow Hamilton,2556546,DL,NYG,@MIA,,,,,,,,,,,,,,,,,,0.00,227,0.00,0.0
Johnathan Hankins,2540147,DL,LV,WAS,,,,,,,,,,,,,,,,,,3.92,228,0.00,-3.92
Jonathan Harris,2562945,DL,DEN,@KC,,,,,,,,,,,,,,,,,,0.00,229,0.00,0.0
Damon Harrison,2535718,DL,FA,Bye,,,,,,,,,,,,,,,,,,,230,0.00,
Daelin Hayes,2565842,DL,BAL,@PIT,,,,,,,,,,,,,,,,,,,231,0.00,
Marquis Haynes,2561009,DL,CAR,Bye,,,,,,,,,,,,,,,,,,,232,0.00,
Akiem Hicks,2533433,DL,CHI,ARI,,,,,,,,,,,,,,,,,,0.00,233,0.00,0.0
Trysten Hill,2562663,DL,DAL,@NO,,,,,,,,,,,,,,,,,,0.00,234,0.00,0.0
Braxton Hoyett,2563244,DL,NO,DAL,,,,,,,,,,,,,,,,,,0.00,235,0.00,0.0
Wyatt Hubert,2565950,DL,CIN,LAC,,,,,,,,,,,,,,,,,,0.00,236,0.00,0.0
Bryce Huff,2565510,DL,NYJ,PHI,,,,,,,,,,,,,,,,,,,237,0.00,
Danielle Hunter,2552603,DL,MIN,@DET,,,,,,,,,,,,,,,,,,,238,0.00,
Maurice Hurst,2560748,DL,SF,@SEA,,,,,,,,,,,,,,,,,,0.00,239,0.00,0.0
David Irving,2553805,DL,FA,Bye,,,,,,,,,,,,,,,,,,,240,0.00,
Joe Jackson,2562432,DL,CLE,Bye,,,,,,,,,,,,,,,,,,,241,0.00,
Malik Jackson,2532873,DL,CLE,Bye,,,,,,,,,,,,,,,,,,,242,0.00,
John Jenkins,2539231,DL,MIA,NYG,,,,,,,,,,,,,,,,,,0.00,243,0.00,0.0
Darryl Johnson,2562672,DL,CAR,Bye,,,,,,,,,,,,,,,,,,,244,0.00,
P.J. Johnson,2562923,DL,LV,WAS,,,,,,,,,,,,,,,,,,0.00,245,0.00,0.0
Patrick Johnson,2566403,DL,PHI,@NYJ,,,,,,,,,,,,,,,,,,0.73,246,0.00,-0.73
Benito Jones,2564466,DL,MIA,NYG,,,,,,,,,,,,,,,,,,0.00,247,0.00,0.0
DaQuan Jones,2543504,DL,CAR,Bye,,,,,,,,,,,,,,,,,,,248,0.00,
Patrick Jones II,2566307,DL,MIN,@DET,,,,,,,,,,,,,,,,,,1.97,249,0.00,-1.97
Dion Jordan,2539288,DL,FA,Bye,,,,,,,,,,,,,,,,,,,250,0.00,
Linval Joseph,496802,DL,LAC,@CIN,,,,,,,,,,,,,,,,,,0.00,251,0.00,0.0
Sebastian Joseph-Day,2561079,DL,LA,JAX,,,,,,,,,,,,,,,,,,,252,0.00,
Joshua Kaindoh,2566184,DL,KC,DEN,,,,,,,,,,,,,,,,,,0.00,253,0.00,0.0
Khalid Kareem,2563734,DL,CIN,LAC,,,,,,,,,,,,,,,,,,0.00,254,0.00,0.0
Kingsley Keke,2562300,DL,GB,Bye,,,,,,,,,,,,,,,,,,,255,0.00,
Javon Kinlaw,2565117,DL,SF,@SEA,,,,,,,,,,,,,,,,,,,256,0.00,
Tanoh Kpassagnon,2558185,DL,NO,DAL,,,,,,,,,,,,,,,,,,,257,0.00,
Niko Lalos,2564745,DL,NYG,@MIA,,,,,,,,,,,,,,,,,,0.00,258,0.00,0.0
Tyler Lancaster,2561227,DL,GB,Bye,,,,,,,,,,,,,,,,,,,259,0.00,
Austin Larkin,2561518,DL,CAR,Bye,,,,,,,,,,,,,,,,,,,260,0.00,
Devaroe Lawrence,2559079,DL,FA,Bye,,,,,,,,,,,,,,,,,,,261,0.00,
Rashard Lawrence,2564922,DL,ARI,@CHI,,,,,,,,,,,,,,,,,,2.18,262,0.00,-2.18
Carl Lawson,2557901,DL,NYJ,PHI,,,,,,,,,,,,,,,,,,,263,0.00,
Jeremiah Ledbetter,2558124,DL,JAX,@LA,,,,,,,,,,,,,,,,,,0.00,264,0.00,0.0
Tyquan Lewis,2560791,DL,IND,@HOU,,,,,,,,,,,,,,,,,,,265,0.00,
Star Lotulelei,2539329,DL,BUF,NE,,,,,,,,,,,,,,,,,,3.22,266,0.00,-3.22
Dean Lowry,2555274,DL,GB,Bye,,,,,,,,,,,,,,,,,,,267,0.00,
James Lynch,2564565,DL,MIN,@DET,,,,,,,,,,,,,,,,,,2.75,268,0.00,-2.75
Daylon Mack,2562308,DL,FA,Bye,,,,,,,,,,,,,,,,,,,269,0.00,
Isaiah Mack,2563245,DL,BAL,@PIT,,,,,,,,,,,,,,,,,,0.00,270,0.00,0.0
Hercules Mata'afa,2560799,DL,FA,Bye,,,,,,,,,,,,,,,,,,,271,0.00,
Dan McCullers,2550154,DL,FA,Bye,,,,,,,,,,,,,,,,,,,272,0.00,
T.Y. McGill,2553911,DL,MIN,@DET,,,,,,,,,,,,,,,,,,0.00,273,0.00,0.0
R.J. McIntosh,2560806,DL,GB,Bye,,,,,,,,,,,,,,,,,,,274,0.00,
Kahlil McKenzie,2560807,DL,BAL,@PIT,,,,,,,,,,,,,,,,,,0.00,275,0.00,0.0
Steve McLendon,2507590,DL,TB,@ATL,,,,,,,,,,,,,,,,,,0.00,276,0.00,0.0
David Moa,2564571,DL,NYG,@MIA,,,,,,,,,,,,,,,,,,0.00,277,0.00,0.0
Damontre Moore,2540138,DL,CAR,Bye,,,,,,,,,,,,,,,,,,,278,0.00,
Larrell Murchison,2564055,DL,TEN,Bye,,,,,,,,,,,,,,,,,,,279,0.00,
Trent Murphy,2543503,DL,FA,Bye,,,,,,,,,,,,,,,,,,,280,0.00,
Bill Murray,2564625,DL,NE,@BUF,,,,,,,,,,,,,,,,,,0.00,281,0.00,0.0
Carl Nassib,2555270,DL,LV,WAS,,,,,,,,,,,,,,,,,,0.00,282,0.00,0.0
Robert Nkemdiche,2555336,DL,SEA,SF,,,,,,,,,,,,,,,,,,0.00,283,0.00,0.0
Pat O'Connor,2558863,DL,TB,@ATL,,,,,,,,,,,,,,,,,,,284,0.00,
Efe Obada,2553310,DL,BUF,NE,,,,,,,,,,,,,,,,,,0.00,285,0.00,0.0
Ifeadi Odenigbo,2558278,DL,CLE,Bye,,,,,,,,,,,,,,,,,,,286,0.00,
Dayo Odeyingbo,2565609,DL,IND,@HOU,,,,,,,,,,,,,,,,,,2.38,287,0.00,-2.38
Romeo Okwara,2556641,DL,DET,MIN,,,,,,,,,,,,,,,,,,,288,0.00,
Charles Omenihu,2562324,DL,SF,@SEA,,,,,,,,,,,,,,,,,,2.39,289,0.00,-2.39
Walter Palmore,2563229,DL,FA,Bye,,,,,,,,,,,,,,,,,,,290,0.00,
David Parry,2552438,DL,FA,Bye,,,,,,,,,,,,,,,,,,,291,0.00,
Domata Peko Sr.,2506925,DL,FA,Bye,,,,,,,,,,,,,,,,,,,292,0.00,
John Penisini,2563950,DL,DET,MIN,,,,,,,,,,,,,,,,,,0.00,293,0.00,0.0
Mike Pennel,2550242,DL,ATL,TB,,,,,,,,,,,,,,,,,,0.00,294,0.00,0.0
Ronnie Perkins,2566340,DL,NE,@BUF,,,,,,,,,,,,,,,,,,,295,0.00,
Darius Philon,2552676,DL,LV,WAS,,,,,,,,,,,,,,,,,,,296,0.00,
Willington Previlon,2564016,DL,TB,@ATL,,,,,,,,,,,,,,,,,,0.00,297,0.00,0.0
Durval Queiroz,2562867,DL,MIA,NYG,,,,,,,,,,,,,,,,,,0.00,298,0.00,0.0
Sheldon Rankins,2555242,DL,NYJ,PHI,,,,,,,,,,,,,,,,,,0.00,299,0.00,0.0
Wyatt Ray,2562709,DL,CIN,LAC,,,,,,,,,,,,,,,,,,2.53,300,0.00,-2.53
Caraun Reid,2543748,DL,LAC,@CIN,,,,,,,,,,,,,,,,,,0.00,301,0.00,0.0
Sam Renner,2564391,DL,FA,Bye,,,,,,,,,,,,,,,,,,,302,0.00,
Malcolm Roach,2564688,DL,NO,DAL,,,,,,,,,,,,,,,,,,0.00,303,0.00,0.0
Max Roberts,2566238,DL,FA,Bye,,,,,,,,,,,,,,,,,,,304,0.00,
Alton Robinson,2565186,DL,SEA,SF,,,,,,,,,,,,,,,,,,2.41,305,0.00,-2.41
Janarius Robinson,2566316,DL,MIN,@DET,,,,,,,,,,,,,,,,,,,306,0.00,
Daniel Ross,2559240,DL,FA,Bye,,,,,,,,,,,,,,,,,,,307,0.00,
Bravvion Roy,2563677,DL,CAR,Bye,,,,,,,,,,,,,,,,,,,308,0.00,
Anthony Rush,2563200,DL,ATL,TB,,,,,,,,,,,,,,,,,,2.43,309,0.00,-2.43
Khalen Saunders,2562723,DL,KC,DEN,,,,,,,,,,,,,,,,,,,310,0.00,
Deadrin Senat,2560869,DL,FA,Bye,,,,,,,,,,,,,,,,,,,311,0.00,
Jabaal Sheard,2495228,DL,FA,Bye,,,,,,,,,,,,,,,,,,,312,0.00,
Danny Shelton,2552325,DL,NYG,@MIA,,,,,,,,,,,,,,,,,,2.14,313,0.00,-2.14
Jeffery Simmons,2562733,DL,TEN,Bye,,,,,,,,,,,,,,,,,,,314,0.00,
John Simon,2539280,DL,PIT,BAL,,,,,,,,,,,,,,,,,,0.00,315,0.00,0.0
Deyon Sizer,2563254,DL,FA,Bye,,,,,,,,,,,,,,,,,,,316,0.00,
Chris Slayton,2562735,DL,SF,@SEA,,,,,,,,,,,,,,,,,,0.00,317,0.00,0.0
Tanzel Smart,2558199,DL,NYJ,PHI,,,,,,,,,,,,,,,,,,0.00,318,0.00,0.0
Aldon Smith,2495487,DL,FA,Bye,,,,,,,,,,,,,,,,,,,319,0.00,
Chris Smith,2543692,DL,HOU,IND,,,,,,,,,,,,,,,,,,1.58,320,0.00,-1.58
Elerson G. Smith,2566373,DL,NYG,@MIA,,,,,,,,,,,,,,,,,,,321,0.00,
Akeem Spence,2540201,DL,DEN,@KC,,,,,,,,,,,,,,,,,,0.00,322,0.00,0.0
Marquiss Spencer,2566037,DL,DEN,@KC,,,,,,,,,,,,,,,,,,0.00,323,0.00,0.0
Kevin Strong,2563197,DL,TEN,Bye,,,,,,,,,,,,,,,,,,,324,0.00,
Jason Strowbridge,2564496,DL,FA,Bye,,,,,,,,,,,,,,,,,,,325,0.00,
Montez Sweat,2562749,DL,WAS,@LV,,,,,,,,,,,,,,,,,,0.00,326,0.00,0.0
Jullian Taylor,2561078,DL,FA,Bye,,,,,,,,,,,,,,,,,,,327,0.00,
Vincent Taylor,2558017,DL,HOU,IND,,,,,,,,,,,,,,,,,,,328,0.00,
Shaka Toney,2566607,DL,WAS,@LV,,,,,,,,,,,,,,,,,,1.53,329,0.00,-1.53
Casey Toohill,2564868,DL,WAS,@LV,,,,,,,,,,,,,,,,,,4.61,330,0.00,-4.61
Jacob Tuioti-Mariner,2561282,DL,CAR,Bye,,,,,,,,,,,,,,,,,,,331,0.00,
Stephon Tuitt,2543483,DL,PIT,BAL,,,,,,,,,,,,,,,,,,,332,0.00,
Payton Turner,2566355,DL,NO,DAL,,,,,,,,,,,,,,,,,,,333,0.00,
Brent Urban,2543765,DL,DAL,@NO,,,,,,,,,,,,,,,,,,,334,0.00,
Kendal Vickers,2561416,DL,LV,WAS,,,,,,,,,,,,,,,,,,0.00,335,0.00,0.0
DeMarcus Walker,2557894,DL,HOU,IND,,,,,,,,,,,,,,,,,,0.00,336,0.00,0.0
Tim Ward,2562939,DL,NYJ,PHI,,,,,,,,,,,,,,,,,,0.00,337,0.00,0.0
J.J. Watt,2495488,DL,ARI,@CHI,,,,,,,,,,,,,,,,,,0.00,338,0.00,0.0
Rashad Weaver,2566124,DL,TEN,Bye,,,,,,,,,,,,,,,,,,,339,0.00,
Chris Williams,2564154,DL,IND,@HOU,,,,,,,,,,,,,,,,,,0.00,340,0.00,0.0
Milton Williams,2566418,DL,PHI,@NYJ,,,,,,,,,,,,,,,,,,2.67,341,0.00,-2.67
Raequan Williams,2564883,DL,PHI,@NYJ,,,,,,,,,,,,,,,,,,0.00,342,0.00,0.0
Sylvester Williams,2539270,DL,FA,Bye,,,,,,,,,,,,,,,,,,,343,0.00,
Xavier Williams,2553764,DL,FA,Bye,,,,,,,,,,,,,,,,,,,344,0.00,
Rob Windsor,2564157,DL,IND,@HOU,,,,,,,,,,,,,,,,,,,345,0.00,
Chase Winovich,2562607,DL,NE,@BUF,,,,,,,,,,,,,,,,,,1.02,346,0.00,-1.02
Derek Wolfe,2533026,DL,BAL,@PIT,,,,,,,,,,,,,,,,,,,347,0.00,
Renell Wren,2562612,DL,CIN,LAC,,,,,,,,,,,,,,,,,,0.00,348,0.00,0.0
Chase Young,2565294,DL,WAS,@LV,,,,,,,,,,,,,,,,,,,349,0.00,
Justin Zimmer,2556716,DL,BUF,NE,,,,,,,,,,,,,,,,,,,350,0.00,
