PlayerName,PlayerId,Pos,Team,PlayerOpponent,PassingYDS,PassingTD,PassingInt,RushingYDS,RushingTD,ReceivingRec,ReceivingYDS,ReceivingTD,RetTD,FumTD,2PT,Fum,PlayerWeekProjectedPts,Rank,TotalPoints,ProjectionDiff
David Montgomery,2562502,RB,CHI,ARI,,,,90,1,8,51,,,,,,13.55,1,25.90,12.35
Javonte Williams,2566049,RB,DEN,@KC,,,,102,,6,76,1,,,,1,16.51,2,25.80,9.29
Jonathan Taylor,2564148,RB,IND,@HOU,,,,143,2,,,,,,,1,19.44,3,24.30,4.86
Sony Michel,2560809,RB,LA,JAX,,,,121,1,3,8,,,,,,12.67,4,20.40,7.73
Alexander Mattison,2562682,RB,MIN,@DET,,,,90,1,3,34,,,,,,15.48,5,19.90,4.42
Antonio Gibson,2565276,RB,WAS,@LV,,,,88,,5,23,1,,,,,13.11,6,19.60,6.49
Josh Jacobs,2562377,RB,LV,WAS,,,,52,1,9,38,,,,,,11.26,7,19.50,8.24
Leonard Fournette,2557973,RB,TB,@ATL,,,,44,,7,48,1,,,,,,8,18.70,
Devonta Freeman,2543583,RB,BAL,@PIT,,,,52,1,5,45,,,,,,10.99,9,18.20,7.21
James Conner,2557978,RB,ARI,@CHI,,,,75,,2,36,1,,,,,13.91,10,18.10,4.19
Damien Harris,2562281,RB,NE,@BUF,,,,111,1,,,,,,,,10.20,11,18.10,7.9
Travis Homer,2562665,RB,SEA,SF,,,,80,1,4,10,,,,,,2.95,12,18.00,15.05
Kenneth Gainwell,2566397,RB,PHI,@NYJ,,,,54,1,5,33,,,,,,6.87,13,17.20,10.33
Elijah Mitchell,2566538,RB,SF,@SEA,,,,66,1,3,18,,,,,,12.91,14,15.90,2.99
Miles Sanders,2562722,RB,PHI,@NYJ,,,,120,,3,22,,,,,,12.33,15,15.70,3.37
Mike Davis,2553439,RB,ATL,TB,,,,32,1,4,37,,,,,,6.43,16,14.90,8.47
Austin Ekeler,2559169,RB,LAC,@CIN,,,,59,1,5,45,,,,,2,15.32,17,14.90,-0.42
Tony Pollard,2562699,RB,DAL,@NO,,,,71,1,2,3,,,,,,9.99,18,14.40,4.41
Najee Harris,2566448,RB,PIT,BAL,,,,71,,5,36,,,,,,14.00,19,13.20,-0.8
Cordarrelle Patterson,2540145,RB,ATL,TB,,,,78,,3,18,,,,,,15.32,20,12.10,-3.22
Darrel Williams,2560935,RB,KC,DEN,,,,20,,3,60,,,,,,7.87,21,11.20,3.33
Saquon Barkley,2560968,RB,NYG,@MIA,,,,55,,6,19,,,,,,13.01,22,10.40,-2.61
Clyde Edwards-Helaire,2564271,RB,KC,DEN,,,,54,,3,28,,,,,,10.37,23,9.70,-0.67
Joe Mixon,2557976,RB,CIN,LAC,,,,54,1,,,,,,,1,16.21,24,9.40,-6.81
Tevin Coleman,2552453,RB,NYJ,PHI,,,,58,,3,19,,,,,,8.49,25,9.20,0.71
Deon Jackson,2565603,RB,IND,@HOU,,,,19,1,,,,,,,,1.29,26,7.90,6.61
Rhamondre Stevenson,2566343,RB,NE,@BUF,,,,78,,,,,,,,,8.85,27,7.80,-1.05
Brandon Bolden,2532797,RB,NE,@BUF,,,,28,,1,7,,,,1,,4.81,28,7.70,2.89
Mike Boone,2561099,RB,DEN,@KC,,,,35,,1,19,,,,,,1.58,29,7.60,6.02
Devontae Booker,2555223,RB,NYG,@MIA,,,,36,,4,18,,,,,,5.75,30,7.40,1.65
Nyheim Hines,2560742,RB,IND,@HOU,,,,24,,3,32,,,,,,6.50,31,7.10,0.6
Carlos Hyde,2543743,RB,JAX,@LA,,,,24,1,1,-1,,,,,1,,32,6.80,
Rashaad Penny,2560835,RB,SEA,SF,,,,35,,1,27,,,,,,3.55,33,6.70,3.15
Jamaal Williams,2558204,RB,DET,MIN,,,,71,,1,9,,,,,1,13.54,34,6.50,-7.04
Nick Bellore,2495262,RB,SEA,SF,,,,,,,,,,,,,0.36,35,6.00,5.64
Myles Gaskin,2562270,RB,MIA,NYG,,,,44,,2,5,,,,,,11.68,36,5.90,-5.78
Ty Montgomery,2552429,RB,NO,DAL,,,,21,,4,9,,,,,,3.65,37,5.80,2.15
Ezekiel Elliott,2555224,RB,DAL,@NO,,,,45,,2,2,,,,,,13.29,38,5.70,-7.59
Adrian Peterson,2507164,RB,SEA,SF,,,,16,1,,,,,,,1,,39,5.60,
Samaje Perine,2558138,RB,CIN,LAC,,,,36,,2,5,,,,,,3.38,40,5.10,1.72
Rex Burkhead,2539265,RB,HOU,IND,,,,30,,1,15,,,,,,11.20,41,5.00,-6.2
Latavius Murray,2541161,RB,BAL,@PIT,,,,1,,2,34,,,,,,4.26,42,4.50,0.24
Zack Moss,2563617,RB,BUF,NE,,,,21,,2,12,,,,,,6.35,43,4.30,-2.05
Kyle Juszczyk,2540230,RB,SF,@SEA,,,,,,2,21,,,,,,3.54,44,3.90,0.36
Devin Singletary,2562734,RB,BUF,NE,,,,36,,,,,,,,,8.49,45,3.60,-4.89
Wendell Smallwood,2555461,RB,WAS,@LV,,,,13,,2,12,,,,,,2.01,46,3.50,1.49
Godwin Igwebuike,2560749,RB,DET,MIN,,,,8,,1,13,,,,,,4.49,47,3.40,-1.09
Khalil Herbert,2565926,RB,CHI,ARI,,,,16,,1,11,,,,,,3.49,48,3.20,-0.29
Mark Ingram,2495466,RB,NO,DAL,,,,28,,1,-2,,,,,,13.73,49,3.10,-10.63
Justin Jackson,2560756,RB,LAC,@CIN,,,,15,,2,6,,,,,,1.47,50,3.10,1.63
Qadree Ollison,2562797,RB,ATL,TB,,,,7,,1,8,,,,,,3.41,51,2.80,-0.61
Royce Freeman,2560733,RB,HOU,IND,,,,10,,1,11,,,,,,2.68,52,2.60,-0.08
Ty Johnson,2562293,RB,NYJ,PHI,,,,1,,2,14,,,,,,7.75,53,2.50,-5.25
C.J. Ham,2556803,RB,MIN,@DET,,,,,,1,19,,,,,,1.60,54,2.40,0.8
Salvon Ahmed,2565090,RB,MIA,NYG,,,,23,,,,,,,,,3.36,55,2.30,-1.06
Austin Walter,2563138,RB,NYJ,PHI,,,,2,,2,9,,,,,,3.03,56,2.10,-0.93
Michael Burton,2552636,RB,KC,DEN,,,,3,,,,,,,,,0.42,57,2.00,1.58
James Robinson,2564223,RB,JAX,@LA,,,,24,,1,11,,,,,1,,58,2.00,
Eno Benjamin,2564889,RB,ARI,@CHI,,,,1,,1,12,,,,,,3.83,59,1.80,-2.03
Jermar Jefferson,2566058,RB,DET,MIN,,,,18,,,,,,,,,4.74,60,1.80,-2.94
Jason Cabinda,2560986,RB,DET,MIN,,,,,,,,,,,,,0.40,61,1.70,1.3
Corey Clement,2559150,RB,DAL,@NO,,,,,,,,,,,,,1.41,62,1.70,0.29
JaMycal Hasty,2565108,RB,SF,@SEA,,,,,,,,,,,,,4.18,63,1.70,-2.48
Dare Ogunbowale,2559362,RB,JAX,@LA,,,,,,,,,,,,,0.98,64,1.70,0.72
Dwayne Washington,2556118,RB,NO,DAL,,,,,,,,,,,,,1.59,65,1.70,0.11
Giovani Bernard,2540156,RB,TB,@ATL,,,,3,,1,7,,,,,,2.80,66,1.50,-1.3
Keith Smith,2550400,RB,ATL,TB,,,,,,1,2,,,,,,1.18,67,1.50,0.32
Kene Nwangwu,2566313,RB,MIN,@DET,,,,,,2,4,,,,,,2.75,68,1.40,-1.35
Patrick Ricard,2558990,RB,BAL,@PIT,,,,,,1,9,,,,,,,69,1.40,
Matt Breida,2558918,RB,BUF,NE,,,,3,,1,5,,,,,,4.68,70,1.30,-3.38
Kenyan Drake,2555230,RB,LV,WAS,,,,,,1,8,,,,,,,71,1.30,
Benny Snell,2562743,RB,PIT,BAL,,,,13,,,,,,,,,1.37,72,1.30,-0.07
Derek Watt,2555220,RB,PIT,BAL,,,,,,,,,,,,,0.52,73,0.80,0.28
Trayveon Williams,2562600,RB,CIN,LAC,,,,,,,,,,,,,2.34,74,0.80,-1.54
Peyton Barber,2556466,RB,LV,WAS,,,,,,1,2,,,,,,4.15,75,0.70,-3.45
Ronald Jones,2560770,RB,TB,@ATL,,,,2,,1,,,,,,,5.16,76,0.70,-4.46
Mekhi Sargent,2566962,RB,JAX,@LA,,,,5,,,,,,,,,2.66,77,0.50,-2.16
Jaret Patterson,2567160,RB,WAS,@LV,,,,2,,,,,,,,,3.74,78,0.20,-3.54
Jaylen Samuels,2560862,RB,HOU,IND,,,,2,,,,,,,,,2.70,79,0.20,-2.5
Ameer Abdullah,2552374,RB,CAR,Bye,,,,,,,,,,,,,,80,0.00,
Josh Adams,2560949,RB,FA,Bye,,,,,,,,,,,,,,81,0.00,
Cam Akers,2564319,RB,LA,JAX,,,,,,,,,,,,,0.00,82,0.00,0.0
Darius Anderson,2563824,RB,HOU,IND,,,,,,,,,,,,,0.00,83,0.00,0.0
Alex Armah,2558833,RB,WAS,@LV,,,,,,,,,,,,,0.00,84,0.00,0.0
Ryquell Armstead,2562622,RB,JAX,@LA,,,,,,,,,,,,,0.00,85,0.00,0.0
Kalen Ballage,2560967,RB,PIT,BAL,,,,,,,,,,,,,1.80,86,0.00,-1.8
Jake Bargas,2564508,RB,MIN,@DET,,,,,,,,,,,,,0.28,87,0.00,-0.28
Nick Bawden,2560972,RB,NYJ,PHI,,,,,,,,,,,,,0.49,88,0.00,-0.49
Le'Veon Bell,2540175,RB,TB,@ATL,,,,,,,,,,,,,0.00,89,0.00,0.0
Levante Bellamy,2563878,RB,FA,Bye,,,,,,,,,,,,,,90,0.00,
Khari Blasingame,2562869,RB,TEN,Bye,,,,,,,,,,,,,,91,0.00,
Reggie Bonnafon,2561184,RB,CAR,Bye,,,,,,,,,,,,,,92,0.00,
Darius Bradwell,2565015,RB,LAC,@CIN,,,,,,,,,,,,,0.78,93,0.00,-0.78
Gary Brightwell,2566364,RB,NYG,@MIA,,,,,,,,,,,,,,94,0.00,
Tony Brooks-James,2563300,RB,FA,Bye,,,,,,,,,,,,,,95,0.00,
Malcolm Brown,2552382,RB,MIA,NYG,,,,,,,,,,,,,,96,0.00,
Spencer Brown,2565558,RB,CAR,Bye,,,,,,,,,,,,,,97,0.00,
Raymond Calais,2565207,RB,LA,JAX,,,,,,,,,,,,,,98,0.00,
Trenton Cannon,2561137,RB,SF,@SEA,,,,,,,,,,,,,,99,0.00,
Patrick Carr,2565138,RB,FA,Bye,,,,,,,,,,,,,,100,0.00,
Chris Carson,2558865,RB,SEA,SF,,,,,,,,,,,,,,101,0.00,
Michael Carter,2566382,RB,NYJ,PHI,,,,,,,,,,,,,0.00,102,0.00,0.0
Nick Chubb,2561021,RB,CLE,Bye,,,,,,,,,,,,,,103,0.00,
Jordan Chunn,2561308,RB,FA,Bye,,,,,,,,,,,,,,104,0.00,
Darius Clark,2565561,RB,FA,Bye,,,,,,,,,,,,,,105,0.00,
Tarik Cohen,2558250,RB,CHI,ARI,,,,,,,,,,,,,,106,0.00,
Alex Collins,2555430,RB,SEA,SF,,,,,,,,,,,,,,107,0.00,
Dalvin Cook,2557991,RB,MIN,@DET,,,,,,,,,,,,,0.00,108,0.00,0.0
Nathan Cottrell,2564175,RB,JAX,@LA,,,,,,,,,,,,,0.00,109,0.00,0.0
Damarea Crockett,2563223,RB,DEN,@KC,,,,,,,,,,,,,1.35,110,0.00,-1.35
DeeJay Dallas,2565144,RB,SEA,SF,,,,,,,,,,,,,4.51,111,0.00,-4.51
Mikey Daniel,2563476,RB,FA,Bye,,,,,,,,,,,,,,112,0.00,
Matt Dayes,2557987,RB,FA,Bye,,,,,,,,,,,,,,113,0.00,
A.J. Dillon,2563986,RB,GB,Bye,,,,,,,,,,,,,,114,0.00,
Gerrid Doaks,2566277,RB,MIA,NYG,,,,,,,,,,,,,0.00,115,0.00,0.0
J.K. Dobbins,2563548,RB,BAL,@PIT,,,,,,,,,,,,,,116,0.00,
Rico Dowdle,2565295,RB,DAL,@NO,,,,,,,,,,,,,,117,0.00,
Chase Edmonds,2560711,RB,ARI,@CHI,,,,,,,,,,,,,0.00,118,0.00,0.0
Trey Edmunds,2559325,RB,PIT,BAL,,,,,,,,,,,,,0.00,119,0.00,0.0
Gus Edwards,2561324,RB,BAL,@PIT,,,,,,,,,,,,,,120,0.00,
Travis Etienne,2566157,RB,JAX,@LA,,,,,,,,,,,,,,121,0.00,
Chris Evans,2565944,RB,CIN,LAC,,,,,,,,,,,,,0.00,122,0.00,0.0
Darrynton Evans,2564043,RB,TEN,Bye,,,,,,,,,,,,,,123,0.00,
Tavien Feaster,2564187,RB,ARI,@CHI,,,,,,,,,,,,,1.36,124,0.00,-1.36
Demetric Felton,2565968,RB,CLE,Bye,,,,,,,,,,,,,,125,0.00,
D'Onta Foreman,2557994,RB,TEN,Bye,,,,,,,,,,,,,,126,0.00,
D.J. Foster,2556528,RB,FA,Bye,,,,,,,,,,,,,,127,0.00,
Jake Funk,2566208,RB,LA,JAX,,,,,,,,,,,,,0.00,128,0.00,0.0
Tyler Gaffney,2543655,RB,FA,Bye,,,,,,,,,,,,,,129,0.00,
Wayne Gallman,2557952,RB,MIN,@DET,,,,,,,,,,,,,0.00,130,0.00,0.0
Cullen Gillaspia,2562906,RB,NYG,@MIA,,,,,,,,,,,,,0.00,131,0.00,0.0
Melvin Gordon,2552469,RB,DEN,@KC,,,,,,,,,,,,,0.00,132,0.00,0.0
Derrick Gore,2563347,RB,KC,DEN,,,,,,,,,,,,,3.46,133,0.00,-3.46
Garrett Groshek,2565645,RB,FA,Bye,,,,,,,,,,,,,,134,0.00,
Pete Guerrerio,2565539,RB,FA,Bye,,,,,,,,,,,,,,135,0.00,
Todd Gurley,2552475,RB,FA,Bye,,,,,,,,,,,,,,136,0.00,
Javian Hawkins,2566689,RB,LA,JAX,,,,,,,,,,,,,0.00,137,0.00,0.0
Darrell Henderson,2562574,RB,LA,JAX,,,,,,,,,,,,,,138,0.00,
Derrick Henry,2556075,RB,TEN,Bye,,,,,,,,,,,,,,139,0.00,
Brian Hill,2558112,RB,SF,@SEA,,,,,,,,,,,,,0.00,140,0.00,0.0
Justice Hill,2562407,RB,BAL,@PIT,,,,,,,,,,,,,,141,0.00,
Kylin Hill,2566076,RB,GB,Bye,,,,,,,,,,,,,,142,0.00,
Dontrell Hilliard,2561461,RB,TEN,Bye,,,,,,,,,,,,,,143,0.00,
Josh Hokit,2565111,RB,SF,@SEA,,,,,,,,,,,,,0.00,144,0.00,0.0
Elijah Holyfield,2562664,RB,CIN,LAC,,,,,,,,,,,,,0.00,145,0.00,0.0
Jordan Howard,2555418,RB,PHI,@NYJ,,,,,,,,,,,,,0.00,146,0.00,0.0
Buddy Howell,2561344,RB,LA,JAX,,,,,,,,,,,,,0.00,147,0.00,0.0
Chuba Hubbard,2565899,RB,CAR,Bye,,,,,,,,,,,,,,148,0.00,
Kareem Hunt,2557917,RB,CLE,Bye,,,,,,,,,,,,,,149,0.00,
Caleb Huntley,2566692,RB,ATL,TB,,,,,,,,,,,,,0.00,150,0.00,0.0
Jason Huntley,2563938,RB,PHI,@NYJ,,,,,,,,,,,,,0.00,151,0.00,0.0
Alec Ingold,2562288,RB,LV,WAS,,,,,,,,,,,,,,152,0.00,
Andy Janovich,2555432,RB,CLE,Bye,,,,,,,,,,,,,,153,0.00,
D'Ernest Johnson,2563327,RB,CLE,Bye,,,,,,,,,,,,,,154,0.00,
David Johnson,2553435,RB,HOU,IND,,,,,,,,,,,,,0.00,155,0.00,0.0
Duke Johnson,2552461,RB,MIA,NYG,,,,,,,,,,,,,4.91,156,0.00,-4.91
Jakob Johnson,2562890,RB,NE,@BUF,,,,,,,,,,,,,0.22,157,0.00,-0.22
Kerryon Johnson,2560765,RB,PHI,@NYJ,,,,,,,,,,,,,0.00,158,0.00,0.0
Aaron Jones,2558116,RB,GB,Bye,,,,,,,,,,,,,,159,0.00,
Taiwan Jones,2495467,RB,BUF,NE,,,,,,,,,,,,,0.91,160,0.00,-0.91
Tony Jones,2564679,RB,NO,DAL,,,,,,,,,,,,,0.00,161,0.00,0.0
Xavier Jones,2564364,RB,LA,JAX,,,,,,,,,,,,,,162,0.00,
Alvin Kamara,2558019,RB,NO,DAL,,,,,,,,,,,,,0.00,163,0.00,0.0
Joshua Kelley,2565054,RB,LAC,@CIN,,,,,,,,,,,,,1.91,164,0.00,-1.91
John Kelly,2560777,RB,CLE,Bye,,,,,,,,,,,,,,165,0.00,
Adrian Killins Jr.,2564841,RB,DEN,@KC,,,,,,,,,,,,,,166,0.00,
Patrick Laird,2563296,RB,MIA,NYG,,,,,,,,,,,,,,167,0.00,
Benny LeMay,2563794,RB,CLE,Bye,,,,,,,,,,,,,,168,0.00,
Dion Lewis,2495469,RB,FA,Bye,,,,,,,,,,,,,,169,0.00,
Phillip Lindsay,2559947,RB,MIA,NYG,,,,,,,,,,,,,0.00,170,0.00,0.0
Marlon Mack,2558123,RB,IND,@HOU,,,,,,,,,,,,,0.00,171,0.00,0.0
Ben Mason,2565845,RB,CHI,ARI,,,,,,,,,,,,,0.00,172,0.00,0.0
Christian McCaffrey,2557997,RB,CAR,Bye,,,,,,,,,,,,,,173,0.00,
LeSean McCoy,79607,RB,FA,Bye,,,,,,,,,,,,,,174,0.00,
Anthony McFarland,2564994,RB,PIT,BAL,,,,,,,,,,,,,0.00,175,0.00,0.0
Elijah McGuire,2557934,RB,KC,DEN,,,,,,,,,,,,,0.00,176,0.00,0.0
Jerick McKinnon,2543715,RB,KC,DEN,,,,,,,,,,,,,0.00,177,0.00,0.0
J.D. McKissic,2556440,RB,WAS,@LV,,,,,,,,,,,,,,178,0.00,
Jeremy McNichols,2557977,RB,TEN,Bye,,,,,,,,,,,,,,179,0.00,
Lamar Miller,2533034,RB,FA,Bye,,,,,,,,,,,,,,180,0.00,
Dedrick Mills,2566905,RB,FA,Bye,,,,,,,,,,,,,,181,0.00,
Taquan Mizzell,2558975,RB,FA,Bye,,,,,,,,,,,,,,182,0.00,
Alfred Morris,2533457,RB,FA,Bye,,,,,,,,,,,,,,183,0.00,
Raheem Mostert,2553728,RB,SF,@SEA,,,,,,,,,,,,,,184,0.00,
Khalfani Muhammad,2558861,RB,FA,Bye,,,,,,,,,,,,,,185,0.00,
Gabe Nabers,2565066,RB,LAC,@CIN,,,,,,,,,,,,,0.00,186,0.00,0.0
Ryan Nall,2560817,RB,CHI,ARI,,,,,,,,,,,,,0.97,187,0.00,-0.97
Sewo Olonilua,2563857,RB,DAL,@NO,,,,,,,,,,,,,,188,0.00,
Devine Ozigbo,2562409,RB,NE,@BUF,,,,,,,,,,,,,0.00,189,0.00,0.0
Jacques Patrick,2563737,RB,BAL,@PIT,,,,,,,,,,,,,0.00,190,0.00,0.0
Elijhaa Penny,2556762,RB,NYG,@MIA,,,,,,,,,,,,,1.06,191,0.00,-1.06
La'Mical Perine,2564808,RB,NYJ,PHI,,,,,,,,,,,,,0.00,192,0.00,0.0
Malcolm Perry,2564484,RB,FA,Bye,,,,,,,,,,,,,,193,0.00,
Senorise Perry,2550633,RB,FA,Bye,,,,,,,,,,,,,,194,0.00,
Scottie Phillips,2564085,RB,HOU,IND,,,,,,,,,,,,,,195,0.00,
Artavis Pierce,2565417,RB,CLE,Bye,,,,,,,,,,,,,,196,0.00,
Sandro Platzgummer,2565523,RB,NYG,@MIA,,,,,,,,,,,,,0.00,197,0.00,0.0
C.J. Prosise,2555417,RB,FA,Bye,,,,,,,,,,,,,,198,0.00,
Trey Ragas,2565654,RB,LV,WAS,,,,,,,,,,,,,0.00,199,0.00,0.0
Craig Reynolds,2562834,RB,DET,MIN,,,,,,,,,,,,,0.00,200,0.00,0.0
Jalen Richard,2556885,RB,LV,WAS,,,,,,,,,,,,,0.00,201,0.00,0.0
Theo Riddick,2540020,RB,FA,Bye,,,,,,,,,,,,,,202,0.00,
Larry Rountree III,2566505,RB,LAC,@CIN,,,,,,,,,,,,,0.00,203,0.00,0.0
Jordan Scarlett,2562725,RB,MIA,NYG,,,,,,,,,,,,,,204,0.00,
Boston Scott,2561146,RB,PHI,@NYJ,,,,,,,,,,,,,6.06,205,0.00,-6.06
Stevie Scott III,2565705,RB,FA,Bye,,,,,,,,,,,,,,206,0.00,
Trey Sermon,2566544,RB,SF,@SEA,,,,,,,,,,,,,0.00,207,0.00,0.0
Anthony Sherman,2495340,RB,FA,Bye,,,,,,,,,,,,,,208,0.00,
Ito Smith,2559924,RB,DAL,@NO,,,,,,,,,,,,,0.00,209,0.00,0.0
Rodney Smith,2563680,RB,FA,Bye,,,,,,,,,,,,,,210,0.00,
Johnny Stanton,2561489,RB,CLE,Bye,,,,,,,,,,,,,,211,0.00,
Mason Stokke,2565579,RB,FA,Bye,,,,,,,,,,,,,,212,0.00,
D'Andre Swift,2563965,RB,DET,MIN,,,,,,,,,,,,,0.00,213,0.00,0.0
J.J. Taylor,2564640,RB,NE,@BUF,,,,,,,,,,,,,0.00,214,0.00,0.0
Patrick Taylor,2564040,RB,GB,Bye,,,,,,,,,,,,,,215,0.00,
Chris Thompson,2540011,RB,FA,Bye,,,,,,,,,,,,,,216,0.00,
Darwin Thompson,2562832,RB,TB,@ATL,,,,,,,,,,,,,0.00,217,0.00,0.0
Ke'Shawn Vaughn,2565258,RB,TB,@ATL,,,,,,,,,,,,,0.00,218,0.00,0.0
Danny Vitale,2555218,RB,FA,Bye,,,,,,,,,,,,,,219,0.00,
Christian Wade,2562896,RB,BUF,NE,,,,,,,,,,,,,,220,0.00,
Jonathan Ward,2564949,RB,ARI,@CHI,,,,,,,,,,,,,0.00,221,0.00,0.0
DeAndre Washington,2555464,RB,FA,Bye,,,,,,,,,,,,,,222,0.00,
Mike Weber,2562775,RB,FA,Bye,,,,,,,,,,,,,,223,0.00,
James White,2543773,RB,NE,@BUF,,,,,,,,,,,,,,224,0.00,
Jordan Wilkins,2560933,RB,TEN,Bye,,,,,,,,,,,,,,225,0.00,
Antonio Williams,2565393,RB,BUF,NE,,,,,,,,,,,,,0.00,226,0.00,0.0
Damien Williams,2550512,RB,CHI,ARI,,,,,,,,,,,,,0.00,227,0.00,0.0
Dexter Williams,2562784,RB,CLE,Bye,,,,,,,,,,,,,,228,0.00,
Jonathan Williams,2555227,RB,WAS,@LV,,,,,,,,,,,,,0.00,229,0.00,0.0
Pooka Williams Jr.,2566788,RB,CIN,LAC,,,,,,,,,,,,,1.52,230,0.00,-1.52
Ty'Son Williams,2565542,RB,BAL,@PIT,,,,,,,,,,,,,0.00,231,0.00,0.0
Jeff Wilson,2560938,RB,SF,@SEA,,,,,,,,,,,,,5.15,232,0.00,-5.15
T.J. Yeldon,2552471,RB,FA,Bye,,,,,,,,,,,,,,233,0.00,
Nate McCrary,2566617,RB,BAL,@PIT,,,,-1,,,,,,,,,2.38,234,-0.10,-2.48
