PlayerName,PlayerId,Pos,Team,PlayerOpponent,PassingYDS,PassingTD,PassingInt,RushingYDS,RushingTD,ReceivingRec,ReceivingYDS,ReceivingTD,RetTD,FumTD,2PT,Fum,PlayerWeekProjectedPts,Rank,TotalPoints,ProjectionDiff
George Kittle,2558266,TE,SF,@SEA,,,,5,,9,181,2,,,,,11.79,1,35.10,23.31
Dallas Goedert,2560995,TE,PHI,@NYJ,,,,,,6,105,2,,,,,9.08,2,25.50,16.42
Rob Gronkowski,497240,TE,TB,@ATL,,,,,,4,58,2,,,,,9.77,3,19.80,10.03
T.J. Hockenson,2562378,TE,DET,MIN,,,,,,4,49,1,,,,,,4,14.60,
Logan Thomas,2543767,TE,WAS,@LV,,,,,,3,48,1,,,,,,5,12.30,
Brock Wright,2567221,TE,DET,MIN,,,,,,2,28,1,,,,,0.00,6,9.80,9.8
Tyler Conklin,2561027,TE,MIN,@DET,,,,,,7,56,,,,,,6.74,7,9.10,2.36
Jimmy Graham,497236,TE,CHI,ARI,,,,,,1,1,1,,,1,,2.91,8,8.60,5.69
Ryan Griffin,2541316,TE,NYJ,PHI,,,,,,2,15,1,,,,,4.60,9,8.50,3.9
Evan Engram,2557858,TE,NYG,@MIA,,,,,,4,61,,,,,,7.88,10,8.10,0.22
Mike Gesicki,2560994,TE,MIA,NYG,,,,,,7,46,,,,,,7.66,11,8.10,0.44
John Bates,2566580,TE,WAS,@LV,,,,,,3,42,,,,,,1.35,12,7.40,6.05
Tyler Higbee,2555364,TE,LA,JAX,,,,,,5,48,,,,,,7.38,13,7.30,-0.08
Cole Kmet,2563704,TE,CHI,ARI,,,,,,3,41,,,,,,8.07,14,7.30,-0.77
Mark Andrews,2560957,TE,BAL,@PIT,,,,,,4,50,,,,,,9.39,15,7.00,-2.39
Cameron Brate,2550656,TE,TB,@ATL,,,,,,1,3,1,,,,,3.74,16,6.80,3.06
Kyle Pitts,2565830,TE,ATL,TB,,,,,,4,48,,,,,,10.29,17,6.80,-3.49
Dalton Schultz,2560866,TE,DAL,@NO,,,,,,5,43,,,,,,8.71,18,6.80,-1.91
Nick Vannett,2555289,TE,NO,DAL,,,,,,3,48,,,,,,1.68,19,6.30,4.62
Pat Freiermuth,2566442,TE,PIT,BAL,,,,,,3,26,,,,1,,7.57,20,6.10,-1.47
Noah Fant,2562383,TE,DEN,@KC,,,,,,4,33,,,,,,8.07,21,5.30,-2.77
Jared Cook,71265,TE,LAC,@CIN,,,,,,3,29,,,,,,6.62,22,4.40,-2.22
Travis Kelce,2540258,TE,KC,DEN,,,,,,3,27,,,,,,12.26,23,4.20,-8.06
James O'Shaughnessy,2553318,TE,JAX,@LA,,,,,,2,13,,,,,,5.81,24,4.00,-1.81
Foster Moreau,2562317,TE,LV,WAS,,,,,,1,34,,,,,,4.84,25,3.90,-0.94
Albert Okwuegbunam,2563911,TE,DEN,@KC,,,,,,3,21,,,,,,4.81,26,3.60,-1.21
C.J. Uzomah,2552559,TE,CIN,LAC,,,,,,3,20,,,,,,5.20,27,3.50,-1.7
Juwan Johnson,2564676,TE,NO,DAL,,,,,,1,27,,,,,,2.00,28,3.20,1.2
Kyle Rudolph,2495438,TE,NYG,@MIA,,,,,,2,18,,,,,,3.67,29,2.80,-0.87
Will Dissly,2561046,TE,SEA,SF,,,,,,2,7,,,,,,2.62,30,2.70,0.08
Dawson Knox,2562681,TE,BUF,NE,,,,,,2,14,,,,,,7.73,31,2.40,-5.33
Pharaoh Brown,2559018,TE,HOU,IND,,,,,,4,23,,,,,1,3.94,32,2.30,-1.64
Zach Gentry,2562654,TE,PIT,BAL,,,,,,2,10,,,,,,1.37,33,2.00,0.63
Jack Doyle,2540232,TE,IND,@HOU,,,,,,1,13,,,,,,6.03,34,1.80,-4.23
Demetrius Harris,2541187,TE,ARI,@CHI,,,,,,2,7,,,,,,0.00,35,1.70,1.7
Brevin Jordan,2566130,TE,HOU,IND,,,,,,2,7,,,,,,3.72,36,1.70,-2.02
Eric Tomlinson,2553744,TE,BAL,@PIT,,,,,,,,,,,,,0.22,37,1.70,1.48
Charlie Woerner,2565129,TE,SF,@SEA,,,,,,,,,,,,,0.70,38,1.70,1.0
Kenny Yeboah,2565768,TE,NYJ,PHI,,,,,,,,,,,,,0.61,39,1.70,1.09
Jonnu Smith,2558207,TE,NE,@BUF,,,,-1,,1,12,,,,,,5.23,40,1.60,-3.63
Zach Ertz,2540158,TE,ARI,@CHI,,,,,,1,10,,,,,,8.84,41,1.50,-7.34
Hunter Long,2566286,TE,MIA,NYG,,,,,,1,8,,,,,,0.81,42,1.30,0.49
Donald Parham,2562394,TE,LAC,@CIN,,,,,,2,3,,,,,,,43,1.30,
Kylen Granson,2566145,TE,IND,@HOU,,,,,,1,6,,,,,,1.85,44,1.10,-0.75
Josh Oliver,2562693,TE,BAL,@PIT,,,,,,,,,,,,,0.61,45,0.80,0.19
Sammis Reyes,2565807,TE,WAS,@LV,,,,,,,,,,,,,0.28,46,0.80,0.52
Mo Alie-Cox,2558832,TE,IND,@HOU,,,,,,1,,,,,,,3.27,47,0.50,-2.77
Kendall Blanton,2562234,TE,LA,JAX,,,,,,1,6,,,,,1,0.90,48,0.10,-0.8
Jordan Akins,2560951,TE,HOU,IND,,,,,,,,,,,,,0.00,49,0.00,0.0
Stephen Anderson,2556463,TE,LAC,@CIN,,,,,,,,,,,,,1.04,50,0.00,-1.04
Dan Arnold,2559385,TE,JAX,@LA,,,,,,,,,,,,,,51,0.00,
Devin Asiasi,2564586,TE,NE,@BUF,,,,,,,,,,,,,0.00,52,0.00,0.0
Antony Auclair,2559044,TE,HOU,IND,,,,,,,,,,,,,0.46,53,0.00,-0.46
Marcus Baugh,2560971,TE,FA,Bye,,,,,,,,,,,,,,54,0.00,
Evan Baylis,2559299,TE,FA,Bye,,,,,,,,,,,,,,55,0.00,
Andrew Beck,2562626,TE,DEN,@KC,,,,,,,,,,,,,,56,0.00,
Nate Becker,2563191,TE,FA,Bye,,,,,,,,,,,,,,57,0.00,
Ryan Becker,2564886,TE,FA,Bye,,,,,,,,,,,,,,58,0.00,
Blake Bell,2552478,TE,KC,DEN,,,,,,,,,,,,,0.79,59,0.00,-0.79
Kelvin Benjamin,2543471,TE,FA,Bye,,,,,,,,,,,,,,60,0.00,
Jibri Blount,2565672,TE,FA,Bye,,,,,,,,,,,,,,61,0.00,
Nick Bowers,2564415,TE,LV,WAS,,,,,,,,,,,,,0.00,62,0.00,0.0
Nick Boyle,2552402,TE,BAL,@PIT,,,,,,,,,,,,,0.00,63,0.00,0.0
Jacob Breeland,2565321,TE,FA,Bye,,,,,,,,,,,,,,64,0.00,
Daniel Brown,2553900,TE,NYJ,PHI,,,,,,,,,,,,,,65,0.00,
Harrison Bryant,2563767,TE,CLE,Bye,,,,,,,,,,,,,,66,0.00,
Hunter Bryant,2563923,TE,DET,MIN,,,,,,,,,,,,,0.00,67,0.00,0.0
Ian Bunting,2563073,TE,DAL,@NO,,,,,,,,,,,,,0.00,68,0.00,0.0
Trey Burton,2550284,TE,FA,Bye,,,,,,,,,,,,,,69,0.00,
Matt Bushman,2565639,TE,KC,DEN,,,,,,,,,,,,,1.01,70,0.00,-1.01
Jake Butt,2557859,TE,FA,Bye,,,,,,,,,,,,,,71,0.00,
Stephen Carlson,2563044,TE,CLE,Bye,,,,,,,,,,,,,,72,0.00,
Derek Carrier,2534241,TE,LV,WAS,,,,,,,,,,,,,0.00,73,0.00,0.0
Cethan Carter,2558929,TE,MIA,NYG,,,,,,,,,,,,,0.59,74,0.00,-0.59
Darion Clark,2563434,TE,FA,Bye,,,,,,,,,,,,,,75,0.00,
Jason Croom,2559159,TE,PHI,@NYJ,,,,,,,,,,,,,,76,0.00,
Dominique Dafney,2565540,TE,GB,Bye,,,,,,,,,,,,,,77,0.00,
Darrell Daniels,2558886,TE,ARI,@CHI,,,,,,,,,,,,,0.82,78,0.00,-0.82
Zach Davidson,2566301,TE,MIN,@DET,,,,,,,,,,,,,0.00,79,0.00,0.0
Tyler Davis,2564178,TE,GB,Bye,,,,,,,,,,,,,,80,0.00,
Josiah Deguara,2563980,TE,GB,Bye,,,,,,,,,,,,,,81,0.00,
Seth DeValve,2556365,TE,FA,Bye,,,,,,,,,,,,,,82,0.00,
Brandon Dillon,2562984,TE,NYJ,PHI,,,,,,,,,,,,,0.00,83,0.00,0.0
Ross Dwelley,2561060,TE,SF,@SEA,,,,,,,,,,,,,0.59,84,0.00,-0.59
Eric Ebron,2543466,TE,PIT,BAL,,,,,,,,,,,,,,85,0.00,
Tyler Eifert,2540148,TE,FA,Bye,,,,,,,,,,,,,,86,0.00,
Ben Ellefson,2564181,TE,MIN,@DET,,,,,,,,,,,,,0.00,87,0.00,0.0
Luke Farrell,2566160,TE,JAX,@LA,,,,,,,,,,,,,0.97,88,0.00,-0.97
Darren Fells,2540928,TE,TB,@ATL,,,,,,,,,,,,,0.00,89,0.00,0.0
Anthony Firkser,2558942,TE,TEN,Bye,,,,,,,,,,,,,,90,0.00,
Austin Fort,2563037,TE,TEN,Bye,,,,,,,,,,,,,,91,0.00,
Jody Fortson,2563259,TE,KC,DEN,,,,,,,,,,,,,,92,0.00,
Jordan Franks,2561330,TE,FA,Bye,,,,,,,,,,,,,,93,0.00,
Troy Fumagalli,2560734,TE,NE,@BUF,,,,,,,,,,,,,,94,0.00,
Reggie Gilliam,2565378,TE,BUF,NE,,,,,,,,,,,,,0.00,95,0.00,0.0
Jaeden Graham,2561622,TE,ATL,TB,,,,,,,,,,,,,,96,0.00,
Noah Gray,2566178,TE,KC,DEN,,,,,,,,,,,,,1.12,97,0.00,-1.12
Farrod Green,2564121,TE,IND,@HOU,,,,,,,,,,,,,0.00,98,0.00,0.0
Nakie Griffin-Stewart,2564544,TE,KC,DEN,,,,,,,,,,,,,0.00,99,0.00,0.0
Nick Guggemos,2565804,TE,CLE,Bye,,,,,,,,,,,,,,100,0.00,
Jacob Harris,2566220,TE,LA,JAX,,,,,,,,,,,,,,101,0.00,
Daniel Helm,2562284,TE,LV,WAS,,,,,,,,,,,,,0.56,102,0.00,-0.56
Temarrick Hemingway,2555486,TE,WAS,@LV,,,,,,,,,,,,,0.00,103,0.00,0.0
Hunter Henry,2555341,TE,NE,@BUF,,,,,,,,,,,,,5.40,104,0.00,-5.4
Hale Hentges,2563066,TE,FA,Bye,,,,,,,,,,,,,,105,0.00,
Chris Herndon,2560738,TE,MIN,@DET,,,,,,,,,,,,,0.70,106,0.00,-0.7
Cole Hikutini,2558953,TE,FA,Bye,,,,,,,,,,,,,,107,0.00,
Josh Hill,2541834,TE,FA,Bye,,,,,,,,,,,,,,108,0.00,
Jacob Hollister,2558956,TE,JAX,@LA,,,,,,,,,,,,,0.00,109,0.00,0.0
J.P. Holtz,2556852,TE,CHI,ARI,,,,,,,,,,,,,0.51,110,0.00,-0.51
Austin Hooper,2555415,TE,CLE,Bye,,,,,,,,,,,,,,111,0.00,
Brycen Hopkins,2564349,TE,LA,JAX,,,,,,,,,,,,,0.00,112,0.00,0.0
Jesper Horsted,2563270,TE,CHI,ARI,,,,,,,,,,,,,,113,0.00,
O.J. Howard,2557856,TE,TB,@ATL,,,,,,,,,,,,,1.74,114,0.00,-1.74
Tanner Hudson,2561215,TE,SF,@SEA,,,,,,,,,,,,,0.00,115,0.00,0.0
Tommy Hudson,2565450,TE,TEN,Bye,,,,,,,,,,,,,,116,0.00,
Hayden Hurst,2560747,TE,ATL,TB,,,,,,,,,,,,,0.00,117,0.00,0.0
Ryan Izzo,2560751,TE,TEN,Bye,,,,,,,,,,,,,,118,0.00,
Tyree Jackson,2562435,TE,PHI,@NYJ,,,,,,,,,,,,,,119,0.00,
Jesse James,2552633,TE,CHI,ARI,,,,,,,,,,,,,1.42,120,0.00,-1.42
Blake Jarwin,2559193,TE,DAL,@NO,,,,,,,,,,,,,0.00,121,0.00,0.0
Rysen John,2564742,TE,NYG,@MIA,,,,,,,,,,,,,,122,0.00,
Hunter Kampmoyer,2566481,TE,LAC,@CIN,,,,,,,,,,,,,0.00,123,0.00,0.0
Dalton Keene,2564616,TE,NE,@BUF,,,,,,,,,,,,,,124,0.00,
Nick Keizer,2561115,TE,FA,Bye,,,,,,,,,,,,,,125,0.00,
Tyler Kroft,2552586,TE,NYJ,PHI,,,,,,,,,,,,,0.00,126,0.00,0.0
Matt LaCosse,2553667,TE,NE,@BUF,,,,,,,,,,,,,0.00,127,0.00,0.0
Marcedes Lewis,2495888,TE,GB,Bye,,,,,,,,,,,,,,128,0.00,
Tyler Mabry,2565168,TE,SEA,SF,,,,,,,,,,,,,0.00,129,0.00,0.0
Alize Mack,2562307,TE,FA,Bye,,,,,,,,,,,,,,130,0.00,
Chris Manhertz,2552622,TE,JAX,@LA,,,,,,,,,,,,,0.89,131,0.00,-0.89
Kyle Markway,2564763,TE,LA,JAX,,,,,,,,,,,,,0.00,132,0.00,0.0
Tyree Mayfield,2563145,TE,FA,Bye,,,,,,,,,,,,,,133,0.00,
Vance McDonald,2540215,TE,FA,Bye,,,,,,,,,,,,,,134,0.00,
Codey McElroy,2561239,TE,TB,@ATL,,,,,,,,,,,,,0.00,135,0.00,0.0
Sean McKeon,2563854,TE,DAL,@NO,,,,,,,,,,,,,1.49,136,0.00,-1.49
Tre' McKitty,2566490,TE,LAC,@CIN,,,,,,,,,,,,,0.79,137,0.00,-0.79
Briley Moore-McKinney,2566956,TE,TEN,Bye,,,,,,,,,,,,,,138,0.00,
Quintin Morris,2566641,TE,BUF,NE,,,,,,,,,,,,,0.00,139,0.00,0.0
Thaddeus Moss,2565288,TE,CIN,LAC,,,,,,,,,,,,,,140,0.00,
Johnny Mundt,2558875,TE,LA,JAX,,,,,,,,,,,,,,141,0.00,
Chris Myarick,2563210,TE,CIN,LAC,,,,,,,,,,,,,0.79,142,0.00,-0.79
Isaac Nauta,2562691,TE,FA,Bye,,,,,,,,,,,,,,143,0.00,
David Njoku,2557986,TE,CLE,Bye,,,,,,,,,,,,,,144,0.00,
Greg Olsen,2495700,TE,FA,Bye,,,,,,,,,,,,,,145,0.00,
Colby Parkinson,2565180,TE,SEA,SF,,,,,,,,,,,,,0.56,146,0.00,-0.56
Jared Pinkney,2563518,TE,DET,MIN,,,,,,,,,,,,,0.00,147,0.00,0.0
Tony Poljan,2566620,TE,BAL,@PIT,,,,,,,,,,,,,0.00,148,0.00,0.0
Jake Powell,2563134,TE,FA,Bye,,,,,,,,,,,,,,149,0.00,
MyCole Pruitt,2552401,TE,TEN,Bye,,,,,,,,,,,,,,150,0.00,
Paul Quessenberry,2565531,TE,HOU,IND,,,,,,,,,,,,,0.00,151,0.00,0.0
Kevin Rader,2561264,TE,PIT,BAL,,,,,,,,,,,,,0.56,152,0.00,-0.56
Dax Raymond,2562710,TE,FA,Bye,,,,,,,,,,,,,,153,0.00,
Jordan Reed,2540160,TE,FA,Bye,,,,,,,,,,,,,,154,0.00,
Giovanni Ricci,2563668,TE,CAR,Bye,,,,,,,,,,,,,,155,0.00,
Ellis Richardson,2563081,TE,FA,Bye,,,,,,,,,,,,,,156,0.00,
Richard Rodgers,2550313,TE,PHI,@NYJ,,,,,,,,,,,,,0.00,157,0.00,0.0
Drew Sample,2562720,TE,CIN,LAC,,,,,,,,,,,,,1.54,158,0.00,-1.54
Eric Saubert,2558023,TE,DEN,@KC,,,,,,,,,,,,,0.60,159,0.00,-0.6
Mason Schreck,2558864,TE,CIN,LAC,,,,,,,,,,,,,,160,0.00,
Ricky Seals-Jones,2559248,TE,WAS,@LV,,,,,,,,,,,,,,161,0.00,
Adam Shaheen,2558144,TE,MIA,NYG,,,,,,,,,,,,,0.00,162,0.00,0.0
Irv Smith,2562738,TE,MIN,@DET,,,,,,,,,,,,,,163,0.00,
Kaden Smith,2562740,TE,NYG,@MIA,,,,,,,,,,,,,,164,0.00,
Lee Smith,2495347,TE,ATL,TB,,,,,,,,,,,,,1.32,165,0.00,-1.32
Durham Smythe,2560880,TE,MIA,NYG,,,,,,,,,,,,,3.79,166,0.00,-3.79
Dylan Soehner,2565711,TE,NO,DAL,,,,,,,,,,,,,,167,0.00,
Matt Sokol,2562980,TE,JAX,@LA,,,,,,,,,,,,,0.00,168,0.00,0.0
Jeremy Sprinkle,2557886,TE,DAL,@NO,,,,,,,,,,,,,0.00,169,0.00,0.0
Jace Sternberger,2562744,TE,PIT,BAL,,,,,,,,,,,,,0.00,170,0.00,0.0
Luke Stocker,2495234,TE,MIN,@DET,,,,,,,,,,,,,0.66,171,0.00,-0.66
Jack Stoll,2567061,TE,PHI,@NYJ,,,,,,,,,,,,,0.64,172,0.00,-0.64
Stephen Sullivan,2565192,TE,CAR,Bye,,,,,,,,,,,,,,173,0.00,
Geoff Swaim,2553454,TE,TEN,Bye,,,,,,,,,,,,,,174,0.00,
Tommy Sweeney,2562750,TE,BUF,NE,,,,,,,,,,,,,2.06,175,0.00,-2.06
Tyrone Swoopes,2559263,TE,FA,Bye,,,,,,,,,,,,,,176,0.00,
Tim Tebow,497135,TE,FA,Bye,,,,,,,,,,,,,,177,0.00,
Hunter Thedford,2565585,TE,FA,Bye,,,,,,,,,,,,,,178,0.00,
Ian Thomas,2560894,TE,CAR,Bye,,,,,,,,,,,,,,179,0.00,
Jordan Thomas,2560896,TE,FA,Bye,,,,,,,,,,,,,,180,0.00,
Colin Thompson,2559268,TE,CAR,Bye,,,,,,,,,,,,,,181,0.00,
Noah Togiai,2564865,TE,PHI,@NYJ,,,,,,,,,,,,,0.00,182,0.00,0.0
Levine Toilolo,2540203,TE,NYG,@MIA,,,,,,,,,,,,,,183,0.00,
Robert Tonyan,2559270,TE,GB,Bye,,,,,,,,,,,,,,184,0.00,
Adam Trautman,2564703,TE,NO,DAL,,,,,,,,,,,,,0.00,185,0.00,0.0
Ross Travis,2554630,TE,DET,MIN,,,,,,,,,,,,,0.00,186,0.00,0.0
Tommy Tremble,2565914,TE,CAR,Bye,,,,,,,,,,,,,,187,0.00,
Carl Tucker,2566665,TE,FA,Bye,,,,,,,,,,,,,,188,0.00,
Andrew Vollert,2561284,TE,FA,Bye,,,,,,,,,,,,,,189,0.00,
Delanie Walker,2495966,TE,FA,Bye,,,,,,,,,,,,,,190,0.00,
Darren Waller,2552408,TE,LV,WAS,,,,,,,,,,,,,0.00,191,0.00,0.0
Kahale Warring,2562771,TE,JAX,@LA,,,,,,,,,,,,,0.00,192,0.00,0.0
Trevon Wesco,2562777,TE,NYJ,PHI,,,,,,,,,,,,,,193,0.00,
Nate Wieting,2563815,TE,FA,Bye,,,,,,,,,,,,,,194,0.00,
Mitchell Wilcox,2563749,TE,CIN,LAC,,,,,,,,,,,,,0.28,195,0.00,-0.28
Carson Williams,2565669,TE,FA,Bye,,,,,,,,,,,,,,196,0.00,
Maxx Williams,2552468,TE,ARI,@CHI,,,,,,,,,,,,,,197,0.00,
Luke Willson,2541199,TE,FA,Bye,,,,,,,,,,,,,,198,0.00,
Caleb Wilson,2562603,TE,DEN,@KC,,,,,,,,,,,,,0.00,199,0.00,0.0
Jason Witten,2505629,TE,FA,Bye,,,,,,,,,,,,,,200,0.00,
Eli Wolf,2565354,TE,IND,@HOU,,,,,,,,,,,,,0.00,201,0.00,0.0
Ethan Wolf,2561422,TE,NO,DAL,,,,,,,,,,,,,0.00,202,0.00,0.0
Deon Yelder,2561293,TE,NYG,@MIA,,,,,,,,,,,,,0.00,203,0.00,0.0
Garrett Griffin,2557033,TE,NO,DAL,,,,,,1,9,,,,,1,,204,-0.60,
Gerald Everett,2557889,TE,SEA,SF,,,,,,4,7,,,,,2,6.39,205,-1.30,-7.69
