[{"PlayerName":"Travis Kelce","PlayerId":"2540258","Pos":"TE","Team":"KC","PassingYDS":"","PassingTD":"","PassingInt":"","RushingYDS":"","RushingTD":"","ReceivingRec":"103","ReceivingYDS":"1336","ReceivingTD":"10","RetTD":"","FumTD":"","2PT":"","Fum":"2","FanPtsAgainst-pts":null,"TouchCarries":null,"TouchReceptions":null,"Touches":null,"TargetsReceptions":null,"Targets":null,"ReceptionPercentage":null,"RzTarget":null,"RzTouch":null,"RzG2G":null,"Rank":1,"TotalPoints":"244.50"},{"PlayerName":"Zach Ertz","PlayerId":"2540158","Pos":"TE","Team":"ARI","PassingYDS":"","PassingTD":"","PassingInt":"","RushingYDS":"","RushingTD":"","ReceivingRec":"116","ReceivingYDS":"1163","ReceivingTD":"8","RetTD":"","FumTD":"","2PT":"","Fum":"1","FanPtsAgainst-pts":null,"TouchCarries":null,"TouchReceptions":null,"Touches":null,"TargetsReceptions":null,"Targets":null,"ReceptionPercentage":null,"RzTarget":null,"RzTouch":null,"RzG2G":null,"Rank":2,"TotalPoints":"220.30"},{"PlayerName":"George Kittle","PlayerId":"2558266","Pos":"TE","Team":"SF","PassingYDS":"","PassingTD":"","PassingInt":"","RushingYDS":"10","RushingTD":"","ReceivingRec":"88","ReceivingYDS":"1377","ReceivingTD":"5","RetTD":"","FumTD":"","2PT":"1","Fum":"","FanPtsAgainst-pts":"8.43","TouchCarries":"1","TouchReceptions":"88","Touches":"89","TargetsReceptions":"88","Targets":"136","ReceptionPercentage":"65","RzTarget":"19","RzTouch":"10","RzG2G":"8","Rank":3,"TotalPoints":"218.10"},{"PlayerName":"Eric Ebron","PlayerId":"2543466","Pos":"TE","Team":"PIT","PassingYDS":"","PassingTD":"","PassingInt":"","RushingYDS":"-8","RushingTD":"1","ReceivingRec":"66","ReceivingYDS":"750","ReceivingTD":"13","RetTD":"","FumTD":"","2PT":"","Fum":"1","FanPtsAgainst-pts":"7.76","TouchCarries":"3","TouchReceptions":"66","Touches":"69","TargetsReceptions":"66","Targets":"110","ReceptionPercentage":"60","RzTarget":"21","RzTouch":"14","RzG2G":"7","Rank":4,"TotalPoints":"190.90"},{"PlayerName":"Jared Cook","PlayerId":"71265","Pos":"TE","Team":"LAC","PassingYDS":"","PassingTD":"","PassingInt":"","RushingYDS":"","RushingTD":"","ReceivingRec":"68","ReceivingYDS":"896","ReceivingTD":"6","RetTD":"","FumTD":"","2PT":"","Fum":"","FanPtsAgainst-pts":"4.18","TouchCarries":"","TouchReceptions":"68","Touches":"68","TargetsReceptions":"68","Targets":"101","ReceptionPercentage":"67","RzTarget":"15","RzTouch":"10","RzG2G":"10","Rank":5,"TotalPoints":"163.00"},{"PlayerName":"Austin Hooper","PlayerId":"2555415","Pos":"TE","Team":"CLE","PassingYDS":"","PassingTD":"","PassingInt":"","RushingYDS":"","RushingTD":"","ReceivingRec":"71","ReceivingYDS":"660","ReceivingTD":"4","RetTD":"","FumTD":"","2PT":"1","Fum":"","FanPtsAgainst-pts":"7.41","TouchCarries":"","TouchReceptions":"71","Touches":"71","TargetsReceptions":"71","Targets":"88","ReceptionPercentage":"81","RzTarget":"13","RzTouch":"9","RzG2G":"8","Rank":6,"TotalPoints":"127.50"},{"PlayerName":"Trey Burton","PlayerId":"2550284","Pos":"TE","Team":"FA","PassingYDS":"","PassingTD":"","PassingInt":"","RushingYDS":"2","RushingTD":"","ReceivingRec":"54","ReceivingYDS":"569","ReceivingTD":"6","RetTD":"","FumTD":"","2PT":"1","Fum":"1","FanPtsAgainst-pts":null,"TouchCarries":null,"TouchReceptions":null,"Touches":null,"TargetsReceptions":null,"Targets":null,"ReceptionPercentage":null,"RzTarget":null,"RzTouch":null,"RzG2G":null,"Rank":7,"TotalPoints":"121.80"},{"PlayerName":"David Njoku","PlayerId":"2557986","Pos":"TE","Team":"CLE","PassingYDS":"","PassingTD":"","PassingInt":"","RushingYDS":"","RushingTD":"","ReceivingRec":"56","ReceivingYDS":"639","ReceivingTD":"4","RetTD":"","FumTD":"","2PT":"","Fum":"","FanPtsAgainst-pts":"7.41","TouchCarries":"","TouchReceptions":"56","Touches":"56","TargetsReceptions":"56","Targets":"88","ReceptionPercentage":"64","RzTarget":"9","RzTouch":"6","RzG2G":"6","Rank":8,"TotalPoints":"119.30"},{"PlayerName":"Vance McDonald","PlayerId":"2540215","Pos":"TE","Team":"FA","PassingYDS":"","PassingTD":"","PassingInt":"","RushingYDS":"","RushingTD":"","ReceivingRec":"50","ReceivingYDS":"610","ReceivingTD":"4","RetTD":"","FumTD":"","2PT":"","Fum":"2","FanPtsAgainst-pts":null,"TouchCarries":null,"TouchReceptions":null,"Touches":null,"TargetsReceptions":null,"Targets":null,"ReceptionPercentage":null,"RzTarget":null,"RzTouch":null,"RzG2G":null,"Rank":9,"TotalPoints":"109.40"},{"PlayerName":"Rob Gronkowski","PlayerId":"497240","Pos":"TE","Team":"TB","PassingYDS":"","PassingTD":"","PassingInt":"","RushingYDS":"","RushingTD":"","ReceivingRec":"47","ReceivingYDS":"682","ReceivingTD":"3","RetTD":"","FumTD":"","2PT":"","Fum":"1","FanPtsAgainst-pts":"5.74","TouchCarries":"","TouchReceptions":"47","Touches":"47","TargetsReceptions":"47","Targets":"72","ReceptionPercentage":"65","RzTarget":"8","RzTouch":"3","RzG2G":"2","Rank":10,"TotalPoints":"108.50"},{"PlayerName":"Evan Engram","PlayerId":"2557858","Pos":"TE","Team":"NYG","PassingYDS":"","PassingTD":"","PassingInt":"","RushingYDS":"36","RushingTD":"","ReceivingRec":"45","ReceivingYDS":"577","ReceivingTD":"3","RetTD":"","FumTD":"","2PT":"1","Fum":"","FanPtsAgainst-pts":"3.72","TouchCarries":"3","TouchReceptions":"45","Touches":"48","TargetsReceptions":"45","Targets":"64","ReceptionPercentage":"70","RzTarget":"7","RzTouch":"5","RzG2G":"2","Rank":11,"TotalPoints":"103.80"},{"PlayerName":"Jimmy Graham","PlayerId":"497236","Pos":"TE","Team":"CHI","PassingYDS":"","PassingTD":"","PassingInt":"","RushingYDS":"","RushingTD":"","ReceivingRec":"55","ReceivingYDS":"636","ReceivingTD":"2","RetTD":"","FumTD":"","2PT":"","Fum":"","FanPtsAgainst-pts":"2.81","TouchCarries":"","TouchReceptions":"55","Touches":"55","TargetsReceptions":"55","Targets":"89","ReceptionPercentage":"62","RzTarget":"9","RzTouch":"4","RzG2G":"6","Rank":12,"TotalPoints":"103.10"},{"PlayerName":"Chris Herndon","PlayerId":"2560738","Pos":"TE","Team":"MIN","PassingYDS":"","PassingTD":"","PassingInt":"","RushingYDS":"","RushingTD":"","ReceivingRec":"39","ReceivingYDS":"502","ReceivingTD":"4","RetTD":"","FumTD":"","2PT":"","Fum":"2","FanPtsAgainst-pts":"2.84","TouchCarries":"","TouchReceptions":"39","Touches":"39","TargetsReceptions":"39","Targets":"56","ReceptionPercentage":"70","RzTarget":"8","RzTouch":"6","RzG2G":"1","Rank":13,"TotalPoints":"98.30"},{"PlayerName":"Jordan Reed","PlayerId":"2540160","Pos":"TE","Team":"FA","PassingYDS":"","PassingTD":"","PassingInt":"","RushingYDS":"","RushingTD":"","ReceivingRec":"54","ReceivingYDS":"558","ReceivingTD":"2","RetTD":"","FumTD":"","2PT":"","Fum":"1","FanPtsAgainst-pts":null,"TouchCarries":null,"TouchReceptions":null,"Touches":null,"TargetsReceptions":null,"Targets":null,"ReceptionPercentage":null,"RzTarget":null,"RzTouch":null,"RzG2G":null,"Rank":14,"TotalPoints":"94.50"},{"PlayerName":"Mark Andrews","PlayerId":"2560957","Pos":"TE","Team":"BAL","PassingYDS":"","PassingTD":"","PassingInt":"","RushingYDS":"","RushingTD":"","ReceivingRec":"34","ReceivingYDS":"552","ReceivingTD":"3","RetTD":"","FumTD":"","2PT":"","Fum":"","FanPtsAgainst-pts":"8.36","TouchCarries":"","TouchReceptions":"34","Touches":"34","TargetsReceptions":"34","Targets":"50","ReceptionPercentage":"68","RzTarget":"7","RzTouch":"3","RzG2G":"3","Rank":15,"TotalPoints":"91.90"},{"PlayerName":"Cameron Brate","PlayerId":"2550656","Pos":"TE","Team":"TB","PassingYDS":"","PassingTD":"","PassingInt":"","RushingYDS":"","RushingTD":"","ReceivingRec":"30","ReceivingYDS":"289","ReceivingTD":"6","RetTD":"","FumTD":"","2PT":"","Fum":"1","FanPtsAgainst-pts":"5.74","TouchCarries":"","TouchReceptions":"30","Touches":"30","TargetsReceptions":"30","Targets":"49","ReceptionPercentage":"61","RzTarget":"12","RzTouch":"8","RzG2G":"4","Rank":16,"TotalPoints":"80.60"},{"PlayerName":"Dallas Goedert","PlayerId":"2560995","Pos":"TE","Team":"PHI","PassingYDS":"","PassingTD":"","PassingInt":"","RushingYDS":"","RushingTD":"","ReceivingRec":"33","ReceivingYDS":"334","ReceivingTD":"4","RetTD":"","FumTD":"","2PT":"","Fum":"","FanPtsAgainst-pts":"7.04","TouchCarries":"","TouchReceptions":"33","Touches":"33","TargetsReceptions":"33","Targets":"44","ReceptionPercentage":"75","RzTarget":"7","RzTouch":"5","RzG2G":"3","Rank":17,"TotalPoints":"79.10"},{"PlayerName":"Jesse James","PlayerId":"2552633","Pos":"TE","Team":"CHI","PassingYDS":"","PassingTD":"","PassingInt":"","RushingYDS":"","RushingTD":"","ReceivingRec":"30","ReceivingYDS":"423","ReceivingTD":"2","RetTD":"","FumTD":"","2PT":"","Fum":"","FanPtsAgainst-pts":"2.81","TouchCarries":"","TouchReceptions":"30","Touches":"30","TargetsReceptions":"30","Targets":"39","ReceptionPercentage":"77","RzTarget":"5","RzTouch":"3","RzG2G":"2","Rank":18,"TotalPoints":"74.40"},{"PlayerName":"Gerald Everett","PlayerId":"2557889","Pos":"TE","Team":"SEA","PassingYDS":"","PassingTD":"","PassingInt":"","RushingYDS":"16","RushingTD":"","ReceivingRec":"33","ReceivingYDS":"320","ReceivingTD":"3","RetTD":"","FumTD":"","2PT":"1","Fum":"","FanPtsAgainst-pts":"5.67","TouchCarries":"2","TouchReceptions":"33","Touches":"35","TargetsReceptions":"33","Targets":"50","ReceptionPercentage":"66","RzTarget":"11","RzTouch":"6","RzG2G":"4","Rank":19,"TotalPoints":"71.10"},{"PlayerName":"Greg Olsen","PlayerId":"2495700","Pos":"TE","Team":"FA","PassingYDS":"","PassingTD":"","PassingInt":"","RushingYDS":"","RushingTD":"","ReceivingRec":"27","ReceivingYDS":"291","ReceivingTD":"4","RetTD":"","FumTD":"","2PT":"","Fum":"","FanPtsAgainst-pts":null,"TouchCarries":null,"TouchReceptions":null,"Touches":null,"TargetsReceptions":null,"Targets":null,"ReceptionPercentage":null,"RzTarget":null,"RzTouch":null,"RzG2G":null,"Rank":20,"TotalPoints":"67.60"},{"PlayerName":"Ian Thomas","PlayerId":"2560894","Pos":"TE","Team":"CAR","PassingYDS":"","PassingTD":"","PassingInt":"","RushingYDS":"","RushingTD":"","ReceivingRec":"36","ReceivingYDS":"333","ReceivingTD":"2","RetTD":"","FumTD":"","2PT":"","Fum":"","FanPtsAgainst-pts":"4.56","TouchCarries":"","TouchReceptions":"36","Touches":"36","TargetsReceptions":"36","Targets":"49","ReceptionPercentage":"73","RzTarget":"7","RzTouch":"5","RzG2G":"2","Rank":21,"TotalPoints":"65.00"},{"PlayerName":"Ricky Seals-Jones","PlayerId":"2559248","Pos":"TE","Team":"WAS","PassingYDS":"","PassingTD":"","PassingInt":"","RushingYDS":"","RushingTD":"","ReceivingRec":"34","ReceivingYDS":"343","ReceivingTD":"1","RetTD":"","FumTD":"","2PT":"","Fum":"","FanPtsAgainst-pts":"8.24","TouchCarries":"","TouchReceptions":"34","Touches":"34","TargetsReceptions":"34","Targets":"69","ReceptionPercentage":"49","RzTarget":"4","RzTouch":"","RzG2G":"3","Rank":22,"TotalPoints":"61.70"},{"PlayerName":"Nick Vannett","PlayerId":"2555289","Pos":"TE","Team":"NO","PassingYDS":"","PassingTD":"","PassingInt":"","RushingYDS":"","RushingTD":"","ReceivingRec":"29","ReceivingYDS":"269","ReceivingTD":"3","RetTD":"","FumTD":"","2PT":"","Fum":"1","FanPtsAgainst-pts":"6.58","TouchCarries":"","TouchReceptions":"29","Touches":"29","TargetsReceptions":"29","Targets":"43","ReceptionPercentage":"67","RzTarget":"6","RzTouch":"5","RzG2G":"3","Rank":23,"TotalPoints":"57.40"},{"PlayerName":"Jason Croom","PlayerId":"2559159","Pos":"TE","Team":"PHI","PassingYDS":"","PassingTD":"","PassingInt":"","RushingYDS":"","RushingTD":"","ReceivingRec":"22","ReceivingYDS":"259","ReceivingTD":"1","RetTD":"","FumTD":"1","2PT":"","Fum":"2","FanPtsAgainst-pts":"7.04","TouchCarries":"","TouchReceptions":"22","Touches":"22","TargetsReceptions":"22","Targets":"35","ReceptionPercentage":"63","RzTarget":"1","RzTouch":"1","RzG2G":"","Rank":24,"TotalPoints":"56.80"},{"PlayerName":"Jonnu Smith","PlayerId":"2558207","Pos":"TE","Team":"NE","PassingYDS":"","PassingTD":"","PassingInt":"","RushingYDS":"","RushingTD":"","ReceivingRec":"20","ReceivingYDS":"258","ReceivingTD":"3","RetTD":"","FumTD":"","2PT":"","Fum":"1","FanPtsAgainst-pts":"4.09","TouchCarries":"","TouchReceptions":"20","Touches":"20","TargetsReceptions":"20","Targets":"30","ReceptionPercentage":"67","RzTarget":"5","RzTouch":"3","RzG2G":"3","Rank":25,"TotalPoints":"53.50"},{"PlayerName":"Tyler Higbee","PlayerId":"2555364","Pos":"TE","Team":"LA","PassingYDS":"","PassingTD":"","PassingInt":"","RushingYDS":"","RushingTD":"","ReceivingRec":"24","ReceivingYDS":"292","ReceivingTD":"2","RetTD":"","FumTD":"","2PT":"","Fum":"1","FanPtsAgainst-pts":null,"TouchCarries":null,"TouchReceptions":null,"Touches":null,"TargetsReceptions":null,"Targets":null,"ReceptionPercentage":null,"RzTarget":null,"RzTouch":null,"RzG2G":null,"Rank":26,"TotalPoints":"52.20"},{"PlayerName":"Jack Doyle","PlayerId":"2540232","Pos":"TE","Team":"IND","PassingYDS":"","PassingTD":"","PassingInt":"","RushingYDS":"","RushingTD":"","ReceivingRec":"26","ReceivingYDS":"245","ReceivingTD":"2","RetTD":"","FumTD":"","2PT":"","Fum":"1","FanPtsAgainst-pts":"3.08","TouchCarries":"","TouchReceptions":"26","Touches":"26","TargetsReceptions":"26","Targets":"33","ReceptionPercentage":"79","RzTarget":"7","RzTouch":"6","RzG2G":"4","Rank":27,"TotalPoints":"50.90"},{"PlayerName":"Levine Toilolo","PlayerId":"2540203","Pos":"TE","Team":"NYG","PassingYDS":"","PassingTD":"","PassingInt":"","RushingYDS":"","RushingTD":"","ReceivingRec":"21","ReceivingYDS":"263","ReceivingTD":"1","RetTD":"","FumTD":"","2PT":"","Fum":"","FanPtsAgainst-pts":"3.72","TouchCarries":"","TouchReceptions":"21","Touches":"21","TargetsReceptions":"21","Targets":"24","ReceptionPercentage":"88","RzTarget":"2","RzTouch":"1","RzG2G":"","Rank":28,"TotalPoints":"46.20"},{"PlayerName":"Geoff Swaim","PlayerId":"2553454","Pos":"TE","Team":"TEN","PassingYDS":"","PassingTD":"","PassingInt":"","RushingYDS":"","RushingTD":"","ReceivingRec":"26","ReceivingYDS":"242","ReceivingTD":"1","RetTD":"","FumTD":"","2PT":"","Fum":"","FanPtsAgainst-pts":"6.36","TouchCarries":"","TouchReceptions":"26","Touches":"26","TargetsReceptions":"26","Targets":"32","ReceptionPercentage":"81","RzTarget":"4","RzTouch":"3","RzG2G":"2","Rank":29,"TotalPoints":"45.70"},{"PlayerName":"Demetrius Harris","PlayerId":"2541187","Pos":"TE","Team":"ARI","PassingYDS":"","PassingTD":"","PassingInt":"","RushingYDS":"","RushingTD":"","ReceivingRec":"12","ReceivingYDS":"164","ReceivingTD":"3","RetTD":"","FumTD":"","2PT":"","Fum":"","FanPtsAgainst-pts":null,"TouchCarries":null,"TouchReceptions":null,"Touches":null,"TargetsReceptions":null,"Targets":null,"ReceptionPercentage":null,"RzTarget":null,"RzTouch":null,"RzG2G":null,"Rank":30,"TotalPoints":"44.60"},{"PlayerName":"Ryan Griffin","PlayerId":"2541316","Pos":"TE","Team":"NYJ","PassingYDS":"","PassingTD":"","PassingInt":"","RushingYDS":"","RushingTD":"","ReceivingRec":"24","ReceivingYDS":"305","ReceivingTD":"","RetTD":"","FumTD":"","2PT":"","Fum":"","FanPtsAgainst-pts":"3.83","TouchCarries":"","TouchReceptions":"24","Touches":"24","TargetsReceptions":"24","Targets":"43","ReceptionPercentage":"56","RzTarget":"10","RzTouch":"2","RzG2G":"5","Rank":31,"TotalPoints":"42.50"},{"PlayerName":"Anthony Firkser","PlayerId":"2558942","Pos":"TE","Team":"TEN","PassingYDS":"","PassingTD":"","PassingInt":"","RushingYDS":"","RushingTD":"","ReceivingRec":"19","ReceivingYDS":"225","ReceivingTD":"1","RetTD":"","FumTD":"","2PT":"","Fum":"","FanPtsAgainst-pts":"6.36","TouchCarries":"","TouchReceptions":"19","Touches":"19","TargetsReceptions":"19","Targets":"20","ReceptionPercentage":"95","RzTarget":"4","RzTouch":"4","RzG2G":"","Rank":32,"TotalPoints":"39.70"},{"PlayerName":"James O'Shaughnessy","PlayerId":"2553318","Pos":"TE","Team":"JAX","PassingYDS":"","PassingTD":"","PassingInt":"","RushingYDS":"","RushingTD":"","ReceivingRec":"24","ReceivingYDS":"214","ReceivingTD":"","RetTD":"","FumTD":"","2PT":"","Fum":"","FanPtsAgainst-pts":"4.05","TouchCarries":"","TouchReceptions":"24","Touches":"24","TargetsReceptions":"24","Targets":"38","ReceptionPercentage":"63","RzTarget":"2","RzTouch":"2","RzG2G":"","Rank":33,"TotalPoints":"39.50"},{"PlayerName":"Luke Stocker","PlayerId":"2495234","Pos":"TE","Team":"MIN","PassingYDS":"","PassingTD":"","PassingInt":"","RushingYDS":"","RushingTD":"","ReceivingRec":"15","ReceivingYDS":"165","ReceivingTD":"2","RetTD":"","FumTD":"","2PT":"","Fum":"","FanPtsAgainst-pts":"2.84","TouchCarries":"1","TouchReceptions":"15","Touches":"16","TargetsReceptions":"15","Targets":"21","ReceptionPercentage":"71","RzTarget":"1","RzTouch":"2","RzG2G":"1","Rank":34,"TotalPoints":"38.50"},{"PlayerName":"Darren Fells","PlayerId":"2540928","Pos":"TE","Team":"TB","PassingYDS":"","PassingTD":"","PassingInt":"","RushingYDS":"","RushingTD":"","ReceivingRec":"11","ReceivingYDS":"117","ReceivingTD":"3","RetTD":"","FumTD":"","2PT":"","Fum":"","FanPtsAgainst-pts":"5.74","TouchCarries":"","TouchReceptions":"11","Touches":"11","TargetsReceptions":"11","Targets":"12","ReceptionPercentage":"92","RzTarget":"2","RzTouch":"2","RzG2G":"2","Rank":35,"TotalPoints":"36.00"},{"PlayerName":"Maxx Williams","PlayerId":"2552468","Pos":"TE","Team":"ARI","PassingYDS":"","PassingTD":"","PassingInt":"","RushingYDS":"8","RushingTD":"","ReceivingRec":"16","ReceivingYDS":"143","ReceivingTD":"1","RetTD":"","FumTD":"","2PT":"","Fum":"","FanPtsAgainst-pts":null,"TouchCarries":null,"TouchReceptions":null,"Touches":null,"TargetsReceptions":null,"Targets":null,"ReceptionPercentage":null,"RzTarget":null,"RzTouch":null,"RzG2G":null,"Rank":36,"TotalPoints":"35.90"},{"PlayerName":"Josh Hill","PlayerId":"2541834","Pos":"TE","Team":"FA","PassingYDS":"","PassingTD":"","PassingInt":"","RushingYDS":"","RushingTD":"","ReceivingRec":"16","ReceivingYDS":"185","ReceivingTD":"1","RetTD":"","FumTD":"","2PT":"","Fum":"","FanPtsAgainst-pts":null,"TouchCarries":null,"TouchReceptions":null,"Touches":null,"TargetsReceptions":null,"Targets":null,"ReceptionPercentage":null,"RzTarget":null,"RzTouch":null,"RzG2G":null,"Rank":37,"TotalPoints":"34.20"},{"PlayerName":"Lee Smith","PlayerId":"2495347","Pos":"TE","Team":"ATL","PassingYDS":"","PassingTD":"","PassingInt":"","RushingYDS":"","RushingTD":"","ReceivingRec":"10","ReceivingYDS":"73","ReceivingTD":"3","RetTD":"","FumTD":"","2PT":"","Fum":"","FanPtsAgainst-pts":"7.44","TouchCarries":"","TouchReceptions":"10","Touches":"10","TargetsReceptions":"10","Targets":"11","ReceptionPercentage":"91","RzTarget":"4","RzTouch":"4","RzG2G":"4","Rank":38,"TotalPoints":"33.70"},{"PlayerName":"Jordan Akins","PlayerId":"2560951","Pos":"TE","Team":"HOU","PassingYDS":"","PassingTD":"","PassingInt":"","RushingYDS":"","RushingTD":"","ReceivingRec":"17","ReceivingYDS":"225","ReceivingTD":"","RetTD":"","FumTD":"","2PT":"","Fum":"","FanPtsAgainst-pts":"4.09","TouchCarries":"","TouchReceptions":"17","Touches":"17","TargetsReceptions":"17","Targets":"25","ReceptionPercentage":"68","RzTarget":"2","RzTouch":"","RzG2G":"1","Rank":39,"TotalPoints":"32.70"},{"PlayerName":"Will Dissly","PlayerId":"2561046","Pos":"TE","Team":"SEA","PassingYDS":"","PassingTD":"","PassingInt":"","RushingYDS":"","RushingTD":"","ReceivingRec":"8","ReceivingYDS":"156","ReceivingTD":"2","RetTD":"","FumTD":"","2PT":"","Fum":"","FanPtsAgainst-pts":"5.67","TouchCarries":"","TouchReceptions":"8","Touches":"8","TargetsReceptions":"8","Targets":"14","ReceptionPercentage":"57","RzTarget":"2","RzTouch":"2","RzG2G":"1","Rank":40,"TotalPoints":"31.60"},{"PlayerName":"Tyler Eifert","PlayerId":"2540148","Pos":"TE","Team":"FA","PassingYDS":"","PassingTD":"","PassingInt":"","RushingYDS":"","RushingTD":"","ReceivingRec":"15","ReceivingYDS":"179","ReceivingTD":"1","RetTD":"","FumTD":"","2PT":"","Fum":"","FanPtsAgainst-pts":null,"TouchCarries":null,"TouchReceptions":null,"Touches":null,"TargetsReceptions":null,"Targets":null,"ReceptionPercentage":null,"RzTarget":null,"RzTouch":null,"RzG2G":null,"Rank":41,"TotalPoints":"31.40"},{"PlayerName":"Mike Gesicki","PlayerId":"2560994","Pos":"TE","Team":"MIA","PassingYDS":"","PassingTD":"","PassingInt":"","RushingYDS":"","RushingTD":"","ReceivingRec":"22","ReceivingYDS":"202","ReceivingTD":"","RetTD":"","FumTD":"","2PT":"","Fum":"1","FanPtsAgainst-pts":"6.28","TouchCarries":"","TouchReceptions":"22","Touches":"22","TargetsReceptions":"22","Targets":"32","ReceptionPercentage":"69","RzTarget":"6","RzTouch":"3","RzG2G":"2","Rank":42,"TotalPoints":"30.90"},{"PlayerName":"Mo Alie-Cox","PlayerId":"2558832","Pos":"TE","Team":"IND","PassingYDS":"","PassingTD":"","PassingInt":"","RushingYDS":"","RushingTD":"","ReceivingRec":"7","ReceivingYDS":"133","ReceivingTD":"2","RetTD":"","FumTD":"","2PT":"","Fum":"","FanPtsAgainst-pts":"3.08","TouchCarries":"","TouchReceptions":"7","Touches":"7","TargetsReceptions":"7","Targets":"13","ReceptionPercentage":"54","RzTarget":"3","RzTouch":"2","RzG2G":"2","Rank":43,"TotalPoints":"30.50"},{"PlayerName":"Derek Carrier","PlayerId":"2534241","Pos":"TE","Team":"LV","PassingYDS":"","PassingTD":"","PassingInt":"","RushingYDS":"","RushingTD":"","ReceivingRec":"7","ReceivingYDS":"67","ReceivingTD":"1","RetTD":"","FumTD":"","2PT":"","Fum":"","FanPtsAgainst-pts":"4.73","TouchCarries":"","TouchReceptions":"7","Touches":"7","TargetsReceptions":"7","Targets":"12","ReceptionPercentage":"58","RzTarget":"2","RzTouch":"1","RzG2G":"2","Rank":44,"TotalPoints":"29.70"},{"PlayerName":"Hayden Hurst","PlayerId":"2560747","Pos":"TE","Team":"ATL","PassingYDS":"","PassingTD":"","PassingInt":"","RushingYDS":"","RushingTD":"","ReceivingRec":"13","ReceivingYDS":"163","ReceivingTD":"1","RetTD":"","FumTD":"","2PT":"","Fum":"","FanPtsAgainst-pts":"7.44","TouchCarries":"1","TouchReceptions":"13","Touches":"14","TargetsReceptions":"13","Targets":"23","ReceptionPercentage":"57","RzTarget":"1","RzTouch":"","RzG2G":"","Rank":45,"TotalPoints":"28.80"},{"PlayerName":"Dan Arnold","PlayerId":"2559385","Pos":"TE","Team":"JAX","PassingYDS":"","PassingTD":"","PassingInt":"","RushingYDS":"","RushingTD":"","ReceivingRec":"12","ReceivingYDS":"150","ReceivingTD":"1","RetTD":"","FumTD":"","2PT":"","Fum":"1","FanPtsAgainst-pts":"4.05","TouchCarries":"","TouchReceptions":"12","Touches":"12","TargetsReceptions":"12","Targets":"19","ReceptionPercentage":"63","RzTarget":"1","RzTouch":"","RzG2G":"","Rank":46,"TotalPoints":"25.00"},{"PlayerName":"MyCole Pruitt","PlayerId":"2552401","Pos":"TE","Team":"TEN","PassingYDS":"","PassingTD":"","PassingInt":"","RushingYDS":"","RushingTD":"","ReceivingRec":"9","ReceivingYDS":"102","ReceivingTD":"1","RetTD":"","FumTD":"","2PT":"","Fum":"","FanPtsAgainst-pts":"6.36","TouchCarries":"","TouchReceptions":"9","Touches":"9","TargetsReceptions":"9","Targets":"11","ReceptionPercentage":"82","RzTarget":"3","RzTouch":"3","RzG2G":"1","Rank":47,"TotalPoints":"22.40"},{"PlayerName":"Logan Thomas","PlayerId":"2543767","Pos":"TE","Team":"WAS","PassingYDS":"15","PassingTD":"","PassingInt":"","RushingYDS":"","RushingTD":"","ReceivingRec":"12","ReceivingYDS":"77","ReceivingTD":"","RetTD":"","FumTD":"","2PT":"","Fum":"","FanPtsAgainst-pts":"8.24","TouchCarries":"","TouchReceptions":"12","Touches":"12","TargetsReceptions":"12","Targets":"17","ReceptionPercentage":"71","RzTarget":"","RzTouch":"","RzG2G":"","Rank":48,"TotalPoints":"22.00"},{"PlayerName":"Eric Tomlinson","PlayerId":"2553744","Pos":"TE","Team":"BAL","PassingYDS":"","PassingTD":"","PassingInt":"","RushingYDS":"","RushingTD":"","ReceivingRec":"8","ReceivingYDS":"72","ReceivingTD":"","RetTD":"","FumTD":"","2PT":"","Fum":"","FanPtsAgainst-pts":"8.36","TouchCarries":"","TouchReceptions":"8","Touches":"8","TargetsReceptions":"8","Targets":"14","ReceptionPercentage":"57","RzTarget":"","RzTouch":"","RzG2G":"","Rank":49,"TotalPoints":"21.40"},{"PlayerName":"Dalton Schultz","PlayerId":"2560866","Pos":"TE","Team":"DAL","PassingYDS":"","PassingTD":"","PassingInt":"","RushingYDS":"","RushingTD":"","ReceivingRec":"12","ReceivingYDS":"116","ReceivingTD":"","RetTD":"","FumTD":"","2PT":"","Fum":"","FanPtsAgainst-pts":"5.04","TouchCarries":"","TouchReceptions":"12","Touches":"12","TargetsReceptions":"12","Targets":"17","ReceptionPercentage":"71","RzTarget":"3","RzTouch":"1","RzG2G":"2","Rank":50,"TotalPoints":"20.30"},{"PlayerName":"Seth DeValve","PlayerId":"2556365","Pos":"TE","Team":"FA","PassingYDS":"","PassingTD":"","PassingInt":"","RushingYDS":"","RushingTD":"","ReceivingRec":"5","ReceivingYDS":"74","ReceivingTD":"1","RetTD":"","FumTD":"","2PT":"","Fum":"","FanPtsAgainst-pts":null,"TouchCarries":null,"TouchReceptions":null,"Touches":null,"TargetsReceptions":null,"Targets":null,"ReceptionPercentage":null,"RzTarget":null,"RzTouch":null,"RzG2G":null,"Rank":51,"TotalPoints":"20.10"},{"PlayerName":"Robert Tonyan","PlayerId":"2559270","Pos":"TE","Team":"GB","PassingYDS":"","PassingTD":"","PassingInt":"","RushingYDS":"","RushingTD":"","ReceivingRec":"4","ReceivingYDS":"77","ReceivingTD":"1","RetTD":"","FumTD":"","2PT":"","Fum":"","FanPtsAgainst-pts":"5.09","TouchCarries":"","TouchReceptions":"4","Touches":"4","TargetsReceptions":"4","Targets":"6","ReceptionPercentage":"67","RzTarget":"","RzTouch":"","RzG2G":"","Rank":52,"TotalPoints":"17.40"},{"PlayerName":"Luke Willson","PlayerId":"2541199","Pos":"TE","Team":"FA","PassingYDS":"","PassingTD":"","PassingInt":"","RushingYDS":"","RushingTD":"","ReceivingRec":"13","ReceivingYDS":"87","ReceivingTD":"","RetTD":"","FumTD":"","2PT":"","Fum":"","FanPtsAgainst-pts":null,"TouchCarries":null,"TouchReceptions":null,"Touches":null,"TargetsReceptions":null,"Targets":null,"ReceptionPercentage":null,"RzTarget":null,"RzTouch":null,"RzG2G":null,"Rank":53,"TotalPoints":"16.90"},{"PlayerName":"Adam Shaheen","PlayerId":"2558144","Pos":"TE","Team":"MIA","PassingYDS":"","PassingTD":"","PassingInt":"","RushingYDS":"","RushingTD":"","ReceivingRec":"5","ReceivingYDS":"48","ReceivingTD":"1","RetTD":"","FumTD":"","2PT":"1","Fum":"","FanPtsAgainst-pts":"6.28","TouchCarries":"","TouchReceptions":"5","Touches":"5","TargetsReceptions":"5","Targets":"6","ReceptionPercentage":"83","RzTarget":"1","RzTouch":"1","RzG2G":"1","Rank":54,"TotalPoints":"15.30"},{"PlayerName":"Darren Waller","PlayerId":"2552408","Pos":"TE","Team":"LV","PassingYDS":"","PassingTD":"","PassingInt":"","RushingYDS":"21","RushingTD":"","ReceivingRec":"6","ReceivingYDS":"75","ReceivingTD":"","RetTD":"","FumTD":"","2PT":"","Fum":"","FanPtsAgainst-pts":"4.73","TouchCarries":"1","TouchReceptions":"6","Touches":"7","TargetsReceptions":"6","Targets":"6","ReceptionPercentage":"100","RzTarget":"","RzTouch":"","RzG2G":"","Rank":55,"TotalPoints":"14.30"},{"PlayerName":"Jake Butt","PlayerId":"2557859","Pos":"TE","Team":"FA","PassingYDS":"","PassingTD":"","PassingInt":"","RushingYDS":"","RushingTD":"","ReceivingRec":"8","ReceivingYDS":"85","ReceivingTD":"","RetTD":"","FumTD":"","2PT":"","Fum":"","FanPtsAgainst-pts":null,"TouchCarries":null,"TouchReceptions":null,"Touches":null,"TargetsReceptions":null,"Targets":null,"ReceptionPercentage":null,"RzTarget":null,"RzTouch":null,"RzG2G":null,"Rank":56,"TotalPoints":"14.20"},{"PlayerName":"Jeremy Sprinkle","PlayerId":"2557886","Pos":"TE","Team":"DAL","PassingYDS":"","PassingTD":"","PassingInt":"","RushingYDS":"","RushingTD":"","ReceivingRec":"5","ReceivingYDS":"41","ReceivingTD":"1","RetTD":"","FumTD":"","2PT":"","Fum":"","FanPtsAgainst-pts":"5.04","TouchCarries":"","TouchReceptions":"5","Touches":"5","TargetsReceptions":"5","Targets":"9","ReceptionPercentage":"56","RzTarget":"4","RzTouch":"2","RzG2G":"3","Rank":57,"TotalPoints":"13.60"},{"PlayerName":"Antony Auclair","PlayerId":"2559044","Pos":"TE","Team":"HOU","PassingYDS":"","PassingTD":"","PassingInt":"","RushingYDS":"","RushingTD":"","ReceivingRec":"7","ReceivingYDS":"48","ReceivingTD":"","RetTD":"","FumTD":"","2PT":"","Fum":"","FanPtsAgainst-pts":"4.09","TouchCarries":"","TouchReceptions":"7","Touches":"7","TargetsReceptions":"7","Targets":"8","ReceptionPercentage":"88","RzTarget":"","RzTouch":"","RzG2G":"","Rank":58,"TotalPoints":"13.50"},{"PlayerName":"Blake Bell","PlayerId":"2552478","Pos":"TE","Team":"KC","PassingYDS":"","PassingTD":"","PassingInt":"","RushingYDS":"","RushingTD":"","ReceivingRec":"8","ReceivingYDS":"67","ReceivingTD":"","RetTD":"","FumTD":"","2PT":"","Fum":"","FanPtsAgainst-pts":null,"TouchCarries":null,"TouchReceptions":null,"Touches":null,"TargetsReceptions":null,"Targets":null,"ReceptionPercentage":null,"RzTarget":null,"RzTouch":null,"RzG2G":null,"Rank":59,"TotalPoints":"12.40"},{"PlayerName":"Chris Manhertz","PlayerId":"2552622","Pos":"TE","Team":"JAX","PassingYDS":"","PassingTD":"","PassingInt":"","RushingYDS":"","RushingTD":"","ReceivingRec":"2","ReceivingYDS":"52","ReceivingTD":"1","RetTD":"","FumTD":"","2PT":"","Fum":"","FanPtsAgainst-pts":"4.05","TouchCarries":"","TouchReceptions":"2","Touches":"2","TargetsReceptions":"2","Targets":"5","ReceptionPercentage":"40","RzTarget":"1","RzTouch":"","RzG2G":"","Rank":60,"TotalPoints":"12.20"},{"PlayerName":"Tyler Conklin","PlayerId":"2561027","Pos":"TE","Team":"MIN","PassingYDS":"","PassingTD":"","PassingInt":"","RushingYDS":"","RushingTD":"","ReceivingRec":"5","ReceivingYDS":"77","ReceivingTD":"","RetTD":"","FumTD":"","2PT":"","Fum":"","FanPtsAgainst-pts":"2.84","TouchCarries":"","TouchReceptions":"5","Touches":"5","TargetsReceptions":"5","Targets":"7","ReceptionPercentage":"71","RzTarget":"","RzTouch":"","RzG2G":"","Rank":61,"TotalPoints":"11.90"},{"PlayerName":"Eric Saubert","PlayerId":"2558023","Pos":"TE","Team":"DEN","PassingYDS":"","PassingTD":"","PassingInt":"","RushingYDS":"","RushingTD":"","ReceivingRec":"5","ReceivingYDS":"48","ReceivingTD":"","RetTD":"","FumTD":"","2PT":"","Fum":"","FanPtsAgainst-pts":"3.99","TouchCarries":"","TouchReceptions":"5","Touches":"5","TargetsReceptions":"5","Targets":"9","ReceptionPercentage":"56","RzTarget":"1","RzTouch":"","RzG2G":"1","Rank":62,"TotalPoints":"10.60"},{"PlayerName":"Durham Smythe","PlayerId":"2560880","Pos":"TE","Team":"MIA","PassingYDS":"","PassingTD":"","PassingInt":"","RushingYDS":"","RushingTD":"","ReceivingRec":"6","ReceivingYDS":"50","ReceivingTD":"","RetTD":"","FumTD":"","2PT":"","Fum":"","FanPtsAgainst-pts":"6.28","TouchCarries":"","TouchReceptions":"6","Touches":"6","TargetsReceptions":"6","Targets":"11","ReceptionPercentage":"55","RzTarget":"","RzTouch":"","RzG2G":"","Rank":63,"TotalPoints":"9.00"},{"PlayerName":"Jacob Hollister","PlayerId":"2558956","Pos":"TE","Team":"JAX","PassingYDS":"","PassingTD":"","PassingInt":"","RushingYDS":"","RushingTD":"","ReceivingRec":"4","ReceivingYDS":"52","ReceivingTD":"","RetTD":"","FumTD":"","2PT":"","Fum":"","FanPtsAgainst-pts":"4.05","TouchCarries":"","TouchReceptions":"4","Touches":"4","TargetsReceptions":"4","Targets":"5","ReceptionPercentage":"80","RzTarget":"","RzTouch":"","RzG2G":"","Rank":64,"TotalPoints":"8.90"},{"PlayerName":"Tyler Kroft","PlayerId":"2552586","Pos":"TE","Team":"NYJ","PassingYDS":"","PassingTD":"","PassingInt":"","RushingYDS":"","RushingTD":"","ReceivingRec":"4","ReceivingYDS":"36","ReceivingTD":"","RetTD":"","FumTD":"","2PT":"","Fum":"","FanPtsAgainst-pts":"3.83","TouchCarries":"","TouchReceptions":"4","Touches":"4","TargetsReceptions":"4","Targets":"6","ReceptionPercentage":"67","RzTarget":"2","RzTouch":"1","RzG2G":"1","Rank":65,"TotalPoints":"7.30"},{"PlayerName":"Marcedes Lewis","PlayerId":"2495888","Pos":"TE","Team":"GB","PassingYDS":"","PassingTD":"","PassingInt":"","RushingYDS":"","RushingTD":"","ReceivingRec":"3","ReceivingYDS":"39","ReceivingTD":"","RetTD":"","FumTD":"","2PT":"","Fum":"","FanPtsAgainst-pts":"5.09","TouchCarries":"","TouchReceptions":"3","Touches":"3","TargetsReceptions":"3","Targets":"4","ReceptionPercentage":"75","RzTarget":"1","RzTouch":"","RzG2G":"","Rank":66,"TotalPoints":"5.40"},{"PlayerName":"Darrell Daniels","PlayerId":"2558886","Pos":"TE","Team":"ARI","PassingYDS":"","PassingTD":"","PassingInt":"","RushingYDS":"","RushingTD":"","ReceivingRec":"","ReceivingYDS":"","ReceivingTD":"","RetTD":"","FumTD":"","2PT":"","Fum":"","FanPtsAgainst-pts":null,"TouchCarries":null,"TouchReceptions":null,"Touches":null,"TargetsReceptions":null,"Targets":null,"ReceptionPercentage":null,"RzTarget":null,"RzTouch":null,"RzG2G":null,"Rank":67,"TotalPoints":"5.10"},{"PlayerName":"Ross Dwelley","PlayerId":"2561060","Pos":"TE","Team":"SF","PassingYDS":"","PassingTD":"","PassingInt":"","RushingYDS":"","RushingTD":"","ReceivingRec":"2","ReceivingYDS":"14","ReceivingTD":"","RetTD":"","FumTD":"","2PT":"","Fum":"","FanPtsAgainst-pts":"8.43","TouchCarries":"","TouchReceptions":"2","Touches":"2","TargetsReceptions":"2","Targets":"2","ReceptionPercentage":"100","RzTarget":"1","RzTouch":"1","RzG2G":"","Rank":68,"TotalPoints":"4.10"},{"PlayerName":"Richard Rodgers","PlayerId":"2550313","Pos":"TE","Team":"PHI","PassingYDS":"","PassingTD":"","PassingInt":"","RushingYDS":"","RushingTD":"","ReceivingRec":"1","ReceivingYDS":"7","ReceivingTD":"","RetTD":"","FumTD":"","2PT":"","Fum":"","FanPtsAgainst-pts":"7.04","TouchCarries":"","TouchReceptions":"1","Touches":"1","TargetsReceptions":"1","Targets":"1","ReceptionPercentage":"100","RzTarget":"","RzTouch":"","RzG2G":"","Rank":69,"TotalPoints":"2.90"},{"PlayerName":"Daniel Brown","PlayerId":"2553900","Pos":"TE","Team":"FA","PassingYDS":"","PassingTD":"","PassingInt":"","RushingYDS":"","RushingTD":"","ReceivingRec":"","ReceivingYDS":"","ReceivingTD":"","RetTD":"","FumTD":"","2PT":"","Fum":"","FanPtsAgainst-pts":null,"TouchCarries":null,"TouchReceptions":null,"Touches":null,"TargetsReceptions":null,"Targets":null,"ReceptionPercentage":null,"RzTarget":null,"RzTouch":null,"RzG2G":null,"Rank":70,"TotalPoints":"1.60"},{"PlayerName":"Johnny Mundt","PlayerId":"2558875","Pos":"TE","Team":"LA","PassingYDS":"","PassingTD":"","PassingInt":"","RushingYDS":"","RushingTD":"","ReceivingRec":"1","ReceivingYDS":"5","ReceivingTD":"","RetTD":"","FumTD":"","2PT":"","Fum":"","FanPtsAgainst-pts":null,"TouchCarries":null,"TouchReceptions":null,"Touches":null,"TargetsReceptions":null,"Targets":null,"ReceptionPercentage":null,"RzTarget":null,"RzTouch":null,"RzG2G":null,"Rank":71,"TotalPoints":"1.00"},{"PlayerName":"Stephen Anderson","PlayerId":"2556463","Pos":"TE","Team":"LAC","PassingYDS":"","PassingTD":"","PassingInt":"","RushingYDS":"","RushingTD":"","ReceivingRec":"","ReceivingYDS":"","ReceivingTD":"","RetTD":"","FumTD":"","2PT":"","Fum":"","FanPtsAgainst-pts":"4.18","TouchCarries":"","TouchReceptions":"","Touches":"","TargetsReceptions":"","Targets":"","ReceptionPercentage":"","RzTarget":"","RzTouch":"","RzG2G":"","Rank":72,"TotalPoints":"0.00"},{"PlayerName":"Devin Asiasi","PlayerId":"2564586","Pos":"TE","Team":"NE","PassingYDS":"","PassingTD":"","PassingInt":"","RushingYDS":"","RushingTD":"","ReceivingRec":"","ReceivingYDS":"","ReceivingTD":"","RetTD":"","FumTD":"","2PT":"","Fum":"","FanPtsAgainst-pts":"4.09","TouchCarries":"","TouchReceptions":"","Touches":"","TargetsReceptions":"","Targets":"","ReceptionPercentage":"","RzTarget":"","RzTouch":"","RzG2G":"","Rank":73,"TotalPoints":"0.00"},{"PlayerName":"John Bates","PlayerId":"2566580","Pos":"TE","Team":"WAS","PassingYDS":"","PassingTD":"","PassingInt":"","RushingYDS":"","RushingTD":"","ReceivingRec":"","ReceivingYDS":"","ReceivingTD":"","RetTD":"","FumTD":"","2PT":"","Fum":"","FanPtsAgainst-pts":"8.24","TouchCarries":"","TouchReceptions":"","Touches":"","TargetsReceptions":"","Targets":"","ReceptionPercentage":"","RzTarget":"","RzTouch":"","RzG2G":"","Rank":74,"TotalPoints":"0.00"},{"PlayerName":"Marcus Baugh","PlayerId":"2560971","Pos":"TE","Team":"FA","PassingYDS":"","PassingTD":"","PassingInt":"","RushingYDS":"","RushingTD":"","ReceivingRec":"","ReceivingYDS":"","ReceivingTD":"","RetTD":"","FumTD":"","2PT":"","Fum":"","FanPtsAgainst-pts":null,"TouchCarries":null,"TouchReceptions":null,"Touches":null,"TargetsReceptions":null,"Targets":null,"ReceptionPercentage":null,"RzTarget":null,"RzTouch":null,"RzG2G":null,"Rank":75,"TotalPoints":"0.00"},{"PlayerName":"Evan Baylis","PlayerId":"2559299","Pos":"TE","Team":"FA","PassingYDS":"","PassingTD":"","PassingInt":"","RushingYDS":"","RushingTD":"","ReceivingRec":"","ReceivingYDS":"","ReceivingTD":"","RetTD":"","FumTD":"","2PT":"","Fum":"","FanPtsAgainst-pts":null,"TouchCarries":null,"TouchReceptions":null,"Touches":null,"TargetsReceptions":null,"Targets":null,"ReceptionPercentage":null,"RzTarget":null,"RzTouch":null,"RzG2G":null,"Rank":76,"TotalPoints":"0.00"},{"PlayerName":"Andrew Beck","PlayerId":"2562626","Pos":"TE","Team":"DEN","PassingYDS":"","PassingTD":"","PassingInt":"","RushingYDS":"","RushingTD":"","ReceivingRec":"","ReceivingYDS":"","ReceivingTD":"","RetTD":"","FumTD":"","2PT":"","Fum":"","FanPtsAgainst-pts":"3.99","TouchCarries":"","TouchReceptions":"","Touches":"","TargetsReceptions":"","Targets":"","ReceptionPercentage":"","RzTarget":"","RzTouch":"","RzG2G":"","Rank":77,"TotalPoints":"0.00"},{"PlayerName":"Nate Becker","PlayerId":"2563191","Pos":"TE","Team":"FA","PassingYDS":"","PassingTD":"","PassingInt":"","RushingYDS":"","RushingTD":"","ReceivingRec":"","ReceivingYDS":"","ReceivingTD":"","RetTD":"","FumTD":"","2PT":"","Fum":"","FanPtsAgainst-pts":null,"TouchCarries":null,"TouchReceptions":null,"Touches":null,"TargetsReceptions":null,"Targets":null,"ReceptionPercentage":null,"RzTarget":null,"RzTouch":null,"RzG2G":null,"Rank":78,"TotalPoints":"0.00"},{"PlayerName":"Ryan Becker","PlayerId":"2564886","Pos":"TE","Team":"FA","PassingYDS":"","PassingTD":"","PassingInt":"","RushingYDS":"","RushingTD":"","ReceivingRec":"","ReceivingYDS":"","ReceivingTD":"","RetTD":"","FumTD":"","2PT":"","Fum":"","FanPtsAgainst-pts":null,"TouchCarries":null,"TouchReceptions":null,"Touches":null,"TargetsReceptions":null,"Targets":null,"ReceptionPercentage":null,"RzTarget":null,"RzTouch":null,"RzG2G":null,"Rank":79,"TotalPoints":"0.00"},{"PlayerName":"Kelvin Benjamin","PlayerId":"2543471","Pos":"TE","Team":"FA","PassingYDS":"","PassingTD":"","PassingInt":"","RushingYDS":"","RushingTD":"","ReceivingRec":"","ReceivingYDS":"","ReceivingTD":"","RetTD":"","FumTD":"","2PT":"","Fum":"","FanPtsAgainst-pts":null,"TouchCarries":null,"TouchReceptions":null,"Touches":null,"TargetsReceptions":null,"Targets":null,"ReceptionPercentage":null,"RzTarget":null,"RzTouch":null,"RzG2G":null,"Rank":80,"TotalPoints":"0.00"},{"PlayerName":"Kendall Blanton","PlayerId":"2562234","Pos":"TE","Team":"LA","PassingYDS":"","PassingTD":"","PassingInt":"","RushingYDS":"","RushingTD":"","ReceivingRec":"","ReceivingYDS":"","ReceivingTD":"","RetTD":"","FumTD":"","2PT":"","Fum":"","FanPtsAgainst-pts":null,"TouchCarries":null,"TouchReceptions":null,"Touches":null,"TargetsReceptions":null,"Targets":null,"ReceptionPercentage":null,"RzTarget":null,"RzTouch":null,"RzG2G":null,"Rank":81,"TotalPoints":"0.00"},{"PlayerName":"Jibri Blount","PlayerId":"2565672","Pos":"TE","Team":"FA","PassingYDS":"","PassingTD":"","PassingInt":"","RushingYDS":"","RushingTD":"","ReceivingRec":"","ReceivingYDS":"","ReceivingTD":"","RetTD":"","FumTD":"","2PT":"","Fum":"","FanPtsAgainst-pts":null,"TouchCarries":null,"TouchReceptions":null,"Touches":null,"TargetsReceptions":null,"Targets":null,"ReceptionPercentage":null,"RzTarget":null,"RzTouch":null,"RzG2G":null,"Rank":82,"TotalPoints":"0.00"},{"PlayerName":"Nick Bowers","PlayerId":"2564415","Pos":"TE","Team":"LV","PassingYDS":"","PassingTD":"","PassingInt":"","RushingYDS":"","RushingTD":"","ReceivingRec":"","ReceivingYDS":"","ReceivingTD":"","RetTD":"","FumTD":"","2PT":"","Fum":"","FanPtsAgainst-pts":"4.73","TouchCarries":"","TouchReceptions":"","Touches":"","TargetsReceptions":"","Targets":"","ReceptionPercentage":"","RzTarget":"","RzTouch":"","RzG2G":"","Rank":83,"TotalPoints":"0.00"},{"PlayerName":"Nick Boyle","PlayerId":"2552402","Pos":"TE","Team":"BAL","PassingYDS":"","PassingTD":"","PassingInt":"","RushingYDS":"","RushingTD":"","ReceivingRec":"","ReceivingYDS":"","ReceivingTD":"","RetTD":"","FumTD":"","2PT":"","Fum":"","FanPtsAgainst-pts":"8.36","TouchCarries":"","TouchReceptions":"","Touches":"","TargetsReceptions":"","Targets":"","ReceptionPercentage":"","RzTarget":"","RzTouch":"","RzG2G":"","Rank":84,"TotalPoints":"0.00"},{"PlayerName":"Jacob Breeland","PlayerId":"2565321","Pos":"TE","Team":"FA","PassingYDS":"","PassingTD":"","PassingInt":"","RushingYDS":"","RushingTD":"","ReceivingRec":"","ReceivingYDS":"","ReceivingTD":"","RetTD":"","FumTD":"","2PT":"","Fum":"","FanPtsAgainst-pts":null,"TouchCarries":null,"TouchReceptions":null,"Touches":null,"TargetsReceptions":null,"Targets":null,"ReceptionPercentage":null,"RzTarget":null,"RzTouch":null,"RzG2G":null,"Rank":85,"TotalPoints":"0.00"},{"PlayerName":"Pharaoh Brown","PlayerId":"2559018","Pos":"TE","Team":"HOU","PassingYDS":"","PassingTD":"","PassingInt":"","RushingYDS":"","RushingTD":"","ReceivingRec":"","ReceivingYDS":"","ReceivingTD":"","RetTD":"","FumTD":"","2PT":"","Fum":"","FanPtsAgainst-pts":"4.09","TouchCarries":"","TouchReceptions":"","Touches":"","TargetsReceptions":"","Targets":"","ReceptionPercentage":"","RzTarget":"","RzTouch":"","RzG2G":"","Rank":86,"TotalPoints":"0.00"},{"PlayerName":"Harrison Bryant","PlayerId":"2563767","Pos":"TE","Team":"CLE","PassingYDS":"","PassingTD":"","PassingInt":"","RushingYDS":"","RushingTD":"","ReceivingRec":"","ReceivingYDS":"","ReceivingTD":"","RetTD":"","FumTD":"","2PT":"","Fum":"","FanPtsAgainst-pts":"7.41","TouchCarries":"","TouchReceptions":"","Touches":"","TargetsReceptions":"","Targets":"","ReceptionPercentage":"","RzTarget":"","RzTouch":"","RzG2G":"","Rank":87,"TotalPoints":"0.00"},{"PlayerName":"Hunter Bryant","PlayerId":"2563923","Pos":"TE","Team":"DET","PassingYDS":"","PassingTD":"","PassingInt":"","RushingYDS":"","RushingTD":"","ReceivingRec":"","ReceivingYDS":"","ReceivingTD":"","RetTD":"","FumTD":"","2PT":"","Fum":"","FanPtsAgainst-pts":"4.30","TouchCarries":"","TouchReceptions":"","Touches":"","TargetsReceptions":"","Targets":"","ReceptionPercentage":"","RzTarget":"","RzTouch":"","RzG2G":"","Rank":88,"TotalPoints":"0.00"},{"PlayerName":"Ian Bunting","PlayerId":"2563073","Pos":"TE","Team":"DAL","PassingYDS":"","PassingTD":"","PassingInt":"","RushingYDS":"","RushingTD":"","ReceivingRec":"","ReceivingYDS":"","ReceivingTD":"","RetTD":"","FumTD":"","2PT":"","Fum":"","FanPtsAgainst-pts":"5.04","TouchCarries":"","TouchReceptions":"","Touches":"","TargetsReceptions":"","Targets":"","ReceptionPercentage":"","RzTarget":"","RzTouch":"","RzG2G":"","Rank":89,"TotalPoints":"0.00"},{"PlayerName":"Matt Bushman","PlayerId":"2565639","Pos":"TE","Team":"LV","PassingYDS":"","PassingTD":"","PassingInt":"","RushingYDS":"","RushingTD":"","ReceivingRec":"","ReceivingYDS":"","ReceivingTD":"","RetTD":"","FumTD":"","2PT":"","Fum":"","FanPtsAgainst-pts":"4.73","TouchCarries":"","TouchReceptions":"","Touches":"","TargetsReceptions":"","Targets":"","ReceptionPercentage":"","RzTarget":"","RzTouch":"","RzG2G":"","Rank":90,"TotalPoints":"0.00"},{"PlayerName":"Stephen Carlson","PlayerId":"2563044","Pos":"TE","Team":"CLE","PassingYDS":"","PassingTD":"","PassingInt":"","RushingYDS":"","RushingTD":"","ReceivingRec":"","ReceivingYDS":"","ReceivingTD":"","RetTD":"","FumTD":"","2PT":"","Fum":"","FanPtsAgainst-pts":"7.41","TouchCarries":"","TouchReceptions":"","Touches":"","TargetsReceptions":"","Targets":"","ReceptionPercentage":"","RzTarget":"","RzTouch":"","RzG2G":"","Rank":91,"TotalPoints":"0.00"},{"PlayerName":"Cethan Carter","PlayerId":"2558929","Pos":"TE","Team":"MIA","PassingYDS":"","PassingTD":"","PassingInt":"","RushingYDS":"","RushingTD":"","ReceivingRec":"","ReceivingYDS":"","ReceivingTD":"","RetTD":"","FumTD":"","2PT":"","Fum":"","FanPtsAgainst-pts":"6.28","TouchCarries":"","TouchReceptions":"","Touches":"","TargetsReceptions":"","Targets":"","ReceptionPercentage":"","RzTarget":"","RzTouch":"","RzG2G":"","Rank":92,"TotalPoints":"0.00"},{"PlayerName":"Darion Clark","PlayerId":"2563434","Pos":"TE","Team":"FA","PassingYDS":"","PassingTD":"","PassingInt":"","RushingYDS":"","RushingTD":"","ReceivingRec":"","ReceivingYDS":"","ReceivingTD":"","RetTD":"","FumTD":"","2PT":"","Fum":"","FanPtsAgainst-pts":null,"TouchCarries":null,"TouchReceptions":null,"Touches":null,"TargetsReceptions":null,"Targets":null,"ReceptionPercentage":null,"RzTarget":null,"RzTouch":null,"RzG2G":null,"Rank":93,"TotalPoints":"0.00"},{"PlayerName":"Dominique Dafney","PlayerId":"2565540","Pos":"TE","Team":"GB","PassingYDS":"","PassingTD":"","PassingInt":"","RushingYDS":"","RushingTD":"","ReceivingRec":"","ReceivingYDS":"","ReceivingTD":"","RetTD":"","FumTD":"","2PT":"","Fum":"","FanPtsAgainst-pts":"5.09","TouchCarries":"","TouchReceptions":"","Touches":"","TargetsReceptions":"","Targets":"","ReceptionPercentage":"","RzTarget":"","RzTouch":"","RzG2G":"","Rank":94,"TotalPoints":"0.00"},{"PlayerName":"Zach Davidson","PlayerId":"2566301","Pos":"TE","Team":"MIN","PassingYDS":"","PassingTD":"","PassingInt":"","RushingYDS":"","RushingTD":"","ReceivingRec":"","ReceivingYDS":"","ReceivingTD":"","RetTD":"","FumTD":"","2PT":"","Fum":"","FanPtsAgainst-pts":"2.84","TouchCarries":"","TouchReceptions":"","Touches":"","TargetsReceptions":"","Targets":"","ReceptionPercentage":"","RzTarget":"","RzTouch":"","RzG2G":"","Rank":95,"TotalPoints":"0.00"},{"PlayerName":"Tyler Davis","PlayerId":"2564178","Pos":"TE","Team":"GB","PassingYDS":"","PassingTD":"","PassingInt":"","RushingYDS":"","RushingTD":"","ReceivingRec":"","ReceivingYDS":"","ReceivingTD":"","RetTD":"","FumTD":"","2PT":"","Fum":"","FanPtsAgainst-pts":"5.09","TouchCarries":"","TouchReceptions":"","Touches":"","TargetsReceptions":"","Targets":"","ReceptionPercentage":"","RzTarget":"","RzTouch":"","RzG2G":"","Rank":96,"TotalPoints":"0.00"},{"PlayerName":"Josiah Deguara","PlayerId":"2563980","Pos":"TE","Team":"GB","PassingYDS":"","PassingTD":"","PassingInt":"","RushingYDS":"","RushingTD":"","ReceivingRec":"","ReceivingYDS":"","ReceivingTD":"","RetTD":"","FumTD":"","2PT":"","Fum":"","FanPtsAgainst-pts":"5.09","TouchCarries":"","TouchReceptions":"","Touches":"","TargetsReceptions":"","Targets":"","ReceptionPercentage":"","RzTarget":"","RzTouch":"","RzG2G":"","Rank":97,"TotalPoints":"0.00"},{"PlayerName":"Brandon Dillon","PlayerId":"2562984","Pos":"TE","Team":"MIN","PassingYDS":"","PassingTD":"","PassingInt":"","RushingYDS":"","RushingTD":"","ReceivingRec":"","ReceivingYDS":"","ReceivingTD":"","RetTD":"","FumTD":"","2PT":"","Fum":"","FanPtsAgainst-pts":"2.84","TouchCarries":"","TouchReceptions":"","Touches":"","TargetsReceptions":"","Targets":"","ReceptionPercentage":"","RzTarget":"","RzTouch":"","RzG2G":"","Rank":98,"TotalPoints":"0.00"},{"PlayerName":"Ben Ellefson","PlayerId":"2564181","Pos":"TE","Team":"MIN","PassingYDS":"","PassingTD":"","PassingInt":"","RushingYDS":"","RushingTD":"","ReceivingRec":"","ReceivingYDS":"","ReceivingTD":"","RetTD":"","FumTD":"","2PT":"","Fum":"","FanPtsAgainst-pts":"2.84","TouchCarries":"","TouchReceptions":"","Touches":"","TargetsReceptions":"","Targets":"","ReceptionPercentage":"","RzTarget":"","RzTouch":"","RzG2G":"","Rank":99,"TotalPoints":"0.00"},{"PlayerName":"Noah Fant","PlayerId":"2562383","Pos":"TE","Team":"DEN","PassingYDS":"","PassingTD":"","PassingInt":"","RushingYDS":"","RushingTD":"","ReceivingRec":"","ReceivingYDS":"","ReceivingTD":"","RetTD":"","FumTD":"","2PT":"","Fum":"","FanPtsAgainst-pts":"3.99","TouchCarries":"","TouchReceptions":"","Touches":"","TargetsReceptions":"","Targets":"","ReceptionPercentage":"","RzTarget":"","RzTouch":"","RzG2G":"","Rank":100,"TotalPoints":"0.00"},{"PlayerName":"Luke Farrell","PlayerId":"2566160","Pos":"TE","Team":"JAX","PassingYDS":"","PassingTD":"","PassingInt":"","RushingYDS":"","RushingTD":"","ReceivingRec":"","ReceivingYDS":"","ReceivingTD":"","RetTD":"","FumTD":"","2PT":"","Fum":"","FanPtsAgainst-pts":"4.05","TouchCarries":"","TouchReceptions":"","Touches":"","TargetsReceptions":"","Targets":"","ReceptionPercentage":"","RzTarget":"","RzTouch":"","RzG2G":"","Rank":101,"TotalPoints":"0.00"},{"PlayerName":"Austin Fort","PlayerId":"2563037","Pos":"TE","Team":"TEN","PassingYDS":"","PassingTD":"","PassingInt":"","RushingYDS":"","RushingTD":"","ReceivingRec":"","ReceivingYDS":"","ReceivingTD":"","RetTD":"","FumTD":"","2PT":"","Fum":"","FanPtsAgainst-pts":"6.36","TouchCarries":"","TouchReceptions":"","Touches":"","TargetsReceptions":"","Targets":"","ReceptionPercentage":"","RzTarget":"","RzTouch":"","RzG2G":"","Rank":102,"TotalPoints":"0.00"},{"PlayerName":"Jody Fortson","PlayerId":"2563259","Pos":"TE","Team":"KC","PassingYDS":"","PassingTD":"","PassingInt":"","RushingYDS":"","RushingTD":"","ReceivingRec":"","ReceivingYDS":"","ReceivingTD":"","RetTD":"","FumTD":"","2PT":"","Fum":"","FanPtsAgainst-pts":null,"TouchCarries":null,"TouchReceptions":null,"Touches":null,"TargetsReceptions":null,"Targets":null,"ReceptionPercentage":null,"RzTarget":null,"RzTouch":null,"RzG2G":null,"Rank":103,"TotalPoints":"0.00"},{"PlayerName":"Jordan Franks","PlayerId":"2561330","Pos":"TE","Team":"FA","PassingYDS":"","PassingTD":"","PassingInt":"","RushingYDS":"","RushingTD":"","ReceivingRec":"","ReceivingYDS":"","ReceivingTD":"","RetTD":"","FumTD":"","2PT":"","Fum":"","FanPtsAgainst-pts":null,"TouchCarries":null,"TouchReceptions":null,"Touches":null,"TargetsReceptions":null,"Targets":null,"ReceptionPercentage":null,"RzTarget":null,"RzTouch":null,"RzG2G":null,"Rank":104,"TotalPoints":"0.00"},{"PlayerName":"Pat Freiermuth","PlayerId":"2566442","Pos":"TE","Team":"PIT","PassingYDS":"","PassingTD":"","PassingInt":"","RushingYDS":"","RushingTD":"","ReceivingRec":"","ReceivingYDS":"","ReceivingTD":"","RetTD":"","FumTD":"","2PT":"","Fum":"","FanPtsAgainst-pts":"7.76","TouchCarries":"","TouchReceptions":"","Touches":"","TargetsReceptions":"","Targets":"","ReceptionPercentage":"","RzTarget":"","RzTouch":"","RzG2G":"","Rank":105,"TotalPoints":"0.00"},{"PlayerName":"Troy Fumagalli","PlayerId":"2560734","Pos":"TE","Team":"NE","PassingYDS":"","PassingTD":"","PassingInt":"","RushingYDS":"","RushingTD":"","ReceivingRec":"","ReceivingYDS":"","ReceivingTD":"","RetTD":"","FumTD":"","2PT":"","Fum":"","FanPtsAgainst-pts":"4.09","TouchCarries":"","TouchReceptions":"","Touches":"","TargetsReceptions":"","Targets":"","ReceptionPercentage":"","RzTarget":"","RzTouch":"","RzG2G":"","Rank":106,"TotalPoints":"0.00"},{"PlayerName":"Zach Gentry","PlayerId":"2562654","Pos":"TE","Team":"PIT","PassingYDS":"","PassingTD":"","PassingInt":"","RushingYDS":"","RushingTD":"","ReceivingRec":"","ReceivingYDS":"","ReceivingTD":"","RetTD":"","FumTD":"","2PT":"","Fum":"","FanPtsAgainst-pts":"7.76","TouchCarries":"","TouchReceptions":"","Touches":"","TargetsReceptions":"","Targets":"","ReceptionPercentage":"","RzTarget":"","RzTouch":"","RzG2G":"","Rank":107,"TotalPoints":"0.00"},{"PlayerName":"Reggie Gilliam","PlayerId":"2565378","Pos":"TE","Team":"BUF","PassingYDS":"","PassingTD":"","PassingInt":"","RushingYDS":"","RushingTD":"","ReceivingRec":"","ReceivingYDS":"","ReceivingTD":"","RetTD":"","FumTD":"","2PT":"","Fum":"","FanPtsAgainst-pts":"5.31","TouchCarries":"","TouchReceptions":"","Touches":"","TargetsReceptions":"","Targets":"","ReceptionPercentage":"","RzTarget":"","RzTouch":"","RzG2G":"","Rank":108,"TotalPoints":"0.00"},{"PlayerName":"Jaeden Graham","PlayerId":"2561622","Pos":"TE","Team":"ATL","PassingYDS":"","PassingTD":"","PassingInt":"","RushingYDS":"","RushingTD":"","ReceivingRec":"","ReceivingYDS":"","ReceivingTD":"","RetTD":"","FumTD":"","2PT":"","Fum":"","FanPtsAgainst-pts":"7.44","TouchCarries":"","TouchReceptions":"","Touches":"","TargetsReceptions":"","Targets":"","ReceptionPercentage":"","RzTarget":"","RzTouch":"","RzG2G":"","Rank":109,"TotalPoints":"0.00"},{"PlayerName":"Kylen Granson","PlayerId":"2566145","Pos":"TE","Team":"IND","PassingYDS":"","PassingTD":"","PassingInt":"","RushingYDS":"","RushingTD":"","ReceivingRec":"","ReceivingYDS":"","ReceivingTD":"","RetTD":"","FumTD":"","2PT":"","Fum":"","FanPtsAgainst-pts":"3.08","TouchCarries":"","TouchReceptions":"","Touches":"","TargetsReceptions":"","Targets":"","ReceptionPercentage":"","RzTarget":"","RzTouch":"","RzG2G":"","Rank":110,"TotalPoints":"0.00"},{"PlayerName":"Noah Gray","PlayerId":"2566178","Pos":"TE","Team":"KC","PassingYDS":"","PassingTD":"","PassingInt":"","RushingYDS":"","RushingTD":"","ReceivingRec":"","ReceivingYDS":"","ReceivingTD":"","RetTD":"","FumTD":"","2PT":"","Fum":"","FanPtsAgainst-pts":null,"TouchCarries":null,"TouchReceptions":null,"Touches":null,"TargetsReceptions":null,"Targets":null,"ReceptionPercentage":null,"RzTarget":null,"RzTouch":null,"RzG2G":null,"Rank":111,"TotalPoints":"0.00"},{"PlayerName":"Farrod Green","PlayerId":"2564121","Pos":"TE","Team":"IND","PassingYDS":"","PassingTD":"","PassingInt":"","RushingYDS":"","RushingTD":"","ReceivingRec":"","ReceivingYDS":"","ReceivingTD":"","RetTD":"","FumTD":"","2PT":"","Fum":"","FanPtsAgainst-pts":"3.08","TouchCarries":"","TouchReceptions":"","Touches":"","TargetsReceptions":"","Targets":"","ReceptionPercentage":"","RzTarget":"","RzTouch":"","RzG2G":"","Rank":112,"TotalPoints":"0.00"},{"PlayerName":"Garrett Griffin","PlayerId":"2557033","Pos":"TE","Team":"NO","PassingYDS":"","PassingTD":"","PassingInt":"","RushingYDS":"","RushingTD":"","ReceivingRec":"","ReceivingYDS":"","ReceivingTD":"","RetTD":"","FumTD":"","2PT":"","Fum":"","FanPtsAgainst-pts":"6.58","TouchCarries":"","TouchReceptions":"","Touches":"","TargetsReceptions":"","Targets":"","ReceptionPercentage":"","RzTarget":"","RzTouch":"","RzG2G":"","Rank":113,"TotalPoints":"0.00"},{"PlayerName":"Nakie Griffin-Stewart","PlayerId":"2564544","Pos":"TE","Team":"FA","PassingYDS":"","PassingTD":"","PassingInt":"","RushingYDS":"","RushingTD":"","ReceivingRec":"","ReceivingYDS":"","ReceivingTD":"","RetTD":"","FumTD":"","2PT":"","Fum":"","FanPtsAgainst-pts":null,"TouchCarries":null,"TouchReceptions":null,"Touches":null,"TargetsReceptions":null,"Targets":null,"ReceptionPercentage":null,"RzTarget":null,"RzTouch":null,"RzG2G":null,"Rank":114,"TotalPoints":"0.00"},{"PlayerName":"Nick Guggemos","PlayerId":"2565804","Pos":"TE","Team":"FA","PassingYDS":"","PassingTD":"","PassingInt":"","RushingYDS":"","RushingTD":"","ReceivingRec":"","ReceivingYDS":"","ReceivingTD":"","RetTD":"","FumTD":"","2PT":"","Fum":"","FanPtsAgainst-pts":null,"TouchCarries":null,"TouchReceptions":null,"Touches":null,"TargetsReceptions":null,"Targets":null,"ReceptionPercentage":null,"RzTarget":null,"RzTouch":null,"RzG2G":null,"Rank":115,"TotalPoints":"0.00"},{"PlayerName":"Jacob Harris","PlayerId":"2566220","Pos":"TE","Team":"LA","PassingYDS":"","PassingTD":"","PassingInt":"","RushingYDS":"","RushingTD":"","ReceivingRec":"","ReceivingYDS":"","ReceivingTD":"","RetTD":"","FumTD":"","2PT":"","Fum":"","FanPtsAgainst-pts":null,"TouchCarries":null,"TouchReceptions":null,"Touches":null,"TargetsReceptions":null,"Targets":null,"ReceptionPercentage":null,"RzTarget":null,"RzTouch":null,"RzG2G":null,"Rank":116,"TotalPoints":"0.00"},{"PlayerName":"Daniel Helm","PlayerId":"2562284","Pos":"TE","Team":"LV","PassingYDS":"","PassingTD":"","PassingInt":"","RushingYDS":"","RushingTD":"","ReceivingRec":"","ReceivingYDS":"","ReceivingTD":"","RetTD":"","FumTD":"","2PT":"","Fum":"","FanPtsAgainst-pts":"4.73","TouchCarries":"","TouchReceptions":"","Touches":"","TargetsReceptions":"","Targets":"","ReceptionPercentage":"","RzTarget":"","RzTouch":"","RzG2G":"","Rank":117,"TotalPoints":"0.00"},{"PlayerName":"Temarrick Hemingway","PlayerId":"2555486","Pos":"TE","Team":"WAS","PassingYDS":"","PassingTD":"","PassingInt":"","RushingYDS":"","RushingTD":"","ReceivingRec":"","ReceivingYDS":"","ReceivingTD":"","RetTD":"","FumTD":"","2PT":"","Fum":"","FanPtsAgainst-pts":"8.24","TouchCarries":"","TouchReceptions":"","Touches":"","TargetsReceptions":"","Targets":"","ReceptionPercentage":"","RzTarget":"","RzTouch":"","RzG2G":"","Rank":118,"TotalPoints":"0.00"},{"PlayerName":"Hunter Henry","PlayerId":"2555341","Pos":"TE","Team":"NE","PassingYDS":"","PassingTD":"","PassingInt":"","RushingYDS":"","RushingTD":"","ReceivingRec":"","ReceivingYDS":"","ReceivingTD":"","RetTD":"","FumTD":"","2PT":"","Fum":"","FanPtsAgainst-pts":"4.09","TouchCarries":"","TouchReceptions":"","Touches":"","TargetsReceptions":"","Targets":"","ReceptionPercentage":"","RzTarget":"","RzTouch":"","RzG2G":"","Rank":119,"TotalPoints":"0.00"},{"PlayerName":"Hale Hentges","PlayerId":"2563066","Pos":"TE","Team":"FA","PassingYDS":"","PassingTD":"","PassingInt":"","RushingYDS":"","RushingTD":"","ReceivingRec":"","ReceivingYDS":"","ReceivingTD":"","RetTD":"","FumTD":"","2PT":"","Fum":"","FanPtsAgainst-pts":null,"TouchCarries":null,"TouchReceptions":null,"Touches":null,"TargetsReceptions":null,"Targets":null,"ReceptionPercentage":null,"RzTarget":null,"RzTouch":null,"RzG2G":null,"Rank":120,"TotalPoints":"0.00"},{"PlayerName":"Cole Hikutini","PlayerId":"2558953","Pos":"TE","Team":"FA","PassingYDS":"","PassingTD":"","PassingInt":"","RushingYDS":"","RushingTD":"","ReceivingRec":"","ReceivingYDS":"","ReceivingTD":"","RetTD":"","FumTD":"","2PT":"","Fum":"","FanPtsAgainst-pts":null,"TouchCarries":null,"TouchReceptions":null,"Touches":null,"TargetsReceptions":null,"Targets":null,"ReceptionPercentage":null,"RzTarget":null,"RzTouch":null,"RzG2G":null,"Rank":121,"TotalPoints":"0.00"},{"PlayerName":"T.J. Hockenson","PlayerId":"2562378","Pos":"TE","Team":"DET","PassingYDS":"","PassingTD":"","PassingInt":"","RushingYDS":"","RushingTD":"","ReceivingRec":"","ReceivingYDS":"","ReceivingTD":"","RetTD":"","FumTD":"","2PT":"","Fum":"","FanPtsAgainst-pts":"4.30","TouchCarries":"","TouchReceptions":"","Touches":"","TargetsReceptions":"","Targets":"","ReceptionPercentage":"","RzTarget":"","RzTouch":"","RzG2G":"","Rank":122,"TotalPoints":"0.00"},{"PlayerName":"J.P. Holtz","PlayerId":"2556852","Pos":"TE","Team":"CHI","PassingYDS":"","PassingTD":"","PassingInt":"","RushingYDS":"","RushingTD":"","ReceivingRec":"","ReceivingYDS":"","ReceivingTD":"","RetTD":"","FumTD":"","2PT":"","Fum":"","FanPtsAgainst-pts":"2.81","TouchCarries":"","TouchReceptions":"","Touches":"","TargetsReceptions":"","Targets":"","ReceptionPercentage":"","RzTarget":"","RzTouch":"","RzG2G":"","Rank":123,"TotalPoints":"0.00"},{"PlayerName":"Brycen Hopkins","PlayerId":"2564349","Pos":"TE","Team":"LA","PassingYDS":"","PassingTD":"","PassingInt":"","RushingYDS":"","RushingTD":"","ReceivingRec":"","ReceivingYDS":"","ReceivingTD":"","RetTD":"","FumTD":"","2PT":"","Fum":"","FanPtsAgainst-pts":null,"TouchCarries":null,"TouchReceptions":null,"Touches":null,"TargetsReceptions":null,"Targets":null,"ReceptionPercentage":null,"RzTarget":null,"RzTouch":null,"RzG2G":null,"Rank":124,"TotalPoints":"0.00"},{"PlayerName":"Jesper Horsted","PlayerId":"2563270","Pos":"TE","Team":"CHI","PassingYDS":"","PassingTD":"","PassingInt":"","RushingYDS":"","RushingTD":"","ReceivingRec":"","ReceivingYDS":"","ReceivingTD":"","RetTD":"","FumTD":"","2PT":"","Fum":"","FanPtsAgainst-pts":"2.81","TouchCarries":"","TouchReceptions":"","Touches":"","TargetsReceptions":"","Targets":"","ReceptionPercentage":"","RzTarget":"","RzTouch":"","RzG2G":"","Rank":125,"TotalPoints":"0.00"},{"PlayerName":"O.J. Howard","PlayerId":"2557856","Pos":"TE","Team":"TB","PassingYDS":"","PassingTD":"","PassingInt":"","RushingYDS":"","RushingTD":"","ReceivingRec":"","ReceivingYDS":"","ReceivingTD":"","RetTD":"","FumTD":"","2PT":"","Fum":"","FanPtsAgainst-pts":"5.74","TouchCarries":"","TouchReceptions":"","Touches":"","TargetsReceptions":"","Targets":"","ReceptionPercentage":"","RzTarget":"","RzTouch":"","RzG2G":"","Rank":126,"TotalPoints":"0.00"},{"PlayerName":"Tanner Hudson","PlayerId":"2561215","Pos":"TE","Team":"SF","PassingYDS":"","PassingTD":"","PassingInt":"","RushingYDS":"","RushingTD":"","ReceivingRec":"","ReceivingYDS":"","ReceivingTD":"","RetTD":"","FumTD":"","2PT":"","Fum":"","FanPtsAgainst-pts":"8.43","TouchCarries":"","TouchReceptions":"","Touches":"","TargetsReceptions":"","Targets":"","ReceptionPercentage":"","RzTarget":"","RzTouch":"","RzG2G":"","Rank":127,"TotalPoints":"0.00"},{"PlayerName":"Tommy Hudson","PlayerId":"2565450","Pos":"TE","Team":"TEN","PassingYDS":"","PassingTD":"","PassingInt":"","RushingYDS":"","RushingTD":"","ReceivingRec":"","ReceivingYDS":"","ReceivingTD":"","RetTD":"","FumTD":"","2PT":"","Fum":"","FanPtsAgainst-pts":"6.36","TouchCarries":"","TouchReceptions":"","Touches":"","TargetsReceptions":"","Targets":"","ReceptionPercentage":"","RzTarget":"","RzTouch":"","RzG2G":"","Rank":128,"TotalPoints":"0.00"},{"PlayerName":"Ryan Izzo","PlayerId":"2560751","Pos":"TE","Team":"SEA","PassingYDS":"","PassingTD":"","PassingInt":"","RushingYDS":"","RushingTD":"","ReceivingRec":"","ReceivingYDS":"","ReceivingTD":"","RetTD":"","FumTD":"","2PT":"","Fum":"","FanPtsAgainst-pts":"5.67","TouchCarries":"","TouchReceptions":"","Touches":"","TargetsReceptions":"","Targets":"","ReceptionPercentage":"","RzTarget":"","RzTouch":"","RzG2G":"","Rank":129,"TotalPoints":"0.00"},{"PlayerName":"Tyree Jackson","PlayerId":"2562435","Pos":"TE","Team":"PHI","PassingYDS":"","PassingTD":"","PassingInt":"","RushingYDS":"","RushingTD":"","ReceivingRec":"","ReceivingYDS":"","ReceivingTD":"","RetTD":"","FumTD":"","2PT":"","Fum":"","FanPtsAgainst-pts":"7.04","TouchCarries":"","TouchReceptions":"","Touches":"","TargetsReceptions":"","Targets":"","ReceptionPercentage":"","RzTarget":"","RzTouch":"","RzG2G":"","Rank":130,"TotalPoints":"0.00"},{"PlayerName":"Blake Jarwin","PlayerId":"2559193","Pos":"TE","Team":"DAL","PassingYDS":"","PassingTD":"","PassingInt":"","RushingYDS":"","RushingTD":"","ReceivingRec":"","ReceivingYDS":"","ReceivingTD":"","RetTD":"","FumTD":"","2PT":"","Fum":"","FanPtsAgainst-pts":"5.04","TouchCarries":"","TouchReceptions":"","Touches":"","TargetsReceptions":"","Targets":"","ReceptionPercentage":"","RzTarget":"","RzTouch":"","RzG2G":"","Rank":131,"TotalPoints":"0.00"},{"PlayerName":"Rysen John","PlayerId":"2564742","Pos":"TE","Team":"NYG","PassingYDS":"","PassingTD":"","PassingInt":"","RushingYDS":"","RushingTD":"","ReceivingRec":"","ReceivingYDS":"","ReceivingTD":"","RetTD":"","FumTD":"","2PT":"","Fum":"","FanPtsAgainst-pts":"3.72","TouchCarries":"","TouchReceptions":"","Touches":"","TargetsReceptions":"","Targets":"","ReceptionPercentage":"","RzTarget":"","RzTouch":"","RzG2G":"","Rank":132,"TotalPoints":"0.00"},{"PlayerName":"Juwan Johnson","PlayerId":"2564676","Pos":"TE","Team":"NO","PassingYDS":"","PassingTD":"","PassingInt":"","RushingYDS":"","RushingTD":"","ReceivingRec":"","ReceivingYDS":"","ReceivingTD":"","RetTD":"","FumTD":"","2PT":"","Fum":"","FanPtsAgainst-pts":"6.58","TouchCarries":"","TouchReceptions":"","Touches":"","TargetsReceptions":"","Targets":"","ReceptionPercentage":"","RzTarget":"","RzTouch":"","RzG2G":"","Rank":133,"TotalPoints":"0.00"},{"PlayerName":"Brevin Jordan","PlayerId":"2566130","Pos":"TE","Team":"HOU","PassingYDS":"","PassingTD":"","PassingInt":"","RushingYDS":"","RushingTD":"","ReceivingRec":"","ReceivingYDS":"","ReceivingTD":"","RetTD":"","FumTD":"","2PT":"","Fum":"","FanPtsAgainst-pts":"4.09","TouchCarries":"","TouchReceptions":"","Touches":"","TargetsReceptions":"","Targets":"","ReceptionPercentage":"","RzTarget":"","RzTouch":"","RzG2G":"","Rank":134,"TotalPoints":"0.00"},{"PlayerName":"Hunter Kampmoyer","PlayerId":"2566481","Pos":"TE","Team":"LAC","PassingYDS":"","PassingTD":"","PassingInt":"","RushingYDS":"","RushingTD":"","ReceivingRec":"","ReceivingYDS":"","ReceivingTD":"","RetTD":"","FumTD":"","2PT":"","Fum":"","FanPtsAgainst-pts":"4.18","TouchCarries":"","TouchReceptions":"","Touches":"","TargetsReceptions":"","Targets":"","ReceptionPercentage":"","RzTarget":"","RzTouch":"","RzG2G":"","Rank":135,"TotalPoints":"0.00"},{"PlayerName":"Dalton Keene","PlayerId":"2564616","Pos":"TE","Team":"NE","PassingYDS":"","PassingTD":"","PassingInt":"","RushingYDS":"","RushingTD":"","ReceivingRec":"","ReceivingYDS":"","ReceivingTD":"","RetTD":"","FumTD":"","2PT":"","Fum":"","FanPtsAgainst-pts":"4.09","TouchCarries":"","TouchReceptions":"","Touches":"","TargetsReceptions":"","Targets":"","ReceptionPercentage":"","RzTarget":"","RzTouch":"","RzG2G":"","Rank":136,"TotalPoints":"0.00"},{"PlayerName":"Nick Keizer","PlayerId":"2561115","Pos":"TE","Team":"FA","PassingYDS":"","PassingTD":"","PassingInt":"","RushingYDS":"","RushingTD":"","ReceivingRec":"","ReceivingYDS":"","ReceivingTD":"","RetTD":"","FumTD":"","2PT":"","Fum":"","FanPtsAgainst-pts":null,"TouchCarries":null,"TouchReceptions":null,"Touches":null,"TargetsReceptions":null,"Targets":null,"ReceptionPercentage":null,"RzTarget":null,"RzTouch":null,"RzG2G":null,"Rank":137,"TotalPoints":"0.00"},{"PlayerName":"Cole Kmet","PlayerId":"2563704","Pos":"TE","Team":"CHI","PassingYDS":"","PassingTD":"","PassingInt":"","RushingYDS":"","RushingTD":"","ReceivingRec":"","ReceivingYDS":"","ReceivingTD":"","RetTD":"","FumTD":"","2PT":"","Fum":"","FanPtsAgainst-pts":"2.81","TouchCarries":"","TouchReceptions":"","Touches":"","TargetsReceptions":"","Targets":"","ReceptionPercentage":"","RzTarget":"","RzTouch":"","RzG2G":"","Rank":138,"TotalPoints":"0.00"},{"PlayerName":"Dawson Knox","PlayerId":"2562681","Pos":"TE","Team":"BUF","PassingYDS":"","PassingTD":"","PassingInt":"","RushingYDS":"","RushingTD":"","ReceivingRec":"","ReceivingYDS":"","ReceivingTD":"","RetTD":"","FumTD":"","2PT":"","Fum":"","FanPtsAgainst-pts":"5.31","TouchCarries":"","TouchReceptions":"","Touches":"","TargetsReceptions":"","Targets":"","ReceptionPercentage":"","RzTarget":"","RzTouch":"","RzG2G":"","Rank":139,"TotalPoints":"0.00"},{"PlayerName":"Matt LaCosse","PlayerId":"2553667","Pos":"TE","Team":"NE","PassingYDS":"","PassingTD":"","PassingInt":"","RushingYDS":"","RushingTD":"","ReceivingRec":"","ReceivingYDS":"","ReceivingTD":"","RetTD":"","FumTD":"","2PT":"","Fum":"","FanPtsAgainst-pts":"4.09","TouchCarries":"","TouchReceptions":"","Touches":"","TargetsReceptions":"","Targets":"","ReceptionPercentage":"","RzTarget":"","RzTouch":"","RzG2G":"","Rank":140,"TotalPoints":"0.00"},{"PlayerName":"Hunter Long","PlayerId":"2566286","Pos":"TE","Team":"MIA","PassingYDS":"","PassingTD":"","PassingInt":"","RushingYDS":"","RushingTD":"","ReceivingRec":"","ReceivingYDS":"","ReceivingTD":"","RetTD":"","FumTD":"","2PT":"","Fum":"","FanPtsAgainst-pts":"6.28","TouchCarries":"","TouchReceptions":"","Touches":"","TargetsReceptions":"","Targets":"","ReceptionPercentage":"","RzTarget":"","RzTouch":"","RzG2G":"","Rank":141,"TotalPoints":"0.00"},{"PlayerName":"Tyler Mabry","PlayerId":"2565168","Pos":"TE","Team":"SEA","PassingYDS":"","PassingTD":"","PassingInt":"","RushingYDS":"","RushingTD":"","ReceivingRec":"","ReceivingYDS":"","ReceivingTD":"","RetTD":"","FumTD":"","2PT":"","Fum":"","FanPtsAgainst-pts":"5.67","TouchCarries":"","TouchReceptions":"","Touches":"","TargetsReceptions":"","Targets":"","ReceptionPercentage":"","RzTarget":"","RzTouch":"","RzG2G":"","Rank":142,"TotalPoints":"0.00"},{"PlayerName":"Alize Mack","PlayerId":"2562307","Pos":"TE","Team":"FA","PassingYDS":"","PassingTD":"","PassingInt":"","RushingYDS":"","RushingTD":"","ReceivingRec":"","ReceivingYDS":"","ReceivingTD":"","RetTD":"","FumTD":"","2PT":"","Fum":"","FanPtsAgainst-pts":null,"TouchCarries":null,"TouchReceptions":null,"Touches":null,"TargetsReceptions":null,"Targets":null,"ReceptionPercentage":null,"RzTarget":null,"RzTouch":null,"RzG2G":null,"Rank":143,"TotalPoints":"0.00"},{"PlayerName":"Kyle Markway","PlayerId":"2564763","Pos":"TE","Team":"FA","PassingYDS":"","PassingTD":"","PassingInt":"","RushingYDS":"","RushingTD":"","ReceivingRec":"","ReceivingYDS":"","ReceivingTD":"","RetTD":"","FumTD":"","2PT":"","Fum":"","FanPtsAgainst-pts":null,"TouchCarries":null,"TouchReceptions":null,"Touches":null,"TargetsReceptions":null,"Targets":null,"ReceptionPercentage":null,"RzTarget":null,"RzTouch":null,"RzG2G":null,"Rank":144,"TotalPoints":"0.00"},{"PlayerName":"Tyree Mayfield","PlayerId":"2563145","Pos":"TE","Team":"FA","PassingYDS":"","PassingTD":"","PassingInt":"","RushingYDS":"","RushingTD":"","ReceivingRec":"","ReceivingYDS":"","ReceivingTD":"","RetTD":"","FumTD":"","2PT":"","Fum":"","FanPtsAgainst-pts":null,"TouchCarries":null,"TouchReceptions":null,"Touches":null,"TargetsReceptions":null,"Targets":null,"ReceptionPercentage":null,"RzTarget":null,"RzTouch":null,"RzG2G":null,"Rank":145,"TotalPoints":"0.00"},{"PlayerName":"Codey McElroy","PlayerId":"2561239","Pos":"TE","Team":"TB","PassingYDS":"","PassingTD":"","PassingInt":"","RushingYDS":"","RushingTD":"","ReceivingRec":"","ReceivingYDS":"","ReceivingTD":"","RetTD":"","FumTD":"","2PT":"","Fum":"","FanPtsAgainst-pts":"5.74","TouchCarries":"","TouchReceptions":"","Touches":"","TargetsReceptions":"","Targets":"","ReceptionPercentage":"","RzTarget":"","RzTouch":"","RzG2G":"","Rank":146,"TotalPoints":"0.00"},{"PlayerName":"Sean McKeon","PlayerId":"2563854","Pos":"TE","Team":"DAL","PassingYDS":"","PassingTD":"","PassingInt":"","RushingYDS":"","RushingTD":"","ReceivingRec":"","ReceivingYDS":"","ReceivingTD":"","RetTD":"","FumTD":"","2PT":"","Fum":"","FanPtsAgainst-pts":"5.04","TouchCarries":"","TouchReceptions":"","Touches":"","TargetsReceptions":"","Targets":"","ReceptionPercentage":"","RzTarget":"","RzTouch":"","RzG2G":"","Rank":147,"TotalPoints":"0.00"},{"PlayerName":"Tre' McKitty","PlayerId":"2566490","Pos":"TE","Team":"LAC","PassingYDS":"","PassingTD":"","PassingInt":"","RushingYDS":"","RushingTD":"","ReceivingRec":"","ReceivingYDS":"","ReceivingTD":"","RetTD":"","FumTD":"","2PT":"","Fum":"","FanPtsAgainst-pts":"4.18","TouchCarries":"","TouchReceptions":"","Touches":"","TargetsReceptions":"","Targets":"","ReceptionPercentage":"","RzTarget":"","RzTouch":"","RzG2G":"","Rank":148,"TotalPoints":"0.00"},{"PlayerName":"Briley Moore-McKinney","PlayerId":"2566956","Pos":"TE","Team":"TEN","PassingYDS":"","PassingTD":"","PassingInt":"","RushingYDS":"","RushingTD":"","ReceivingRec":"","ReceivingYDS":"","ReceivingTD":"","RetTD":"","FumTD":"","2PT":"","Fum":"","FanPtsAgainst-pts":"6.36","TouchCarries":"","TouchReceptions":"","Touches":"","TargetsReceptions":"","Targets":"","ReceptionPercentage":"","RzTarget":"","RzTouch":"","RzG2G":"","Rank":149,"TotalPoints":"0.00"},{"PlayerName":"Foster Moreau","PlayerId":"2562317","Pos":"TE","Team":"LV","PassingYDS":"","PassingTD":"","PassingInt":"","RushingYDS":"","RushingTD":"","ReceivingRec":"","ReceivingYDS":"","ReceivingTD":"","RetTD":"","FumTD":"","2PT":"","Fum":"","FanPtsAgainst-pts":"4.73","TouchCarries":"","TouchReceptions":"","Touches":"","TargetsReceptions":"","Targets":"","ReceptionPercentage":"","RzTarget":"","RzTouch":"","RzG2G":"","Rank":150,"TotalPoints":"0.00"},{"PlayerName":"Quintin Morris","PlayerId":"2566641","Pos":"TE","Team":"BUF","PassingYDS":"","PassingTD":"","PassingInt":"","RushingYDS":"","RushingTD":"","ReceivingRec":"","ReceivingYDS":"","ReceivingTD":"","RetTD":"","FumTD":"","2PT":"","Fum":"","FanPtsAgainst-pts":"5.31","TouchCarries":"","TouchReceptions":"","Touches":"","TargetsReceptions":"","Targets":"","ReceptionPercentage":"","RzTarget":"","RzTouch":"","RzG2G":"","Rank":151,"TotalPoints":"0.00"},{"PlayerName":"Thaddeus Moss","PlayerId":"2565288","Pos":"TE","Team":"CIN","PassingYDS":"","PassingTD":"","PassingInt":"","RushingYDS":"","RushingTD":"","ReceivingRec":"","ReceivingYDS":"","ReceivingTD":"","RetTD":"","FumTD":"","2PT":"","Fum":"","FanPtsAgainst-pts":"4.78","TouchCarries":"","TouchReceptions":"","Touches":"","TargetsReceptions":"","Targets":"","ReceptionPercentage":"","RzTarget":"","RzTouch":"","RzG2G":"","Rank":152,"TotalPoints":"0.00"},{"PlayerName":"Chris Myarick","PlayerId":"2563210","Pos":"TE","Team":"NYG","PassingYDS":"","PassingTD":"","PassingInt":"","RushingYDS":"","RushingTD":"","ReceivingRec":"","ReceivingYDS":"","ReceivingTD":"","RetTD":"","FumTD":"","2PT":"","Fum":"","FanPtsAgainst-pts":"3.72","TouchCarries":"","TouchReceptions":"","Touches":"","TargetsReceptions":"","Targets":"","ReceptionPercentage":"","RzTarget":"","RzTouch":"","RzG2G":"","Rank":153,"TotalPoints":"0.00"},{"PlayerName":"Isaac Nauta","PlayerId":"2562691","Pos":"TE","Team":"FA","PassingYDS":"","PassingTD":"","PassingInt":"","RushingYDS":"","RushingTD":"","ReceivingRec":"","ReceivingYDS":"","ReceivingTD":"","RetTD":"","FumTD":"","2PT":"","Fum":"","FanPtsAgainst-pts":null,"TouchCarries":null,"TouchReceptions":null,"Touches":null,"TargetsReceptions":null,"Targets":null,"ReceptionPercentage":null,"RzTarget":null,"RzTouch":null,"RzG2G":null,"Rank":154,"TotalPoints":"0.00"},{"PlayerName":"Albert Okwuegbunam","PlayerId":"2563911","Pos":"TE","Team":"DEN","PassingYDS":"","PassingTD":"","PassingInt":"","RushingYDS":"","RushingTD":"","ReceivingRec":"","ReceivingYDS":"","ReceivingTD":"","RetTD":"","FumTD":"","2PT":"","Fum":"","FanPtsAgainst-pts":"3.99","TouchCarries":"","TouchReceptions":"","Touches":"","TargetsReceptions":"","Targets":"","ReceptionPercentage":"","RzTarget":"","RzTouch":"","RzG2G":"","Rank":155,"TotalPoints":"0.00"},{"PlayerName":"Josh Oliver","PlayerId":"2562693","Pos":"TE","Team":"BAL","PassingYDS":"","PassingTD":"","PassingInt":"","RushingYDS":"","RushingTD":"","ReceivingRec":"","ReceivingYDS":"","ReceivingTD":"","RetTD":"","FumTD":"","2PT":"","Fum":"","FanPtsAgainst-pts":"8.36","TouchCarries":"","TouchReceptions":"","Touches":"","TargetsReceptions":"","Targets":"","ReceptionPercentage":"","RzTarget":"","RzTouch":"","RzG2G":"","Rank":156,"TotalPoints":"0.00"},{"PlayerName":"Donald Parham","PlayerId":"2562394","Pos":"TE","Team":"LAC","PassingYDS":"","PassingTD":"","PassingInt":"","RushingYDS":"","RushingTD":"","ReceivingRec":"","ReceivingYDS":"","ReceivingTD":"","RetTD":"","FumTD":"","2PT":"","Fum":"","FanPtsAgainst-pts":"4.18","TouchCarries":"","TouchReceptions":"","Touches":"","TargetsReceptions":"","Targets":"","ReceptionPercentage":"","RzTarget":"","RzTouch":"","RzG2G":"","Rank":157,"TotalPoints":"0.00"},{"PlayerName":"Colby Parkinson","PlayerId":"2565180","Pos":"TE","Team":"SEA","PassingYDS":"","PassingTD":"","PassingInt":"","RushingYDS":"","RushingTD":"","ReceivingRec":"","ReceivingYDS":"","ReceivingTD":"","RetTD":"","FumTD":"","2PT":"","Fum":"","FanPtsAgainst-pts":"5.67","TouchCarries":"","TouchReceptions":"","Touches":"","TargetsReceptions":"","Targets":"","ReceptionPercentage":"","RzTarget":"","RzTouch":"","RzG2G":"","Rank":158,"TotalPoints":"0.00"},{"PlayerName":"Jared Pinkney","PlayerId":"2563518","Pos":"TE","Team":"LA","PassingYDS":"","PassingTD":"","PassingInt":"","RushingYDS":"","RushingTD":"","ReceivingRec":"","ReceivingYDS":"","ReceivingTD":"","RetTD":"","FumTD":"","2PT":"","Fum":"","FanPtsAgainst-pts":null,"TouchCarries":null,"TouchReceptions":null,"Touches":null,"TargetsReceptions":null,"Targets":null,"ReceptionPercentage":null,"RzTarget":null,"RzTouch":null,"RzG2G":null,"Rank":159,"TotalPoints":"0.00"},{"PlayerName":"Kyle Pitts","PlayerId":"2565830","Pos":"TE","Team":"ATL","PassingYDS":"","PassingTD":"","PassingInt":"","RushingYDS":"","RushingTD":"","ReceivingRec":"","ReceivingYDS":"","ReceivingTD":"","RetTD":"","FumTD":"","2PT":"","Fum":"","FanPtsAgainst-pts":"7.44","TouchCarries":"","TouchReceptions":"","Touches":"","TargetsReceptions":"","Targets":"","ReceptionPercentage":"","RzTarget":"","RzTouch":"","RzG2G":"","Rank":160,"TotalPoints":"0.00"},{"PlayerName":"Tony Poljan","PlayerId":"2566620","Pos":"TE","Team":"BAL","PassingYDS":"","PassingTD":"","PassingInt":"","RushingYDS":"","RushingTD":"","ReceivingRec":"","ReceivingYDS":"","ReceivingTD":"","RetTD":"","FumTD":"","2PT":"","Fum":"","FanPtsAgainst-pts":"8.36","TouchCarries":"","TouchReceptions":"","Touches":"","TargetsReceptions":"","Targets":"","ReceptionPercentage":"","RzTarget":"","RzTouch":"","RzG2G":"","Rank":161,"TotalPoints":"0.00"},{"PlayerName":"Jake Powell","PlayerId":"2563134","Pos":"TE","Team":"FA","PassingYDS":"","PassingTD":"","PassingInt":"","RushingYDS":"","RushingTD":"","ReceivingRec":"","ReceivingYDS":"","ReceivingTD":"","RetTD":"","FumTD":"","2PT":"","Fum":"","FanPtsAgainst-pts":null,"TouchCarries":null,"TouchReceptions":null,"Touches":null,"TargetsReceptions":null,"Targets":null,"ReceptionPercentage":null,"RzTarget":null,"RzTouch":null,"RzG2G":null,"Rank":162,"TotalPoints":"0.00"},{"PlayerName":"Paul Quessenberry","PlayerId":"2565531","Pos":"TE","Team":"HOU","PassingYDS":"","PassingTD":"","PassingInt":"","RushingYDS":"","RushingTD":"","ReceivingRec":"","ReceivingYDS":"","ReceivingTD":"","RetTD":"","FumTD":"","2PT":"","Fum":"","FanPtsAgainst-pts":"4.09","TouchCarries":"","TouchReceptions":"","Touches":"","TargetsReceptions":"","Targets":"","ReceptionPercentage":"","RzTarget":"","RzTouch":"","RzG2G":"","Rank":163,"TotalPoints":"0.00"},{"PlayerName":"Kevin Rader","PlayerId":"2561264","Pos":"TE","Team":"PIT","PassingYDS":"","PassingTD":"","PassingInt":"","RushingYDS":"","RushingTD":"","ReceivingRec":"","ReceivingYDS":"","ReceivingTD":"","RetTD":"","FumTD":"","2PT":"","Fum":"","FanPtsAgainst-pts":"7.76","TouchCarries":"","TouchReceptions":"","Touches":"","TargetsReceptions":"","Targets":"","ReceptionPercentage":"","RzTarget":"","RzTouch":"","RzG2G":"","Rank":164,"TotalPoints":"0.00"},{"PlayerName":"Dax Raymond","PlayerId":"2562710","Pos":"TE","Team":"FA","PassingYDS":"","PassingTD":"","PassingInt":"","RushingYDS":"","RushingTD":"","ReceivingRec":"","ReceivingYDS":"","ReceivingTD":"","RetTD":"","FumTD":"","2PT":"","Fum":"","FanPtsAgainst-pts":null,"TouchCarries":null,"TouchReceptions":null,"Touches":null,"TargetsReceptions":null,"Targets":null,"ReceptionPercentage":null,"RzTarget":null,"RzTouch":null,"RzG2G":null,"Rank":165,"TotalPoints":"0.00"},{"PlayerName":"Sammis Reyes","PlayerId":"2565807","Pos":"TE","Team":"WAS","PassingYDS":"","PassingTD":"","PassingInt":"","RushingYDS":"","RushingTD":"","ReceivingRec":"","ReceivingYDS":"","ReceivingTD":"","RetTD":"","FumTD":"","2PT":"","Fum":"","FanPtsAgainst-pts":"8.24","TouchCarries":"","TouchReceptions":"","Touches":"","TargetsReceptions":"","Targets":"","ReceptionPercentage":"","RzTarget":"","RzTouch":"","RzG2G":"","Rank":166,"TotalPoints":"0.00"},{"PlayerName":"Giovanni Ricci","PlayerId":"2563668","Pos":"TE","Team":"CAR","PassingYDS":"","PassingTD":"","PassingInt":"","RushingYDS":"","RushingTD":"","ReceivingRec":"","ReceivingYDS":"","ReceivingTD":"","RetTD":"","FumTD":"","2PT":"","Fum":"","FanPtsAgainst-pts":"4.56","TouchCarries":"","TouchReceptions":"","Touches":"","TargetsReceptions":"","Targets":"","ReceptionPercentage":"","RzTarget":"","RzTouch":"","RzG2G":"","Rank":167,"TotalPoints":"0.00"},{"PlayerName":"Ellis Richardson","PlayerId":"2563081","Pos":"TE","Team":"FA","PassingYDS":"","PassingTD":"","PassingInt":"","RushingYDS":"","RushingTD":"","ReceivingRec":"","ReceivingYDS":"","ReceivingTD":"","RetTD":"","FumTD":"","2PT":"","Fum":"","FanPtsAgainst-pts":null,"TouchCarries":null,"TouchReceptions":null,"Touches":null,"TargetsReceptions":null,"Targets":null,"ReceptionPercentage":null,"RzTarget":null,"RzTouch":null,"RzG2G":null,"Rank":168,"TotalPoints":"0.00"},{"PlayerName":"Kyle Rudolph","PlayerId":"2495438","Pos":"TE","Team":"NYG","PassingYDS":"","PassingTD":"","PassingInt":"","RushingYDS":"","RushingTD":"","ReceivingRec":"","ReceivingYDS":"","ReceivingTD":"","RetTD":"","FumTD":"","2PT":"","Fum":"","FanPtsAgainst-pts":"3.72","TouchCarries":"","TouchReceptions":"","Touches":"","TargetsReceptions":"","Targets":"","ReceptionPercentage":"","RzTarget":"","RzTouch":"","RzG2G":"","Rank":169,"TotalPoints":"0.00"},{"PlayerName":"Drew Sample","PlayerId":"2562720","Pos":"TE","Team":"CIN","PassingYDS":"","PassingTD":"","PassingInt":"","RushingYDS":"","RushingTD":"","ReceivingRec":"","ReceivingYDS":"","ReceivingTD":"","RetTD":"","FumTD":"","2PT":"","Fum":"","FanPtsAgainst-pts":"4.78","TouchCarries":"","TouchReceptions":"","Touches":"","TargetsReceptions":"","Targets":"","ReceptionPercentage":"","RzTarget":"","RzTouch":"","RzG2G":"","Rank":170,"TotalPoints":"0.00"},{"PlayerName":"Mason Schreck","PlayerId":"2558864","Pos":"TE","Team":"CIN","PassingYDS":"","PassingTD":"","PassingInt":"","RushingYDS":"","RushingTD":"","ReceivingRec":"","ReceivingYDS":"","ReceivingTD":"","RetTD":"","FumTD":"","2PT":"","Fum":"","FanPtsAgainst-pts":"4.78","TouchCarries":"","TouchReceptions":"","Touches":"","TargetsReceptions":"","Targets":"","ReceptionPercentage":"","RzTarget":"","RzTouch":"","RzG2G":"","Rank":171,"TotalPoints":"0.00"},{"PlayerName":"Irv Smith","PlayerId":"2562738","Pos":"TE","Team":"MIN","PassingYDS":"","PassingTD":"","PassingInt":"","RushingYDS":"","RushingTD":"","ReceivingRec":"","ReceivingYDS":"","ReceivingTD":"","RetTD":"","FumTD":"","2PT":"","Fum":"","FanPtsAgainst-pts":"2.84","TouchCarries":"","TouchReceptions":"","Touches":"","TargetsReceptions":"","Targets":"","ReceptionPercentage":"","RzTarget":"","RzTouch":"","RzG2G":"","Rank":172,"TotalPoints":"0.00"},{"PlayerName":"Kaden Smith","PlayerId":"2562740","Pos":"TE","Team":"NYG","PassingYDS":"","PassingTD":"","PassingInt":"","RushingYDS":"","RushingTD":"","ReceivingRec":"","ReceivingYDS":"","ReceivingTD":"","RetTD":"","FumTD":"","2PT":"","Fum":"","FanPtsAgainst-pts":"3.72","TouchCarries":"","TouchReceptions":"","Touches":"","TargetsReceptions":"","Targets":"","ReceptionPercentage":"","RzTarget":"","RzTouch":"","RzG2G":"","Rank":173,"TotalPoints":"0.00"},{"PlayerName":"Dylan Soehner","PlayerId":"2565711","Pos":"TE","Team":"NO","PassingYDS":"","PassingTD":"","PassingInt":"","RushingYDS":"","RushingTD":"","ReceivingRec":"","ReceivingYDS":"","ReceivingTD":"","RetTD":"","FumTD":"","2PT":"","Fum":"","FanPtsAgainst-pts":"6.58","TouchCarries":"","TouchReceptions":"","Touches":"","TargetsReceptions":"","Targets":"","ReceptionPercentage":"","RzTarget":"","RzTouch":"","RzG2G":"","Rank":174,"TotalPoints":"0.00"},{"PlayerName":"Matt Sokol","PlayerId":"2562980","Pos":"TE","Team":"JAX","PassingYDS":"","PassingTD":"","PassingInt":"","RushingYDS":"","RushingTD":"","ReceivingRec":"","ReceivingYDS":"","ReceivingTD":"","RetTD":"","FumTD":"","2PT":"","Fum":"","FanPtsAgainst-pts":"4.05","TouchCarries":"","TouchReceptions":"","Touches":"","TargetsReceptions":"","Targets":"","ReceptionPercentage":"","RzTarget":"","RzTouch":"","RzG2G":"","Rank":175,"TotalPoints":"0.00"},{"PlayerName":"Jace Sternberger","PlayerId":"2562744","Pos":"TE","Team":"FA","PassingYDS":"","PassingTD":"","PassingInt":"","RushingYDS":"","RushingTD":"","ReceivingRec":"","ReceivingYDS":"","ReceivingTD":"","RetTD":"","FumTD":"","2PT":"","Fum":"","FanPtsAgainst-pts":null,"TouchCarries":null,"TouchReceptions":null,"Touches":null,"TargetsReceptions":null,"Targets":null,"ReceptionPercentage":null,"RzTarget":null,"RzTouch":null,"RzG2G":null,"Rank":176,"TotalPoints":"0.00"},{"PlayerName":"Jack Stoll","PlayerId":"2567061","Pos":"TE","Team":"PHI","PassingYDS":"","PassingTD":"","PassingInt":"","RushingYDS":"","RushingTD":"","ReceivingRec":"","ReceivingYDS":"","ReceivingTD":"","RetTD":"","FumTD":"","2PT":"","Fum":"","FanPtsAgainst-pts":"7.04","TouchCarries":"","TouchReceptions":"","Touches":"","TargetsReceptions":"","Targets":"","ReceptionPercentage":"","RzTarget":"","RzTouch":"","RzG2G":"","Rank":177,"TotalPoints":"0.00"},{"PlayerName":"Stephen Sullivan","PlayerId":"2565192","Pos":"TE","Team":"CAR","PassingYDS":"","PassingTD":"","PassingInt":"","RushingYDS":"","RushingTD":"","ReceivingRec":"","ReceivingYDS":"","ReceivingTD":"","RetTD":"","FumTD":"","2PT":"","Fum":"","FanPtsAgainst-pts":"4.56","TouchCarries":"","TouchReceptions":"","Touches":"","TargetsReceptions":"","Targets":"","ReceptionPercentage":"","RzTarget":"","RzTouch":"","RzG2G":"","Rank":178,"TotalPoints":"0.00"},{"PlayerName":"Tommy Sweeney","PlayerId":"2562750","Pos":"TE","Team":"BUF","PassingYDS":"","PassingTD":"","PassingInt":"","RushingYDS":"","RushingTD":"","ReceivingRec":"","ReceivingYDS":"","ReceivingTD":"","RetTD":"","FumTD":"","2PT":"","Fum":"","FanPtsAgainst-pts":"5.31","TouchCarries":"","TouchReceptions":"","Touches":"","TargetsReceptions":"","Targets":"","ReceptionPercentage":"","RzTarget":"","RzTouch":"","RzG2G":"","Rank":179,"TotalPoints":"0.00"},{"PlayerName":"Tyrone Swoopes","PlayerId":"2559263","Pos":"TE","Team":"FA","PassingYDS":"","PassingTD":"","PassingInt":"","RushingYDS":"","RushingTD":"","ReceivingRec":"","ReceivingYDS":"","ReceivingTD":"","RetTD":"","FumTD":"","2PT":"","Fum":"","FanPtsAgainst-pts":null,"TouchCarries":null,"TouchReceptions":null,"Touches":null,"TargetsReceptions":null,"Targets":null,"ReceptionPercentage":null,"RzTarget":null,"RzTouch":null,"RzG2G":null,"Rank":180,"TotalPoints":"0.00"},{"PlayerName":"Tim Tebow","PlayerId":"497135","Pos":"TE","Team":"FA","PassingYDS":"","PassingTD":"","PassingInt":"","RushingYDS":"","RushingTD":"","ReceivingRec":"","ReceivingYDS":"","ReceivingTD":"","RetTD":"","FumTD":"","2PT":"","Fum":"","FanPtsAgainst-pts":null,"TouchCarries":null,"TouchReceptions":null,"Touches":null,"TargetsReceptions":null,"Targets":null,"ReceptionPercentage":null,"RzTarget":null,"RzTouch":null,"RzG2G":null,"Rank":181,"TotalPoints":"0.00"},{"PlayerName":"Hunter Thedford","PlayerId":"2565585","Pos":"TE","Team":"FA","PassingYDS":"","PassingTD":"","PassingInt":"","RushingYDS":"","RushingTD":"","ReceivingRec":"","ReceivingYDS":"","ReceivingTD":"","RetTD":"","FumTD":"","2PT":"","Fum":"","FanPtsAgainst-pts":null,"TouchCarries":null,"TouchReceptions":null,"Touches":null,"TargetsReceptions":null,"Targets":null,"ReceptionPercentage":null,"RzTarget":null,"RzTouch":null,"RzG2G":null,"Rank":182,"TotalPoints":"0.00"},{"PlayerName":"Jordan Thomas","PlayerId":"2560896","Pos":"TE","Team":"FA","PassingYDS":"","PassingTD":"","PassingInt":"","RushingYDS":"","RushingTD":"","ReceivingRec":"","ReceivingYDS":"","ReceivingTD":"","RetTD":"","FumTD":"","2PT":"","Fum":"","FanPtsAgainst-pts":null,"TouchCarries":null,"TouchReceptions":null,"Touches":null,"TargetsReceptions":null,"Targets":null,"ReceptionPercentage":null,"RzTarget":null,"RzTouch":null,"RzG2G":null,"Rank":183,"TotalPoints":"0.00"},{"PlayerName":"Colin Thompson","PlayerId":"2559268","Pos":"TE","Team":"CAR","PassingYDS":"","PassingTD":"","PassingInt":"","RushingYDS":"","RushingTD":"","ReceivingRec":"","ReceivingYDS":"","ReceivingTD":"","RetTD":"","FumTD":"","2PT":"","Fum":"","FanPtsAgainst-pts":"4.56","TouchCarries":"","TouchReceptions":"","Touches":"","TargetsReceptions":"","Targets":"","ReceptionPercentage":"","RzTarget":"","RzTouch":"","RzG2G":"","Rank":184,"TotalPoints":"0.00"},{"PlayerName":"Noah Togiai","PlayerId":"2564865","Pos":"TE","Team":"PHI","PassingYDS":"","PassingTD":"","PassingInt":"","RushingYDS":"","RushingTD":"","ReceivingRec":"","ReceivingYDS":"","ReceivingTD":"","RetTD":"","FumTD":"","2PT":"","Fum":"","FanPtsAgainst-pts":"7.04","TouchCarries":"","TouchReceptions":"","Touches":"","TargetsReceptions":"","Targets":"","ReceptionPercentage":"","RzTarget":"","RzTouch":"","RzG2G":"","Rank":185,"TotalPoints":"0.00"},{"PlayerName":"Adam Trautman","PlayerId":"2564703","Pos":"TE","Team":"NO","PassingYDS":"","PassingTD":"","PassingInt":"","RushingYDS":"","RushingTD":"","ReceivingRec":"","ReceivingYDS":"","ReceivingTD":"","RetTD":"","FumTD":"","2PT":"","Fum":"","FanPtsAgainst-pts":"6.58","TouchCarries":"","TouchReceptions":"","Touches":"","TargetsReceptions":"","Targets":"","ReceptionPercentage":"","RzTarget":"","RzTouch":"","RzG2G":"","Rank":186,"TotalPoints":"0.00"},{"PlayerName":"Ross Travis","PlayerId":"2554630","Pos":"TE","Team":"FA","PassingYDS":"","PassingTD":"","PassingInt":"","RushingYDS":"","RushingTD":"","ReceivingRec":"","ReceivingYDS":"","ReceivingTD":"","RetTD":"","FumTD":"","2PT":"","Fum":"","FanPtsAgainst-pts":null,"TouchCarries":null,"TouchReceptions":null,"Touches":null,"TargetsReceptions":null,"Targets":null,"ReceptionPercentage":null,"RzTarget":null,"RzTouch":null,"RzG2G":null,"Rank":187,"TotalPoints":"0.00"},{"PlayerName":"Tommy Tremble","PlayerId":"2565914","Pos":"TE","Team":"CAR","PassingYDS":"","PassingTD":"","PassingInt":"","RushingYDS":"","RushingTD":"","ReceivingRec":"","ReceivingYDS":"","ReceivingTD":"","RetTD":"","FumTD":"","2PT":"","Fum":"","FanPtsAgainst-pts":"4.56","TouchCarries":"","TouchReceptions":"","Touches":"","TargetsReceptions":"","Targets":"","ReceptionPercentage":"","RzTarget":"","RzTouch":"","RzG2G":"","Rank":188,"TotalPoints":"0.00"},{"PlayerName":"Carl Tucker","PlayerId":"2566665","Pos":"TE","Team":"FA","PassingYDS":"","PassingTD":"","PassingInt":"","RushingYDS":"","RushingTD":"","ReceivingRec":"","ReceivingYDS":"","ReceivingTD":"","RetTD":"","FumTD":"","2PT":"","Fum":"","FanPtsAgainst-pts":null,"TouchCarries":null,"TouchReceptions":null,"Touches":null,"TargetsReceptions":null,"Targets":null,"ReceptionPercentage":null,"RzTarget":null,"RzTouch":null,"RzG2G":null,"Rank":189,"TotalPoints":"0.00"},{"PlayerName":"C.J. Uzomah","PlayerId":"2552559","Pos":"TE","Team":"CIN","PassingYDS":"","PassingTD":"","PassingInt":"","RushingYDS":"","RushingTD":"","ReceivingRec":"","ReceivingYDS":"","ReceivingTD":"","RetTD":"","FumTD":"","2PT":"","Fum":"","FanPtsAgainst-pts":"4.78","TouchCarries":"","TouchReceptions":"","Touches":"","TargetsReceptions":"","Targets":"","ReceptionPercentage":"","RzTarget":"","RzTouch":"","RzG2G":"","Rank":190,"TotalPoints":"0.00"},{"PlayerName":"Andrew Vollert","PlayerId":"2561284","Pos":"TE","Team":"FA","PassingYDS":"","PassingTD":"","PassingInt":"","RushingYDS":"","RushingTD":"","ReceivingRec":"","ReceivingYDS":"","ReceivingTD":"","RetTD":"","FumTD":"","2PT":"","Fum":"","FanPtsAgainst-pts":null,"TouchCarries":null,"TouchReceptions":null,"Touches":null,"TargetsReceptions":null,"Targets":null,"ReceptionPercentage":null,"RzTarget":null,"RzTouch":null,"RzG2G":null,"Rank":191,"TotalPoints":"0.00"},{"PlayerName":"Delanie Walker","PlayerId":"2495966","Pos":"TE","Team":"FA","PassingYDS":"","PassingTD":"","PassingInt":"","RushingYDS":"","RushingTD":"","ReceivingRec":"","ReceivingYDS":"","ReceivingTD":"","RetTD":"","FumTD":"","2PT":"","Fum":"","FanPtsAgainst-pts":null,"TouchCarries":null,"TouchReceptions":null,"Touches":null,"TargetsReceptions":null,"Targets":null,"ReceptionPercentage":null,"RzTarget":null,"RzTouch":null,"RzG2G":null,"Rank":192,"TotalPoints":"0.00"},{"PlayerName":"Kahale Warring","PlayerId":"2562771","Pos":"TE","Team":"BUF","PassingYDS":"","PassingTD":"","PassingInt":"","RushingYDS":"","RushingTD":"","ReceivingRec":"","ReceivingYDS":"","ReceivingTD":"","RetTD":"","FumTD":"","2PT":"","Fum":"","FanPtsAgainst-pts":"5.31","TouchCarries":"","TouchReceptions":"","Touches":"","TargetsReceptions":"","Targets":"","ReceptionPercentage":"","RzTarget":"","RzTouch":"","RzG2G":"","Rank":193,"TotalPoints":"0.00"},{"PlayerName":"Trevon Wesco","PlayerId":"2562777","Pos":"TE","Team":"NYJ","PassingYDS":"","PassingTD":"","PassingInt":"","RushingYDS":"","RushingTD":"","ReceivingRec":"","ReceivingYDS":"","ReceivingTD":"","RetTD":"","FumTD":"","2PT":"","Fum":"","FanPtsAgainst-pts":"3.83","TouchCarries":"","TouchReceptions":"","Touches":"","TargetsReceptions":"","Targets":"","ReceptionPercentage":"","RzTarget":"","RzTouch":"","RzG2G":"","Rank":194,"TotalPoints":"0.00"},{"PlayerName":"Nate Wieting","PlayerId":"2563815","Pos":"TE","Team":"FA","PassingYDS":"","PassingTD":"","PassingInt":"","RushingYDS":"","RushingTD":"","ReceivingRec":"","ReceivingYDS":"","ReceivingTD":"","RetTD":"","FumTD":"","2PT":"","Fum":"","FanPtsAgainst-pts":null,"TouchCarries":null,"TouchReceptions":null,"Touches":null,"TargetsReceptions":null,"Targets":null,"ReceptionPercentage":null,"RzTarget":null,"RzTouch":null,"RzG2G":null,"Rank":195,"TotalPoints":"0.00"},{"PlayerName":"Mitchell Wilcox","PlayerId":"2563749","Pos":"TE","Team":"CIN","PassingYDS":"","PassingTD":"","PassingInt":"","RushingYDS":"","RushingTD":"","ReceivingRec":"","ReceivingYDS":"","ReceivingTD":"","RetTD":"","FumTD":"","2PT":"","Fum":"","FanPtsAgainst-pts":"4.78","TouchCarries":"","TouchReceptions":"","Touches":"","TargetsReceptions":"","Targets":"","ReceptionPercentage":"","RzTarget":"","RzTouch":"","RzG2G":"","Rank":196,"TotalPoints":"0.00"},{"PlayerName":"Carson Williams","PlayerId":"2565669","Pos":"TE","Team":"FA","PassingYDS":"","PassingTD":"","PassingInt":"","RushingYDS":"","RushingTD":"","ReceivingRec":"","ReceivingYDS":"","ReceivingTD":"","RetTD":"","FumTD":"","2PT":"","Fum":"","FanPtsAgainst-pts":null,"TouchCarries":null,"TouchReceptions":null,"Touches":null,"TargetsReceptions":null,"Targets":null,"ReceptionPercentage":null,"RzTarget":null,"RzTouch":null,"RzG2G":null,"Rank":197,"TotalPoints":"0.00"},{"PlayerName":"Caleb Wilson","PlayerId":"2562603","Pos":"TE","Team":"FA","PassingYDS":"","PassingTD":"","PassingInt":"","RushingYDS":"","RushingTD":"","ReceivingRec":"","ReceivingYDS":"","ReceivingTD":"","RetTD":"","FumTD":"","2PT":"","Fum":"","FanPtsAgainst-pts":null,"TouchCarries":null,"TouchReceptions":null,"Touches":null,"TargetsReceptions":null,"Targets":null,"ReceptionPercentage":null,"RzTarget":null,"RzTouch":null,"RzG2G":null,"Rank":198,"TotalPoints":"0.00"},{"PlayerName":"Jason Witten","PlayerId":"2505629","Pos":"TE","Team":"FA","PassingYDS":"","PassingTD":"","PassingInt":"","RushingYDS":"","RushingTD":"","ReceivingRec":"","ReceivingYDS":"","ReceivingTD":"","RetTD":"","FumTD":"","2PT":"","Fum":"","FanPtsAgainst-pts":null,"TouchCarries":null,"TouchReceptions":null,"Touches":null,"TargetsReceptions":null,"Targets":null,"ReceptionPercentage":null,"RzTarget":null,"RzTouch":null,"RzG2G":null,"Rank":199,"TotalPoints":"0.00"},{"PlayerName":"Charlie Woerner","PlayerId":"2565129","Pos":"TE","Team":"SF","PassingYDS":"","PassingTD":"","PassingInt":"","RushingYDS":"","RushingTD":"","ReceivingRec":"","ReceivingYDS":"","ReceivingTD":"","RetTD":"","FumTD":"","2PT":"","Fum":"","FanPtsAgainst-pts":"8.43","TouchCarries":"","TouchReceptions":"","Touches":"","TargetsReceptions":"","Targets":"","ReceptionPercentage":"","RzTarget":"","RzTouch":"","RzG2G":"","Rank":200,"TotalPoints":"0.00"},{"PlayerName":"Eli Wolf","PlayerId":"2565354","Pos":"TE","Team":"IND","PassingYDS":"","PassingTD":"","PassingInt":"","RushingYDS":"","RushingTD":"","ReceivingRec":"","ReceivingYDS":"","ReceivingTD":"","RetTD":"","FumTD":"","2PT":"","Fum":"","FanPtsAgainst-pts":"3.08","TouchCarries":"","TouchReceptions":"","Touches":"","TargetsReceptions":"","Targets":"","ReceptionPercentage":"","RzTarget":"","RzTouch":"","RzG2G":"","Rank":201,"TotalPoints":"0.00"},{"PlayerName":"Ethan Wolf","PlayerId":"2561422","Pos":"TE","Team":"NO","PassingYDS":"","PassingTD":"","PassingInt":"","RushingYDS":"","RushingTD":"","ReceivingRec":"","ReceivingYDS":"","ReceivingTD":"","RetTD":"","FumTD":"","2PT":"","Fum":"","FanPtsAgainst-pts":"6.58","TouchCarries":"","TouchReceptions":"","Touches":"","TargetsReceptions":"","Targets":"","ReceptionPercentage":"","RzTarget":"","RzTouch":"","RzG2G":"","Rank":202,"TotalPoints":"0.00"},{"PlayerName":"Kenny Yeboah","PlayerId":"2565768","Pos":"TE","Team":"NYJ","PassingYDS":"","PassingTD":"","PassingInt":"","RushingYDS":"","RushingTD":"","ReceivingRec":"","ReceivingYDS":"","ReceivingTD":"","RetTD":"","FumTD":"","2PT":"","Fum":"","FanPtsAgainst-pts":"3.83","TouchCarries":"","TouchReceptions":"","Touches":"","TargetsReceptions":"","Targets":"","ReceptionPercentage":"","RzTarget":"","RzTouch":"","RzG2G":"","Rank":203,"TotalPoints":"0.00"},{"PlayerName":"Deon Yelder","PlayerId":"2561293","Pos":"TE","Team":"FA","PassingYDS":"","PassingTD":"","PassingInt":"","RushingYDS":"","RushingTD":"","ReceivingRec":"","ReceivingYDS":"","ReceivingTD":"","RetTD":"","FumTD":"","2PT":"","Fum":"","FanPtsAgainst-pts":null,"TouchCarries":null,"TouchReceptions":null,"Touches":null,"TargetsReceptions":null,"Targets":null,"ReceptionPercentage":null,"RzTarget":null,"RzTouch":null,"RzG2G":null,"Rank":204,"TotalPoints":"0.00"}]