PlayerName,PlayerId,Pos,Team,PlayerOpponent,TacklesTot,TacklesAst,TacklesSck,TacklesTfl,TurnoverInt,TurnoverFrcFum,TurnoverFumRec,ScoreIntTd,ScoreFumTd,ScoreBlkTd,ScoreSaf,ScoreDef2ptRet,Blk,PDef,QBHit,ReturnIntYds,ReturnFumYds,PlayerWeekProjectedPts,Rank,TotalPoints,ProjectionDiff
Mike Hughes,2560746,DB,KC,LV,8,1,,,,2,1,,1,,,,,,,,23,2.55,1,27.17,24.62
Ahkello Witherspoon,2558157,DB,PIT,@MIN,4,,,,2,,,,,,,,,3,,45,,7.59,2,22.80,15.21
Vonn Bell,2555530,DB,CIN,SF,5,5,,,,1,,,,,,,,2,,,,10.25,3,21.00,10.75
Landon Collins,2552454,DB,WAS,DAL,5,,2,1,1,,,,,,,,,1,1,3,,,4,20.60,
Bashaud Breeland,2543571,DB,ARI,LA,7,1,,,1,,,,,,,,,1,,18,,9.57,5,19.30,9.73
Darious Williams,2561469,DB,LA,@ARI,6,,,1,,,,,,,,,,3,,,,9.50,6,19.20,9.7
Grant Delpit,2563773,DB,CLE,BAL,11,,,,,,,,,,,,,,,,,6.39,7,18.70,12.31
Rasul Douglas,2558168,DB,GB,CHI,2,,,,1,,,1,,,,,,2,,55,,6.55,8,17.73,11.18
Jeremy Chinn,2563632,DB,CAR,ATL,8,5,,,,,,,,,,,,,,,,10.95,9,17.60,6.65
Jourdan Lewis,2557920,DB,DAL,@WAS,6,,,,,1,1,,,,,,,1,,,,5.77,10,17.20,11.43
Jessie Bates,2560970,DB,CIN,SF,8,1,,,,,,,,,,,,1,,,,10.31,11,16.90,6.59
Dane Jackson,2563614,DB,BUF,@TB,7,,,,,,,,,,,,,2,,,,3.50,12,16.90,13.4
Anthony Averett,2560963,DB,BAL,@CLE,4,1,,,1,,,,,,,,,2,,21,,8.52,13,16.80,8.28
Jordan Poyer,2539290,DB,BUF,@TB,7,3,,,,,,,,,,,,1,,,,10.31,14,16.80,6.49
Michael Davis,2559164,DB,LAC,NYG,3,,,1,,,,,,,,,,4,,,,8.30,15,16.60,8.3
Eddie Jackson,2558176,DB,CHI,@GB,7,2,,,,,,,,,,,,1,,,,8.40,16,16.00,7.6
Xavier Woods,2558159,DB,MIN,PIT,6,2,,1,,,,,,,,,,1,,,,9.65,17,15.80,6.15
Tyrann Mathieu,2540180,DB,KC,LV,5,,,,1,,1,,,,,,,1,,6,,9.70,18,15.70,6.0
Justin Simmons,2555550,DB,DEN,DET,5,1,,,1,,,,,,,,,1,,,,10.60,19,15.30,4.7
Kendall Fuller,2555349,DB,WAS,DAL,6,,,,,,,,,,,,,2,,,,10.01,20,15.20,5.19
A.J. Terrell,2563527,DB,ATL,@CAR,1,3,,,1,,,,,,,,,3,,,,10.32,21,15.10,4.78
Buster Skrine,2495343,DB,TEN,JAX,3,1,,,1,,,,,,,,,2,,17,,4.49,22,14.97,10.48
Chidobe Awuzie,2557840,DB,CIN,SF,4,2,,1,,,,,,,,,,2,,,,8.36,23,14.90,6.54
Troy Hill,2553536,DB,CLE,BAL,5,2,,3,,,,,,,,,,,,,,7.64,24,14.60,6.96
Kristian Fulton,2564046,DB,TEN,JAX,3,1,,,1,,,,,,,,,2,,,,8.92,25,14.40,5.48
Antoine Winfield Jr.,2565261,DB,TB,BUF,8,1,,,,,,,,,,,,,,,,10.56,26,14.40,3.84
Ugo Amadi,2562464,DB,SEA,@HOU,4,1,,1,,,,,,,,,,2,,,,3.60,27,14.10,10.5
Harrison Smith,2532948,DB,MIN,PIT,4,1,1,1,,,,,,,,,,1,1,,,11.43,28,14.10,2.67
K'Waun Williams,2550654,DB,SF,@CIN,5,2,1,1,,,,,,,,,,,1,,,9.57,29,14.10,4.53
D.J. Reed,2560850,DB,SEA,@HOU,8,,,,,,,,,,,,,,,,,9.52,30,13.60,4.08
Marshon Lattimore,2558061,DB,NO,@NYJ,5,,,,,,,,,,,,,2,,,,9.51,31,13.50,3.99
Aaron Robinson,2566370,DB,NYG,@LAC,7,2,,,,,,,,,,,,,,,,9.20,32,13.50,4.3
Paulson Adebo,2566346,DB,NO,@NYJ,6,,,,,,,,,,,,,1,,,,6.62,33,12.70,6.08
Micah Hyde,2539240,DB,BUF,@TB,7,1,,,,,,,,,,,,,,,,8.01,34,12.70,4.69
Sean Murphy-Bunting,2562635,DB,TB,BUF,7,1,,,,,,,,,,,,,,,,9.95,35,12.70,2.75
Chris Westry,2562902,DB,BAL,@CLE,6,,,,,,,,,,,,,1,,,,8.66,36,12.70,4.04
Artie Burns,2555344,DB,CHI,@GB,6,3,,,,,,,,,,,,,,,,8.24,37,12.60,4.36
Logan Ryan,2540162,DB,NYG,@LAC,6,3,,,,,,,,,,,,,,,,11.21,38,12.60,1.39
Divine Deablo,2566253,DB,LV,@KC,5,5,,,,,,,,,,,,,,,,7.98,39,12.50,4.52
John Johnson,2558183,DB,CLE,BAL,6,1,0.5,,,,,,,,,,,,1,,,8.41,40,12.50,4.09
Henry Black,2563974,DB,GB,CHI,3,1,,,,1,,,,,,,,1,,,,2.11,41,11.90,9.79
William Jackson,2556367,DB,WAS,DAL,7,,,,,,,,,,,,,,,,,7.54,42,11.90,4.36
David Long,2562798,DB,LA,@ARI,5,1,,,,,,,,,,,,1,,,,1.65,43,11.80,10.15
Brandon Stephens,2565851,DB,BAL,@CLE,6,2,,,,,,,,,,,,,,,,9.67,44,11.80,2.13
Andrew Adams,2556456,DB,TB,BUF,3,2,,,,,,,,,,,,2,,,,7.92,45,11.70,3.78
Nasir Adderley,2562617,DB,LAC,NYG,4,3,,,,,,,,,,,,1,,,,10.38,46,11.70,1.32
Jalen Thompson,2563339,DB,ARI,LA,5,4,,,,,,,,,,,,,,,,10.82,47,11.70,0.88
Johnathan Abram,2562616,DB,LV,@KC,4,6,,,,,,,,,,,,,,,,,48,11.60,
Elijah Riley,2564853,DB,NYJ,NO,4,6,,,,,,,,,,,,,,,,1.22,49,11.60,10.38
Will Harris,2562395,DB,DET,@DEN,2,7,,,,,,,,,,,,1,,,,7.12,50,11.50,4.38
Tashaun Gipson,2532848,DB,CHI,@GB,5,3,,,,,,,,,,,,,,,,8.18,51,10.90,2.72
Chris Harris,2530510,DB,LAC,NYG,2,,,,,,,,,,,,,3,,,,7.02,52,10.90,3.88
Andrew Wingard,2562606,DB,JAX,@TEN,5,3,,,,,,,,,,,,,,,,3.59,53,10.90,7.31
Lonnie Johnson,2562295,DB,HOU,SEA,4,,,1,,,,,,,,,,1,,,,1.68,54,10.80,9.12
Ryan Neal,2561381,DB,SEA,@HOU,4,3,,1,,,,,,,,,,,,,,8.74,55,10.70,1.96
Greedy Williams,2562785,DB,CLE,BAL,6,,,,,,,,,,,,,,,,,2.61,56,10.20,7.59
Robert Alford,2539653,DB,ARI,LA,5,2,,,,,,,,,,,,,,,,,57,10.10,
Chuck Clark,2558248,DB,BAL,@CLE,5,2,,,,,,,,,,,,,,,,8.46,58,10.10,1.64
Terrell Edmunds,2560712,DB,PIT,@MIN,4,1,,,,,,,,,,,,1,,,,8.98,59,10.10,1.12
Trevon Diggs,2563836,DB,DAL,@WAS,1,1,,,,,,,,,,,,3,,,,9.32,60,10.00,0.68
Minkah Fitzpatrick,2560725,DB,PIT,@MIN,3,3,,,,,,,,,,,,1,,,,10.90,61,10.00,-0.9
Ronald Darby,2552689,DB,DEN,DET,4,,,,,,,,,,,,,1,,,,,62,9.30,
Jordan Fuller,2564340,DB,LA,@ARI,5,1,,,,,,,,,,,,,,,,,63,9.30,
Darren Hall,2565821,DB,ATL,@CAR,4,,,,,,,,,,,,,1,,,,4.51,64,9.30,4.79
Cameron Sutton,2558849,DB,PIT,@MIN,4,,,,,,,,,,,,,1,,,,7.65,65,9.30,1.65
Kareem Jackson,496735,DB,DEN,DET,3,2,,,,,,,,,,,,1,,,,,66,9.20,
Jimmie Ward,2543741,DB,SF,@CIN,3,2,,,,,,,,,,,,1,,,,9.05,67,9.20,0.15
Kamren Curl,2565270,DB,WAS,DAL,3,5,,,,,,,,,,,,,,,,10.38,68,9.10,-1.28
Julian Love,2562414,DB,NYG,@LAC,3,3,,1,,,,,,,,,,,,,,5.21,69,9.00,3.79
Chandon Sullivan,2560887,DB,GB,CHI,1,1,,,1,,,,,,,,,1,,1,,6.99,70,8.53,1.54
Blessuan Austin,2562468,DB,SEA,@HOU,5,,,,,,,,,,,,,,,,,2.07,71,8.50,6.43
Kris Boyd,2562630,DB,MIN,PIT,5,,,,,,,,,,,,,,,,,0.95,72,8.50,7.55
Adrian Amos,2552385,DB,GB,CHI,3,1,,,,,,,,,,,,1,,,,10.38,73,8.40,-1.98
Kevin Byard,2555158,DB,TEN,JAX,2,3,,,,,,,,,,,,1,,,,10.57,74,8.30,-2.27
Brandin Echols,2565726,DB,NYJ,NO,4,,,1,,,,,,,,,,,,,,8.24,75,8.30,0.06
Jaquiski Tartt,2552391,DB,SF,@CIN,3,4,,,,,,,,,,,,,,,,7.27,76,8.30,1.03
Ross Cockrell,2543799,DB,TB,BUF,4,1,,,,,,,,,,,,,1,,,2.41,77,8.10,5.69
Jayron Kearse,2555156,DB,DAL,@WAS,2,1,,,,,1,,,,,,,1,,,1,10.67,78,7.73,-2.94
Carlton Davis,2561039,DB,TB,BUF,4,1,,,,,,,,,,,,,,,,5.32,79,7.60,2.28
C.J. Henderson,2564199,DB,CAR,ATL,3,,,,,,,,,,,,,1,,,,3.07,80,7.60,4.53
DeAndre Houston-Carson,2555381,DB,CHI,@GB,4,1,,,,,,,,,,,,,,,,,81,7.60,
Talanoa Hufanga,2566529,DB,SF,@CIN,4,1,,,,,,,,,,,,,,,,4.18,82,7.60,3.42
Jaylon Johnson,2563701,DB,CHI,@GB,3,,,,,,,,,,,,,1,,,,7.85,83,7.60,-0.25
Taron Johnson,2560766,DB,BUF,@TB,4,1,,,,,,,,,,,,,,,,9.16,84,7.60,-1.56
Byron Murphy,2562318,DB,ARI,LA,3,,,,,,,,,,,,,1,,,,9.25,85,7.60,-1.65
Pat Surtain II,2566043,DB,DEN,DET,4,1,,,,,,,,,,,,,,,,,86,7.60,
Marcus Williams,2558847,DB,NO,@NYJ,4,1,,,,,,,,,,,,,,,,9.80,87,7.60,-2.2
Dean Marlowe,2553562,DB,DET,@DEN,2,5,,,,,,,,,,,,,,,,8.34,88,7.40,-0.94
Shaquill Griffin,2558259,DB,JAX,@TEN,4,,,,,,,,,,,,,,1,,,7.45,89,7.30,-0.15
M.J. Stewart,2560884,DB,CLE,BAL,4,,,,,,,,,,,,,,,,,1.14,90,6.80,5.66
Denzel Ward,2560916,DB,CLE,BAL,4,,,,,,,,,,,,,,,,,8.43,91,6.80,-1.63
Eli Apple,2555277,DB,CIN,SF,2,1,,,,,,,,,,,,1,,,,7.51,92,6.70,-0.81
Budda Baker,2558009,DB,ARI,LA,3,2,,,,,,,,,,,,,,,,9.48,93,6.70,-2.78
Desmond King,2557927,DB,HOU,SEA,3,2,,,,,,,,,,,,,,,,9.93,94,6.70,-3.23
Josh Norman,2532920,DB,SF,@CIN,2,1,,,,,,,,,,,,1,,,,9.87,95,6.70,-3.17
Patrick Peterson,2495504,DB,MIN,PIT,3,2,,,,,,,,,,,,,,,,6.92,96,6.70,-0.22
Daniel Sorensen,2550257,DB,KC,LV,1,,,,,,,,,,,,,2,,,,4.13,97,6.70,2.57
Bryce Hall,2564796,DB,NYJ,NO,3,,,1,,,,,,,,,,,,,,9.39,98,6.60,-2.79
C.J. Moore,2563193,DB,DET,@DEN,2,4,,,,,,,,,,,,,,,,1.18,99,6.60,5.42
Ambry Thomas,2566547,DB,SF,@CIN,2,4,,,,,,,,,,,,,,,,0.95,100,6.60,5.65
Richard Sherman,2495507,DB,TB,BUF,,,,,1,,,,,,,,,1,,,,,101,6.00,
Armani Watts,2560921,DB,KC,LV,2,2,,,,,1,,,,,,,,,,,0.80,102,6.00,5.2
Anthony Brown,2555531,DB,DAL,@WAS,2,,,,,,,,,,,,,1,,,,9.66,103,5.90,-3.76
J.T. Gray,2561206,DB,NO,@NYJ,3,1,,,,,,,,,,,,,,,,0.76,104,5.90,5.14
Javelin Guidry,2565504,DB,NYJ,NO,3,1,,,,,,,,,,,,,,,,9.37,105,5.90,-3.47
Amani Hooker,2562666,DB,TEN,JAX,2,,,,,,,,,,,,,1,,,,9.88,106,5.90,-3.98
Fabian Moreau,2558136,DB,ATL,@CAR,2,,,,,,,,,,,,,1,,,,8.37,107,5.90,-2.47
Trayvon Mullen,2562380,DB,LV,@KC,3,1,,,,,,,,,,,,,,,,,108,5.90,
Kareem Orr,2563274,DB,LA,@ARI,3,1,,,,,,,,,,,,,,,,1.70,109,5.90,4.2
Taylor Rapp,2562707,DB,LA,@ARI,3,1,,,,,,,,,,,,,,,,8.95,110,5.90,-3.05
Nickell Robey-Coleman,2540197,DB,DET,@DEN,3,1,,,,,,,,,,,,,,,,2.76,111,5.90,3.14
Nick Scott,2562905,DB,LA,@ARI,3,1,,,,,,,,,,,,,,,,2.46,112,5.90,3.44
Eric Stokes,2566097,DB,GB,CHI,2,,,,,,,,,,,,,1,,,,9.52,113,5.90,-3.62
Elijah Molden,2566115,DB,TEN,JAX,2,3,,,,,,,,,,,,,,,,8.91,114,5.80,-3.11
Ashtyn Davis,2564793,DB,NYJ,NO,2,1,0.5,,,,,,,,,,,,1,,,10.02,115,5.70,-4.32
Malcolm Jenkins,79848,DB,NO,@NYJ,3,,,,,,,,,,,,,,1,,,9.67,116,5.60,-4.07
Duron Harmon,2541243,DB,ATL,@CAR,3,,,,,,,,,,,,,,,,,7.44,117,5.10,-2.34
Nate Hobbs,2566259,DB,LV,@KC,3,,,,,,,,,,,,,,,,,5.97,118,5.10,-0.87
Rayshawn Jenkins,2558182,DB,JAX,@TEN,3,,,,,,,,,,,,,,,,,,119,5.10,
Terrance Mitchell,2543637,DB,HOU,SEA,3,,,,,,,,,,,,,,,,,9.28,120,5.10,-4.18
Trevon Moehrig,2566268,DB,LV,@KC,3,,,,,,,,,,,,,,,,,6.87,121,5.10,-1.77
Charvarius Ward,2561417,DB,KC,LV,3,,,,,,,,,,,,,,,,,9.22,122,5.10,-4.12
P.J. Williams,2552484,DB,NO,@NYJ,3,,,,,,,,,,,,,,,,,5.18,123,5.10,-0.08
Tyson Campbell,2566151,DB,JAX,@TEN,2,2,,,,,,,,,,,,,,,,9.40,124,5.00,-4.4
Rashad Fenton,2562649,DB,KC,LV,2,2,,,,,,,,,,,,,,,,7.49,125,5.00,-2.49
Eric Murray,2555173,DB,HOU,SEA,2,2,,,,,,,,,,,,,,,,9.69,126,5.00,-4.69
Justin Reid,2560851,DB,HOU,SEA,2,2,,,,,,,,,,,,,,,,9.09,127,5.00,-4.09
Jarren Williams,2564958,DB,NYG,@LAC,2,2,,,,,,,,,,,,,,,,1.80,128,5.00,3.2
Mackensie Alexander,2555177,DB,MIN,PIT,1,4,,,,,,,,,,,,,,,,3.53,129,4.90,1.37
Miles Killebrew,2555315,DB,PIT,@MIN,2,,,1,,,,,,,,,,,,,,0.58,130,4.90,4.32
Mike Hilton,2556559,DB,CIN,SF,2,1,,,,,,,,,,,,,1,,,8.33,131,4.70,-3.63
Andre Cisco,2566154,DB,JAX,@TEN,,1,,,,1,,,,,,,,,,,,1.50,132,4.30,2.8
Deandre Baker,2562227,DB,KC,LV,2,1,,,,,,,,,,,,,,,,7.83,133,4.20,-3.63
James Bradberry,2555175,DB,NYG,@LAC,1,,,,,,,,,,,,,1,,,,8.18,134,4.20,-3.98
Tevaughn Campbell,2562806,DB,LAC,NYG,1,,,,,,,,,,,,,1,,,,7.80,135,4.20,-3.6
Rudy Ford,2558174,DB,JAX,@TEN,2,1,,,,,,,,,,,,,,,,9.18,136,4.20,-4.98
Kyle Fuller,2543681,DB,DEN,DET,2,1,,,,,,,,,,,,,,,,4.12,137,4.20,0.08
Myles Hartsfield,2563644,DB,CAR,ATL,1,,,,,,,,,,,,,1,,,,7.22,138,4.20,-3.02
Damontae Kazee,2558184,DB,DAL,@WAS,2,1,,,,,,,,,,,,,,,,6.83,139,4.20,-2.63
Xavier McKinney,2564766,DB,NYG,@LAC,2,1,,,,,,,,,,,,,,,,10.17,140,4.20,-5.97
Darnell Savage,2562724,DB,GB,CHI,2,1,,,,,,,,,,,,,,,,8.53,141,4.20,-4.33
Caden Sterns,2566040,DB,DEN,DET,2,1,,,,,,,,,,,,,,,,2.96,142,4.20,1.24
Cameron Dantzler,2564526,DB,MIN,PIT,,2,,,,,,,,,,,,1,,,,4.46,143,4.10,-0.36
Marco Wilson,2566439,DB,ARI,LA,1,1,,1,,,,,,,,,,,,,,8.28,144,4.00,-4.28
Deon Bush,2555155,DB,CHI,@GB,2,,,,,,,,,,,,,,,,,0.89,145,3.40,2.51
Xavier Crawford,2562515,DB,CHI,@GB,2,,,,,,,,,,,,,,,,,,146,3.40,
Jamel Dean,2562556,DB,TB,BUF,2,,,,,,,,,,,,,,,,,7.40,147,3.40,-4.0
Deommodore Lenoir,2566535,DB,SF,@CIN,2,,,,,,,,,,,,,,,,,2.32,148,3.40,1.08
Greg Mabin,2558971,DB,TEN,JAX,2,,,,,,,,,,,,,,,,,0.00,149,3.40,3.4
Jonathan Owens,2561255,DB,HOU,SEA,2,,,,,,,,,,,,,,,,,,150,3.40,
Kevon Seymour,2555549,DB,BAL,@CLE,2,,,,,,,,,,,,,,,,,0.54,151,3.40,2.86
Juston Burris,2555313,DB,CAR,ATL,1,2,,,,,,,,,,,,,,,,7.12,152,3.30,-3.82
Marcell Harris,2561006,DB,SF,@CIN,1,2,,,,,,,,,,,,,,,,1.43,153,3.30,1.87
Jaylinn Hawkins,2563500,DB,ATL,@CAR,1,2,,,,,,,,,,,,,,,,1.76,154,3.30,1.54
Casey Hayward,2532861,DB,LV,@KC,1,2,,,,,,,,,,,,,,,,6.75,155,3.30,-3.45
Stephon Gilmore,2533062,DB,CAR,ATL,1,,,1,,,,,,,,,,,,,,3.98,156,3.20,-0.78
Antonio Hamilton,2556804,DB,ARI,LA,1,,,1,,,,,,,,,,,,,,1.01,157,3.20,2.19
Erik Harris,2555568,DB,ATL,@CAR,1,,,1,,,,,,,,,,,,,,,158,3.20,
Sharrod Neasman,2556443,DB,LA,@ARI,1,,,1,,,,,,,,,,,,,,1.16,159,3.20,2.04
Ricardo Allen,2543850,DB,CIN,SF,1,1,,,,,,,,,,,,,,,,1.63,160,2.50,0.87
Deshazor Everett,2553710,DB,WAS,DAL,1,1,,,,,,,,,,,,,,,,2.19,161,2.50,0.31
Brandon Facyson,2560719,DB,LV,@KC,1,1,,,,,,,,,,,,,,,,10.50,162,2.50,-8.0
Tre Flowers,2560728,DB,CIN,SF,1,1,,,,,,,,,,,,,,,,1.56,163,2.50,0.94
Malik Hooker,2558060,DB,DAL,@WAS,1,1,,,,,,,,,,,,,,,,3.43,164,2.50,-0.93
Chris Jones,2560767,DB,TEN,JAX,1,1,,,,,,,,,,,,,,,,2.24,165,2.50,0.26
Bobby McCain,2552434,DB,WAS,DAL,1,1,,,,,,,,,,,,,,,,7.70,166,2.50,-5.2
Levi Wallace,2560914,DB,BUF,@TB,1,1,,,,,,,,,,,,,,,,8.59,167,2.50,-6.09
A.J. Bouye,2541162,DB,CAR,ATL,1,,,,,,,,,,,,,,,,,,168,1.70,
Chris Claybrooks,2564169,DB,JAX,@TEN,1,,,,,,,,,,,,,,,,,1.25,169,1.70,0.45
Quandre Diggs,2552262,DB,SEA,@HOU,1,,,,,,,,,,,,,,,,,,170,1.70,
Matthias Farley,2556429,DB,TEN,JAX,1,,,,,,,,,,,,,,,,,0.82,171,1.70,0.88
Mike Ford,2561527,DB,DEN,DET,1,,,,,,,,,,,,,,,,,0.86,172,1.70,0.84
Darrick Forrest,2566598,DB,WAS,DAL,1,,,,,,,,,,,,,,,,,0.85,173,1.70,0.85
Justin Hardee,2559181,DB,NYJ,NO,1,,,,,,,,,,,,,,,,,0.61,174,1.70,1.09
Gavin Heslop,2565156,DB,SEA,@HOU,1,,,,,,,,,,,,,,,,,,175,1.70,
Shemar Jean-Charles,2566079,DB,GB,CHI,1,,,,,,,,,,,,,,,,,0.91,176,1.70,0.79
Danny Johnson,2560764,DB,WAS,DAL,1,,,,,,,,,,,,,,,,,3.70,177,1.70,-2.0
Anthony Levine,2508004,DB,BAL,@CLE,1,,,,,,,,,,,,,,,,,0.26,178,1.70,1.44
Arthur Maulet,2559087,DB,PIT,@MIN,1,,,,,,,,,,,,,,,,,6.31,179,1.70,-4.61
Rashaan Melvin,2541200,DB,CAR,ATL,1,,,,,,,,,,,,,,,,,2.46,180,1.70,-0.76
Herb Miller,2563153,DB,CLE,BAL,1,,,,,,,,,,,,,,,,,0.00,181,1.70,1.7
Tre Norwood,2566463,DB,PIT,@MIN,1,,,,,,,,,,,,,,,,,2.95,182,1.70,-1.25
Amani Oruwariye,2562390,DB,DET,@DEN,1,,,,,,,,,,,,,,,,,,183,1.70,
Jeremy Reaves,2561394,DB,WAS,DAL,1,,,,,,,,,,,,,,,,,5.86,184,1.70,-4.16
Bradley Roby,2543505,DB,NO,@NYJ,1,,,,,,,,,,,,,,,,,5.04,185,1.70,-3.34
Geno Stone,2563584,DB,BAL,@CLE,1,,,,,,,,,,,,,,,,,2.28,186,1.70,-0.58
Darian Thompson,2555154,DB,DAL,@WAS,1,,,,,,,,,,,,,,,,,1.72,187,1.70,-0.02
Deionte Thompson,2562760,DB,ARI,LA,1,,,,,,,,,,,,,,,,,1.79,188,1.70,-0.09
Kindle Vildor,2563713,DB,CHI,@GB,1,,,,,,,,,,,,,,,,,2.07,189,1.70,-0.37
Tavon Young,2555378,DB,BAL,@CLE,1,,,,,,,,,,,,,,,,,3.29,190,1.70,-1.59
Trey Marshall,2561370,DB,LAC,NYG,,2,,,,,,,,,,,,,,,,6.96,191,1.60,-5.36
Tavierre Thomas,2561278,DB,HOU,SEA,,2,,,,,,,,,,,,,,,,5.39,192,1.60,-3.79
Juan Thornhill,2562761,DB,KC,LV,,,,,,,1,,,,,,,,,,,8.52,193,1.00,-7.52
Marcus Allen,2560956,DB,PIT,@MIN,,1,,,,,,,,,,,,,,,,1.75,194,0.80,-0.95
Terrell Burgess,2564331,DB,LA,@ARI,,1,,,,,,,,,,,,,,,,0.72,195,0.80,0.08
Dane Cruikshank,2561033,DB,TEN,JAX,,1,,,,,,,,,,,,,,,,2.03,196,0.80,-1.23
Chauncey Gardner-Johnson,2562588,DB,NO,@NYJ,,1,,,,,,,,,,,,,,,,5.66,197,0.80,-4.86
Jeff Heath,2541832,DB,NO,@NYJ,,1,,,,,,,,,,,,,,,,7.60,198,0.80,-6.8
Josh Jackson,2560755,DB,KC,LV,,1,,,,,,,,,,,,,,,,0.97,199,0.80,-0.17
Kevin King,2557996,DB,GB,CHI,,1,,,,,,,,,,,,,,,,5.06,200,0.80,-4.26
Justin Layne,2562479,DB,PIT,@MIN,,1,,,,,,,,,,,,,,,,0.86,201,0.80,-0.06
J.R. Reed,2564220,DB,NYG,@LAC,,1,,,,,,,,,,,,,,,,1.17,202,0.80,-0.37
Keith Taylor,2565911,DB,CAR,ATL,,1,,,,,,,,,,,,,,,,3.04,203,0.80,-2.24
Rachad Wildgoose,2565881,DB,NYJ,NO,,1,,,,,,,,,,,,,,,,2.29,204,0.80,-1.49
Avery Williams,2565833,DB,ATL,@CAR,,1,,,,,,,,,,,,,,,,1.28,205,0.80,-0.48
Shawn Williams,2539233,DB,ATL,@CAR,,1,,,,,,,,,,,,,,,,1.05,206,0.80,-0.25
Jarrod Wilson,2556711,DB,SF,@CIN,,1,,,,,,,,,,,,,,,,2.12,207,0.80,-1.32
Kemon Hall,2562975,DB,LAC,NYG,,,,,,,,,,,,,,,1,,,0.95,208,0.50,-0.45
Dallin Leavitt,2561585,DB,LV,@KC,,,,,,,,,,,,,,,,,,2.20,209,0.40,-1.8
Delrick Abrams,2563464,DB,FA,Bye,,,,,,,,,,,,,,,,,,,210,0.00,
DeMarkus Acy,2565087,DB,PIT,@MIN,,,,,,,,,,,,,,,,,,,211,0.00,
Jamal Adams,2557979,DB,SEA,@HOU,,,,,,,,,,,,,,,,,,,212,0.00,
Jahleel Addae,2541958,DB,IND,Bye,,,,,,,,,,,,,,,,,,,213,0.00,
Jaire Alexander,2560952,DB,GB,CHI,,,,,,,,,,,,,,,,,,0.00,214,0.00,0.0
Brian Allen,2558237,DB,CLE,BAL,,,,,,,,,,,,,,,,,,0.00,215,0.00,0.0
Johnathan Alston,2561520,DB,FA,Bye,,,,,,,,,,,,,,,,,,,216,0.00,
Troy Apke,2560958,DB,WAS,DAL,,,,,,,,,,,,,,,,,,0.53,217,0.00,-0.53
Cornell Armstrong,2561147,DB,ATL,@CAR,,,,,,,,,,,,,,,,,,0.00,218,0.00,0.0
Damon Arnette,2564409,DB,MIA,Bye,,,,,,,,,,,,,,,,,,,219,0.00,
Grayland Arnold,2564814,DB,HOU,SEA,,,,,,,,,,,,,,,,,,,220,0.00,
Jaytlin Askew,2566656,DB,FA,Bye,,,,,,,,,,,,,,,,,,,221,0.00,
Corey Ballentine,2562228,DB,DET,@DEN,,,,,,,,,,,,,,,,,,0.00,222,0.00,0.0
Chris Banjo,2541192,DB,ARI,LA,,,,,,,,,,,,,,,,,,0.79,223,0.00,-0.79
Luq Barcoo,2564160,DB,SF,@CIN,,,,,,,,,,,,,,,,,,0.00,224,0.00,0.0
Essang Bassey,2563875,DB,FA,Bye,,,,,,,,,,,,,,,,,,,225,0.00,
DeVante Bausby,2553790,DB,NE,Bye,,,,,,,,,,,,,,,,,,,226,0.00,
Sam Beal,2561643,DB,FA,Bye,,,,,,,,,,,,,,,,,,,227,0.00,
Elijah Benton,2563758,DB,FA,Bye,,,,,,,,,,,,,,,,,,,228,0.00,
Justin Bethel,2532792,DB,NE,Bye,,,,,,,,,,,,,,,,,,,229,0.00,
Julian Blackmon,2564103,DB,IND,Bye,,,,,,,,,,,,,,,,,,,230,0.00,
Marquise Blair,2562233,DB,SEA,@HOU,,,,,,,,,,,,,,,,,,,231,0.00,
Joshuah Bledsoe,2566331,DB,NE,Bye,,,,,,,,,,,,,,,,,,,232,0.00,
Briean Boddy-Calhoun,2556475,DB,TEN,JAX,,,,,,,,,,,,,,,,,,0.00,233,0.00,0.0
Terrell Bonds,2563136,DB,FA,Bye,,,,,,,,,,,,,,,,,,,234,0.00,
Breon Borders,2559015,DB,ARI,LA,,,,,,,,,,,,,,,,,,0.00,235,0.00,0.0
Tre Boston,2543830,DB,FA,Bye,,,,,,,,,,,,,,,,,,,236,0.00,
John Brannon,2565018,DB,CIN,SF,,,,,,,,,,,,,,,,,,0.00,237,0.00,0.0
Brady Breeze,2566103,DB,DET,@DEN,,,,,,,,,,,,,,,,,,0.00,238,0.00,0.0
Antoine Brooks Jr.,2564967,DB,LA,@ARI,,,,,,,,,,,,,,,,,,0.60,239,0.00,-0.6
Terrence Brooks,2543712,DB,HOU,SEA,,,,,,,,,,,,,,,,,,0.00,240,0.00,0.0
Jordan Brown,2562396,DB,LV,@KC,,,,,,,,,,,,,,,,,,0.00,241,0.00,0.0
Shakur Brown,2565774,DB,FA,Bye,,,,,,,,,,,,,,,,,,,242,0.00,
Tony Brown,2560982,DB,LV,@KC,,,,,,,,,,,,,,,,,,0.00,243,0.00,0.0
Tre Brown,2566550,DB,SEA,@HOU,,,,,,,,,,,,,,,,,,,244,0.00,
Myles Bryant,2564592,DB,NE,Bye,,,,,,,,,,,,,,,,,,,245,0.00,
Eric Burrell,2565696,DB,FA,Bye,,,,,,,,,,,,,,,,,,,246,0.00,
Deante Burton,2559109,DB,FA,Bye,,,,,,,,,,,,,,,,,,,247,0.00,
Malcolm Butler,2550613,DB,FA,Bye,,,,,,,,,,,,,,,,,,,248,0.00,
Camryn Bynum,2566295,DB,MIN,PIT,,,,,,,,,,,,,,,,,,0.74,249,0.00,-0.74
Bryce Callahan,2553500,DB,DEN,DET,,,,,,,,,,,,,,,,,,4.85,250,0.00,-4.85
Elijah Campbell,2561455,DB,MIA,Bye,,,,,,,,,,,,,,,,,,,251,0.00,
Ibraheim Campbell,2552605,DB,IND,Bye,,,,,,,,,,,,,,,,,,,252,0.00,
Maurice Canady,2555178,DB,DAL,@WAS,,,,,,,,,,,,,,,,,,0.00,253,0.00,0.0
T.J. Carrie,2550164,DB,IND,Bye,,,,,,,,,,,,,,,,,,,254,0.00,
Jamal Carter,2559321,DB,TEN,JAX,,,,,,,,,,,,,,,,,,,255,0.00,
Michael Carter II,2565717,DB,NYJ,NO,,,,,,,,,,,,,,,,,,0.00,256,0.00,0.0
Andre Chachere,2561016,DB,PHI,Bye,,,,,,,,,,,,,,,,,,,257,0.00,
Sean Chandler,2561017,DB,CAR,ATL,,,,,,,,,,,,,,,,,,1.98,258,0.00,-1.98
Anthony Chesley,2563235,DB,IND,Bye,,,,,,,,,,,,,,,,,,,259,0.00,
Marqui Christian,2556277,DB,CHI,@GB,,,,,,,,,,,,,,,,,,0.64,260,0.00,-0.64
Patrick Chung,71251,DB,FA,Bye,,,,,,,,,,,,,,,,,,,261,0.00,
Adrian Colbert,2558857,DB,CLE,BAL,,,,,,,,,,,,,,,,,,0.00,262,0.00,0.0
Justin Coleman,2553637,DB,MIA,Bye,,,,,,,,,,,,,,,,,,,263,0.00,
Chris Cooper,2561429,DB,FA,Bye,,,,,,,,,,,,,,,,,,,264,0.00,
Shaun Crawford,2565642,DB,FA,Bye,,,,,,,,,,,,,,,,,,,265,0.00,
Ken Crawley,2556735,DB,NO,@NYJ,,,,,,,,,,,,,,,,,,0.00,266,0.00,0.0
Keion Crossen,2561157,DB,NYG,@LAC,,,,,,,,,,,,,,,,,,0.90,267,0.00,-0.9
Jordan Dangerfield,2541696,DB,FA,Bye,,,,,,,,,,,,,,,,,,,268,0.00,
DJ Daniel,2566653,DB,NE,Bye,,,,,,,,,,,,,,,,,,,269,0.00,
Cody Davis,2541135,DB,NE,Bye,,,,,,,,,,,,,,,,,,,270,0.00,
Jalen Davis,2561316,DB,CIN,SF,,,,,,,,,,,,,,,,,,1.32,271,0.00,-1.32
Javaris Davis,2564265,DB,MIA,Bye,,,,,,,,,,,,,,,,,,,272,0.00,
Sean Davis,2555386,DB,NE,Bye,,,,,,,,,,,,,,,,,,,273,0.00,
Shawn Davis,2565597,DB,GB,CHI,,,,,,,,,,,,,,,,,,0.00,274,0.00,0.0
Duke Dawson,2561040,DB,DEN,DET,,,,,,,,,,,,,,,,,,,275,0.00,
Donte' Deayon,2556512,DB,LA,@ARI,,,,,,,,,,,,,,,,,,6.46,276,0.00,-6.46
Stephen Denmark,2562874,DB,FA,Bye,,,,,,,,,,,,,,,,,,,277,0.00,
Darqueze Dennard,2543474,DB,SF,@CIN,,,,,,,,,,,,,,,,,,0.00,278,0.00,0.0
Pierre Desir,2543811,DB,TB,BUF,,,,,,,,,,,,,,,,,,0.00,279,0.00,0.0
Khalil Dorsey,2565336,DB,BAL,@CLE,,,,,,,,,,,,,,,,,,,280,0.00,
Kyle Dugger,2564601,DB,NE,Bye,,,,,,,,,,,,,,,,,,,281,0.00,
Quinton Dunbar,2553796,DB,FA,Bye,,,,,,,,,,,,,,,,,,,282,0.00,
Isaiah Dunn,2565720,DB,NYJ,NO,,,,,,,,,,,,,,,,,,0.00,283,0.00,0.0
Nate Ebner,2535132,DB,NYG,@LAC,,,,,,,,,,,,,,,,,,,284,0.00,
Mike Edwards,2562259,DB,TB,BUF,,,,,,,,,,,,,,,,,,0.00,285,0.00,0.0
Corn Elder,2558171,DB,WAS,DAL,,,,,,,,,,,,,,,,,,0.00,286,0.00,0.0
DeShon Elliott,2560715,DB,BAL,@CLE,,,,,,,,,,,,,,,,,,,287,0.00,
Tino Ellis,2564670,DB,FA,Bye,,,,,,,,,,,,,,,,,,,288,0.00,
Marcus Epps,2562946,DB,PHI,Bye,,,,,,,,,,,,,,,,,,,289,0.00,
Caleb Farley,2566106,DB,TEN,JAX,,,,,,,,,,,,,,,,,,,290,0.00,
Clayton Fejedelem,2555355,DB,MIA,Bye,,,,,,,,,,,,,,,,,,,291,0.00,
Mark Fields,2562442,DB,FA,Bye,,,,,,,,,,,,,,,,,,,292,0.00,
Paris Ford,2566205,DB,FA,Bye,,,,,,,,,,,,,,,,,,,293,0.00,
Sam Franklin,2563638,DB,CAR,ATL,,,,,,,,,,,,,,,,,,0.94,294,0.00,-0.94
Kavon Frazier,2555536,DB,LV,@KC,,,,,,,,,,,,,,,,,,0.00,295,0.00,0.0
Innis Gaines,2565591,DB,GB,CHI,,,,,,,,,,,,,,,,,,0.00,296,0.00,0.0
Phillip Gaines,2543851,DB,FA,Bye,,,,,,,,,,,,,,,,,,,297,0.00,
Rashaan Gaulden,2560775,DB,FA,Bye,,,,,,,,,,,,,,,,,,,298,0.00,
Jake Gervase,2563306,DB,LA,@ARI,,,,,,,,,,,,,,,,,,0.00,299,0.00,0.0
Mark Gilbert,2565783,DB,DET,@DEN,,,,,,,,,,,,,,,,,,0.00,300,0.00,0.0
Tyree Gillespie,2566256,DB,LV,@KC,,,,,,,,,,,,,,,,,,0.00,301,0.00,0.0
Alohi Gilman,2565042,DB,LAC,NYG,,,,,,,,,,,,,,,,,,0.00,302,0.00,0.0
Jeff Gladney,2564541,DB,FA,Bye,,,,,,,,,,,,,,,,,,,303,0.00,
C.J. Goodwin,2550767,DB,DAL,@WAS,,,,,,,,,,,,,,,,,,0.18,304,0.00,-0.18
Tay Gowan,2566427,DB,PHI,Bye,,,,,,,,,,,,,,,,,,,305,0.00,
Thomas Graham Jr.,2565923,DB,CHI,@GB,,,,,,,,,,,,,,,,,,0.00,306,0.00,0.0
Richie Grant,2565818,DB,ATL,@CAR,,,,,,,,,,,,,,,,,,0.00,307,0.00,0.0
A.J. Green,2563782,DB,CLE,BAL,,,,,,,,,,,,,,,,,,2.24,308,0.00,-2.24
T.J. Green,2555537,DB,HOU,SEA,,,,,,,,,,,,,,,,,,0.00,309,0.00,0.0
Raven Greene,2561207,DB,FA,Bye,,,,,,,,,,,,,,,,,,,310,0.00,
Olaijah Griffin,2566635,DB,BUF,@TB,,,,,,,,,,,,,,,,,,0.00,311,0.00,0.0
Joe Haden,496733,DB,PIT,@MIN,,,,,,,,,,,,,,,,,,0.00,312,0.00,0.0
Javon Hagan,2565219,DB,ARI,LA,,,,,,,,,,,,,,,,,,0.00,313,0.00,0.0
Nate Hairston,2558108,DB,DEN,DET,,,,,,,,,,,,,,,,,,1.71,314,0.00,-1.71
Tyler Hall,2563497,DB,LA,@ARI,,,,,,,,,,,,,,,,,,0.00,315,0.00,0.0
Damar Hamlin,2565872,DB,BUF,@TB,,,,,,,,,,,,,,,,,,0.00,316,0.00,0.0
Saquan Hampton,2562658,DB,FA,Bye,,,,,,,,,,,,,,,,,,,317,0.00,
Harrison Hand,2564547,DB,MIN,PIT,,,,,,,,,,,,,,,,,,0.00,318,0.00,0.0
Vernon Hargreaves III,2555299,DB,CIN,SF,,,,,,,,,,,,,,,,,,2.80,319,0.00,-2.8
Madre Harper,2564421,DB,CAR,ATL,,,,,,,,,,,,,,,,,,0.00,320,0.00,0.0
Anthony Harris,2553655,DB,PHI,Bye,,,,,,,,,,,,,,,,,,,321,0.00,
Brontae Harris,2566217,DB,FA,Bye,,,,,,,,,,,,,,,,,,,322,0.00,
Tim Harris,2562949,DB,BUF,@TB,,,,,,,,,,,,,,,,,,0.00,323,0.00,0.0
Ronnie Harrison,2561008,DB,CLE,BAL,,,,,,,,,,,,,,,,,,0.00,324,0.00,0.0
J.T. Hassell,2563045,DB,FA,Bye,,,,,,,,,,,,,,,,,,,325,0.00,
Trayvon Henderson,2561339,DB,CIN,SF,,,,,,,,,,,,,,,,,,0.00,326,0.00,0.0
Tre Herndon,2561340,DB,JAX,@TEN,,,,,,,,,,,,,,,,,,0.00,327,0.00,0.0
Alijah Holder,2562572,DB,FA,Bye,,,,,,,,,,,,,,,,,,,328,0.00,
Jevon Holland,2566283,DB,MIA,Bye,,,,,,,,,,,,,,,,,,,329,0.00,
Nate Holley,2561627,DB,FA,Bye,,,,,,,,,,,,,,,,,,,330,0.00,
Ka'dar Hollman,2562940,DB,NYG,@LAC,,,,,,,,,,,,,,,,,,,331,0.00,
Darnay Holmes,2564739,DB,NYG,@LAC,,,,,,,,,,,,,,,,,,,332,0.00,
Jaycee Horn,2565893,DB,CAR,ATL,,,,,,,,,,,,,,,,,,,333,0.00,
Jameson Houston,2563791,DB,FA,Bye,,,,,,,,,,,,,,,,,,,334,0.00,
Xavien Howard,2555539,DB,MIA,Bye,,,,,,,,,,,,,,,,,,,335,0.00,
JuJu Hughes,2564352,DB,FA,Bye,,,,,,,,,,,,,,,,,,,336,0.00,
Marlon Humphrey,2558067,DB,BAL,@CLE,,,,,,,,,,,,,,,,,,,337,0.00,
J.T. Ibe,2565570,DB,FA,Bye,,,,,,,,,,,,,,,,,,,338,0.00,
Noah Igbinoghene,2564457,DB,MIA,Bye,,,,,,,,,,,,,,,,,,,339,0.00,
Adoree' Jackson,2558065,DB,NYG,@LAC,,,,,,,,,,,,,,,,,,0.00,340,0.00,0.0
Bennett Jackson,2543834,DB,FA,Bye,,,,,,,,,,,,,,,,,,,341,0.00,
Chris Jackson,2564049,DB,TEN,JAX,,,,,,,,,,,,,,,,,,0.00,342,0.00,0.0
Donte Jackson,2560753,DB,CAR,ATL,,,,,,,,,,,,,,,,,,,343,0.00,
J.C. Jackson,2560754,DB,NE,Bye,,,,,,,,,,,,,,,,,,,344,0.00,
Lamar Jackson,2565513,DB,NYJ,NO,,,,,,,,,,,,,,,,,,0.00,345,0.00,0.0
Mike Jackson,2562434,DB,SEA,@HOU,,,,,,,,,,,,,,,,,,0.00,346,0.00,0.0
Robert Jackson,2561434,DB,BAL,@CLE,,,,,,,,,,,,,,,,,,0.00,347,0.00,0.0
Michael Jacquet,2564835,DB,JAX,@TEN,,,,,,,,,,,,,,,,,,0.00,348,0.00,0.0
Natrell Jamerson,2560759,DB,NYG,@LAC,,,,,,,,,,,,,,,,,,0.00,349,0.00,0.0
Craig James,2561486,DB,PHI,Bye,,,,,,,,,,,,,,,,,,,350,0.00,
Derwin James,2560760,DB,LAC,NYG,,,,,,,,,,,,,,,,,,0.00,351,0.00,0.0
Janoris Jenkins,2532875,DB,TEN,JAX,,,,,,,,,,,,,,,,,,0.00,352,0.00,0.0
Dontae Johnson,2543739,DB,SF,@CIN,,,,,,,,,,,,,,,,,,0.00,353,0.00,0.0
Isaiah Johnson,2562675,DB,FA,Bye,,,,,,,,,,,,,,,,,,,354,0.00,
Jamar Johnson,2566031,DB,DEN,DET,,,,,,,,,,,,,,,,,,0.00,355,0.00,0.0
Jaquan Johnson,2562676,DB,BUF,@TB,,,,,,,,,,,,,,,,,,0.86,356,0.00,-0.86
Kevin Johnson,2552261,DB,FA,Bye,,,,,,,,,,,,,,,,,,,357,0.00,
Brandon Jones,2564469,DB,MIA,Bye,,,,,,,,,,,,,,,,,,,358,0.00,
Byron Jones,2552568,DB,MIA,Bye,,,,,,,,,,,,,,,,,,,359,0.00,
Jonathan Jones,2556571,DB,NE,Bye,,,,,,,,,,,,,,,,,,,360,0.00,
Josh Jones,2558119,DB,SEA,@HOU,,,,,,,,,,,,,,,,,,0.00,361,0.00,0.0
Karl Joseph,2555342,DB,PIT,@MIN,,,,,,,,,,,,,,,,,,0.00,362,0.00,0.0
Kelvin Joseph,2566010,DB,DAL,@WAS,,,,,,,,,,,,,,,,,,1.14,363,0.00,-1.14
Lamarcus Joyner,2543492,DB,NYJ,NO,,,,,,,,,,,,,,,,,,,364,0.00,
Jalen Julius,2564289,DB,FA,Bye,,,,,,,,,,,,,,,,,,,365,0.00,
Joshua Kalu,2560776,DB,NYG,@LAC,,,,,,,,,,,,,,,,,,,366,0.00,
Bopete Keyes,2564292,DB,CHI,@GB,,,,,,,,,,,,,,,,,,0.00,367,0.00,0.0
Luther Kirk,2565304,DB,ATL,@CAR,,,,,,,,,,,,,,,,,,0.00,368,0.00,0.0
Dre Kirkpatrick,2533060,DB,FA,Bye,,,,,,,,,,,,,,,,,,,369,0.00,
Chris Lammons,2561226,DB,KC,LV,,,,,,,,,,,,,,,,,,,370,0.00,
Nevin Lawson,2543872,DB,JAX,@TEN,,,,,,,,,,,,,,,,,,3.16,371,0.00,-3.16
Richard LeCounte III,2565977,DB,CLE,BAL,,,,,,,,,,,,,,,,,,0.00,372,0.00,0.0
Cam Lewis,2563205,DB,BUF,@TB,,,,,,,,,,,,,,,,,,0.00,373,0.00,0.0
Donnie Lewis,2562910,DB,FA,Bye,,,,,,,,,,,,,,,,,,,374,0.00,
Zane Lewis,2564928,DB,NYJ,NO,,,,,,,,,,,,,,,,,,0.00,375,0.00,0.0
P.J. Locke,2563012,DB,DEN,DET,,,,,,,,,,,,,,,,,,0.00,376,0.00,0.0
Jordan Lucas,2555542,DB,FA,Bye,,,,,,,,,,,,,,,,,,,377,0.00,
Cole Luke,2558968,DB,FA,Bye,,,,,,,,,,,,,,,,,,,378,0.00,
Dylan Mabin,2563029,DB,NO,@NYJ,,,,,,,,,,,,,,,,,,0.00,379,0.00,0.0
Avonte Maddox,2560795,DB,PHI,Bye,,,,,,,,,,,,,,,,,,,380,0.00,
Iman Marshall,2562961,DB,BAL,@CLE,,,,,,,,,,,,,,,,,,0.00,381,0.00,0.0
Marcus Maye,2557995,DB,NYJ,NO,,,,,,,,,,,,,,,,,,,382,0.00,
Nick McCloud,2566638,DB,BUF,@TB,,,,,,,,,,,,,,,,,,0.00,383,0.00,0.0
Devin McCourty,494287,DB,NE,Bye,,,,,,,,,,,,,,,,,,,384,0.00,
Jason McCourty,89756,DB,MIA,Bye,,,,,,,,,,,,,,,,,,,385,0.00,
Bradley McDougald,2539243,DB,JAX,@TEN,,,,,,,,,,,,,,,,,,0.00,386,0.00,0.0
Rodney McLeod,2534832,DB,PHI,Bye,,,,,,,,,,,,,,,,,,,387,0.00,
Sherrick McManis,494289,DB,FA,Bye,,,,,,,,,,,,,,,,,,,388,0.00,
Zech McPhearson,2566406,DB,PHI,Bye,,,,,,,,,,,,,,,,,,,389,0.00,
Torry McTyer,2559053,DB,WAS,DAL,,,,,,,,,,,,,,,,,,,390,0.00,
Quenton Meeks,2560808,DB,FA,Bye,,,,,,,,,,,,,,,,,,,391,0.00,
Ifeatu Melifonwu,2566064,DB,DET,@DEN,,,,,,,,,,,,,,,,,,0.00,392,0.00,0.0
Josh Metellus,2564568,DB,MIN,PIT,,,,,,,,,,,,,,,,,,0.81,393,0.00,-0.81
Doug Middleton,2556617,DB,SF,@CIN,,,,,,,,,,,,,,,,,,0.00,394,0.00,0.0
Jordan Miller,2562497,DB,NO,@NYJ,,,,,,,,,,,,,,,,,,0.00,395,0.00,0.0
Jalen Mills,2555383,DB,NE,Bye,,,,,,,,,,,,,,,,,,,396,0.00,
Chris Milton,2556394,DB,MIA,Bye,,,,,,,,,,,,,,,,,,,397,0.00,
Jovante Moffatt,2563797,DB,CLE,BAL,,,,,,,,,,,,,,,,,,0.00,398,0.00,0.0
Joshua Moon,2563265,DB,FA,Bye,,,,,,,,,,,,,,,,,,,399,0.00,
A.J. Moore,2561538,DB,HOU,SEA,,,,,,,,,,,,,,,,,,1.28,400,0.00,-1.28
Kenny Moore II,2558976,DB,IND,Bye,,,,,,,,,,,,,,,,,,,401,0.00,
Tarvarius Moore,2561117,DB,SF,@CIN,,,,,,,,,,,,,,,,,,,402,0.00,
Jimmy Moreland,2562858,DB,HOU,SEA,,,,,,,,,,,,,,,,,,0.00,403,0.00,0.0
TJ Morrison,2565651,DB,FA,Bye,,,,,,,,,,,,,,,,,,,404,0.00,
Emmanuel Moseley,2561072,DB,SF,@CIN,,,,,,,,,,,,,,,,,,0.00,405,0.00,0.0
Parnell Motley,2565237,DB,DET,@DEN,,,,,,,,,,,,,,,,,,5.33,406,0.00,-5.33
Israel Mukuamu,2566013,DB,DAL,@WAS,,,,,,,,,,,,,,,,,,,407,0.00,
Kai Nacua,2559220,DB,NYJ,NO,,,,,,,,,,,,,,,,,,0.00,408,0.00,0.0
Siran Neal,2560818,DB,BUF,@TB,,,,,,,,,,,,,,,,,,0.85,409,0.00,-0.85
Nik Needham,2563220,DB,MIA,Bye,,,,,,,,,,,,,,,,,,,410,0.00,
Nick Nelson,2560819,DB,IND,Bye,,,,,,,,,,,,,,,,,,,411,0.00,
Picasso Nelson,2563002,DB,FA,Bye,,,,,,,,,,,,,,,,,,,412,0.00,
Steven Nelson,2552265,DB,PHI,Bye,,,,,,,,,,,,,,,,,,,413,0.00,
Greg Newsome II,2565980,DB,CLE,BAL,,,,,,,,,,,,,,,,,,0.00,414,0.00,0.0
Keisean Nixon,2562938,DB,LV,@KC,,,,,,,,,,,,,,,,,,0.57,415,0.00,-0.57
George Odum,2561131,DB,IND,Bye,,,,,,,,,,,,,,,,,,,416,0.00,
Michael Ojemudia,2563908,DB,DEN,DET,,,,,,,,,,,,,,,,,,0.00,417,0.00,0.0
Jeff Okudah,2563944,DB,DET,@DEN,,,,,,,,,,,,,,,,,,,418,0.00,
Isaiah Oliver,2560830,DB,ATL,@CAR,,,,,,,,,,,,,,,,,,,419,0.00,
Steven Parker,2561256,DB,NYG,@LAC,,,,,,,,,,,,,,,,,,1.16,420,0.00,-1.16
Will Parks,2556278,DB,NYJ,NO,,,,,,,,,,,,,,,,,,0.00,421,0.00,0.0
Jabrill Peppers,2557980,DB,NYG,@LAC,,,,,,,,,,,,,,,,,,,422,0.00,
Jomal Wiltz,2559283,DB,MIA,Bye,,,,,,,,,,,,,,,,,,,423,0.00,
Jordyn Peters,2565750,DB,FA,Bye,,,,,,,,,,,,,,,,,,,424,0.00,
Marcus Peters,2552488,DB,BAL,@CLE,,,,,,,,,,,,,,,,,,,425,0.00,
Kevin Peterson,2556764,DB,ARI,LA,,,,,,,,,,,,,,,,,,0.00,426,0.00,0.0
Adrian Phillips,2550842,DB,NE,Bye,,,,,,,,,,,,,,,,,,,427,0.00,
James Pierre,2565003,DB,PIT,@MIN,,,,,,,,,,,,,,,,,,2.17,428,0.00,-2.17
Jason Pinnock,2565753,DB,NYJ,NO,,,,,,,,,,,,,,,,,,1.57,429,0.00,-1.57
Brian Poole,2556445,DB,IND,Bye,,,,,,,,,,,,,,,,,,,430,0.00,
Bobby Price,2563953,DB,DET,@DEN,,,,,,,,,,,,,,,,,,0.00,431,0.00,0.0
Troy Pride,2563662,DB,CAR,ATL,,,,,,,,,,,,,,,,,,,432,0.00,
Glover Quin,71441,DB,FA,Bye,,,,,,,,,,,,,,,,,,,433,0.00,
Jalen Ramsey,2555280,DB,LA,@ARI,,,,,,,,,,,,,,,,,,0.00,434,0.00,0.0
Damarious Randall,2552389,DB,FA,Bye,,,,,,,,,,,,,,,,,,,435,0.00,
Will Redmond,2555545,DB,IND,Bye,,,,,,,,,,,,,,,,,,,436,0.00,
Sheldrick Redwine,2562711,DB,MIA,Bye,,,,,,,,,,,,,,,,,,,437,0.00,
John Reid,2564088,DB,SEA,@HOU,,,,,,,,,,,,,,,,,,0.55,438,0.00,-0.55
Xavier Rhodes,2540155,DB,IND,Bye,,,,,,,,,,,,,,,,,,,439,0.00,
Jordan Richards,2552392,DB,BAL,@CLE,,,,,,,,,,,,,,,,,,0.00,440,0.00,0.0
Darryl Roberts,2553353,DB,WAS,DAL,,,,,,,,,,,,,,,,,,0.00,441,0.00,0.0
Amik Robertson,2564430,DB,LV,@KC,,,,,,,,,,,,,,,,,,0.00,442,0.00,0.0
Kenny Robinson,2563674,DB,CAR,ATL,,,,,,,,,,,,,,,,,,0.00,443,0.00,0.0
Patrick Robinson,2508084,DB,FA,Bye,,,,,,,,,,,,,,,,,,,444,0.00,
Rashard Robinson,2555546,DB,TB,BUF,,,,,,,,,,,,,,,,,,0.76,445,0.00,-0.76
Reggie Robinson II,2563863,DB,DAL,@WAS,,,,,,,,,,,,,,,,,,,446,0.00,
Tyree Robinson,2561519,DB,FA,Bye,,,,,,,,,,,,,,,,,,,447,0.00,
Robert Rochell,2566241,DB,LA,@ARI,,,,,,,,,,,,,,,,,,,448,0.00,
Isaiah Rodgers,2564142,DB,IND,Bye,,,,,,,,,,,,,,,,,,,449,0.00,
Winston Rose,2556670,DB,FA,Bye,,,,,,,,,,,,,,,,,,,450,0.00,
D'Angelo Ross,2563057,DB,NE,Bye,,,,,,,,,,,,,,,,,,,451,0.00,
Eric Rowe,2552255,DB,MIA,Bye,,,,,,,,,,,,,,,,,,,452,0.00,
Brandon Rusnak,2562912,DB,JAX,@TEN,,,,,,,,,,,,,,,,,,0.00,453,0.00,0.0
KeiVarae Russell,2555547,DB,NO,@NYJ,,,,,,,,,,,,,,,,,,0.00,454,0.00,0.0
Asante Samuel Jr.,2566511,DB,LAC,NYG,,,,,,,,,,,,,,,,,,0.00,455,0.00,0.0
Stanford Samuels III,2564022,DB,FA,Bye,,,,,,,,,,,,,,,,,,,456,0.00,
Josiah Scott,2564229,DB,PHI,Bye,,,,,,,,,,,,,,,,,,,457,0.00,
Vernon Scott,2564028,DB,GB,CHI,,,,,,,,,,,,,,,,,,0.00,458,0.00,0.0
Andrew Sendejo,2525323,DB,IND,Bye,,,,,,,,,,,,,,,,,,,459,0.00,
Kendall Sheffield,2562730,DB,ATL,@CAR,,,,,,,,,,,,,,,,,,0.81,460,0.00,-0.81
Duke Shelley,2562957,DB,CHI,@GB,,,,,,,,,,,,,,,,,,0.00,461,0.00,0.0
Jamien Sherwood,2565762,DB,NYJ,NO,,,,,,,,,,,,,,,,,,,462,0.00,
LeShaun Sims,2555551,DB,FA,Bye,,,,,,,,,,,,,,,,,,,463,0.00,
Kemah Siverand,2565189,DB,FA,Bye,,,,,,,,,,,,,,,,,,,464,0.00,
Darius Slay,2540288,DB,PHI,Bye,,,,,,,,,,,,,,,,,,,465,0.00,
Jimmy Smith,2508107,DB,BAL,@CLE,,,,,,,,,,,,,,,,,,0.00,466,0.00,0.0
Maurice Smith,2559058,DB,FA,Bye,,,,,,,,,,,,,,,,,,,467,0.00,
Ryan Smith,2555552,DB,LAC,NYG,,,,,,,,,,,,,,,,,,,468,0.00,
Saivion Smith,2562741,DB,DET,@DEN,,,,,,,,,,,,,,,,,,1.48,469,0.00,-1.48
Tremon Smith,2561103,DB,HOU,SEA,,,,,,,,,,,,,,,,,,1.09,470,0.00,-1.09
Tye Smith,2552449,DB,MIN,PIT,,,,,,,,,,,,,,,,,,0.00,471,0.00,0.0
L'Jarius Sneed,2564304,DB,KC,LV,,,,,,,,,,,,,,,,,,0.00,472,0.00,0.0
Benjamin St-Juste,2566604,DB,WAS,DAL,,,,,,,,,,,,,,,,,,,473,0.00,
Linden Stephens,2561277,DB,PIT,@MIN,,,,,,,,,,,,,,,,,,0.00,474,0.00,0.0
JaCoby Stevens,2566412,DB,PHI,Bye,,,,,,,,,,,,,,,,,,,475,0.00,
Donovan Stiner,2565795,DB,PIT,@MIN,,,,,,,,,,,,,,,,,,0.00,476,0.00,0.0
Corey Straughter,2565636,DB,FA,Bye,,,,,,,,,,,,,,,,,,,477,0.00,
Greg Stroman,2560886,DB,FA,Bye,,,,,,,,,,,,,,,,,,,478,0.00,
D.J. Swearinger,2539943,DB,IND,Bye,,,,,,,,,,,,,,,,,,,479,0.00,
Teez Tabor,2557955,DB,CHI,@GB,,,,,,,,,,,,,,,,,,,480,0.00,
Cordrea Tankersley,2557931,DB,FA,Bye,,,,,,,,,,,,,,,,,,,481,0.00,
Shakial Taylor,2563129,DB,FA,Bye,,,,,,,,,,,,,,,,,,,482,0.00,
Roderic Teamer,2562981,DB,LV,@KC,,,,,,,,,,,,,,,,,,0.71,483,0.00,-0.71
Marvell Tell,2562757,DB,IND,Bye,,,,,,,,,,,,,,,,,,,484,0.00,
Josh Thomas,2565387,DB,BUF,@TB,,,,,,,,,,,,,,,,,,0.00,485,0.00,0.0
Stantley Thomas-Oliver,2563689,DB,CAR,ATL,,,,,,,,,,,,,,,,,,0.00,486,0.00,0.0
Tariq Thompson,2566644,DB,FA,Bye,,,,,,,,,,,,,,,,,,,487,0.00,
Desmond Trufant,2539334,DB,LV,@KC,,,,,,,,,,,,,,,,,,1.25,488,0.00,-1.25
Kenny Vaccaro,2539320,DB,FA,Bye,,,,,,,,,,,,,,,,,,,489,0.00,
Donte Vaughn,2565084,DB,FA,Bye,,,,,,,,,,,,,,,,,,,490,0.00,
Jason Verrett,2543493,DB,SF,@CIN,,,,,,,,,,,,,,,,,,,491,0.00,
Kary Vincent Jr.,2566046,DB,PHI,Bye,,,,,,,,,,,,,,,,,,,492,0.00,
Dee Virgin,2559274,DB,FA,Bye,,,,,,,,,,,,,,,,,,,493,0.00,
Lamont Wade,2565798,DB,FA,Bye,,,,,,,,,,,,,,,,,,,494,0.00,
Shaun Wade,2565854,DB,NE,Bye,,,,,,,,,,,,,,,,,,,495,0.00,
Tracy Walker III,2560913,DB,DET,@DEN,,,,,,,,,,,,,,,,,,11.00,496,0.00,-11.0
K'Von Wallace,2564871,DB,PHI,Bye,,,,,,,,,,,,,,,,,,,497,0.00,
Nigel Warrior,2563590,DB,SEA,@HOU,,,,,,,,,,,,,,,,,,0.00,498,0.00,0.0
Ar'Darius Washington,2566632,DB,BAL,@CLE,,,,,,,,,,,,,,,,,,,499,0.00,
Charles Washington,2556703,DB,ARI,LA,,,,,,,,,,,,,,,,,,0.00,500,0.00,0.0
Keith Washington,2564706,DB,FA,Bye,,,,,,,,,,,,,,,,,,,501,0.00,
Jaylen Watkins,2543707,DB,FA,Bye,,,,,,,,,,,,,,,,,,,502,0.00,
Trae Waynes,2552448,DB,CIN,SF,,,,,,,,,,,,,,,,,,0.00,503,0.00,0.0
Mark Webb,2566523,DB,LAC,NYG,,,,,,,,,,,,,,,,,,,504,0.00,
Brendon White,2565765,DB,FA,Bye,,,,,,,,,,,,,,,,,,,505,0.00,
Tre'Davious White,2557867,DB,BUF,@TB,,,,,,,,,,,,,,,,,,,506,0.00,
Jordan Whitehead,2560930,DB,TB,BUF,,,,,,,,,,,,,,,,,,0.00,507,0.00,0.0
Jace Whittaker,2564955,DB,ARI,LA,,,,,,,,,,,,,,,,,,0.00,508,0.00,0.0
Chris Wilcox,2566577,DB,IND,Bye,,,,,,,,,,,,,,,,,,,509,0.00,
LaDarius Wiley,2563280,DB,FA,Bye,,,,,,,,,,,,,,,,,,,510,0.00,
Joejuan Williams,2562787,DB,NE,Bye,,,,,,,,,,,,,,,,,,,511,0.00,
Rodarius Williams,2566379,DB,NYG,@LAC,,,,,,,,,,,,,,,,,,,512,0.00,
Trill Williams,2565714,DB,MIA,Bye,,,,,,,,,,,,,,,,,,,513,0.00,
Chris Williamson,2564784,DB,FA,Bye,,,,,,,,,,,,,,,,,,,514,0.00,
Khari Willis,2562602,DB,IND,Bye,,,,,,,,,,,,,,,,,,,515,0.00,
Brandon Wilson,2558786,DB,CIN,SF,,,,,,,,,,,,,,,,,,,516,0.00,
Donovan Wilson,2562604,DB,DAL,@WAS,,,,,,,,,,,,,,,,,,0.00,517,0.00,0.0
Quincy Wilson,2557961,DB,FA,Bye,,,,,,,,,,,,,,,,,,,518,0.00,
Tavon Wilson,2534830,DB,SF,@CIN,,,,,,,,,,,,,,,,,,,519,0.00,
Daryl Worley,2555394,DB,BAL,@CLE,,,,,,,,,,,,,,,,,,0.00,520,0.00,0.0
Blidi Wreh-Wilson,2539219,DB,TB,BUF,,,,,,,,,,,,,,,,,,0.00,521,0.00,0.0
Nahshon Wright,2566022,DB,DAL,@WAS,,,,,,,,,,,,,,,,,,0.00,522,0.00,0.0
Rock Ya-Sin,2562614,DB,IND,Bye,,,,,,,,,,,,,,,,,,,523,0.00,
Isaac Yiadom,2560946,DB,GB,CHI,,,,,,,,,,,,,,,,,,0.64,524,0.00,-0.64
Darius Phillips,2560839,DB,CIN,SF,,,,,,,,,,,,,,,,,,,525,-4.00,
