PlayerName,PlayerId,Pos,Team,PlayerOpponent,TacklesTot,TacklesAst,TacklesSck,TacklesTfl,TurnoverInt,TurnoverFrcFum,TurnoverFumRec,ScoreIntTd,ScoreFumTd,ScoreBlkTd,ScoreSaf,ScoreDef2ptRet,Blk,PDef,QBHit,ReturnIntYds,ReturnFumYds,PlayerWeekProjectedPts,Rank,TotalPoints,ProjectionDiff
Aaron Donald,2543485,DL,LA,@ARI,3,2,3,3,,,,,,,,,,1,3,,,7.07,1,21.20,14.13
Dre'Mont Jones,2562412,DL,DEN,DET,3,,2,3,,,,,,,,,,1,2,,,4.60,2,17.10,12.5
Myles Garrett,2557965,DL,CLE,BAL,3,,1,,,1,1,,1,,,,,,,,15,6.19,3,16.10,9.91
Dorance Armstrong,2560959,DL,DAL,@WAS,4,2,,,,,1,,1,,,,,,,,37,3.41,4,14.63,11.22
Jonathan Allen,2557844,DL,WAS,DAL,5,2,1,1,,,,,,,,,,,2,,,4.54,5,14.60,10.06
Randy Gregory,2552446,DL,DAL,@WAS,1,,1,,1,1,,,,,,,,1,2,12,,4.52,6,14.60,10.08
Dexter Lawrence,2562301,DL,NYG,@LAC,4,3,1,1,,,,,,,,,,,3,,,5.05,7,14.20,9.15
Daron Payne,2560834,DL,WAS,DAL,5,1,1,1,,,,,,,,,,,1,,,5.06,8,13.30,8.24
Sheldon Richardson,2540142,DL,MIN,PIT,3,,1,2,,,,,,,,,,1,1,,,5.46,9,13.10,7.64
Nick Bosa,2562629,DL,SF,@CIN,2,1,2,2,,,,,,,,,,,2,,,7.20,10,12.20,5.0
Dante Fowler Jr.,2553431,DL,ATL,@CAR,3,,1,3,,,,,,,,,,,1,,,4.47,11,12.10,7.63
Justin Jones,2560769,DL,LAC,NYG,3,2,1,1,,,1,,,,,,,,1,,,4.37,12,11.70,7.33
Derrick Brown,2563629,DL,CAR,ATL,4,1,,2,,,,,,,,,,,2,,,5.07,13,11.60,6.53
Larry Ogunjobi,2557836,DL,CIN,SF,3,1,1,2,,,,,,,,,,,1,,,,14,11.40,
Jadeveon Clowney,2543456,DL,CLE,BAL,1,2,1.5,1,,,,,,,,,,1,2,,,4.73,15,11.30,6.57
DaQuan Jones,2543504,DL,CAR,ATL,4,,,,,1,,,,,,,,,1,,,3.06,16,10.80,7.74
Alex Okafor,2539319,DL,KC,LV,1,2,1.5,,,1,,,,,,,,,2,,,1.85,17,10.80,8.95
Greg Gaines,2562391,DL,LA,@ARI,3,2,1,1,,,,,,,,,,,1,,,6.10,18,10.70,4.6
Jordan Phillips,2552492,DL,ARI,LA,3,2,1,1,,,,,,,,,,,1,,,3.40,19,10.70,7.3
Daniel Wise,2562608,DL,WAS,DAL,4,3,,1,,,,,,,,,,,,,,,20,10.70,
Zach Allen,2562219,DL,ARI,LA,3,1,1,1,,,,,,,,,,,2,,,6.68,21,10.40,3.72
Michael Pierce,2556650,DL,MIN,PIT,2,1,1,,,1,,,,,,,,,1,,,3.30,22,10.20,6.9
Jarran Reed,2555238,DL,KC,LV,3,2,,,,1,,,,,,,,,,,,4.30,23,10.20,5.9
B.J. Hill,2560740,DL,CIN,SF,3,1,1,1,,,,,,,,,,,1,,,3.22,24,9.90,6.68
Jonathon Cooper,2566028,DL,DEN,DET,5,,,,,,1,,,,,,,,,,,2.87,25,9.50,6.63
Maxx Crosby,2562439,DL,LV,@KC,1,4,,1,,,,,,,,,,1,1,,,5.60,26,9.40,3.8
Demarcus Lawrence,2543490,DL,DAL,@WAS,2,,1,2,,,,,,,,,,,2,,,5.62,27,9.40,3.78
Joey Bosa,2555249,DL,LAC,NYG,1,,1,,,1,,,,,,,,,4,,,5.95,28,9.20,3.25
D.J. Reader,2555388,DL,CIN,SF,3,,1,1,,,,,,,,,,,1,,,4.30,29,9.10,4.8
Jeffery Simmons,2562733,DL,TEN,JAX,3,,,1,,,,,,,,,,1,,,,6.36,30,9.10,2.74
Poona Ford,2561195,DL,SEA,@HOU,3,3,,1,,,,,,,,,,,,,,4.09,31,9.00,4.91
Cameron Heyward,2508109,DL,PIT,@MIN,3,3,,1,,,,,,,,,,,,,,7.51,32,9.00,1.49
Harrison Phillips,2560840,DL,BUF,@TB,3,3,,1,,,,,,,,,,,,,,4.51,33,9.00,4.49
Dawuane Smoot,2557839,DL,JAX,@TEN,2,,1,1,,,,,,,,,,,3,,,4.58,34,8.40,3.82
Eli Ankou,2559132,DL,BUF,@TB,2,1,1,1,,,,,,,,,,,1,,,,35,8.20,
Clelin Ferrell,2562263,DL,LV,@KC,2,1,1,1,,,,,,,,,,,1,,,1.98,36,8.20,6.22
Carl Granderson,2562273,DL,NO,@NYJ,2,,1,1,,,,,,,,,,,2,,,3.97,37,7.90,3.93
Al Woods,496881,DL,SEA,@HOU,1,4,0.5,1,,,,,,,,,,,1,,,3.67,38,7.90,4.23
Armon Watts,2562773,DL,MIN,PIT,1,2,1,1,,,,,,,,,,,2,,,2.94,39,7.80,4.86
Steven Means,2541310,DL,ATL,@CAR,4,1,,,,,,,,,,,,,,,,4.06,40,7.60,3.54
Austin Johnson,2556368,DL,NYG,@LAC,3,3,,,,,,,,,,,,,,,,4.53,41,7.50,2.97
Denico Autry,2550646,DL,TEN,JAX,2,,1,1,,,,,,,,,,,1,,,4.48,42,7.40,2.92
Joe Gaziano,2565036,DL,LAC,NYG,3,1,,1,,,,,,,,,,,,,,1.97,43,7.40,5.43
Justin Madubuike,2563563,DL,BAL,@CLE,3,1,,1,,,,,,,,,,,,,,4.19,44,7.40,3.21
Sheldon Rankins,2555242,DL,NYJ,NO,3,1,,1,,,,,,,,,,,,,,2.78,45,7.40,4.62
Jonathan Greenard,2564070,DL,HOU,SEA,1,3,,,,,,,,,,,,1,,,,4.87,46,6.60,1.73
Jessie Lemonier,2565057,DL,DET,@DEN,2,4,,,,,,,,,,,,,,,,1.27,47,6.60,5.33
D.J. Wonnum,2564583,DL,MIN,PIT,,2,,,,,,,,,,,,2,,,,5.41,48,6.60,1.19
Neville Gallimore,2563842,DL,DAL,@WAS,1,1,1,1,,,,,,,,,,,1,,,2.53,49,6.50,3.97
Grady Jarrett,2552327,DL,ATL,@CAR,2,2,,,,,1,,,,,,,,1,,,5.17,50,6.50,1.33
Yannick Ngakoue,2555421,DL,LV,@KC,1,1,1,1,,,,,,,,,,,1,,,4.38,51,6.50,2.12
Ross Blacklock,2564064,DL,HOU,SEA,3,1,,,,,,,,,,,,,1,,,2.96,52,6.40,3.44
Foley Fatukasi,2560722,DL,NYJ,NO,1,4,,1,,,,,,,,,,,,,,4.04,53,6.40,2.36
Tershawn Wharton,2564310,DL,KC,LV,1,2,1,,,,,,,,,,,,2,,,2.40,54,6.30,3.9
Darrell Taylor,2565198,DL,SEA,@HOU,1,,1,1,,,,,,,,,,,2,,,4.81,55,6.20,1.39
Angelo Blackson,2552670,DL,CHI,@GB,3,1,,,,,,,,,,,,,,,,3.84,56,5.90,2.06
DaVon Hamilton,2564190,DL,JAX,@TEN,3,1,,,,,,,,,,,,,,,,2.41,57,5.90,3.49
Johnathan Hankins,2540147,DL,LV,@KC,3,1,,,,,,,,,,,,,,,,3.86,58,5.90,2.04
D.J. Jones,2558265,DL,SF,@CIN,2,3,,,,,,,,,,,,,,,,4.77,59,5.80,1.03
Kenny Clark,2555282,DL,GB,CHI,2,1,,,,,,,,,,,,,3,,,5.47,60,5.70,0.23
L.J. Collier,2562248,DL,SEA,@HOU,1,,,1,,,,,,,,,,1,,,,1.59,61,5.70,4.11
Trey Hendrickson,2557943,DL,CIN,SF,1,,1,1,,,,,,,,,,,1,,,5.15,62,5.70,0.55
Malcolm Koonce,2566262,DL,LV,@KC,1,,1,1,,,,,,,,,,,1,,,2.03,63,5.70,3.67
Jihad Ward,2555248,DL,JAX,@TEN,1,,1,1,,,,,,,,,,,1,,,1.99,64,5.70,3.71
Quinnen Williams,2562599,DL,NYJ,NO,2,1,,1,,,,,,,,,,,,,,6.51,65,5.70,-0.81
Quinton Jefferson,2555358,DL,LV,@KC,1,3,,1,,,,,,,,,,,,,,4.55,66,5.60,1.05
Jason Pierre-Paul,496843,DL,TB,BUF,3,,,,,,,,,,,,,,1,,,5.15,67,5.60,0.45
Stephen Weatherly,2555529,DL,DEN,DET,1,3,,1,,,,,,,,,,,,,,2.28,68,5.60,3.32
Chauncey Golston,2566007,DL,DAL,@WAS,1,1,,,,,,,,,,,1,,,,,3.16,69,5.50,2.34
Jerry Tillery,2562763,DL,LAC,NYG,1,4,,,,,,,,,,,,,1,,,5.26,70,5.40,0.14
Charles Harris,2558001,DL,DET,@DEN,1,2,,1,,,,,,,,,,,1,,,6.50,71,5.30,-1.2
Mike Pennel,2550242,DL,ATL,@CAR,3,,,,,,,,,,,,,,,,,2.35,72,5.10,2.75
Montravius Adams,2557876,DL,PIT,@MIN,1,1,,1,,,,,,,,,,,2,,,3.00,73,5.00,2.0
Arik Armstead,2552493,DL,SF,@CIN,2,2,,,,,,,,,,,,,,,,5.41,74,5.00,-0.41
Malcom Brown,2552483,DL,JAX,@TEN,2,2,,,,,,,,,,,,,,,,4.60,75,5.00,0.4
A'Shawn Robinson,2555265,DL,LA,@ARI,2,2,,,,,,,,,,,,,,,,5.39,76,5.00,-0.39
Danny Shelton,2552325,DL,NYG,@LAC,2,2,,,,,,,,,,,,,,,,0.00,77,5.00,5.0
Michael Brockers,2533050,DL,DET,@DEN,1,4,,,,,,,,,,,,,,,,4.04,78,4.90,0.86
K'Lavon Chaisson,2564166,DL,JAX,@TEN,2,,,1,,,,,,,,,,,,,,2.94,79,4.90,1.96
John Cominsky,2562249,DL,ATL,@CAR,2,,,1,,,,,,,,,,,,,,0.90,80,4.90,4.0
Justin Houston,2495493,DL,BAL,@CLE,2,,,1,,,,,,,,,,,,,,4.41,81,4.90,0.49
Cameron Sample,2565959,DL,CIN,SF,2,1,,,,,,,,,,,,,1,,,2.26,82,4.70,2.44
Vita Vea,2560909,DL,TB,BUF,1,,,,,,,,,,,,,1,1,,,3.88,83,4.70,0.82
Broderick Washington,2563593,DL,BAL,@CLE,2,1,,,,,,,,,,,,,1,,,1.72,84,4.70,2.98
Kingsley Keke,2562300,DL,GB,CHI,,1,,,,,,,,,,,,1,2,,,4.00,85,4.30,0.3
Sheldon Day,2555241,DL,CLE,BAL,1,,,,,,,,,,,,,1,,,,2.15,86,4.20,2.05
Benson Mayowa,2542009,DL,SEA,@HOU,2,1,,,,,,,,,,,,,,,,3.94,87,4.20,0.26
Charles Omenihu,2562324,DL,SF,@CIN,1,,,,,,,,,,,,,1,,,,1.93,88,4.20,2.27
Frank Clark,2552629,DL,KC,LV,,1,0.5,,,,,,,,,,,,4,,,4.69,89,3.80,-0.89
Dean Lowry,2555274,DL,GB,CHI,1,2,,,,,,,,,,,,,1,,,3.94,90,3.80,-0.14
Shaka Toney,2566607,DL,WAS,DAL,,4,,,,,,,,,,,,,1,,,4.73,91,3.70,-1.03
Brian Burns,2562242,DL,CAR,ATL,1,1,,,,,,,,,,,,,2,,,6.74,92,3.50,-3.24
Chris Wormley,2557862,DL,PIT,@MIN,1,1,,,,,,,,,,,,,2,,,5.84,93,3.50,-2.34
Carlos Dunlap,496780,DL,SEA,@HOU,2,,,,,,,,,,,,,,,,,1.84,94,3.40,1.56
John Franklin-Myers,2560731,DL,NYJ,NO,1,2,,,,,,,,,,,,,,,,4.21,95,3.30,-0.91
Shelby Harris,2549926,DL,DEN,DET,,1,,,,,,,,,,,,1,,,,4.69,96,3.30,-1.39
Linval Joseph,496802,DL,LAC,NYG,1,2,,,,,,,,,,,,,,,,1.88,97,3.30,1.42
Bravvion Roy,2563677,DL,CAR,ATL,,1,,,,,,,,,,,,1,,,,2.41,98,3.30,0.89
Tim Settle,2560871,DL,WAS,DAL,1,2,,,,,,,,,,,,,,,,1.09,99,3.30,2.21
Maliek Collins,2555400,DL,HOU,SEA,1,,,1,,,,,,,,,,,,,,3.69,100,3.20,-0.49
Leki Fotu,2564910,DL,ARI,LA,1,,,1,,,,,,,,,,,,,,2.15,101,3.20,1.05
Rakeem Nunez-Roches,2552674,DL,TB,BUF,1,,,1,,,,,,,,,,,,,,1.94,102,3.20,1.26
Pat O'Connor,2558863,DL,TB,BUF,1,,,1,,,,,,,,,,,,,,,103,3.20,
Rasheem Green,2560998,DL,SEA,@HOU,,2,0.5,,,,,,,,,,,,1,,,4.69,104,3.10,-1.59
Sam Hubbard,2560745,DL,CIN,SF,,2,,,,,,,,,,,,,3,,,7.34,105,3.10,-4.24
Morgan Fox,2556529,DL,CAR,ATL,1,1,,,,,,,,,,,,,1,,,3.44,106,3.00,-0.44
Bilal Nichols,2560821,DL,CHI,@GB,1,1,,,,,,,,,,,,,1,,,5.19,107,3.00,-2.19
Alton Robinson,2565186,DL,SEA,@HOU,,,,,,,,,,,,,,1,1,,,2.44,108,3.00,0.56
DeShawn Williams,2553623,DL,DEN,DET,,,,,,,,,,,,,,1,1,,,,109,3.00,
Christian Covington,2552602,DL,LAC,NYG,1,1,,,,,,,,,,,,,,,,3.33,110,2.50,-0.83
Marquis Haynes,2561009,DL,CAR,ATL,1,1,,,,,,,,,,,,,,,,1.99,111,2.50,0.51
Jerry Hughes,496796,DL,BUF,@TB,1,1,,,,,,,,,,,,,,,,2.11,112,2.50,0.39
Matthew Ioannidis,2555240,DL,WAS,DAL,1,1,,,,,,,,,,,,,,,,3.10,113,2.50,-0.6
Isaiahh Loudermilk,2566457,DL,PIT,@MIN,1,1,,,,,,,,,,,,,,,,2.21,114,2.50,0.29
James Lynch,2564565,DL,MIN,PIT,1,1,,,,,,,,,,,,,,,,2.44,115,2.50,0.06
Osa Odighizuwa,2566016,DL,DAL,@WAS,1,1,,,,,,,,,,,,,,,,3.40,116,2.50,-0.9
Solomon Thomas,2558018,DL,LV,@KC,1,1,,,,,,,,,,,,,,,,3.46,117,2.50,-0.96
Dalvin Tomlinson,2557846,DL,MIN,PIT,1,1,,,,,,,,,,,,,,,,3.45,118,2.50,-0.95
Tim Ward,2562939,DL,NYJ,NO,1,1,,,,,,,,,,,,,,,,1.70,119,2.50,0.8
Carlos Watkins,2557877,DL,DAL,@WAS,1,1,,,,,,,,,,,,,,,,3.18,120,2.50,-0.68
Margus Hunt,2539310,DL,CHI,@GB,,3,,,,,,,,,,,,,,,,2.51,121,2.40,-0.11
Shy Tuttle,2563242,DL,NO,@NYJ,,3,,,,,,,,,,,,,,,,4.20,122,2.40,-1.8
Melvin Ingram,2532870,DL,KC,LV,,1,0.5,,,,,,,,,,,,1,,,3.51,123,2.30,-1.21
Chris Jones,2556369,DL,KC,LV,,1,0.5,,,,,,,,,,,,1,,,4.66,124,2.30,-2.36
Taven Bryan,2560983,DL,JAX,@TEN,1,,,,,,,,,,,,,,1,,,2.22,125,2.20,-0.02
Michael Danna,2564262,DL,KC,LV,1,,,,,,,,,,,,,,1,,,2.61,126,2.20,-0.41
A.J. Epenesa,2563605,DL,BUF,@TB,1,,,,,,,,,,,,,,1,,,2.12,127,2.20,0.08
Arden Key,2560779,DL,SF,@CIN,,1,0.5,,,,,,,,,,,,,,,2.68,128,1.80,-0.88
Brandin Bryant,2556486,DL,BUF,@TB,1,,,,,,,,,,,,,,,,,1.89,129,1.70,-0.19
Kevin Givens,2562655,DL,SF,@CIN,1,,,,,,,,,,,,,,,,,2.30,130,1.70,-0.6
Trysten Hill,2562663,DL,DAL,@WAS,1,,,,,,,,,,,,,,,,,2.49,131,1.70,-0.79
Kerry Hyder,2550433,DL,SEA,@HOU,1,,,,,,,,,,,,,,,,,2.28,132,1.70,-0.58
Patrick Jones II,2566307,DL,MIN,PIT,1,,,,,,,,,,,,,,,,,1.53,133,1.70,0.17
Henry Mondeaux,2561243,DL,PIT,@MIN,1,,,,,,,,,,,,,,,,,1.79,134,1.70,-0.09
Derek Rivers,2558040,DL,HOU,SEA,1,,,,,,,,,,,,,,,,,2.08,135,1.70,-0.38
Quincy Roche,2566466,DL,NYG,@LAC,1,,,,,,,,,,,,,,,,,3.19,136,1.70,-1.49
Chris Smith,2543692,DL,HOU,SEA,1,,,,,,,,,,,,,,,,,1.62,137,1.70,0.08
Josh Tupou,2559003,DL,CIN,SF,1,,,,,,,,,,,,,,,,,1.40,138,1.70,0.3
Leonard Williams,2552486,DL,NYG,@LAC,1,,,,,,,,,,,,,,,,,6.22,139,1.70,-4.52
Jalyn Holmes,2560744,DL,NO,@NYJ,,2,,,,,,,,,,,,,,,,2.61,140,1.60,-1.01
Jaleel Johnson,2557845,DL,HOU,SEA,,2,,,,,,,,,,,,,,,,2.28,141,1.60,-0.68
Ed Oliver,2562322,DL,BUF,@TB,,2,,,,,,,,,,,,,,,,3.33,142,1.60,-1.73
John Penisini,2563950,DL,DET,@DEN,,2,,,,,,,,,,,,,,,,1.77,143,1.60,-0.17
Adam Gotsis,2555502,DL,JAX,@TEN,,1,,,,,,,,,,,,,1,,,2.51,144,1.30,-1.21
Ifeadi Odenigbo,2558278,DL,CLE,BAL,,,,,,,1,,,,,,,,,,,1.89,145,1.00,-0.89
Calais Campbell,744,DL,BAL,@CLE,,1,,,,,,,,,,,,,,,,5.76,146,0.80,-4.96
Marcus Davenport,2561037,DL,NO,@NYJ,,1,,,,,,,,,,,,,,,,4.76,147,0.80,-3.96
Justin Ellis,2543812,DL,BAL,@CLE,,1,,,,,,,,,,,,,,,,1.83,148,0.80,-1.03
Yetur Gross-Matos,2563641,DL,CAR,ATL,,1,,,,,,,,,,,,,,,,2.17,149,0.80,-1.37
Albert Huggins,2562667,DL,NO,@NYJ,,1,,,,,,,,,,,,,,,,2.54,150,0.80,-1.74
Tyler Lancaster,2561227,DL,GB,CHI,,1,,,,,,,,,,,,,,,,1.66,151,0.80,-0.86
Derrick Nnadi,2560823,DL,KC,LV,,1,,,,,,,,,,,,,,,,2.66,152,0.80,-1.86
Nathan Shepherd,2560873,DL,NYJ,NO,,1,,,,,,,,,,,,,,,,2.45,153,0.80,-1.65
Brandon Williams,2541302,DL,BAL,@CLE,,1,,,,,,,,,,,,,,,,4.46,154,0.80,-3.66
Myles Adams,2563620,DL,SEA,@HOU,,,,,,,,,,,,,,,,,,0.00,155,0.00,0.0
Mario Addison,2530474,DL,BUF,@TB,,,,,,,,,,,,,,,,,,3.03,156,0.00,-3.03
McTelvin Agim,2563872,DL,DEN,DET,,,,,,,,,,,,,,,,,,0.00,157,0.00,0.0
Tyson Alualu,496760,DL,PIT,@MIN,,,,,,,,,,,,,,,,,,,158,0.00,
Auzoyah Alufohai,2564061,DL,CHI,@GB,,,,,,,,,,,,,,,,,,0.00,159,0.00,0.0
Bradlee Anae,2563821,DL,DAL,@WAS,,,,,,,,,,,,,,,,,,0.00,160,0.00,0.0
Abdullah Anderson,2561088,DL,GB,CHI,,,,,,,,,,,,,,,,,,0.00,161,0.00,0.0
Henry Anderson,2552272,DL,NE,Bye,,,,,,,,,,,,,,,,,,,162,0.00,
Genard Avery,2560964,DL,PHI,Bye,,,,,,,,,,,,,,,,,,,163,0.00,
David Bada,2565526,DL,WAS,DAL,,,,,,,,,,,,,,,,,,0.00,164,0.00,0.0
Allen Bailey,2495116,DL,FA,Bye,,,,,,,,,,,,,,,,,,,165,0.00,
Ben Banogu,2562229,DL,IND,Bye,,,,,,,,,,,,,,,,,,,166,0.00,
Christian Barmore,2566328,DL,NE,Bye,,,,,,,,,,,,,,,,,,,167,0.00,
Derek Barnett,2557984,DL,PHI,Bye,,,,,,,,,,,,,,,,,,,168,0.00,
Alex Barrett,2559140,DL,SF,@CIN,,,,,,,,,,,,,,,,,,0.00,169,0.00,0.0
Boogie Basham,2565863,DL,BUF,@TB,,,,,,,,,,,,,,,,,,0.00,170,0.00,0.0
Vic Beasley,2552301,DL,FA,Bye,,,,,,,,,,,,,,,,,,,171,0.00,
Andrew Billings,2555267,DL,MIA,Bye,,,,,,,,,,,,,,,,,,,172,0.00,
Amani Bledsoe,2562859,DL,TEN,JAX,,,,,,,,,,,,,,,,,,0.00,173,0.00,0.0
Will Bradley-King,2566583,DL,WAS,DAL,,,,,,,,,,,,,,,,,,4.60,174,0.00,-4.6
Cortez Broughton,2562823,DL,KC,LV,,,,,,,,,,,,,,,,,,0.00,175,0.00,0.0
Andrew Brown,2560979,DL,LAC,NYG,,,,,,,,,,,,,,,,,,0.00,176,0.00,0.0
Earnest Brown IV,2566202,DL,LA,@ARI,,,,,,,,,,,,,,,,,,0.00,177,0.00,0.0
Austin Bryant,2562240,DL,DET,@DEN,,,,,,,,,,,,,,,,,,5.46,178,0.00,-5.46
DeForest Buckner,2555275,DL,IND,Bye,,,,,,,,,,,,,,,,,,,179,0.00,
Isaiah Buggs,2562241,DL,LV,@KC,,,,,,,,,,,,,,,,,,0.00,180,0.00,0.0
Calvin Bundage,2565777,DL,FA,Bye,,,,,,,,,,,,,,,,,,,181,0.00,
Adam Butler,2558924,DL,MIA,Bye,,,,,,,,,,,,,,,,,,,182,0.00,
Vernon Butler,2555243,DL,BUF,@TB,,,,,,,,,,,,,,,,,,0.00,183,0.00,0.0
Ron'Dell Carter,2563833,DL,HOU,SEA,,,,,,,,,,,,,,,,,,0.00,184,0.00,0.0
Demarcus Christmas,2562246,DL,PIT,@MIN,,,,,,,,,,,,,,,,,,0.00,185,0.00,0.0
Tyler Clark,2563725,DL,WAS,DAL,,,,,,,,,,,,,,,,,,0.00,186,0.00,0.0
Adrian Clayborn,2495140,DL,FA,Bye,,,,,,,,,,,,,,,,,,,187,0.00,
Kameron Cline,2564109,DL,IND,Bye,,,,,,,,,,,,,,,,,,,188,0.00,
Trevon Coley,2556504,DL,TEN,JAX,,,,,,,,,,,,,,,,,,,189,0.00,
Marquise Copeland,2562877,DL,LA,@ARI,,,,,,,,,,,,,,,,,,1.96,190,0.00,-1.96
Jashon Cornell,2563929,DL,DET,@DEN,,,,,,,,,,,,,,,,,,0.00,191,0.00,0.0
Doug Costin,2564172,DL,JAX,@TEN,,,,,,,,,,,,,,,,,,0.00,192,0.00,0.0
Byron Cowart,2562392,DL,NE,Bye,,,,,,,,,,,,,,,,,,,193,0.00,
Fletcher Cox,2533051,DL,PHI,Bye,,,,,,,,,,,,,,,,,,,194,0.00,
Jack Crawford,2532992,DL,ARI,LA,,,,,,,,,,,,,,,,,,,195,0.00,
Tyrone Crawford,2532821,DL,FA,Bye,,,,,,,,,,,,,,,,,,,196,0.00,
Vinny Curry,2532825,DL,FA,Bye,,,,,,,,,,,,,,,,,,,197,0.00,
Jalen Dalton,2563120,DL,NO,@NYJ,,,,,,,,,,,,,,,,,,,198,0.00,
Darrion Daniels,2565096,DL,SF,@CIN,,,,,,,,,,,,,,,,,,0.00,199,0.00,0.0
Marlon Davidson,2563479,DL,ATL,@CAR,,,,,,,,,,,,,,,,,,0.00,200,0.00,0.0
Carlos Davis,2564976,DL,PIT,@MIN,,,,,,,,,,,,,,,,,,0.00,201,0.00,0.0
Khalil Davis,2565210,DL,PIT,@MIN,,,,,,,,,,,,,,,,,,0.00,202,0.00,0.0
Raekwon Davis,2564445,DL,MIA,Bye,,,,,,,,,,,,,,,,,,,203,0.00,
Tyeler Davison,2552329,DL,ATL,@CAR,,,,,,,,,,,,,,,,,,0.00,204,0.00,0.0
Matt Dickerson,2561044,DL,ARI,LA,,,,,,,,,,,,,,,,,,0.00,205,0.00,0.0
Victor Dimukeje,2566424,DL,ARI,LA,,,,,,,,,,,,,,,,,,0.60,206,0.00,-0.6
Mario Edwards,2553433,DL,CHI,@GB,,,,,,,,,,,,,,,,,,2.31,207,0.00,-2.31
Daniel Ekuale,2561458,DL,NE,Bye,,,,,,,,,,,,,,,,,,,208,0.00,
Jordan Elliott,2563779,DL,CLE,BAL,,,,,,,,,,,,,,,,,,2.63,209,0.00,-2.63
Trey Flowers,2552278,DL,DET,@DEN,,,,,,,,,,,,,,,,,,,210,0.00,
William Gholston,2540176,DL,TB,BUF,,,,,,,,,,,,,,,,,,2.44,211,0.00,-2.44
Ryan Glasgow,2557851,DL,FA,Bye,,,,,,,,,,,,,,,,,,,212,0.00,
Davon Godchaux,2558012,DL,NE,Bye,,,,,,,,,,,,,,,,,,,213,0.00,
Brandon Graham,496788,DL,PHI,Bye,,,,,,,,,,,,,,,,,,,214,0.00,
Everson Griffen,496790,DL,MIN,PIT,,,,,,,,,,,,,,,,,,0.00,215,0.00,0.0
Porter Gustin,2562276,DL,CLE,BAL,,,,,,,,,,,,,,,,,,0.00,216,0.00,0.0
Lawrence Guy,2495481,DL,NE,Bye,,,,,,,,,,,,,,,,,,,217,0.00,
Justin Hamilton,2553531,DL,DEN,DET,,,,,,,,,,,,,,,,,,0.00,218,0.00,0.0
Woodrow Hamilton,2556546,DL,NYG,@LAC,,,,,,,,,,,,,,,,,,0.00,219,0.00,0.0
Javon Hargrave,2555239,DL,PHI,Bye,,,,,,,,,,,,,,,,,,,220,0.00,
Jonathan Harris,2562945,DL,DEN,DET,,,,,,,,,,,,,,,,,,0.00,221,0.00,0.0
Damon Harrison,2535718,DL,FA,Bye,,,,,,,,,,,,,,,,,,,222,0.00,
Daelin Hayes,2565842,DL,BAL,@CLE,,,,,,,,,,,,,,,,,,,223,0.00,
Bruce Hector,2561338,DL,DET,@DEN,,,,,,,,,,,,,,,,,,0.00,224,0.00,0.0
Akiem Hicks,2533433,DL,CHI,@GB,,,,,,,,,,,,,,,,,,0.00,225,0.00,0.0
Braxton Hoyett,2563244,DL,NO,@NYJ,,,,,,,,,,,,,,,,,,0.00,226,0.00,0.0
Wyatt Hubert,2565950,DL,CIN,SF,,,,,,,,,,,,,,,,,,0.00,227,0.00,0.0
Bryce Huff,2565510,DL,NYJ,NO,,,,,,,,,,,,,,,,,,,228,0.00,
Danielle Hunter,2552603,DL,MIN,PIT,,,,,,,,,,,,,,,,,,,229,0.00,
Maurice Hurst,2560748,DL,SF,@CIN,,,,,,,,,,,,,,,,,,0.00,230,0.00,0.0
David Irving,2553805,DL,FA,Bye,,,,,,,,,,,,,,,,,,,231,0.00,
Joe Jackson,2562432,DL,CLE,BAL,,,,,,,,,,,,,,,,,,0.00,232,0.00,0.0
Malik Jackson,2532873,DL,CLE,BAL,,,,,,,,,,,,,,,,,,3.33,233,0.00,-3.33
Tarron Jackson,2566400,DL,PHI,Bye,,,,,,,,,,,,,,,,,,,234,0.00,
John Jenkins,2539231,DL,MIA,Bye,,,,,,,,,,,,,,,,,,,235,0.00,
Darryl Johnson,2562672,DL,CAR,ATL,,,,,,,,,,,,,,,,,,0.00,236,0.00,0.0
P.J. Johnson,2562923,DL,LV,@KC,,,,,,,,,,,,,,,,,,0.00,237,0.00,0.0
Patrick Johnson,2566403,DL,PHI,Bye,,,,,,,,,,,,,,,,,,,238,0.00,
Benito Jones,2564466,DL,MIA,Bye,,,,,,,,,,,,,,,,,,,239,0.00,
Cameron Jordan,2495184,DL,NO,@NYJ,,,,,,,,,,,,,,,,,,0.00,240,0.00,0.0
Dion Jordan,2539288,DL,FA,Bye,,,,,,,,,,,,,,,,,,,241,0.00,
Sebastian Joseph-Day,2561079,DL,LA,@ARI,,,,,,,,,,,,,,,,,,,242,0.00,
Joshua Kaindoh,2566184,DL,KC,LV,,,,,,,,,,,,,,,,,,0.00,243,0.00,0.0
Khalid Kareem,2563734,DL,CIN,SF,,,,,,,,,,,,,,,,,,0.00,244,0.00,0.0
Zach Kerr,2550575,DL,ARI,LA,,,,,,,,,,,,,,,,,,0.00,245,0.00,0.0
Ryan Kerrigan,2495190,DL,PHI,Bye,,,,,,,,,,,,,,,,,,,246,0.00,
Javon Kinlaw,2565117,DL,SF,@CIN,,,,,,,,,,,,,,,,,,,247,0.00,
Tanoh Kpassagnon,2558185,DL,NO,@NYJ,,,,,,,,,,,,,,,,,,,248,0.00,
Niko Lalos,2564745,DL,NYG,@LAC,,,,,,,,,,,,,,,,,,0.00,249,0.00,0.0
Austin Larkin,2561518,DL,CAR,ATL,,,,,,,,,,,,,,,,,,0.00,250,0.00,0.0
Devaroe Lawrence,2559079,DL,FA,Bye,,,,,,,,,,,,,,,,,,,251,0.00,
Rashard Lawrence,2564922,DL,ARI,LA,,,,,,,,,,,,,,,,,,2.13,252,0.00,-2.13
Carl Lawson,2557901,DL,NYJ,NO,,,,,,,,,,,,,,,,,,,253,0.00,
Jeremiah Ledbetter,2558124,DL,JAX,@TEN,,,,,,,,,,,,,,,,,,0.00,254,0.00,0.0
Tyquan Lewis,2560791,DL,IND,Bye,,,,,,,,,,,,,,,,,,,255,0.00,
Star Lotulelei,2539329,DL,BUF,@TB,,,,,,,,,,,,,,,,,,0.00,256,0.00,0.0
Daylon Mack,2562308,DL,FA,Bye,,,,,,,,,,,,,,,,,,,257,0.00,
Isaiah Mack,2563245,DL,BAL,@CLE,,,,,,,,,,,,,,,,,,0.00,258,0.00,0.0
Hercules Mata'afa,2560799,DL,FA,Bye,,,,,,,,,,,,,,,,,,,259,0.00,
Dan McCullers,2550154,DL,FA,Bye,,,,,,,,,,,,,,,,,,,260,0.00,
T.Y. McGill,2553911,DL,MIN,PIT,,,,,,,,,,,,,,,,,,0.00,261,0.00,0.0
R.J. McIntosh,2560806,DL,GB,CHI,,,,,,,,,,,,,,,,,,0.00,262,0.00,0.0
Kahlil McKenzie,2560807,DL,BAL,@CLE,,,,,,,,,,,,,,,,,,0.00,263,0.00,0.0
Steve McLendon,2507590,DL,TB,BUF,,,,,,,,,,,,,,,,,,0.00,264,0.00,0.0
David Moa,2564571,DL,NYG,@LAC,,,,,,,,,,,,,,,,,,0.00,265,0.00,0.0
Bryan Mone,2562914,DL,SEA,@HOU,,,,,,,,,,,,,,,,,,2.28,266,0.00,-2.28
Damontre Moore,2540138,DL,CAR,ATL,,,,,,,,,,,,,,,,,,0.00,267,0.00,0.0
Al-Quadin Muhammad,2558131,DL,IND,Bye,,,,,,,,,,,,,,,,,,,268,0.00,
Larrell Murchison,2564055,DL,TEN,JAX,,,,,,,,,,,,,,,,,,1.65,269,0.00,-1.65
Trent Murphy,2543503,DL,FA,Bye,,,,,,,,,,,,,,,,,,,270,0.00,
Bill Murray,2564625,DL,NE,Bye,,,,,,,,,,,,,,,,,,,271,0.00,
Carl Nassib,2555270,DL,LV,@KC,,,,,,,,,,,,,,,,,,0.00,272,0.00,0.0
Robert Nkemdiche,2555336,DL,SEA,@HOU,,,,,,,,,,,,,,,,,,0.00,273,0.00,0.0
Efe Obada,2553310,DL,BUF,@TB,,,,,,,,,,,,,,,,,,2.84,274,0.00,-2.84
Dayo Odeyingbo,2565609,DL,IND,Bye,,,,,,,,,,,,,,,,,,,275,0.00,
Emmanuel Ogbah,2555278,DL,MIA,Bye,,,,,,,,,,,,,,,,,,,276,0.00,
Adetokunbo Ogundeji,2565827,DL,ATL,@CAR,,,,,,,,,,,,,,,,,,0.00,277,0.00,0.0
Julian Okwara,2563947,DL,DET,@DEN,,,,,,,,,,,,,,,,,,0.00,278,0.00,0.0
Romeo Okwara,2556641,DL,DET,@DEN,,,,,,,,,,,,,,,,,,,279,0.00,
David Onyemata,2556274,DL,NO,@NYJ,,,,,,,,,,,,,,,,,,4.45,280,0.00,-4.45
Walter Palmore,2563229,DL,FA,Bye,,,,,,,,,,,,,,,,,,,281,0.00,
David Parry,2552438,DL,FA,Bye,,,,,,,,,,,,,,,,,,,282,0.00,
Aaron Patrick,2565630,DL,DEN,DET,,,,,,,,,,,,,,,,,,0.54,283,0.00,-0.54
Kwity Paye,2565612,DL,IND,Bye,,,,,,,,,,,,,,,,,,,284,0.00,
Domata Peko Sr.,2506925,DL,FA,Bye,,,,,,,,,,,,,,,,,,,285,0.00,
Ronnie Perkins,2566340,DL,NE,Bye,,,,,,,,,,,,,,,,,,,286,0.00,
Darius Philon,2552676,DL,LV,@KC,,,,,,,,,,,,,,,,,,,287,0.00,
Willington Previlon,2564016,DL,TB,BUF,,,,,,,,,,,,,,,,,,0.00,288,0.00,0.0
Durval Queiroz,2562867,DL,MIA,Bye,,,,,,,,,,,,,,,,,,,289,0.00,
Wyatt Ray,2562709,DL,CIN,SF,,,,,,,,,,,,,,,,,,1.40,290,0.00,-1.4
Caraun Reid,2543748,DL,LAC,NYG,,,,,,,,,,,,,,,,,,0.00,291,0.00,0.0
Sam Renner,2564391,DL,FA,Bye,,,,,,,,,,,,,,,,,,,292,0.00,
Hassan Ridgeway,2555514,DL,PHI,Bye,,,,,,,,,,,,,,,,,,,293,0.00,
Malcolm Roach,2564688,DL,NO,@NYJ,,,,,,,,,,,,,,,,,,0.00,294,0.00,0.0
Max Roberts,2566238,DL,FA,Bye,,,,,,,,,,,,,,,,,,,295,0.00,
Janarius Robinson,2566316,DL,MIN,PIT,,,,,,,,,,,,,,,,,,,296,0.00,
Isaac Rochell,2557860,DL,IND,Bye,,,,,,,,,,,,,,,,,,,297,0.00,
Daniel Ross,2559240,DL,FA,Bye,,,,,,,,,,,,,,,,,,,298,0.00,
Greg Rousseau,2565875,DL,BUF,@TB,,,,,,,,,,,,,,,,,,4.92,299,0.00,-4.92
Anthony Rush,2563200,DL,ATL,@CAR,,,,,,,,,,,,,,,,,,2.10,300,0.00,-2.1
Khalen Saunders,2562723,DL,KC,LV,,,,,,,,,,,,,,,,,,,301,0.00,
Deadrin Senat,2560869,DL,FA,Bye,,,,,,,,,,,,,,,,,,,302,0.00,
Jabaal Sheard,2495228,DL,FA,Bye,,,,,,,,,,,,,,,,,,,303,0.00,
Zach Sieler,2561129,DL,MIA,Bye,,,,,,,,,,,,,,,,,,,304,0.00,
John Simon,2539280,DL,PIT,@MIN,,,,,,,,,,,,,,,,,,0.00,305,0.00,0.0
Deyon Sizer,2563254,DL,FA,Bye,,,,,,,,,,,,,,,,,,,306,0.00,
Chris Slayton,2562735,DL,SF,@CIN,,,,,,,,,,,,,,,,,,0.00,307,0.00,0.0
Tanzel Smart,2558199,DL,NYJ,NO,,,,,,,,,,,,,,,,,,0.00,308,0.00,0.0
Aldon Smith,2495487,DL,FA,Bye,,,,,,,,,,,,,,,,,,,309,0.00,
Elerson G. Smith,2566373,DL,NYG,@LAC,,,,,,,,,,,,,,,,,,,310,0.00,
James Smith-Williams,2565291,DL,WAS,DAL,,,,,,,,,,,,,,,,,,0.00,311,0.00,0.0
Akeem Spence,2540201,DL,DEN,DET,,,,,,,,,,,,,,,,,,0.00,312,0.00,0.0
Marquiss Spencer,2566037,DL,DEN,DET,,,,,,,,,,,,,,,,,,0.00,313,0.00,0.0
Damion Square,2540003,DL,LV,@KC,,,,,,,,,,,,,,,,,,0.00,314,0.00,0.0
Taylor Stallworth,2560882,DL,IND,Bye,,,,,,,,,,,,,,,,,,,315,0.00,
Shamar Stephen,2543706,DL,DEN,DET,,,,,,,,,,,,,,,,,,2.39,316,0.00,-2.39
Grover Stewart,2558766,DL,IND,Bye,,,,,,,,,,,,,,,,,,,317,0.00,
Kentavius Street,2560885,DL,SF,@CIN,,,,,,,,,,,,,,,,,,1.86,318,0.00,-1.86
Kevin Strong,2563197,DL,TEN,JAX,,,,,,,,,,,,,,,,,,2.13,319,0.00,-2.13
Jason Strowbridge,2564496,DL,FA,Bye,,,,,,,,,,,,,,,,,,,320,0.00,
Ndamukong Suh,496861,DL,TB,BUF,,,,,,,,,,,,,,,,,,3.24,321,0.00,-3.24
Josh Sweat,2560889,DL,PHI,Bye,,,,,,,,,,,,,,,,,,,322,0.00,
Montez Sweat,2562749,DL,WAS,DAL,,,,,,,,,,,,,,,,,,0.00,323,0.00,0.0
Jullian Taylor,2561078,DL,FA,Bye,,,,,,,,,,,,,,,,,,,324,0.00,
Vincent Taylor,2558017,DL,HOU,SEA,,,,,,,,,,,,,,,,,,,325,0.00,
Casey Toohill,2564868,DL,WAS,DAL,,,,,,,,,,,,,,,,,,0.00,326,0.00,0.0
Jacob Tuioti-Mariner,2561282,DL,CAR,ATL,,,,,,,,,,,,,,,,,,0.00,327,0.00,0.0
Stephon Tuitt,2543483,DL,PIT,@MIN,,,,,,,,,,,,,,,,,,,328,0.00,
Kemoko Turay,2560905,DL,IND,Bye,,,,,,,,,,,,,,,,,,,329,0.00,
Payton Turner,2566355,DL,NO,@NYJ,,,,,,,,,,,,,,,,,,,330,0.00,
Brent Urban,2543765,DL,DAL,@WAS,,,,,,,,,,,,,,,,,,,331,0.00,
Kendal Vickers,2561416,DL,LV,@KC,,,,,,,,,,,,,,,,,,0.00,332,0.00,0.0
DeMarcus Walker,2557894,DL,HOU,SEA,,,,,,,,,,,,,,,,,,0.00,333,0.00,0.0
J.J. Watt,2495488,DL,ARI,LA,,,,,,,,,,,,,,,,,,0.00,334,0.00,0.0
Rashad Weaver,2566124,DL,TEN,JAX,,,,,,,,,,,,,,,,,,,335,0.00,
Christian Wilkins,2562782,DL,MIA,Bye,,,,,,,,,,,,,,,,,,,336,0.00,
Chris Williams,2564154,DL,IND,Bye,,,,,,,,,,,,,,,,,,,337,0.00,
Milton Williams,2566418,DL,PHI,Bye,,,,,,,,,,,,,,,,,,,338,0.00,
Nick Williams,2541479,DL,DET,@DEN,,,,,,,,,,,,,,,,,,2.21,339,0.00,-2.21
Raequan Williams,2564883,DL,PHI,Bye,,,,,,,,,,,,,,,,,,,340,0.00,
Sylvester Williams,2539270,DL,FA,Bye,,,,,,,,,,,,,,,,,,,341,0.00,
Xavier Williams,2553764,DL,FA,Bye,,,,,,,,,,,,,,,,,,,342,0.00,
Rob Windsor,2564157,DL,IND,Bye,,,,,,,,,,,,,,,,,,,343,0.00,
Chase Winovich,2562607,DL,NE,Bye,,,,,,,,,,,,,,,,,,,344,0.00,
Deatrich Wise,2558000,DL,NE,Bye,,,,,,,,,,,,,,,,,,,345,0.00,
Derek Wolfe,2533026,DL,BAL,@CLE,,,,,,,,,,,,,,,,,,,346,0.00,
Antwaun Woods,2556792,DL,IND,Bye,,,,,,,,,,,,,,,,,,,347,0.00,
Renell Wren,2562612,DL,CIN,SF,,,,,,,,,,,,,,,,,,0.00,348,0.00,0.0
Chase Young,2565294,DL,WAS,DAL,,,,,,,,,,,,,,,,,,,349,0.00,
Justin Zimmer,2556716,DL,BUF,@TB,,,,,,,,,,,,,,,,,,,350,0.00,
