[{"PlayerName":"Matt Prater","PlayerId":"2506677","Pos":"K","Team":"ARI","PlayerOpponent":"LA","PatMade":"2","PatMissed":"","FgMade_0-19":"","FgMade_20-29":"","FgMade_30-39":"","FgMade_40-49":"1","FgMade_50":"2","FgMiss_0-19":"","FgMiss_20-29":"","FgMiss_30-39":"","PlayerWeekProjectedPts":"6.97","Rank":1,"TotalPoints":"16.00","ProjectionDiff":9.03},{"PlayerName":"Justin Tucker","PlayerId":"2536340","Pos":"K","Team":"BAL","PlayerOpponent":"@CLE","PatMade":"1","PatMissed":"","FgMade_0-19":"","FgMade_20-29":"","FgMade_30-39":"","FgMade_40-49":"1","FgMade_50":"2","FgMiss_0-19":"","FgMiss_20-29":"","FgMiss_30-39":"","PlayerWeekProjectedPts":"6.56","Rank":2,"TotalPoints":"15.00","ProjectionDiff":8.44},{"PlayerName":"Harrison Butker","PlayerId":"2558245","Pos":"K","Team":"KC","PlayerOpponent":"LV","PatMade":"6","PatMissed":"","FgMade_0-19":"","FgMade_20-29":"","FgMade_30-39":"1","FgMade_40-49":"","FgMade_50":"1","FgMiss_0-19":"","FgMiss_20-29":"","FgMiss_30-39":"","PlayerWeekProjectedPts":"7.14","Rank":3,"TotalPoints":"14.00","ProjectionDiff":6.86},{"PlayerName":"Matt Gay","PlayerId":"2562271","Pos":"K","Team":"LA","PlayerOpponent":"@ARI","PatMade":"3","PatMissed":"","FgMade_0-19":"","FgMade_20-29":"","FgMade_30-39":"2","FgMade_40-49":"","FgMade_50":"1","FgMiss_0-19":"","FgMiss_20-29":"","FgMiss_30-39":"","PlayerWeekProjectedPts":"6.58","Rank":4,"TotalPoints":"14.00","ProjectionDiff":7.42},{"PlayerName":"Cairo Santos","PlayerId":"2550636","Pos":"K","Team":"CHI","PlayerOpponent":"@GB","PatMade":"3","PatMissed":"","FgMade_0-19":"","FgMade_20-29":"1","FgMade_30-39":"","FgMade_40-49":"2","FgMade_50":"","FgMiss_0-19":"","FgMiss_20-29":"","FgMiss_30-39":"","PlayerWeekProjectedPts":"6.49","Rank":5,"TotalPoints":"14.00","ProjectionDiff":7.51},{"PlayerName":"Dustin Hopkins","PlayerId":"2539227","Pos":"K","Team":"LAC","PlayerOpponent":"NYG","PatMade":"4","PatMissed":"","FgMade_0-19":"","FgMade_20-29":"2","FgMade_30-39":"1","FgMade_40-49":"","FgMade_50":"","FgMiss_0-19":"","FgMiss_20-29":"","FgMiss_30-39":"","PlayerWeekProjectedPts":"7.30","Rank":6,"TotalPoints":"13.00","ProjectionDiff":5.7},{"PlayerName":"Greg Zuerlein","PlayerId":"2534797","Pos":"K","Team":"DAL","PlayerOpponent":"@WAS","PatMade":"1","PatMissed":"","FgMade_0-19":"","FgMade_20-29":"1","FgMade_30-39":"3","FgMade_40-49":"","FgMade_50":"","FgMiss_0-19":"","FgMiss_20-29":"","FgMiss_30-39":"","PlayerWeekProjectedPts":"6.40","Rank":7,"TotalPoints":"13.00","ProjectionDiff":6.6},{"PlayerName":"Younghoe Koo","PlayerId":"2559205","Pos":"K","Team":"ATL","PlayerOpponent":"@CAR","PatMade":"2","PatMissed":"","FgMade_0-19":"","FgMade_20-29":"","FgMade_30-39":"2","FgMade_40-49":"1","FgMade_50":"","FgMiss_0-19":"","FgMiss_20-29":"","FgMiss_30-39":"","PlayerWeekProjectedPts":"7.86","Rank":8,"TotalPoints":"12.80","ProjectionDiff":4.94},{"PlayerName":"Brett Maher","PlayerId":"2540243","Pos":"K","Team":"NO","PlayerOpponent":"@NYJ","PatMade":"3","PatMissed":"","FgMade_0-19":"","FgMade_20-29":"1","FgMade_30-39":"2","FgMade_40-49":"","FgMade_50":"","FgMiss_0-19":"","FgMiss_20-29":"","FgMiss_30-39":"","PlayerWeekProjectedPts":"6.65","Rank":9,"TotalPoints":"12.00","ProjectionDiff":5.35},{"PlayerName":"Evan McPherson","PlayerId":"2565953","Pos":"K","Team":"CIN","PlayerOpponent":"SF","PatMade":"2","PatMissed":"","FgMade_0-19":"","FgMade_20-29":"1","FgMade_30-39":"1","FgMade_40-49":"1","FgMade_50":"","FgMiss_0-19":"","FgMiss_20-29":"","FgMiss_30-39":"","PlayerWeekProjectedPts":"6.18","Rank":10,"TotalPoints":"12.00","ProjectionDiff":5.82},{"PlayerName":"Tyler Bass","PlayerId":"2563596","Pos":"K","Team":"BUF","PlayerOpponent":"@TB","PatMade":"3","PatMissed":"","FgMade_0-19":"","FgMade_20-29":"2","FgMade_30-39":"","FgMade_40-49":"","FgMade_50":"","FgMiss_0-19":"","FgMiss_20-29":"","FgMiss_30-39":"","PlayerWeekProjectedPts":"6.41","Rank":11,"TotalPoints":"10.70","ProjectionDiff":4.29},{"PlayerName":"Greg Joseph","PlayerId":"2561534","Pos":"K","Team":"MIN","PlayerOpponent":"PIT","PatMade":"3","PatMissed":"1","FgMade_0-19":"","FgMade_20-29":"1","FgMade_30-39":"1","FgMade_40-49":"1","FgMade_50":"","FgMiss_0-19":"","FgMiss_20-29":"","FgMiss_30-39":"","PlayerWeekProjectedPts":"7.87","Rank":12,"TotalPoints":"10.00","ProjectionDiff":2.13},{"PlayerName":"Brandon McManus","PlayerId":"2541556","Pos":"K","Team":"DEN","PlayerOpponent":"DET","PatMade":"5","PatMissed":"","FgMade_0-19":"","FgMade_20-29":"","FgMade_30-39":"","FgMade_40-49":"","FgMade_50":"1","FgMiss_0-19":"","FgMiss_20-29":"","FgMiss_30-39":"","PlayerWeekProjectedPts":"7.51","Rank":13,"TotalPoints":"10.00","ProjectionDiff":2.49},{"PlayerName":"Eddy Pineiro","PlayerId":"2560842","Pos":"K","Team":"NYJ","PlayerOpponent":"NO","PatMade":"","PatMissed":"","FgMade_0-19":"","FgMade_20-29":"","FgMade_30-39":"2","FgMade_40-49":"1","FgMade_50":"","FgMiss_0-19":"","FgMiss_20-29":"","FgMiss_30-39":"","PlayerWeekProjectedPts":"6.59","Rank":14,"TotalPoints":"10.00","ProjectionDiff":3.41},{"PlayerName":"Randy Bullock","PlayerId":"2533444","Pos":"K","Team":"TEN","PlayerOpponent":"JAX","PatMade":"2","PatMissed":"","FgMade_0-19":"","FgMade_20-29":"1","FgMade_30-39":"","FgMade_40-49":"1","FgMade_50":"","FgMiss_0-19":"","FgMiss_20-29":"","FgMiss_30-39":"","PlayerWeekProjectedPts":"7.67","Rank":15,"TotalPoints":"9.00","ProjectionDiff":1.33},{"PlayerName":"Mason Crosby","PlayerId":"2507232","Pos":"K","Team":"GB","PlayerOpponent":"CHI","PatMade":"6","PatMissed":"","FgMade_0-19":"","FgMade_20-29":"1","FgMade_30-39":"","FgMade_40-49":"","FgMade_50":"","FgMiss_0-19":"","FgMiss_20-29":"","FgMiss_30-39":"","PlayerWeekProjectedPts":"7.71","Rank":16,"TotalPoints":"9.00","ProjectionDiff":1.29},{"PlayerName":"Ka'imi Fairbairn","PlayerId":"2556521","Pos":"K","Team":"HOU","PlayerOpponent":"SEA","PatMade":"1","PatMissed":"","FgMade_0-19":"","FgMade_20-29":"1","FgMade_30-39":"","FgMade_40-49":"","FgMade_50":"1","FgMiss_0-19":"","FgMiss_20-29":"","FgMiss_30-39":"","PlayerWeekProjectedPts":"6.64","Rank":17,"TotalPoints":"9.00","ProjectionDiff":2.36},{"PlayerName":"Ryan Succop","PlayerId":"89802","Pos":"K","Team":"TB","PlayerOpponent":"BUF","PatMade":"3","PatMissed":"","FgMade_0-19":"","FgMade_20-29":"2","FgMade_30-39":"","FgMade_40-49":"","FgMade_50":"","FgMiss_0-19":"","FgMiss_20-29":"","FgMiss_30-39":"","PlayerWeekProjectedPts":"8.14","Rank":18,"TotalPoints":"9.00","ProjectionDiff":0.86},{"PlayerName":"Robbie Gould","PlayerId":"2506264","Pos":"K","Team":"SF","PlayerOpponent":"@CIN","PatMade":"2","PatMissed":"","FgMade_0-19":"","FgMade_20-29":"1","FgMade_30-39":"1","FgMade_40-49":"","FgMade_50":"","FgMiss_0-19":"","FgMiss_20-29":"","FgMiss_30-39":"","PlayerWeekProjectedPts":"7.56","Rank":19,"TotalPoints":"8.00","ProjectionDiff":0.44},{"PlayerName":"Chase McLaughlin","PlayerId":"2563203","Pos":"K","Team":"CLE","PlayerOpponent":"BAL","PatMade":"3","PatMissed":"","FgMade_0-19":"","FgMade_20-29":"","FgMade_30-39":"","FgMade_40-49":"1","FgMade_50":"","FgMiss_0-19":"","FgMiss_20-29":"","FgMiss_30-39":"","PlayerWeekProjectedPts":"6.77","Rank":20,"TotalPoints":"7.00","ProjectionDiff":0.23},{"PlayerName":"Zane Gonzalez","PlayerId":"2558178","Pos":"K","Team":"CAR","PlayerOpponent":"ATL","PatMade":"3","PatMissed":"","FgMade_0-19":"","FgMade_20-29":"","FgMade_30-39":"","FgMade_40-49":"","FgMade_50":"","FgMiss_0-19":"","FgMiss_20-29":"","FgMiss_30-39":"","PlayerWeekProjectedPts":null,"Rank":21,"TotalPoints":"4.70","ProjectionDiff":null},{"PlayerName":"Riley Patterson","PlayerId":"2567013","Pos":"K","Team":"DET","PlayerOpponent":"@DEN","PatMade":"1","PatMissed":"","FgMade_0-19":"","FgMade_20-29":"","FgMade_30-39":"1","FgMade_40-49":"","FgMade_50":"","FgMiss_0-19":"","FgMiss_20-29":"","FgMiss_30-39":"","PlayerWeekProjectedPts":"5.87","Rank":22,"TotalPoints":"4.00","ProjectionDiff":-1.87},{"PlayerName":"Jason Myers","PlayerId":"2553112","Pos":"K","Team":"SEA","PlayerOpponent":"@HOU","PatMade":"1","PatMissed":"2","FgMade_0-19":"","FgMade_20-29":"","FgMade_30-39":"2","FgMade_40-49":"","FgMade_50":"","FgMiss_0-19":"","FgMiss_20-29":"","FgMiss_30-39":"","PlayerWeekProjectedPts":"6.97","Rank":23,"TotalPoints":"2.70","ProjectionDiff":-4.27},{"PlayerName":"Chris Boswell","PlayerId":"2550545","Pos":"K","Team":"PIT","PlayerOpponent":"@MIN","PatMade":"2","PatMissed":"","FgMade_0-19":"","FgMade_20-29":"","FgMade_30-39":"","FgMade_40-49":"","FgMade_50":"","FgMiss_0-19":"","FgMiss_20-29":"","FgMiss_30-39":"","PlayerWeekProjectedPts":"7.45","Rank":24,"TotalPoints":"2.00","ProjectionDiff":-5.45},{"PlayerName":"Graham Gano","PlayerId":"71309","Pos":"K","Team":"NYG","PlayerOpponent":"@LAC","PatMade":"1","PatMissed":"","FgMade_0-19":"","FgMade_20-29":"","FgMade_30-39":"","FgMade_40-49":"","FgMade_50":"","FgMiss_0-19":"","FgMiss_20-29":"","FgMiss_30-39":"","PlayerWeekProjectedPts":"6.26","Rank":25,"TotalPoints":"1.00","ProjectionDiff":-5.26},{"PlayerName":"Roberto Aguayo","PlayerId":"2555408","Pos":"K","Team":"FA","PlayerOpponent":"Bye","PatMade":"","PatMissed":"","FgMade_0-19":"","FgMade_20-29":"","FgMade_30-39":"","FgMade_40-49":"","FgMade_50":"","FgMiss_0-19":"","FgMiss_20-29":"","FgMiss_30-39":"","PlayerWeekProjectedPts":"","Rank":26,"TotalPoints":"0.00","ProjectionDiff":null},{"PlayerName":"Matt Ammendola","PlayerId":"2565555","Pos":"K","Team":"NYJ","PlayerOpponent":"NO","PatMade":"","PatMissed":"","FgMade_0-19":"","FgMade_20-29":"","FgMade_30-39":"","FgMade_40-49":"","FgMade_50":"","FgMiss_0-19":"","FgMiss_20-29":"","FgMiss_30-39":"","PlayerWeekProjectedPts":"0.00","Rank":27,"TotalPoints":"0.00","ProjectionDiff":0.0},{"PlayerName":"Mike Badgley","PlayerId":"2560965","Pos":"K","Team":"IND","PlayerOpponent":"Bye","PatMade":"","PatMissed":"","FgMade_0-19":"","FgMade_20-29":"","FgMade_30-39":"","FgMade_40-49":"","FgMade_50":"","FgMiss_0-19":"","FgMiss_20-29":"","FgMiss_30-39":"","PlayerWeekProjectedPts":"","Rank":28,"TotalPoints":"0.00","ProjectionDiff":null},{"PlayerName":"Dan Bailey","PlayerId":"2495259","Pos":"K","Team":"FA","PlayerOpponent":"Bye","PatMade":"","PatMissed":"","FgMade_0-19":"","FgMade_20-29":"","FgMade_30-39":"","FgMade_40-49":"","FgMade_50":"","FgMiss_0-19":"","FgMiss_20-29":"","FgMiss_30-39":"","PlayerWeekProjectedPts":"","Rank":29,"TotalPoints":"0.00","ProjectionDiff":null},{"PlayerName":"Rodrigo Blankenship","PlayerId":"2564106","Pos":"K","Team":"IND","PlayerOpponent":"Bye","PatMade":"","PatMissed":"","FgMade_0-19":"","FgMade_20-29":"","FgMade_30-39":"","FgMade_40-49":"","FgMade_50":"","FgMiss_0-19":"","FgMiss_20-29":"","FgMiss_30-39":"","PlayerWeekProjectedPts":null,"Rank":30,"TotalPoints":"0.00","ProjectionDiff":null},{"PlayerName":"Chris Blewitt","PlayerId":"2562800","Pos":"K","Team":"CLE","PlayerOpponent":"BAL","PatMade":"","PatMissed":"","FgMade_0-19":"","FgMade_20-29":"","FgMade_30-39":"","FgMade_40-49":"","FgMade_50":"","FgMiss_0-19":"","FgMiss_20-29":"","FgMiss_30-39":"","PlayerWeekProjectedPts":"0.00","Rank":31,"TotalPoints":"0.00","ProjectionDiff":0.0},{"PlayerName":"Daniel Carlson","PlayerId":"2560993","Pos":"K","Team":"LV","PlayerOpponent":"@KC","PatMade":"","PatMissed":"1","FgMade_0-19":"","FgMade_20-29":"1","FgMade_30-39":"","FgMade_40-49":"","FgMade_50":"","FgMiss_0-19":"","FgMiss_20-29":"","FgMiss_30-39":"","PlayerWeekProjectedPts":"6.70","Rank":32,"TotalPoints":"0.00","ProjectionDiff":-6.7},{"PlayerName":"Chandler Catanzaro","PlayerId":"2550325","Pos":"K","Team":"FA","PlayerOpponent":"Bye","PatMade":"","PatMissed":"","FgMade_0-19":"","FgMade_20-29":"","FgMade_30-39":"","FgMade_40-49":"","FgMade_50":"","FgMiss_0-19":"","FgMiss_20-29":"","FgMiss_30-39":"","PlayerWeekProjectedPts":"","Rank":33,"TotalPoints":"0.00","ProjectionDiff":null},{"PlayerName":"Dominik Eberle","PlayerId":"2565360","Pos":"K","Team":"CAR","PlayerOpponent":"ATL","PatMade":"","PatMissed":"","FgMade_0-19":"","FgMade_20-29":"","FgMade_30-39":"","FgMade_40-49":"","FgMade_50":"","FgMiss_0-19":"","FgMiss_20-29":"","FgMiss_30-39":"","PlayerWeekProjectedPts":"0.00","Rank":34,"TotalPoints":"0.00","ProjectionDiff":0.0},{"PlayerName":"Jake Elliott","PlayerId":"2558172","Pos":"K","Team":"PHI","PlayerOpponent":"Bye","PatMade":"","PatMissed":"","FgMade_0-19":"","FgMade_20-29":"","FgMade_30-39":"","FgMade_40-49":"","FgMade_50":"","FgMiss_0-19":"","FgMiss_20-29":"","FgMiss_30-39":"","PlayerWeekProjectedPts":"","Rank":35,"TotalPoints":"0.00","ProjectionDiff":null},{"PlayerName":"Sam Ficken","PlayerId":"2557430","Pos":"K","Team":"TEN","PlayerOpponent":"JAX","PatMade":"","PatMissed":"","FgMade_0-19":"","FgMade_20-29":"","FgMade_30-39":"","FgMade_40-49":"","FgMade_50":"","FgMiss_0-19":"","FgMiss_20-29":"","FgMiss_30-39":"","PlayerWeekProjectedPts":null,"Rank":36,"TotalPoints":"0.00","ProjectionDiff":null},{"PlayerName":"Nick Folk","PlayerId":"2507225","Pos":"K","Team":"NE","PlayerOpponent":"Bye","PatMade":"","PatMissed":"","FgMade_0-19":"","FgMade_20-29":"","FgMade_30-39":"","FgMade_40-49":"","FgMade_50":"","FgMiss_0-19":"","FgMiss_20-29":"","FgMiss_30-39":"","PlayerWeekProjectedPts":"","Rank":37,"TotalPoints":"0.00","ProjectionDiff":null},{"PlayerName":"Kai Forbath","PlayerId":"2495150","Pos":"K","Team":"FA","PlayerOpponent":"Bye","PatMade":"","PatMissed":"","FgMade_0-19":"","FgMade_20-29":"","FgMade_30-39":"","FgMade_40-49":"","FgMade_50":"","FgMiss_0-19":"","FgMiss_20-29":"","FgMiss_30-39":"","PlayerWeekProjectedPts":"","Rank":38,"TotalPoints":"0.00","ProjectionDiff":null},{"PlayerName":"Elliott Fry","PlayerId":"2562897","Pos":"K","Team":"CIN","PlayerOpponent":"SF","PatMade":"","PatMissed":"","FgMade_0-19":"","FgMade_20-29":"","FgMade_30-39":"","FgMade_40-49":"","FgMade_50":"","FgMiss_0-19":"","FgMiss_20-29":"","FgMiss_30-39":"","PlayerWeekProjectedPts":null,"Rank":39,"TotalPoints":"0.00","ProjectionDiff":null},{"PlayerName":"Stephen Gostkowski","PlayerId":"2506922","Pos":"K","Team":"FA","PlayerOpponent":"Bye","PatMade":"","PatMissed":"","FgMade_0-19":"","FgMade_20-29":"","FgMade_30-39":"","FgMade_40-49":"","FgMade_50":"","FgMiss_0-19":"","FgMiss_20-29":"","FgMiss_30-39":"","PlayerWeekProjectedPts":"","Rank":40,"TotalPoints":"0.00","ProjectionDiff":null},{"PlayerName":"Lirim Hajrullahu","PlayerId":"2563449","Pos":"K","Team":"CAR","PlayerOpponent":"ATL","PatMade":"","PatMissed":"","FgMade_0-19":"","FgMade_20-29":"","FgMade_30-39":"","FgMade_40-49":"","FgMade_50":"","FgMiss_0-19":"","FgMiss_20-29":"","FgMiss_30-39":"","PlayerWeekProjectedPts":"0.00","Rank":41,"TotalPoints":"0.00","ProjectionDiff":0.0},{"PlayerName":"Stephen Hauschka","PlayerId":"2507374","Pos":"K","Team":"FA","PlayerOpponent":"Bye","PatMade":"","PatMissed":"","FgMade_0-19":"","FgMade_20-29":"","FgMade_30-39":"","FgMade_40-49":"","FgMade_50":"","FgMiss_0-19":"","FgMiss_20-29":"","FgMiss_30-39":"","PlayerWeekProjectedPts":"","Rank":42,"TotalPoints":"0.00","ProjectionDiff":null},{"PlayerName":"Alex Kessman","PlayerId":"2566484","Pos":"K","Team":"FA","PlayerOpponent":"Bye","PatMade":"","PatMissed":"","FgMade_0-19":"","FgMade_20-29":"","FgMade_30-39":"","FgMade_40-49":"","FgMade_50":"","FgMiss_0-19":"","FgMiss_20-29":"","FgMiss_30-39":"","PlayerWeekProjectedPts":"","Rank":43,"TotalPoints":"0.00","ProjectionDiff":null},{"PlayerName":"Josh Lambo","PlayerId":"2553833","Pos":"K","Team":"FA","PlayerOpponent":"Bye","PatMade":"","PatMissed":"","FgMade_0-19":"","FgMade_20-29":"","FgMade_30-39":"","FgMade_40-49":"","FgMade_50":"","FgMiss_0-19":"","FgMiss_20-29":"","FgMiss_30-39":"","PlayerWeekProjectedPts":"","Rank":44,"TotalPoints":"0.00","ProjectionDiff":null},{"PlayerName":"Ty Long","PlayerId":"2553555","Pos":"K","Team":"LAC","PlayerOpponent":"NYG","PatMade":"","PatMissed":"","FgMade_0-19":"","FgMade_20-29":"","FgMade_30-39":"","FgMade_40-49":"","FgMade_50":"","FgMiss_0-19":"","FgMiss_20-29":"","FgMiss_30-39":"","PlayerWeekProjectedPts":"0.00","Rank":45,"TotalPoints":"0.00","ProjectionDiff":0.0},{"PlayerName":"Wil Lutz","PlayerId":"2556601","Pos":"K","Team":"NO","PlayerOpponent":"@NYJ","PatMade":"","PatMissed":"","FgMade_0-19":"","FgMade_20-29":"","FgMade_30-39":"","FgMade_40-49":"","FgMade_50":"","FgMiss_0-19":"","FgMiss_20-29":"","FgMiss_30-39":"","PlayerWeekProjectedPts":null,"Rank":46,"TotalPoints":"0.00","ProjectionDiff":null},{"PlayerName":"Austin MacGinnis","PlayerId":"2563452","Pos":"K","Team":"FA","PlayerOpponent":"Bye","PatMade":"","PatMissed":"","FgMade_0-19":"","FgMade_20-29":"","FgMade_30-39":"","FgMade_40-49":"","FgMade_50":"","FgMiss_0-19":"","FgMiss_20-29":"","FgMiss_30-39":"","PlayerWeekProjectedPts":"","Rank":47,"TotalPoints":"0.00","ProjectionDiff":null},{"PlayerName":"Tucker McCann","PlayerId":"2565462","Pos":"K","Team":"FA","PlayerOpponent":"Bye","PatMade":"","PatMissed":"","FgMade_0-19":"","FgMade_20-29":"","FgMade_30-39":"","FgMade_40-49":"","FgMade_50":"","FgMiss_0-19":"","FgMiss_20-29":"","FgMiss_30-39":"","PlayerWeekProjectedPts":"","Rank":48,"TotalPoints":"0.00","ProjectionDiff":null},{"PlayerName":"JJ Molson","PlayerId":"2565550","Pos":"K","Team":"GB","PlayerOpponent":"CHI","PatMade":"","PatMissed":"","FgMade_0-19":"","FgMade_20-29":"","FgMade_30-39":"","FgMade_40-49":"","FgMade_50":"","FgMiss_0-19":"","FgMiss_20-29":"","FgMiss_30-39":"","PlayerWeekProjectedPts":"0.00","Rank":49,"TotalPoints":"0.00","ProjectionDiff":0.0},{"PlayerName":"Chris Naggar","PlayerId":"2565744","Pos":"K","Team":"FA","PlayerOpponent":"Bye","PatMade":"","PatMissed":"","FgMade_0-19":"","FgMade_20-29":"","FgMade_30-39":"","FgMade_40-49":"","FgMade_50":"","FgMiss_0-19":"","FgMiss_20-29":"","FgMiss_30-39":"","PlayerWeekProjectedPts":"","Rank":50,"TotalPoints":"0.00","ProjectionDiff":null},{"PlayerName":"Quinn Nordin","PlayerId":"2565684","Pos":"K","Team":"NE","PlayerOpponent":"Bye","PatMade":"","PatMissed":"","FgMade_0-19":"","FgMade_20-29":"","FgMade_30-39":"","FgMade_40-49":"","FgMade_50":"","FgMiss_0-19":"","FgMiss_20-29":"","FgMiss_30-39":"","PlayerWeekProjectedPts":"","Rank":51,"TotalPoints":"0.00","ProjectionDiff":null},{"PlayerName":"Mike Nugent","PlayerId":"2506386","Pos":"K","Team":"FA","PlayerOpponent":"Bye","PatMade":"","PatMissed":"","FgMade_0-19":"","FgMade_20-29":"","FgMade_30-39":"","FgMade_40-49":"","FgMade_50":"","FgMiss_0-19":"","FgMiss_20-29":"","FgMiss_30-39":"","PlayerWeekProjectedPts":"","Rank":52,"TotalPoints":"0.00","ProjectionDiff":null},{"PlayerName":"Cody Parkey","PlayerId":"2550380","Pos":"K","Team":"FA","PlayerOpponent":"Bye","PatMade":"","PatMissed":"","FgMade_0-19":"","FgMade_20-29":"","FgMade_30-39":"","FgMade_40-49":"","FgMade_50":"","FgMiss_0-19":"","FgMiss_20-29":"","FgMiss_30-39":"","PlayerWeekProjectedPts":"","Rank":53,"TotalPoints":"0.00","ProjectionDiff":null},{"PlayerName":"Aldrick Rosas","PlayerId":"2556771","Pos":"K","Team":"DET","PlayerOpponent":"@DEN","PatMade":"","PatMissed":"","FgMade_0-19":"","FgMade_20-29":"","FgMade_30-39":"","FgMade_40-49":"","FgMade_50":"","FgMiss_0-19":"","FgMiss_20-29":"","FgMiss_30-39":"","PlayerWeekProjectedPts":"0.00","Rank":54,"TotalPoints":"0.00","ProjectionDiff":0.0},{"PlayerName":"Jason Sanders","PlayerId":"2561153","Pos":"K","Team":"MIA","PlayerOpponent":"Bye","PatMade":"","PatMissed":"","FgMade_0-19":"","FgMade_20-29":"","FgMade_30-39":"","FgMade_40-49":"","FgMade_50":"","FgMiss_0-19":"","FgMiss_20-29":"","FgMiss_30-39":"","PlayerWeekProjectedPts":"","Rank":55,"TotalPoints":"0.00","ProjectionDiff":null},{"PlayerName":"Ryan Santoso","PlayerId":"2561269","Pos":"K","Team":"LA","PlayerOpponent":"@ARI","PatMade":"","PatMissed":"","FgMade_0-19":"","FgMade_20-29":"","FgMade_30-39":"","FgMade_40-49":"","FgMade_50":"","FgMiss_0-19":"","FgMiss_20-29":"","FgMiss_30-39":"","PlayerWeekProjectedPts":"0.00","Rank":56,"TotalPoints":"0.00","ProjectionDiff":0.0},{"PlayerName":"Austin Seibert","PlayerId":"2562729","Pos":"K","Team":"DET","PlayerOpponent":"@DEN","PatMade":"","PatMissed":"","FgMade_0-19":"","FgMade_20-29":"","FgMade_30-39":"","FgMade_40-49":"","FgMade_50":"","FgMiss_0-19":"","FgMiss_20-29":"","FgMiss_30-39":"","PlayerWeekProjectedPts":null,"Rank":57,"TotalPoints":"0.00","ProjectionDiff":null},{"PlayerName":"Joey Slye","PlayerId":"2563132","Pos":"K","Team":"WAS","PlayerOpponent":"DAL","PatMade":"","PatMissed":"","FgMade_0-19":"","FgMade_20-29":"","FgMade_30-39":"","FgMade_40-49":"","FgMade_50":"","FgMiss_0-19":"","FgMiss_20-29":"","FgMiss_30-39":"","PlayerWeekProjectedPts":"0.00","Rank":58,"TotalPoints":"0.00","ProjectionDiff":0.0},{"PlayerName":"Giorgio Tavecchio","PlayerId":"2535686","Pos":"K","Team":"FA","PlayerOpponent":"Bye","PatMade":"","PatMissed":"","FgMade_0-19":"","FgMade_20-29":"","FgMade_30-39":"","FgMade_40-49":"","FgMade_50":"","FgMiss_0-19":"","FgMiss_20-29":"","FgMiss_30-39":"","PlayerWeekProjectedPts":"","Rank":59,"TotalPoints":"0.00","ProjectionDiff":null},{"PlayerName":"Jake Verity","PlayerId":"2566731","Pos":"K","Team":"BAL","PlayerOpponent":"@CLE","PatMade":"","PatMissed":"","FgMade_0-19":"","FgMade_20-29":"","FgMade_30-39":"","FgMade_40-49":"","FgMade_50":"","FgMiss_0-19":"","FgMiss_20-29":"","FgMiss_30-39":"","PlayerWeekProjectedPts":null,"Rank":60,"TotalPoints":"0.00","ProjectionDiff":null},{"PlayerName":"Tristan Vizcaino","PlayerId":"2562807","Pos":"K","Team":"LAC","PlayerOpponent":"NYG","PatMade":"","PatMissed":"","FgMade_0-19":"","FgMade_20-29":"","FgMade_30-39":"","FgMade_40-49":"","FgMade_50":"","FgMiss_0-19":"","FgMiss_20-29":"","FgMiss_30-39":"","PlayerWeekProjectedPts":"0.00","Rank":61,"TotalPoints":"0.00","ProjectionDiff":0.0},{"PlayerName":"Brandon Wright","PlayerId":"2564247","Pos":"K","Team":"FA","PlayerOpponent":"Bye","PatMade":"","PatMissed":"","FgMade_0-19":"","FgMade_20-29":"","FgMade_30-39":"","FgMade_40-49":"","FgMade_50":"","FgMiss_0-19":"","FgMiss_20-29":"","FgMiss_30-39":"","PlayerWeekProjectedPts":"","Rank":62,"TotalPoints":"0.00","ProjectionDiff":null},{"PlayerName":"Matthew Wright","PlayerId":"2562968","Pos":"K","Team":"JAX","PlayerOpponent":"@TEN","PatMade":"","PatMissed":"","FgMade_0-19":"","FgMade_20-29":"","FgMade_30-39":"","FgMade_40-49":"","FgMade_50":"","FgMiss_0-19":"","FgMiss_20-29":"","FgMiss_30-39":"","PlayerWeekProjectedPts":"5.71","Rank":63,"TotalPoints":"0.00","ProjectionDiff":-5.71},{"PlayerName":"Brian Johnson","PlayerId":"2566740","Pos":"K","Team":"WAS","PlayerOpponent":"DAL","PatMade":"","PatMissed":"1","FgMade_0-19":"","FgMade_20-29":"","FgMade_30-39":"","FgMade_40-49":"","FgMade_50":"","FgMiss_0-19":"","FgMiss_20-29":"","FgMiss_30-39":"","PlayerWeekProjectedPts":"6.74","Rank":64,"TotalPoints":"-3.00","ProjectionDiff":-9.74}]