PlayerName,PlayerId,Pos,Team,PlayerOpponent,TacklesTot,TacklesAst,TacklesSck,TacklesTfl,TurnoverInt,TurnoverFrcFum,TurnoverFumRec,ScoreIntTd,ScoreFumTd,ScoreBlkTd,ScoreSaf,ScoreDef2ptRet,Blk,PDef,QBHit,ReturnIntYds,ReturnFumYds,PlayerWeekProjectedPts,Rank,TotalPoints,ProjectionDiff
Azeez Al-Shaair,2562462,LB,SF,@CIN,8,3,1,3,,,,,,,,,,1,,,,12.56,1,25.00,12.44
C.J. Mosley,2543464,LB,NYJ,NO,11,6,,,,,,,,,,,,,,,,13.05,2,23.50,10.45
Josh Woods,2561626,LB,DET,@DEN,10,3,,2,,,,,,,,,,,1,,,,3,22.90,
De'Vondre Campbell,2555255,LB,GB,CHI,9,7,,,,,,,,,,,,,,,,12.33,4,20.90,8.57
Leonard Floyd,2555285,LB,LA,@ARI,5,3,,,1,,,,,,,,,2,1,11,,7.11,5,20.27,13.16
Cole Holcomb,2562872,LB,WAS,DAL,3,5,,,1,,,1,,,,,,1,,31,,13.11,6,20.13,7.02
Tremaine Edmunds,2560713,LB,BUF,@TB,7,5,,1,,,,,,,,,,1,,,,11.88,7,19.90,8.02
Devin White,2562781,LB,TB,BUF,7,3,1.5,1,,,,,,,,,,,2,,,13.96,8,19.80,5.84
Bobby Wagner,2532966,LB,SEA,@HOU,6,9,,1,,,,,,,,,,,,,,13.42,9,18.90,5.48
Damien Wilson,2552686,LB,JAX,@TEN,6,4,1,2,,,,,,,,,,,1,,,8.91,10,18.90,9.99
Eric Kendricks,2552312,LB,MIN,PIT,5,6,1,2,,,,,,,,,,,1,,,12.32,11,18.80,6.48
Shaq Thompson,2552447,LB,CAR,ATL,9,2,,1,,,,,,,,,,,,,,12.48,12,18.40,5.92
Ernest Jones,2566229,LB,LA,@ARI,5,2,,,1,,,,,,,,,1,,31,,,13,17.13,
Matt Milano,2557969,LB,BUF,@TB,6,3,1,1,,,,,,,,,,,2,,,10.57,14,17.10,6.53
Preston Smith,2552276,LB,GB,CHI,3,1,2,1,,1,,,,,,,,,3,,,5.39,15,16.40,11.01
Demario Davis,2533008,LB,NO,@NYJ,6,2,,1,,,,,,,,,,1,,,,11.11,16,15.80,4.69
Micah Parsons,2566019,LB,DAL,@WAS,3,,2,1,,1,,,,,,,,,2,,,10.83,17,15.10,4.27
Quincy Williams,2562954,LB,NYJ,NO,5,3,,1,,,,,,,,,,1,,,,11.69,18,14.90,3.21
Kamu Grugier-Hill,2556363,LB,HOU,SEA,5,1,,2,,,,,,,,,,1,,,,12.25,19,14.80,2.55
Lavonte David,2532828,LB,TB,BUF,8,1,,,,,,,,,,,,,,,,11.99,20,14.40,2.41
Devin Bush,2562243,LB,PIT,@MIN,3,5,,,,,,,,,,,,2,,,,9.32,21,14.10,4.78
Germaine Pratt,2562702,LB,CIN,SF,4,5,,,,,,,,,,,,1,,,,12.14,22,13.30,1.16
Rashaan Evans,2560718,LB,TEN,JAX,1,5,,1,1,,,,,,,,,1,,1,,8.73,23,13.23,4.5
Kwon Alexander,2552592,LB,NO,@NYJ,4,,2,1,,,,,,,,,,,1,,,7.82,24,12.80,4.98
Anthony Barr,2543459,LB,MIN,PIT,4,5,,1,,,,,,,,,,,1,,,8.42,25,12.80,4.38
Myles Jack,2555329,LB,JAX,@TEN,6,3,,,,,,,,,,,,,,,,11.67,26,12.60,0.93
Christian Kirksey,2543720,LB,HOU,SEA,5,5,,,,,,,,,,,,,,,,9.99,27,12.50,2.51
Kyzir White,2560928,LB,LAC,NYG,5,5,,,,,,,,,,,,,,,,12.56,28,12.50,-0.06
Mykal Walker,2563530,LB,ATL,@CAR,,,,,1,,,1,,,,,,1,,66,,1.56,29,12.20,10.64
Jordyn Brooks,2565135,LB,SEA,@HOU,4,6,,,,,,,,,,,,,,,,13.30,30,11.60,-1.7
Robert Quinn,2495485,LB,CHI,@GB,2,,2,2,,,,,,,,,,,2,,,6.88,31,11.40,4.52
Shaquil Barrett,2550541,LB,TB,BUF,2,1,1.5,1,,,,,,,,,,,5,,,7.05,32,11.20,4.15
Jordan Hicks,2552315,LB,ARI,LA,6,1,,,,,,,,,,,,,,,,12.97,33,11.00,-1.97
Foye Oluokun,2561132,LB,ATL,@CAR,3,4,,,,,,,,,,,,1,,,,13.97,34,10.80,-3.17
Roquan Smith,2560877,LB,CHI,@GB,4,5,,,,,,,,,,,,,,,,14.56,35,10.80,-3.76
Jeremiah Owusu-Koramoah,2565983,LB,CLE,BAL,6,,,,,,,,,,,,,,1,,,10.01,36,10.70,0.69
Jayon Brown,2558005,LB,TEN,JAX,2,1,,,1,,,,,,,,,1,,2,,12.89,37,10.27,-2.62
Benardrick McKinney,2552490,LB,NYG,@LAC,5,,,1,,,,,,,,,,,,,,3.98,38,10.00,6.02
Deion Jones,2555162,LB,ATL,@CAR,5,1,,,,,,,,,,,,,1,,,13.11,39,9.80,-3.31
Chandler Jones,2533538,LB,ARI,LA,2,1,1,,,1,,,,,,,,,,,,6.21,40,9.70,3.49
Jermaine Carter,2561093,LB,CAR,ATL,3,4,,,,,1,,,,,,,,,,,7.89,41,9.30,1.41
Krys Barnes,2563971,LB,GB,CHI,3,2,,,,,,,,,,,,1,,,,8.92,42,9.20,0.28
Joe Schobert,2555166,LB,PIT,@MIN,4,3,,,,,,,,,,,,,,,,12.58,43,9.20,-3.38
Brandon Copeland,2541695,LB,ATL,@CAR,3,1,,2,,,,,,,,,,,,,,3.01,44,8.90,5.89
Amen Ogbongbemiga,2566499,LB,LAC,NYG,4,2,,,,,,,,,,,,,,,,0.61,45,8.40,7.79
Jamin Davis,2566595,LB,WAS,DAL,2,3,,,,,,,,,,,,1,,,,9.47,46,8.30,-1.17
Tae Crowder,2564727,LB,NYG,@LAC,2,6,,,,,,,,,,,,,,,,10.81,47,8.20,-2.61
Harold Landry,2560784,LB,TEN,JAX,2,1,1,1,,,,,,,,,,,1,,,8.26,48,8.20,-0.06
Derick Roberson,2562870,LB,TEN,JAX,1,3,1,1,,,,,,,,,,,1,,,2.62,49,8.10,5.48
Samson Ebukam,2558830,LB,SF,@CIN,,3,0.5,,,1,,,,,,,,,2,,,4.87,50,7.90,3.03
Azeez Ojulari,2566367,LB,NYG,@LAC,2,,1,1,,,,,,,,,,,2,,,5.85,51,7.90,2.05
Nick Niemann,2566496,LB,LAC,NYG,1,,,,1,,,,,,,,,1,,,,0.54,52,7.70,7.16
Nick Bolton,2566175,LB,KC,LV,3,3,,,,,,,,,,,,,,,,4.15,53,7.50,3.35
Leighton Vander Esch,2560908,LB,DAL,@WAS,2,2,,,,,,,,,,,,1,,,,6.24,54,7.50,1.26
Fred Warner,2560917,LB,SF,@CIN,1,6,,,,,,,,,,,,,1,,,11.86,55,7.00,-4.86
Tyus Bowser,2558166,LB,BAL,@CLE,2,1,,,,,,,,,,,,1,,,,8.43,56,6.70,-1.73
Willie Gay Jr.,2564280,LB,KC,LV,3,2,,,,,,,,,,,,,,,,7.81,57,6.70,-1.11
Odafe Oweh,2565848,LB,BAL,@CLE,3,2,,,,,,,,,,,,,,,,4.61,58,6.70,2.09
Josh Bynes,2530491,LB,BAL,@CLE,2,4,,,,,,,,,,,,,,,,8.79,59,6.60,-2.19
Von Miller,2495202,LB,LA,@ARI,2,2,,1,,,,,,,,,,,,,,5.60,60,6.50,0.9
Joe Bachie,2564661,LB,CIN,SF,3,1,,,,,,,,,,,,,,,,,61,5.90,
Jarrad Davis,2557855,LB,NYJ,NO,3,1,,,,,,,,,,,,,,,,2.40,62,5.90,3.5
Derrick Barnes,2566055,LB,DET,@DEN,2,3,,,,,,,,,,,,,,,,7.31,63,5.80,-1.51
Reggie Ragland,2555169,LB,NYG,@LAC,2,3,,,,,,,,,,,,,,,,6.03,64,5.80,-0.23
Trevis Gipson,2563695,LB,CHI,@GB,1,,1,1,,,,,,,,,,,1,,,6.97,65,5.70,-1.27
Shaq Lawson,2555252,LB,FA,Bye,2,1,0.5,,,,,,,,,,,,1,,,,66,5.70,
Drue Tranquill,2562765,LB,LAC,NYG,1,5,,,,,,,,,,,,,,,,11.44,67,5.70,-5.74
Kenny Young,2560947,LB,DEN,DET,,2,,,,1,,,,,,,,,,,,8.96,68,5.10,-3.86
Isaiah Simmons,2564940,LB,ARI,LA,2,2,,,,,,,,,,,,,,,,10.31,69,5.00,-5.31
K.J. Wright,2495252,LB,LV,@KC,2,2,,,,,,,,,,,,,,,,5.43,70,5.00,-0.43
Alec Ogletree,2540143,LB,CHI,@GB,1,4,,,,,,,,,,,,,,,,6.74,71,4.90,-1.84
Garret Wallow,2566139,LB,HOU,SEA,2,,,1,,,,,,,,,,,,,,1.32,72,4.90,3.58
Baron Browning,2566025,LB,DEN,DET,1,2,,1,,,,,,,,,,,,,,1.21,73,4.80,3.59
Chris Rumph II,2566508,LB,LAC,NYG,1,2,,1,,,,,,,,,,,,,,2.28,74,4.80,2.52
Bradley Chubb,2561020,LB,DEN,DET,2,1,,,,,,,,,,,,,1,,,4.79,75,4.70,-0.09
Lorenzo Carter,2561015,LB,NYG,@LAC,1,3,,,,,,,,,,,,,1,,,4.61,76,4.60,-0.01
Rashan Gary,2562376,LB,GB,CHI,1,2,,,,,1,,,,,,,,,,,5.70,77,4.30,-1.4
Ben Niemann,2561383,LB,KC,LV,2,1,,,,,,,,,,,,,,,,3.13,78,4.20,1.07
Jacob Phillips,2563806,LB,CLE,BAL,2,1,,,,,,,,,,,,,,,,0.00,79,4.20,4.2
Tarell Basham,2558165,LB,DAL,@WAS,2,,,,,,,,,,,,,,1,,,3.95,80,3.90,-0.05
Haason Reddick,2557887,LB,CAR,ATL,1,2,,,,,,,,,,,,,1,,,8.40,81,3.80,-4.6
Josh Allen,2562619,LB,JAX,@TEN,2,,,,,,,,,,,,,,,,,6.92,82,3.40,-3.52
Troy Dye,2564535,LB,MIN,PIT,2,,,,,,,,,,,,,,,,,1.77,83,3.40,1.63
Demetrius Flannigan-Fowles,2563090,LB,SF,@CIN,2,,,,,,,,,,,,,,,,,6.93,84,3.40,-3.53
David Mayo,2553441,LB,WAS,DAL,2,,,,,,,,,,,,,,,,,0.98,85,3.40,2.42
Neville Hewitt,2553657,LB,HOU,SEA,1,2,,,,,,,,,,,,,,,,7.55,86,3.30,-4.25
Grant Stuard,2566568,LB,TB,BUF,1,2,,,,,,,,,,,,,,,,0.00,87,3.30,3.3
Alex Highsmith,2564982,LB,PIT,@MIN,1,,,1,,,,,,,,,,,,,,7.77,88,3.20,-4.57
Kristian Welch,2565348,LB,BAL,@CLE,,4,,,,,,,,,,,,,,,,1.05,89,3.20,2.15
Keanu Neal,2555543,LB,DAL,@WAS,1,1,,,,,,,,,,,,,1,,,10.34,90,3.00,-7.34
Joe Giles-Harris,2562591,LB,BUF,@TB,1,1,,,,,,,,,,,,,,,,1.20,91,2.50,1.3
Justin Hollins,2562285,LB,LA,@ARI,1,1,,,,,,,,,,,,,,,,0.00,92,2.50,2.5
Dorian O'Daniel,2560827,LB,KC,LV,1,1,,,,,,,,,,,,,,,,0.05,93,2.50,2.45
Patrick Queen,2563575,LB,BAL,@CLE,1,1,,,,,,,,,,,,,,,,10.57,94,2.50,-8.07
Ola Adeniyi,2560950,LB,TEN,JAX,1,,,,,,,,,,,,,,1,,,6.23,95,2.20,-4.03
Oren Burks,2560984,LB,GB,CHI,1,,,,,,,,,,,,,,,,,1.51,96,1.70,0.19
Luke Gifford,2562942,LB,DAL,@WAS,1,,,,,,,,,,,,,,,,,0.26,97,1.70,1.44
Ulysees Gilbert,2562811,LB,PIT,@MIN,1,,,,,,,,,,,,,,,,,0.00,98,1.70,1.7
Anthony Hitchens,2543592,LB,KC,LV,1,,,,,,,,,,,,,,,,,6.33,99,1.70,-4.63
Buddy Johnson,2566454,LB,PIT,@MIN,1,,,,,,,,,,,,,,,,,,100,1.70,
Cory Littleton,2556593,LB,LV,@KC,1,,,,,,,,,,,,,,,,,9.00,101,1.70,-7.3
Uchenna Nwosu,2560826,LB,LAC,NYG,1,,,,,,,,,,,,,,,,,5.25,102,1.70,-3.55
Del'Shawn Phillips,2563179,LB,NYJ,NO,1,,,,,,,,,,,,,,,,,6.20,103,1.70,-4.5
Troy Reeder,2563313,LB,LA,@ARI,1,,,,,,,,,,,,,,,,,8.22,104,1.70,-6.52
Justin Strnad,2563914,LB,DEN,DET,1,,,,,,,,,,,,,,,,,8.09,105,1.70,-6.39
Ty Summers,2562748,LB,GB,CHI,1,,,,,,,,,,,,,,,,,,106,1.70,
Malcolm Smith,2499278,LB,CLE,BAL,,2,,,,,,,,,,,,,,,,7.05,107,1.60,-5.45
Derrek Tuszka,2563917,LB,PIT,@MIN,,2,,,,,,,,,,,,,,,,1.82,108,1.60,-0.22
James Vaughters,2553781,LB,ATL,@CAR,,2,,,,,,,,,,,,,,,,4.92,109,1.60,-3.32
T.J. Watt,2558064,LB,PIT,@MIN,,1,,,,,,,,,,,,,1,,,10.03,110,1.30,-8.73
Chris Board,2561301,LB,BAL,@CLE,,1,,,,,,,,,,,,,,,,2.03,111,0.80,-1.23
K.J. Britt,2566559,LB,TB,BUF,,1,,,,,,,,,,,,,,,,0.00,112,0.80,0.8
Austin Calitro,2558925,LB,CIN,SF,,1,,,,,,,,,,,,,,,,0.00,113,0.80,0.8
Emeke Egbule,2562578,LB,LAC,NYG,,1,,,,,,,,,,,,,,,,0.00,114,0.80,0.8
Jaylon Ferguson,2562650,LB,BAL,@CLE,,1,,,,,,,,,,,,,,,,1.29,115,0.80,-0.49
Christian Jones,2550572,LB,CHI,@GB,,1,,,,,,,,,,,,,,,,2.21,116,0.80,-1.41
Devon Kennard,2543869,LB,ARI,LA,,1,,,,,,,,,,,,,,,,2.80,117,0.80,-2.0
Marquel Lee,2557972,LB,LV,@KC,,1,,,,,,,,,,,,,,,,0.90,118,0.80,-0.1
Kevin Minter,2540159,LB,TB,BUF,,1,,,,,,,,,,,,,,,,1.16,119,0.80,-0.36
Shaquille Quarterman,2564217,LB,JAX,@TEN,,1,,,,,,,,,,,,,,,,1.80,120,0.80,-1.0
Edmond Robinson,2552441,LB,SEA,@HOU,,1,,,,,,,,,,,,,,,,0.00,121,0.80,0.8
Andre Smith,2560875,LB,BUF,@TB,,1,,,,,,,,,,,,,,,,0.75,122,0.80,0.05
Nick Vigil,2555528,LB,MIN,PIT,,1,,,,,,,,,,,,,,,,11.52,123,0.80,-10.72
Markus Golden,2552273,LB,ARI,LA,,,,,,,,,,,,,,,1,,,7.96,124,0.50,-7.46
Obo Okoronkwo,2560829,LB,LA,@ARI,,,,,,,,,,,,,,,1,,,2.58,125,0.50,-2.08
Joe Tryon-Shoyinka,2566574,LB,TB,BUF,,,,,,,,,,,,,,,1,,,3.28,126,0.50,-2.78
Matthew Adams,2561149,LB,IND,Bye,,,,,,,,,,,,,,,,,,,127,0.00,
Tyrell Adams,2553898,LB,JAX,@TEN,,,,,,,,,,,,,,,,,,0.00,128,0.00,0.0
Otaro Alaka,2562217,LB,BAL,@CLE,,,,,,,,,,,,,,,,,,,129,0.00,
Dakota Allen,2562618,LB,JAX,@TEN,,,,,,,,,,,,,,,,,,0.28,130,0.00,-0.28
Alex Anzalone,2558163,LB,DET,@DEN,,,,,,,,,,,,,,,,,,,131,0.00,
Jeremiah Attaochu,2543717,LB,CHI,@GB,,,,,,,,,,,,,,,,,,,132,0.00,
Markus Bailey,2563719,LB,CIN,SF,,,,,,,,,,,,,,,,,,0.00,133,0.00,0.0
Jerome Baker,2560966,LB,MIA,Bye,,,,,,,,,,,,,,,,,,,134,0.00,
Cody Barton,2562472,LB,SEA,@HOU,,,,,,,,,,,,,,,,,,0.38,135,0.00,-0.38
Daren Bates,2541539,LB,ATL,@CAR,,,,,,,,,,,,,,,,,,0.00,136,0.00,0.0
Zack Baun,2564664,LB,NO,@NYJ,,,,,,,,,,,,,,,,,,0.76,137,0.00,-0.76
Davin Bellamy,2560973,LB,FA,Bye,,,,,,,,,,,,,,,,,,,138,0.00,
B.J. Bello,2559141,LB,TEN,JAX,,,,,,,,,,,,,,,,,,,139,0.00,
Ja'Whaun Bentley,2561143,LB,NE,Bye,,,,,,,,,,,,,,,,,,,140,0.00,
Francis Bernard,2563827,LB,DAL,@WAS,,,,,,,,,,,,,,,,,,0.00,141,0.00,0.0
Rashod Berry,2564589,LB,DET,@DEN,,,,,,,,,,,,,,,,,,1.40,142,0.00,-1.4
Jon Bostic,2539978,LB,WAS,DAL,,,,,,,,,,,,,,,,,,,143,0.00,
Jordan Brailford,2562441,LB,ATL,@CAR,,,,,,,,,,,,,,,,,,0.00,144,0.00,0.0
Cameron Brown,2564715,LB,NYG,@LAC,,,,,,,,,,,,,,,,,,0.66,145,0.00,-0.66
T.J. Brunson,2564718,LB,NYG,@LAC,,,,,,,,,,,,,,,,,,,146,0.00,
Deone Bucannon,2543769,LB,FA,Bye,,,,,,,,,,,,,,,,,,,147,0.00,
Ben Burr-Kirven,2562490,LB,SEA,@HOU,,,,,,,,,,,,,,,,,,,148,0.00,
Shilique Calhoun,2555294,LB,KC,LV,,,,,,,,,,,,,,,,,,0.00,149,0.00,0.0
Blake Cashman,2562496,LB,NYJ,NO,,,,,,,,,,,,,,,,,,,150,0.00,
Anthony Chickillo,2552266,LB,FA,Bye,,,,,,,,,,,,,,,,,,,151,0.00,
Cole Christiansen,2565021,LB,LAC,NYG,,,,,,,,,,,,,,,,,,0.00,152,0.00,0.0
Nick Coe,2564598,LB,FA,Bye,,,,,,,,,,,,,,,,,,,153,0.00,
Jamie Collins,2539311,LB,NE,Bye,,,,,,,,,,,,,,,,,,,154,0.00,
Zaven Collins,2566421,LB,ARI,LA,,,,,,,,,,,,,,,,,,1.11,155,0.00,-1.11
Will Compton,2540013,LB,LV,@KC,,,,,,,,,,,,,,,,,,1.08,156,0.00,-1.08
Ryan Connelly,2562638,LB,MIN,PIT,,,,,,,,,,,,,,,,,,,157,0.00,
Kamalei Correa,2555339,LB,FA,Bye,,,,,,,,,,,,,,,,,,,158,0.00,
Carter Coughlin,2564724,LB,NYG,@LAC,,,,,,,,,,,,,,,,,,,159,0.00,
Jabril Cox,2565998,LB,DAL,@WAS,,,,,,,,,,,,,,,,,,,160,0.00,
Zach Cunningham,2558094,LB,TEN,JAX,,,,,,,,,,,,,,,,,,0.00,161,0.00,0.0
Tae Davis,2561318,LB,HOU,SEA,,,,,,,,,,,,,,,,,,,162,0.00,
Thomas Davis,2506352,LB,FA,Bye,,,,,,,,,,,,,,,,,,,163,0.00,
Todd Davis,2550930,LB,FA,Bye,,,,,,,,,,,,,,,,,,,164,0.00,
Akeem Davis-Gaither,2563728,LB,CIN,SF,,,,,,,,,,,,,,,,,,0.00,165,0.00,0.0
Tyrel Dodson,2562560,LB,BUF,@TB,,,,,,,,,,,,,,,,,,8.18,166,0.00,-8.18
Devante Downs,2561151,LB,FA,Bye,,,,,,,,,,,,,,,,,,,167,0.00,
Bud Dupree,2552289,LB,TEN,JAX,,,,,,,,,,,,,,,,,,0.00,168,0.00,0.0
Nick Dzubnar,2553877,LB,TEN,JAX,,,,,,,,,,,,,,,,,,0.86,169,0.00,-0.86
T.J. Edwards,2562648,LB,PHI,Bye,,,,,,,,,,,,,,,,,,,170,0.00,
Sam Eguavoen,2562038,LB,MIA,Bye,,,,,,,,,,,,,,,,,,,171,0.00,
Milo Eifler,2565729,LB,WAS,DAL,,,,,,,,,,,,,,,,,,1.05,172,0.00,-1.05
Duke Ejiofor,2560714,LB,FA,Bye,,,,,,,,,,,,,,,,,,,173,0.00,
Jay Elliott,2550196,LB,FA,Bye,,,,,,,,,,,,,,,,,,,174,0.00,
Kaden Elliss,2562901,LB,NO,@NYJ,,,,,,,,,,,,,,,,,,0.00,175,0.00,0.0
Kyle Emanuel,2552296,LB,FA,Bye,,,,,,,,,,,,,,,,,,,176,0.00,
Jordan Evans,2558801,LB,CIN,SF,,,,,,,,,,,,,,,,,,0.00,177,0.00,0.0
Kyler Fackrell,2555340,LB,LAC,NYG,,,,,,,,,,,,,,,,,,0.00,178,0.00,0.0
Tony Fields II,2565971,LB,CLE,BAL,,,,,,,,,,,,,,,,,,0.00,179,0.00,0.0
Sharif Finch,2561328,LB,NO,@NYJ,,,,,,,,,,,,,,,,,,0.00,180,0.00,0.0
Paddy Fisher,2565567,LB,FA,Bye,,,,,,,,,,,,,,,,,,,181,0.00,
Kylie Fitts,2560724,LB,ARI,LA,,,,,,,,,,,,,,,,,,,182,0.00,
Dee Ford,2543494,LB,SF,@CIN,,,,,,,,,,,,,,,,,,,183,0.00,
L.J. Fort,2535613,LB,BAL,@CLE,,,,,,,,,,,,,,,,,,,184,0.00,
Zaire Franklin,2561155,LB,IND,Bye,,,,,,,,,,,,,,,,,,,185,0.00,
Dennis Gardeck,2561200,LB,ARI,LA,,,,,,,,,,,,,,,,,,1.69,186,0.00,-1.69
Cale Garrett,2565447,LB,FA,Bye,,,,,,,,,,,,,,,,,,,187,0.00,
Chris Garrett,2566211,LB,LA,@ARI,,,,,,,,,,,,,,,,,,0.00,188,0.00,0.0
Jonathan Garvin,2563992,LB,GB,CHI,,,,,,,,,,,,,,,,,,2.97,189,0.00,-2.97
Cam Gill,2565216,LB,TB,BUF,,,,,,,,,,,,,,,,,,1.29,190,0.00,-1.29
Jordan Glasgow,2564118,LB,IND,Bye,,,,,,,,,,,,,,,,,,,191,0.00,
B.J. Goodson,2555522,LB,FA,Bye,,,,,,,,,,,,,,,,,,,192,0.00,
Dre Greenlaw,2562428,LB,SF,@CIN,,,,,,,,,,,,,,,,,,0.00,193,0.00,0.0
Shaquem Griffin,2560999,LB,FA,Bye,,,,,,,,,,,,,,,,,,,194,0.00,
Jonas Griffith,2565102,LB,DEN,DET,,,,,,,,,,,,,,,,,,0.00,195,0.00,0.0
Bryce Hager,2552307,LB,FA,Bye,,,,,,,,,,,,,,,,,,,196,0.00,
Nate Hall,2562657,LB,ARI,LA,,,,,,,,,,,,,,,,,,0.00,197,0.00,0.0
Terez Hall,2562277,LB,NE,Bye,,,,,,,,,,,,,,,,,,,198,0.00,
Shaun Dion Hamilton,2561003,LB,DET,@DEN,,,,,,,,,,,,,,,,,,,199,0.00,
Chase Hansen,2562280,LB,NO,@NYJ,,,,,,,,,,,,,,,,,,0.00,200,0.00,0.0
Darius Harris,2563108,LB,KC,LV,,,,,,,,,,,,,,,,,,0.00,201,0.00,0.0
Malik Harrison,2563554,LB,BAL,@CLE,,,,,,,,,,,,,,,,,,1.02,202,0.00,-1.02
Josh Harvey-Clemons,2557880,LB,FA,Bye,,,,,,,,,,,,,,,,,,,203,0.00,
Dont'a Hightower,2533057,LB,NE,Bye,,,,,,,,,,,,,,,,,,,204,0.00,
Travin Howard,2561154,LB,LA,@ARI,,,,,,,,,,,,,,,,,,0.00,205,0.00,0.0
Khaleke Hudson,2565279,LB,WAS,DAL,,,,,,,,,,,,,,,,,,,206,0.00,
Joel Iyiegbuniwe,2560750,LB,CHI,@GB,,,,,,,,,,,,,,,,,,0.00,207,0.00,0.0
Leon Jacobs,2560758,LB,FA,Bye,,,,,,,,,,,,,,,,,,,208,0.00,
Jordan Jenkins,2555256,LB,HOU,SEA,,,,,,,,,,,,,,,,,,0.00,209,0.00,0.0
Anfernee Jennings,2564613,LB,NE,Bye,,,,,,,,,,,,,,,,,,,210,0.00,
Josey Jewell,2560763,LB,DEN,DET,,,,,,,,,,,,,,,,,,,211,0.00,
A.J. Johnson,2561704,LB,DEN,DET,,,,,,,,,,,,,,,,,,,212,0.00,
Joe Jones,2559200,LB,TEN,JAX,,,,,,,,,,,,,,,,,,0.00,213,0.00,0.0
Matt Judon,2555505,LB,NE,Bye,,,,,,,,,,,,,,,,,,,214,0.00,
Peter Kalambayi,2560774,LB,GB,CHI,,,,,,,,,,,,,,,,,,0.00,215,0.00,0.0
Isaiah Kaufusi,2565606,LB,FA,Bye,,,,,,,,,,,,,,,,,,,216,0.00,
Mychal Kendricks,2532890,LB,FA,Bye,,,,,,,,,,,,,,,,,,,217,0.00,
Micah Kiser,2560782,LB,DEN,DET,,,,,,,,,,,,,,,,,,1.49,218,0.00,-1.49
A.J. Klein,2539982,LB,BUF,@TB,,,,,,,,,,,,,,,,,,0.00,219,0.00,0.0
Jordan Kunaszyk,2563127,LB,WAS,DAL,,,,,,,,,,,,,,,,,,0.00,220,0.00,0.0
Christian Kuntz,2559484,LB,PIT,@MIN,,,,,,,,,,,,,,,,,,0.00,221,0.00,0.0
Nick Kwiatkoski,2555288,LB,LV,@KC,,,,,,,,,,,,,,,,,,,222,0.00,
Harvey Langi,2558963,LB,NE,Bye,,,,,,,,,,,,,,,,,,,223,0.00,
Elijah Lee,2558121,LB,CLE,BAL,,,,,,,,,,,,,,,,,,0.89,224,0.00,-0.89
Sean Lee,496937,LB,FA,Bye,,,,,,,,,,,,,,,,,,,225,0.00,
Darius Leonard,2560789,LB,IND,Bye,,,,,,,,,,,,,,,,,,,226,0.00,
Terrell Lewis,2564370,LB,LA,@ARI,,,,,,,,,,,,,,,,,,0.00,227,0.00,0.0
David Long,2562799,LB,TEN,JAX,,,,,,,,,,,,,,,,,,0.00,228,0.00,0.0
Frankie Luvu,2561366,LB,CAR,ATL,,,,,,,,,,,,,,,,,,0.00,229,0.00,0.0
Aaron Lynch,2543650,LB,FA,Bye,,,,,,,,,,,,,,,,,,,230,0.00,
Blake Lynch,2564562,LB,MIN,PIT,,,,,,,,,,,,,,,,,,0.00,231,0.00,0.0
Khalil Mack,2543463,LB,CHI,@GB,,,,,,,,,,,,,,,,,,,232,0.00,
Cassh Maluia,2564622,LB,FA,Bye,,,,,,,,,,,,,,,,,,,233,0.00,
Justin March,2553815,LB,LV,@KC,,,,,,,,,,,,,,,,,,0.00,234,0.00,0.0
Cassius Marsh,2543868,LB,CHI,@GB,,,,,,,,,,,,,,,,,,,235,0.00,
Jake Martin,2561092,LB,HOU,SEA,,,,,,,,,,,,,,,,,,5.03,236,0.00,-5.03
Kamal Martin,2564010,LB,CAR,ATL,,,,,,,,,,,,,,,,,,0.84,237,0.00,-0.84
Blake Martinez,2555161,LB,NYG,@LAC,,,,,,,,,,,,,,,,,,,238,0.00,
Tyler Matakevich,2555171,LB,BUF,@TB,,,,,,,,,,,,,,,,,,1.06,239,0.00,-1.06
Isaiah McDuffie,2566082,LB,GB,CHI,,,,,,,,,,,,,,,,,,0.00,240,0.00,0.0
Cameron McGrone,2566337,LB,NE,Bye,,,,,,,,,,,,,,,,,,,241,0.00,
Wynton McManis,2556842,LB,MIA,Bye,,,,,,,,,,,,,,,,,,,242,0.00,
Raekwon McMillan,2558070,LB,NE,Bye,,,,,,,,,,,,,,,,,,,243,0.00,
Pernell McPhee,2495201,LB,BAL,@CLE,,,,,,,,,,,,,,,,,,2.64,244,0.00,-2.64
Montrel Meander,2561376,LB,CLE,BAL,,,,,,,,,,,,,,,,,,,245,0.00,
Whitney Mercilus,2533049,LB,GB,CHI,,,,,,,,,,,,,,,,,,,246,0.00,
Christian Miller,2562313,LB,FA,Bye,,,,,,,,,,,,,,,,,,,247,0.00,
Jarvis Miller,2565789,LB,FA,Bye,,,,,,,,,,,,,,,,,,,248,0.00,
Barkevious Mingo,2540140,LB,FA,Bye,,,,,,,,,,,,,,,,,,,249,0.00,
Nicholas Morrow,2559054,LB,LV,@KC,,,,,,,,,,,,,,,,,,,250,0.00,
Dylan Moses,2565627,LB,JAX,@TEN,,,,,,,,,,,,,,,,,,0.00,251,0.00,0.0
Calvin Munson,2559217,LB,MIA,Bye,,,,,,,,,,,,,,,,,,,252,0.00,
Kenneth Murray,2565063,LB,LAC,NYG,,,,,,,,,,,,,,,,,,2.20,253,0.00,-2.2
Tanner Muse,2564427,LB,SEA,@HOU,,,,,,,,,,,,,,,,,,0.00,254,0.00,0.0
Hamsah Nasirildeen,2565747,LB,NYJ,NO,,,,,,,,,,,,,,,,,,0.00,255,0.00,0.0
Anthony Nelson,2562507,LB,TB,BUF,,,,,,,,,,,,,,,,,,2.16,256,0.00,-2.16
Hardy Nickerson,2558982,LB,HOU,SEA,,,,,,,,,,,,,,,,,,,257,0.00,
Jared Norris,2556862,LB,WAS,DAL,,,,,,,,,,,,,,,,,,,258,0.00,
Mark Nzeocha,2552684,LB,SF,@CIN,,,,,,,,,,,,,,,,,,0.00,259,0.00,0.0
Bobby Okereke,2562416,LB,IND,Bye,,,,,,,,,,,,,,,,,,,260,0.00,
James Onwualu,2559225,LB,FA,Bye,,,,,,,,,,,,,,,,,,,261,0.00,
Joseph Ossai,2565956,LB,CIN,SF,,,,,,,,,,,,,,,,,,,262,0.00,
Natrez Patrick,2562325,LB,DEN,DET,,,,,,,,,,,,,,,,,,,263,0.00,
Denzel Perryman,2552310,LB,LV,@KC,,,,,,,,,,,,,,,,,,0.00,264,0.00,0.0
Jaelan Phillips,2566289,LB,MIA,Bye,,,,,,,,,,,,,,,,,,,265,0.00,
Kevin Pierre-Louis,2543563,LB,HOU,SEA,,,,,,,,,,,,,,,,,,0.00,266,0.00,0.0
Randy Ramsey,2562920,LB,GB,CHI,,,,,,,,,,,,,,,,,,,267,0.00,
Hamilcar Rashed Jr.,2565756,LB,NYJ,NO,,,,,,,,,,,,,,,,,,0.00,268,0.00,0.0
Malik Reed,2562825,LB,DEN,DET,,,,,,,,,,,,,,,,,,0.00,269,0.00,0.0
Jalen Reeves-Maybin,2557924,LB,DET,@DEN,,,,,,,,,,,,,,,,,,0.00,270,0.00,0.0
LaRoy Reynolds,2541741,LB,NE,Bye,,,,,,,,,,,,,,,,,,,271,0.00,
Monty Rice,2566121,LB,TEN,JAX,,,,,,,,,,,,,,,,,,,272,0.00,
Max Richardson,2565657,LB,FA,Bye,,,,,,,,,,,,,,,,,,,273,0.00,
Duke Riley,2557967,LB,MIA,Bye,,,,,,,,,,,,,,,,,,,274,0.00,
Elandon Roberts,2556119,LB,MIA,Bye,,,,,,,,,,,,,,,,,,,275,0.00,
Craig Robertson,2532431,LB,FA,Bye,,,,,,,,,,,,,,,,,,,276,0.00,
Tegray Scales,2560864,LB,PIT,@MIN,,,,,,,,,,,,,,,,,,0.00,277,0.00,0.0
Brennan Scarlett,2556673,LB,MIA,Bye,,,,,,,,,,,,,,,,,,,278,0.00,
Alex Singleton,2553739,LB,PHI,Bye,,,,,,,,,,,,,,,,,,,279,0.00,
Cameron Smith,2562737,LB,FA,Bye,,,,,,,,,,,,,,,,,,,280,0.00,
Emmanuel Smith,2561275,LB,FA,Bye,,,,,,,,,,,,,,,,,,,281,0.00,
Jaylon Smith,2555310,LB,NYG,@LAC,,,,,,,,,,,,,,,,,,0.00,282,0.00,0.0
Jordan Smith,2566169,LB,JAX,@TEN,,,,,,,,,,,,,,,,,,0.00,283,0.00,0.0
Rashad Smith,2565420,LB,ATL,@CAR,,,,,,,,,,,,,,,,,,0.00,284,0.00,0.0
Shaq Smith,2565708,LB,FA,Bye,,,,,,,,,,,,,,,,,,,285,0.00,
Terrance Smith,2556775,LB,FA,Bye,,,,,,,,,,,,,,,,,,,286,0.00,
Za'Darius Smith,2552279,LB,GB,CHI,,,,,,,,,,,,,,,,,,,287,0.00,
E.J. Speed,2562955,LB,IND,Bye,,,,,,,,,,,,,,,,,,,288,0.00,
Robert Spillane,2561596,LB,PIT,@MIN,,,,,,,,,,,,,,,,,,0.00,289,0.00,0.0
Julian Stanford,2535867,LB,CAR,ATL,,,,,,,,,,,,,,,,,,0.77,290,0.00,-0.77
Chazz Surratt,2566322,LB,MIN,PIT,,,,,,,,,,,,,,,,,,0.00,291,0.00,0.0
Sione Takitaki,2562753,LB,CLE,BAL,,,,,,,,,,,,,,,,,,,292,0.00,
Jahlani Tavai,2562755,LB,NE,Bye,,,,,,,,,,,,,,,,,,,293,0.00,
Adarius Taylor,2550565,LB,FA,Bye,,,,,,,,,,,,,,,,,,,294,0.00,
Davion Taylor,2564862,LB,PHI,Bye,,,,,,,,,,,,,,,,,,,295,0.00,
Joe Thomas,2550262,LB,BAL,@CLE,,,,,,,,,,,,,,,,,,0.00,296,0.00,0.0
Danny Trevathan,2532961,LB,CHI,@GB,,,,,,,,,,,,,,,,,,,297,0.00,
Zeke Turner,2561283,LB,ARI,LA,,,,,,,,,,,,,,,,,,0.00,298,0.00,0.0
Josh Uche,2564649,LB,NE,Bye,,,,,,,,,,,,,,,,,,,299,0.00,
Tanner Vallejo,2558289,LB,ARI,LA,,,,,,,,,,,,,,,,,,0.00,300,0.00,0.0
Andrew Van Ginkel,2562768,LB,MIA,Bye,,,,,,,,,,,,,,,,,,,301,0.00,
Kyle Van Noy,2543699,LB,NE,Bye,,,,,,,,,,,,,,,,,,,302,0.00,
Barrington Wade,2566629,LB,DEN,DET,,,,,,,,,,,,,,,,,,0.00,303,0.00,0.0
Anthony Walker,2558851,LB,CLE,BAL,,,,,,,,,,,,,,,,,,0.00,304,0.00,0.0
D'Andre Walker,2562769,LB,FA,Bye,,,,,,,,,,,,,,,,,,,305,0.00,
Joe Walker,2556192,LB,ARI,LA,,,,,,,,,,,,,,,,,,0.00,306,0.00,0.0
Jamar Watson,2565801,LB,FA,Bye,,,,,,,,,,,,,,,,,,,307,0.00,
Josh Watson,2563104,LB,HOU,SEA,,,,,,,,,,,,,,,,,,0.00,308,0.00,0.0
Pete Werner,2566358,LB,NO,@NYJ,,,,,,,,,,,,,,,,,,0.00,309,0.00,0.0
Tahir Whitehead,2532986,LB,ARI,LA,,,,,,,,,,,,,,,,,,0.00,310,0.00,0.0
Kyle Wilber,2532974,LB,LV,@KC,,,,,,,,,,,,,,,,,,0.00,311,0.00,0.0
Vince Williams,2540221,LB,FA,Bye,,,,,,,,,,,,,,,,,,,312,0.00,
Avery Williamson,2543597,LB,FA,Bye,,,,,,,,,,,,,,,,,,,313,0.00,
Eric Wilson,2559012,LB,HOU,SEA,,,,,,,,,,,,,,,,,,1.17,314,0.00,-1.17
Logan Wilson,2563752,LB,CIN,SF,,,,,,,,,,,,,,,,,,0.00,315,0.00,0.0
Mack Wilson,2562605,LB,CLE,BAL,,,,,,,,,,,,,,,,,,2.63,316,0.00,-2.63
Oshane Ximines,2562613,LB,NYG,@LAC,,,,,,,,,,,,,,,,,,0.00,317,0.00,0.0
