PlayerName,PlayerId,Pos,Team,PlayerOpponent,PassingYDS,PassingTD,PassingInt,RushingYDS,RushingTD,ReceivingRec,ReceivingYDS,ReceivingTD,RetTD,FumTD,2PT,Fum,PlayerWeekProjectedPts,Rank,TotalPoints,ProjectionDiff
Josh Allen,2560955,QB,BUF,@TB,308,2,1,109,1,,,,,,,,21.55,1,35.22,13.67
Tom Brady,2504211,QB,TB,BUF,363,2,,16,1,,,,,,,,18.80,2,31.12,12.32
Aaron Rodgers,2506363,QB,GB,CHI,341,4,,,,,,,,,,1,20.45,3,27.57,7.12
Justin Herbert,2565045,QB,LAC,NYG,275,3,,19,,,,,,,,,21.99,4,24.90,2.91
Taysom Hill,2558954,QB,NO,@NYJ,175,,,73,2,,,,,,,2,7.16,5,24.23,17.07
Ben Roethlisberger,2506109,QB,PIT,@MIN,308,3,1,5,,,,,,,1,1,15.93,6,23.82,7.89
Matthew Stafford,79860,QB,LA,@ARI,287,3,,,,,,,,,,1,18.35,7,22.48,4.13
Joe Burrow,2563722,QB,CIN,SF,348,2,,3,,,,,,,,1,16.15,8,21.22,5.07
Jimmy Garoppolo,2543801,QB,SF,@CIN,296,2,,3,,,,,,,,1,16.29,9,19.14,2.85
Russell Wilson,2532975,QB,SEA,@HOU,260,2,,8,,,,,,,1,1,16.95,10,18.90,1.95
Justin Fields,2565920,QB,CHI,@GB,224,2,2,74,,,,,,,,1,13.73,11,18.36,4.63
Mike Glennon,2539275,QB,NYG,@LAC,191,2,1,7,1,,,,,,,1,13.70,12,18.34,4.64
Patrick Mahomes,2558125,QB,KC,LV,258,2,,20,,,,,,,,1,21.40,13,18.32,-3.08
Davis Mills,2566136,QB,HOU,SEA,331,1,,8,,,,,,,,,12.89,14,18.04,5.15
Ryan Tannehill,2532956,QB,TEN,JAX,191,,,29,1,,,,,,,,18.43,15,16.54,-1.89
Kyler Murray,2562382,QB,ARI,LA,383,,2,61,,,,,,,,1,19.48,16,15.39,-4.09
Tyler Huntley,2563560,QB,BAL,@CLE,270,1,,45,,,,,,,,2,0.63,17,15.30,14.67
Teddy Bridgewater,2543465,QB,DEN,DET,179,2,,,,,,,,,,,,18,15.16,
Baker Mayfield,2560800,QB,CLE,BAL,190,2,1,14,,,,,,,,,,19,15.00,
Kirk Cousins,2532820,QB,MIN,PIT,216,2,2,14,,,,,,,,,17.88,20,14.04,-3.84
Cam Newton,2495455,QB,CAR,ATL,178,,1,47,1,,,,,,,2,17.69,21,12.69,-5.0
Matt Ryan,310,QB,ATL,@CAR,190,1,,3,,,,,,,,,15.19,22,11.90,-3.29
Jared Goff,2555334,QB,DET,@DEN,215,1,1,10,,,,,,,,,12.77,23,11.60,-1.17
Zach Wilson,2566391,QB,NYJ,NO,202,,,33,,,,,,,,,12.19,24,11.38,-0.81
Derek Carr,2543499,QB,LV,@KC,263,1,1,,,,,,,,,1,17.78,25,10.52,-7.26
Dak Prescott,2555260,QB,DAL,@WAS,211,1,2,15,,,,,,,,1,20.02,26,8.87,-11.15
Taylor Heinicke,2553656,QB,WAS,DAL,122,1,1,8,,,,,,,1,1,15.98,27,7.68,-8.3
P.J. Walker,2558904,QB,CAR,ATL,75,1,1,-5,,,,,,,,1,0.90,28,3.40,2.5
Kyle Allen,2561177,QB,WAS,DAL,53,,,11,,,,,,,,1,0.50,29,1.22,0.72
Lamar Jackson,2560757,QB,BAL,@CLE,17,,,5,,,,,,,,,22.22,30,1.18,-21.04
Trevor Lawrence,2566163,QB,JAX,@TEN,221,,4,2,,,,,,,,,14.39,31,1.04,-13.35
Brandon Allen,2555365,QB,CIN,SF,,,,,,,,,,,,,0.87,32,0.00,-0.87
Kenji Bahar,2566608,QB,FA,Bye,,,,,,,,,,,,,,33,0.00,
Matt Barkley,2539308,QB,ATL,@CAR,,,,,,,,,,,,,0.00,34,0.00,0.0
C.J. Beathard,2557922,QB,JAX,@TEN,,,,,,,,,,,,,0.47,35,0.00,-0.47
David Blough,2563043,QB,DET,@DEN,,,,,,,,,,,,,0.00,36,0.00,0.0
Ian Book,2566352,QB,NO,@NYJ,,,,,,,,,,,,,0.00,37,0.00,0.0
Blake Bortles,2543477,QB,NO,@NYJ,,,,,,,,,,,,,0.00,38,0.00,0.0
Tim Boyle,2561187,QB,DET,@DEN,,,,,,,,,,,,,0.65,39,0.00,-0.65
Drew Brees,2504775,QB,FA,Bye,,,,,,,,,,,,,,40,0.00,
Jacoby Brissett,2555261,QB,MIA,Bye,,,,,,,,,,,,,,41,0.00,
Jake Browning,2562634,QB,CIN,SF,,,,,,,,,,,,,0.00,42,0.00,0.0
Shane Buechele,2566983,QB,KC,LV,,,,,,,,,,,,,0.00,43,0.00,0.0
Andy Dalton,2495143,QB,CHI,@GB,,,,,,,,,,,,,0.00,44,0.00,0.0
Sam Darnold,2561036,QB,CAR,ATL,,,,,,,,,,,,,0.00,45,0.00,0.0
Ben DiNucci,2563839,QB,DAL,@WAS,,,,,,,,,,,,,0.00,46,0.00,0.0
Joshua Dobbs,2558167,QB,PIT,@MIN,,,,,,,,,,,,,,47,0.00,
Jeff Driskel,2555262,QB,HOU,SEA,,,,,,,,,,,,,,48,0.00,
Jacob Eason,2564115,QB,SEA,@HOU,,,,,,,,,,,,,0.00,49,0.00,0.0
Sam Ehlinger,2566142,QB,IND,Bye,,,,,,,,,,,,,,50,0.00,
Danny Etling,2560717,QB,JAX,@TEN,,,,,,,,,,,,,0.00,51,0.00,0.0
Ryan Finley,2562651,QB,FA,Bye,,,,,,,,,,,,,,52,0.00,
Ryan Fitzpatrick,2506581,QB,WAS,DAL,,,,,,,,,,,,,,53,0.00,
Joe Flacco,382,QB,NYJ,NO,,,,,,,,,,,,,1.20,54,0.00,-1.2
Nick Foles,2532842,QB,CHI,@GB,,,,,,,,,,,,,0.84,55,0.00,-0.84
Feleipe Franks,2566683,QB,ATL,@CAR,,,,,,,,,,,,,0.71,56,0.00,-0.71
Jake Fromm,2563608,QB,NYG,@LAC,,,,,,,,,,,,,1.85,57,0.00,-1.85
Blaine Gabbert,2495441,QB,TB,BUF,,,,,,,,,,,,,0.58,58,0.00,-0.58
Garrett Gilbert,2549982,QB,WAS,DAL,,,,,,,,,,,,,0.00,59,0.00,0.0
Anthony Gordon,2565153,QB,DEN,DET,,,,,,,,,,,,,0.00,60,0.00,0.0
Will Grier,2562404,QB,DAL,@WAS,,,,,,,,,,,,,,61,0.00,
Ryan Griffin,2541185,QB,TB,BUF,,,,,,,,,,,,,0.00,62,0.00,0.0
Dwayne Haskins,2562660,QB,PIT,@MIN,,,,,,,,,,,,,0.00,63,0.00,0.0
Devlin Hodges,2563258,QB,FA,Bye,,,,,,,,,,,,,,64,0.00,
Brian Hoyer,81294,QB,NE,Bye,,,,,,,,,,,,,,65,0.00,
Brett Hundley,2552588,QB,IND,Bye,,,,,,,,,,,,,,66,0.00,
Jalen Hurts,2564832,QB,PHI,Bye,,,,,,,,,,,,,,67,0.00,
Josh Johnson,264,QB,BAL,@CLE,,,,,,,,,,,,,0.00,68,0.00,0.0
Daniel Jones,2562299,QB,NYG,@LAC,,,,,,,,,,,,,,69,0.00,
Mac Jones,2566334,QB,NE,Bye,,,,,,,,,,,,,,70,0.00,
Colin Kaepernick,2495186,QB,FA,Bye,,,,,,,,,,,,,,71,0.00,
Case Keenum,2532888,QB,CLE,BAL,,,,,,,,,,,,,0.51,72,0.00,-0.51
DeShone Kizer,2557983,QB,FA,Bye,,,,,,,,,,,,,,73,0.00,
Trey Lance,2566532,QB,SF,@CIN,,,,,,,,,,,,,1.28,74,0.00,-1.28
Kyle Lauletta,2560786,QB,FA,Bye,,,,,,,,,,,,,,75,0.00,
Drew Lock,2562305,QB,DEN,DET,,,,,,,,,,,,,0.90,76,0.00,-0.9
Jordan Love,2564007,QB,GB,CHI,,,,,,,,,,,,,0.00,77,0.00,0.0
Jake Luton,2564205,QB,MIA,Bye,,,,,,,,,,,,,,78,0.00,
Sean Mannion,2552576,QB,MIN,PIT,,,,,,,,,,,,,0.34,79,0.00,-0.34
Marcus Mariota,2552466,QB,LV,@KC,,,,,,,,,,,,,0.84,80,0.00,-0.84
AJ McCarron,2543497,QB,ATL,@CAR,,,,,,,,,,,,,,81,0.00,
Josh McCown,2505076,QB,FA,Bye,,,,,,,,,,,,,,82,0.00,
Colt McCoy,497123,QB,ARI,LA,,,,,,,,,,,,,0.76,83,0.00,-0.76
Cole McDonald,2564052,QB,FA,Bye,,,,,,,,,,,,,,84,0.00,
Alex McGough,2561148,QB,FA,Bye,,,,,,,,,,,,,,85,0.00,
Trace McSorley,2562403,QB,ARI,LA,,,,,,,,,,,,,0.00,86,0.00,0.0
Gardner Minshew,2562796,QB,PHI,Bye,,,,,,,,,,,,,,87,0.00,
Kellen Mond,2566310,QB,MIN,PIT,,,,,,,,,,,,,0.00,88,0.00,0.0
Steven Montez,2565285,QB,DET,@DEN,,,,,,,,,,,,,0.00,89,0.00,0.0
Matt Moore,2507282,QB,FA,Bye,,,,,,,,,,,,,,90,0.00,
James Morgan,2564805,QB,IND,Bye,,,,,,,,,,,,,,91,0.00,
Jalen Morton,2564013,QB,FA,Bye,,,,,,,,,,,,,,92,0.00,
Nick Mullens,2558979,QB,CLE,BAL,,,,,,,,,,,,,0.00,93,0.00,0.0
Jamie Newman,2567058,QB,FA,Bye,,,,,,,,,,,,,,94,0.00,
Bryce Perkins,2564382,QB,LA,@ARI,,,,,,,,,,,,,0.00,95,0.00,0.0
Nathan Peterman,2558191,QB,LV,@KC,,,,,,,,,,,,,0.00,96,0.00,0.0
Philip Rivers,2506121,QB,FA,Bye,,,,,,,,,,,,,,97,0.00,
Josh Rosen,2560858,QB,ATL,@CAR,,,,,,,,,,,,,0.00,98,0.00,0.0
Jake Rudock,2556232,QB,FA,Bye,,,,,,,,,,,,,,99,0.00,
Mason Rudolph,2560860,QB,PIT,@MIN,,,,,,,,,,,,,0.18,100,0.00,-0.18
Cooper Rush,2559242,QB,DAL,@WAS,,,,,,,,,,,,,0.64,101,0.00,-0.64
Brett Rypien,2562718,QB,DEN,DET,,,,,,,,,,,,,0.00,102,0.00,0.0
Matt Schaub,2505982,QB,FA,Bye,,,,,,,,,,,,,,103,0.00,
Kyle Shurmur,2562731,QB,FA,Bye,,,,,,,,,,,,,,104,0.00,
Trevor Siemian,2553457,QB,NO,@NYJ,,,,,,,,,,,,,0.42,105,0.00,-0.42
Reid Sinnett,2565255,QB,PHI,Bye,,,,,,,,,,,,,,106,0.00,
Alex Smith,2506340,QB,FA,Bye,,,,,,,,,,,,,,107,0.00,
Geno Smith,2539335,QB,SEA,@HOU,,,,,,,,,,,,,0.79,108,0.00,-0.79
Nate Stanley,2564577,QB,MIN,PIT,,,,,,,,,,,,,,109,0.00,
Drew Stanton,2495748,QB,FA,Bye,,,,,,,,,,,,,,110,0.00,
Tommy Stevens,2564697,QB,FA,Bye,,,,,,,,,,,,,,111,0.00,
Easton Stick,2562745,QB,LAC,NYG,,,,,,,,,,,,,0.00,112,0.00,0.0
Jarrett Stidham,2562746,QB,NE,Bye,,,,,,,,,,,,,,113,0.00,
Chris Streveler,2563458,QB,BAL,@CLE,,,,,,,,,,,,,0.00,114,0.00,0.0
Nate Sudfeld,2555427,QB,SF,@CIN,,,,,,,,,,,,,0.00,115,0.00,0.0
Tua Tagovailoa,2564499,QB,MIA,Bye,,,,,,,,,,,,,,116,0.00,
Tyrod Taylor,2495240,QB,HOU,SEA,,,,,,,,,,,,,0.00,117,0.00,0.0
Clayton Thorson,2562762,QB,NYG,@LAC,,,,,,,,,,,,,0.00,118,0.00,0.0
Kyle Trask,2566571,QB,TB,BUF,,,,,,,,,,,,,0.00,119,0.00,0.0
Mitchell Trubisky,2558008,QB,BUF,@TB,,,,,,,,,,,,,0.50,120,0.00,-0.5
Deshaun Watson,2558063,QB,HOU,SEA,,,,,,,,,,,,,0.00,121,0.00,0.0
Davis Webb,2557897,QB,BUF,@TB,,,,,,,,,,,,,0.00,122,0.00,0.0
Carson Wentz,2555259,QB,IND,Bye,,,,,,,,,,,,,,123,0.00,
Mike White,2560929,QB,NYJ,NO,,,,,,,,,,,,,0.00,124,0.00,0.0
Jameis Winston,2552033,QB,NO,@NYJ,,,,,,,,,,,,,,125,0.00,
John Wolford,2561718,QB,LA,@ARI,,,,,,,,,,,,,0.37,126,0.00,-0.37
Kurt Benkert,2560974,QB,GB,CHI,,,,-1,,,,,,,,,1.38,127,-0.10,-1.48
Chase Daniel,81284,QB,LAC,NYG,,,,-2,,,,,,,,,0.76,128,-0.20,-0.96
Chad Henne,252,QB,KC,LV,,,,-2,,,,,,,,,0.68,129,-0.20,-0.88
Logan Woodside,2560942,QB,TEN,JAX,,,,-3,,,,,,,,,0.86,130,-0.30,-1.16
