PlayerName,PlayerId,Pos,Team,PlayerOpponent,TacklesTot,TacklesAst,TacklesSck,TacklesTfl,TurnoverInt,TurnoverFrcFum,TurnoverFumRec,ScoreIntTd,ScoreFumTd,ScoreBlkTd,ScoreSaf,ScoreDef2ptRet,Blk,PDef,QBHit,ReturnIntYds,ReturnFumYds,Rank,TotalPoints
Mike Hughes,2560746,DB,KC,@PHI,9,1,,,,1,,,,,,,,1,,,,1,22.10
Eric Stokes,2566097,DB,GB,PIT,8,,,,1,,,,,,,,,2,,,,2,22.10
Antoine Winfield Jr.,2565261,DB,TB,@NE,5,2,,,1,1,,,,,,,,1,,,,3,19.60
Trevon Diggs,2563836,DB,DAL,CAR,4,,,,2,,,,,,,,,2,,23,,4,19.57
Desmond King,2557927,DB,HOU,@BUF,8,1,,1,,1,,,,,,,,,,,,5,19.40
Quandre Diggs,2552262,DB,SEA,@SF,5,2,,,1,,,,,,,,,2,,5,,6,18.77
Malcolm Jenkins,79848,DB,NO,NYG,8,4,,1,,,,,,,,,,,,,,7,18.30
Marcus Williams,2558847,DB,NO,NYG,4,2,,,1,1,,,,,,,,1,,3,,8,18.00
Lonnie Johnson,2562295,DB,HOU,@BUF,5,3,,,1,,,,,,,,,1,,32,,9,17.97
Anthony Brown,2555531,DB,DAL,CAR,6,,,,,,,,,,,,,3,,,,10,17.70
Justin Simmons,2555550,DB,DEN,BAL,6,2,,,,,,,,,,,,2,,,,11,16.80
Erik Harris,2555568,DB,ATL,WAS,4,2,,,,,,,,,,,,3,1,,,12,16.40
Bryce Hall,2564796,DB,NYJ,TEN,3,2,0.5,,,,,,,,,,,3,2,,,13,16.20
Javelin Guidry,2565504,DB,NYJ,TEN,9,1,,,,,,,,,,,,,,,,14,16.10
Kareem Jackson,496735,DB,DEN,BAL,8,3,,,,,,,,,,,,,,,,15,16.00
Bobby McCain,2552434,DB,WAS,@ATL,5,,,,,,,,,,,,,3,,,,16,16.00
Terrance Mitchell,2543637,DB,HOU,@BUF,3,3,,,,1,,,,,,,,2,,,,17,16.00
Caden Sterns,2566040,DB,DEN,BAL,3,,2,2,,,,,,,,,,1,2,,,18,15.60
Daniel Sorensen,2550257,DB,KC,@PHI,9,,,,,,,,,,,,,,,,,19,15.30
Taylor Rapp,2562707,DB,LA,ARI,6,6,,,,,,,,,,,,,,,,20,15.00
Jalen Thompson,2563339,DB,ARI,@LA,5,5,,,,,,,,,,,,1,,,,21,15.00
Greedy Williams,2562785,DB,CLE,@MIN,4,2,,,1,,,,,,,,,1,,,,22,14.40
Jalen Ramsey,2555280,DB,LA,ARI,4,1,,1,,,,,,,,,,2,,,,23,14.10
Derwin James,2560760,DB,LAC,LV,3,3,,,1,,,,,,,,,1,,15,,24,14.00
Jonathan Jones,2556571,DB,NE,TB,7,2,,,,,,,,,,,,,,,,25,13.50
Amani Oruwariye,2562390,DB,DET,@CHI,3,3,,,1,,,,,,,,,1,,,,26,13.50
Cam Lewis,2563205,DB,BUF,HOU,2,3,,1,,1,,,,,,,,1,,,,27,13.30
Logan Ryan,2540162,DB,NYG,@NO,4,5,,,,,,,,,,,,1,,,,28,13.30
Richard Sherman,2495507,DB,TB,@NE,7,,,,,,1,,,,,,,,,,4,29,13.03
Jayron Kearse,2555156,DB,DAL,CAR,5,1,,2,,,,,,,,,,,1,,,30,12.80
Deon Bush,2555155,DB,CHI,DET,6,3,,,,,,,,,,,,,,,,31,12.60
Kyle Dugger,2564601,DB,NE,TB,6,1,,1,,,,,,,,,,,,,,32,12.50
Xavier Woods,2558159,DB,MIN,CLE,4,7,,,,,,,,,,,,,,,,33,12.40
Tyson Campbell,2566151,DB,JAX,@CIN,4,5,,1,,,,,,,,,,,,,,34,12.30
Budda Baker,2558009,DB,ARI,@LA,5,3,,,,,1,,,,,,,,,,5,35,12.07
Jaquan Johnson,2562676,DB,BUF,HOU,3,,,,1,,,,,,,,,1,,25,,36,11.93
Anthony Averett,2560963,DB,BAL,@DEN,3,1,,,1,,,,,,,,,1,,,,37,11.90
Minkah Fitzpatrick,2560725,DB,PIT,@GB,6,2,,,,,,,,,,,,,,,,38,11.80
J.C. Jackson,2560754,DB,NE,TB,5,1,,,,,,,,,,,,1,,,,39,11.80
Nik Needham,2563220,DB,MIA,IND,5,1,,,,,,,,,,,,1,,,,40,11.80
Marco Wilson,2566439,DB,ARI,@LA,6,2,,,,,,,,,,,,,,,,41,11.80
Chuck Clark,2558248,DB,BAL,@DEN,5,2,,1,,,,,,,,,,,,,,42,11.60
Jordan Fuller,2564340,DB,LA,ARI,5,2,,1,,,,,,,,,,,,,,43,11.60
Tyrann Mathieu,2540180,DB,KC,@PHI,4,1,,1,,,,,,,,,,1,,,,44,11.60
Emmanuel Moseley,2561072,DB,SF,SEA,3,,,1,,,,,,,,,,2,,,,45,11.60
Kristian Fulton,2564046,DB,TEN,@NYJ,3,,,,1,,,,,,,,,1,,13,,46,11.53
Johnathan Abram,2562616,DB,LV,@LAC,4,4,,1,,,,,,,,,,,,,,47,11.50
L'Jarius Sneed,2564304,DB,KC,@PHI,3,1,1,,,1,,,,,,,,,,,,48,11.40
Dane Cruikshank,2561033,DB,TEN,@NYJ,4,1,,,,1,,,,,,,,,,,,49,11.10
Byron Murphy,2562318,DB,ARI,@LA,3,,,,1,,,,,,,,,1,,,,50,11.10
Terrell Edmunds,2560712,DB,PIT,@GB,6,1,,,,,,,,,,,,,,,,51,11.00
Trevon Moehrig,2566268,DB,LV,@LAC,5,,,,,,,,,,,,,1,,,,52,11.00
Amik Robertson,2564430,DB,LV,@LAC,6,1,,,,,,,,,,,,,,,,53,11.00
Duke Shelley,2562957,DB,CHI,DET,5,,,,,,,,,,,,,1,,,,54,11.00
Jamal Adams,2557979,DB,SEA,@SF,4,2,,,,,,,,,,,,1,,,,55,10.90
Landon Collins,2552454,DB,WAS,@ATL,5,3,,,,,,,,,,,,,,,,56,10.90
Harrison Smith,2532948,DB,MIN,CLE,5,3,,,,,,,,,,,,,,,,57,10.90
Pat Surtain II,2566043,DB,DEN,BAL,6,,,,,,,,,,,,,,,,,58,10.20
Michael Carter II,2565717,DB,NYJ,TEN,4,1,,,,,,,,,,,,1,,,,59,10.10
Cameron Dantzler,2564526,DB,MIN,CLE,4,1,,,,,,,,,,,,1,,,,60,10.10
Michael Davis,2559164,DB,LAC,LV,4,1,,,,,,,,,,,,1,,,,61,10.10
Kendall Fuller,2555349,DB,WAS,@ATL,3,,,,,,,,,,,,,2,,,,62,10.10
Xavien Howard,2555539,DB,MIA,IND,4,1,,,,,,,,,,,,1,,,,63,10.10
Avonte Maddox,2560795,DB,PHI,KC,5,2,,,,,,,,,,,,,,,,64,10.10
Ryan Neal,2561381,DB,SEA,@SF,4,1,,,,,,,,,,,,1,,,,65,10.10
Andrew Wingard,2562606,DB,JAX,@CIN,5,2,,,,,,,,,,,,,,,,66,10.10
Kevin Byard,2555158,DB,TEN,@NYJ,3,3,,,,,,,,,,,,1,,,,67,10.00
Rayshawn Jenkins,2558182,DB,JAX,@CIN,4,4,,,,,,,,,,,,,,,,68,10.00
Sean Chandler,2561017,DB,CAR,@DAL,3,6,,,,,,,,,,,,,,,,69,9.90
Avery Williams,2565833,DB,ATL,WAS,4,3,,,,,,,,,,,,,1,,,70,9.70
Denzel Ward,2560916,DB,CLE,@MIN,2,2,0.5,,,,,,,,,,,1,2,,,71,9.50
James Bradberry,2555175,DB,NYG,@NO,2,,,,1,,,,,,,,,1,,,,72,9.40
Jeremy Chinn,2563632,DB,CAR,@DAL,5,1,,,,,,,,,,,,,,,,73,9.30
Shaquill Griffin,2558259,DB,JAX,@CIN,4,,,,,,,,,,,,,1,,,,74,9.30
David Long,2562798,DB,LA,ARI,5,1,,,,,,,,,,,,,,,,75,9.30
Justin Reid,2560851,DB,HOU,@BUF,5,1,,,,,,,,,,,,,,,,76,9.30
Adoree' Jackson,2558065,DB,NYG,@NO,4,3,,,,,,,,,,,,,,,,77,9.20
D.J. Reed,2560850,DB,SEA,@SF,4,3,,,,,,,,,,,,,,,,78,9.20
Eric Rowe,2552255,DB,MIA,IND,4,3,,,,,,,,,,,,,,,,79,9.20
Arthur Maulet,2559087,DB,PIT,@GB,3,1,,2,,,,,,,,,,,,,,80,8.90
Tre Herndon,2561340,DB,JAX,@CIN,5,,,,,,,,,,,,,,,,,81,8.50
Duron Harmon,2541243,DB,ATL,WAS,3,1,,,,,,,,,,,,1,,,,82,8.40
Asante Samuel Jr.,2566511,DB,LAC,LV,3,1,,,,,,,,,,,,1,,,,83,8.40
Nasir Adderley,2562617,DB,LAC,LV,2,3,,,,,,,,,,,,1,,,,84,8.30
Joe Haden,496733,DB,PIT,@GB,2,3,,,,,,,,,,,,1,,,,85,8.30
Tavierre Thomas,2561278,DB,HOU,@BUF,3,4,,,,,,,,,,,,,,,,86,8.30
Jason McCourty,89756,DB,MIA,IND,2,6,,,,,,,,,,,,,,,,87,8.20
Sam Franklin,2563638,DB,CAR,@DAL,3,,,,,,,,,,,,,1,1,,,88,8.10
Micah Hyde,2539240,DB,BUF,HOU,1,,,,1,,,,,,,,,1,,,,89,7.70
Eli Apple,2555277,DB,CIN,JAX,3,,,,,,,,,,,,,1,,,,90,7.60
Kyle Fuller,2543681,DB,DEN,BAL,4,1,,,,,,,,,,,,,,,,91,7.60
Darius Slay,2540288,DB,PHI,KC,4,1,,,,,,,,,,,,,,,,92,7.60
Darious Williams,2561469,DB,LA,ARI,4,1,,,,,,,,,,,,,,,,93,7.60
Isaac Yiadom,2560946,DB,GB,PIT,4,1,,,,,,,,,,,,,,,,94,7.60
Xavier McKinney,2564766,DB,NYG,@NO,3,3,,,,,,,,,,,,,,,,95,7.50
Andrew Sendejo,2525323,DB,IND,@MIA,2,2,,,,,,,,,,,,1,,,,96,7.50
Fabian Moreau,2558136,DB,ATL,WAS,3,1,,1,,,,,,,,,,,,,,97,7.40
Ross Cockrell,2543799,DB,TB,@NE,2,1,,,,,,,,,,,,1,1,,,98,7.20
Janoris Jenkins,2532875,DB,TEN,@NYJ,2,,,,,1,,,,,,,,,,,,99,6.90
Robert Alford,2539653,DB,ARI,@LA,4,,,,,,,,,,,,,,,,,100,6.80
Deandre Baker,2562227,DB,KC,@PHI,4,,,,,,,,,,,,,,,,,101,6.80
Rodney McLeod,2534832,DB,PHI,KC,4,,,,,,,,,,,,,,,,,102,6.80
Xavier Rhodes,2540155,DB,IND,@MIA,4,,,,,,,,,,,,,,,,,103,6.80
Isaiah Rodgers,2564142,DB,IND,@MIA,4,,,,,,,,,,,,,,,,,104,6.80
M.J. Stewart,2560884,DB,CLE,@MIN,4,,,,,,,,,,,,,,,,,105,6.80
Trae Waynes,2552448,DB,CIN,JAX,4,,,,,,,,,,,,,,,,,106,6.80
Adrian Amos,2552385,DB,GB,PIT,3,2,,,,,,,,,,,,,,,,107,6.70
Vonn Bell,2555530,DB,CIN,JAX,3,2,,,,,,,,,,,,,,,,108,6.70
Marquise Blair,2562233,DB,SEA,@SF,2,1,,,,,,,,,,,,1,,,,109,6.70
Kamren Curl,2565270,DB,WAS,@ATL,3,2,,,,,,,,,,,,,,,,110,6.70
Will Harris,2562395,DB,DET,@CHI,3,2,,,,,,,,,,,,,,,,111,6.70
Marlon Humphrey,2558067,DB,BAL,@DEN,2,1,,,,,,,,,,,,1,,,,112,6.70
Bobby Price,2563953,DB,DET,@CHI,3,2,,,,,,,,,,,,,,,,113,6.70
Justin Coleman,2553637,DB,MIA,IND,3,,,1,,,,,,,,,,,,,,114,6.60
Troy Hill,2553536,DB,CLE,@MIN,1,3,,,,,,,,,,,,1,,,,115,6.60
Julian Love,2562414,DB,NYG,@NO,1,6,,,,,,,,,,,,,,,,116,6.50
Paulson Adebo,2566346,DB,NO,NYG,3,1,,,,,,,,,,,,,,,,117,5.90
Damontae Kazee,2558184,DB,DAL,CAR,3,1,,,,,,,,,,,,,,,,118,5.90
Jourdan Lewis,2557920,DB,DAL,CAR,3,1,,,,,,,,,,,,,,,,119,5.90
Sharrod Neasman,2556443,DB,NYJ,TEN,2,,,,,,,,,,,,,1,,,,120,5.90
Adrian Phillips,2550842,DB,NE,TB,3,1,,,,,,,,,,,,,,,,121,5.90
Levi Wallace,2560914,DB,BUF,HOU,2,,,,,,,,,,,,,1,,,,122,5.90
Dre Kirkpatrick,2533060,DB,SF,SEA,2,1,,1,,,,,,,,,,,,,,123,5.70
Jalen Davis,2561316,DB,CIN,JAX,1,,,,,1,,,,,,,,,,,,124,5.20
Terrence Brooks,2543712,DB,HOU,@BUF,3,,,,,,,,,,,,,,,,,125,5.10
Tevaughn Campbell,2562806,DB,LAC,LV,3,,,,,,,,,,,,,,,,,126,5.10
Adrian Colbert,2558857,DB,FA,Bye,3,,,,,,,,,,,,,,,,,127,5.10
Ashtyn Davis,2564793,DB,NYJ,TEN,3,,,,,,,,,,,,,,,,,128,5.10
C.J. Henderson,2564199,DB,CAR,@DAL,3,,,,,,,,,,,,,,,,,129,5.10
Malik Hooker,2558060,DB,DAL,CAR,3,,,,,,,,,,,,,,,,,130,5.10
William Jackson,2556367,DB,WAS,@ATL,3,,,,,,,,,,,,,,,,,131,5.10
Jalen Mills,2555383,DB,NE,TB,3,,,,,,,,,,,,,,,,,132,5.10
Juan Thornhill,2562761,DB,KC,@PHI,3,,,,,,,,,,,,,,,,,133,5.10
Nate Hobbs,2566259,DB,LV,@LAC,2,2,,,,,,,,,,,,,,,,134,5.00
Marshon Lattimore,2558061,DB,NO,NYG,1,1,,,,,,,,,,,,1,,,,135,5.00
Torry McTyer,2559053,DB,WAS,@ATL,,,,,,,,,,,,,,2,,,,136,5.00
Jaquiski Tartt,2552391,DB,SF,SEA,2,2,,,,,,,,,,,,,,,,137,5.00
Marcell Harris,2561006,DB,SF,SEA,1,4,,,,,,,,,,,,,,,,138,4.90
Casey Hayward,2532861,DB,LV,@LAC,2,,,1,,,,,,,,,,,,,,139,4.90
Jordan Whitehead,2560930,DB,TB,@NE,2,,,1,,,,,,,,,,,,,,140,4.90
Julian Blackmon,2564103,DB,IND,@MIA,2,1,,,,,,,,,,,,,,,,141,4.20
A.J. Bouye,2541162,DB,CAR,@DAL,2,1,,,,,,,,,,,,,,,,142,4.20
Bryce Callahan,2553500,DB,DEN,BAL,1,,,,,,,,,,,,,1,,,,143,4.20
Carlton Davis,2561039,DB,TB,@NE,1,,,,,,,,,,,,,1,,,,144,4.20
Antonio Hamilton,2556804,DB,ARI,@LA,1,,,,,,,,,,,,,1,,,,145,4.20
Mike Hilton,2556559,DB,CIN,JAX,2,1,,,,,,,,,,,,,,,,146,4.20
Donte Jackson,2560753,DB,CAR,@DAL,1,,,,,,,,,,,,,1,,,,147,4.20
Jaylon Johnson,2563701,DB,CHI,DET,1,,,,,,,,,,,,,1,,,,148,4.20
Byron Jones,2552568,DB,MIA,IND,1,,,,,,,,,,,,,1,,,,149,4.20
Jimmy Smith,2508107,DB,BAL,@DEN,1,,,,,,,,,,,,,1,,,,150,4.20
Chandon Sullivan,2560887,DB,GB,PIT,2,1,,,,,,,,,,,,,,,,151,4.20
Cameron Sutton,2558849,DB,PIT,@GB,1,,,,,,,,,,,,,1,,,,152,4.20
Tracy Walker III,2560913,DB,DET,@CHI,2,1,,,,,,,,,,,,,,,,153,4.20
John Johnson,2558183,DB,CLE,@MIN,2,,,,,,,,,,,,,,1,,,154,3.90
Breon Borders,2559015,DB,TEN,@NYJ,2,,,,,,,,,,,,,,,,,155,3.40
Bashaud Breeland,2543571,DB,MIN,CLE,2,,,,,,,,,,,,,,,,,156,3.40
Pierre Desir,2543811,DB,TB,@NE,2,,,,,,,,,,,,,,,,,157,3.40
Brandin Echols,2565726,DB,NYJ,TEN,2,,,,,,,,,,,,,,,,,158,3.40
Marcus Epps,2562946,DB,PHI,KC,2,,,,,,,,,,,,,,,,,159,3.40
A.J. Green,2563782,DB,CLE,@MIN,2,,,,,,,,,,,,,,,,,160,3.40
Chris Jackson,2564049,DB,TEN,@NYJ,2,,,,,,,,,,,,,,,,,161,3.40
Eddie Jackson,2558176,DB,CHI,DET,2,,,,,,,,,,,,,,,,,162,3.40
Devin McCourty,494287,DB,NE,TB,2,,,,,,,,,,,,,,,,,163,3.40
Rashaan Melvin,2541200,DB,CAR,@DAL,2,,,,,,,,,,,,,,,,,164,3.40
Patrick Peterson,2495504,DB,MIN,CLE,2,,,,,,,,,,,,,,,,,165,3.40
Jamien Sherwood,2565762,DB,NYJ,TEN,2,,,,,,,,,,,,,,,,,166,3.40
Tremon Smith,2561103,DB,HOU,@BUF,2,,,,,,,,,,,,,,,,,167,3.40
Roderic Teamer,2562981,DB,LV,@LAC,2,,,,,,,,,,,,,,,,,168,3.40
Jarrod Wilson,2556711,DB,NYJ,TEN,2,,,,,,,,,,,,,,,,,169,3.40
Damon Arnette,2564409,DB,FA,Bye,1,2,,,,,,,,,,,,,,,,170,3.30
Isaiah Dunn,2565720,DB,NYJ,TEN,,1,,,,,,,,,,,,1,,,,171,3.30
Anthony Harris,2553655,DB,PHI,KC,1,2,,,,,,,,,,,,,,,,172,3.30
Kenny Moore II,2558976,DB,IND,@MIA,1,2,,,,,,,,,,,,,,,,173,3.30
Brandon Stephens,2565851,DB,BAL,@DEN,1,2,,,,,,,,,,,,,,,,174,3.30
Jimmie Ward,2543741,DB,SF,SEA,1,2,,,,,,,,,,,,,,,,175,3.30
Mackensie Alexander,2555177,DB,MIN,CLE,,,,,,,,,,,,,,1,,,,176,2.50
Justin Bethel,2532792,DB,NE,TB,1,1,,,,,,,,,,,,,,,,177,2.50
Mike Edwards,2562259,DB,TB,@NE,1,1,,,,,,,,,,,,,,,,178,2.50
Alohi Gilman,2565042,DB,LAC,LV,1,1,,,,,,,,,,,,,,,,179,2.50
Kemon Hall,2562975,DB,LAC,LV,1,1,,,,,,,,,,,,,,,,180,2.50
Damar Hamlin,2565872,DB,BUF,HOU,,,,,,,,,,,,,,1,,,,181,2.50
Justin Hardee,2559181,DB,NYJ,TEN,1,1,,,,,,,,,,,,,,,,182,2.50
Miles Killebrew,2555315,DB,PIT,@GB,1,1,,,,,,,,,,,,,,,,183,2.50
Siran Neal,2560818,DB,BUF,HOU,1,1,,,,,,,,,,,,,,,,184,2.50
Isaiah Oliver,2560830,DB,ATL,WAS,1,1,,,,,,,,,,,,,,,,185,2.50
Kevon Seymour,2555549,DB,BAL,@DEN,1,1,,,,,,,,,,,,,,,,186,2.50
A.J. Terrell,2563527,DB,ATL,WAS,1,1,,,,,,,,,,,,,,,,187,2.50
Brandon Wilson,2558786,DB,CIN,JAX,1,1,,,,,,,,,,,,,,,,188,2.50
Grant Delpit,2563773,DB,CLE,@MIN,,3,,,,,,,,,,,,,,,,189,2.40
Tavon Young,2555378,DB,BAL,@DEN,1,,,,,,,,,,,,,,1,,,190,2.20
Troy Apke,2560958,DB,WAS,@ATL,1,,,,,,,,,,,,,,,,,191,1.70
Elijah Campbell,2561455,DB,MIA,IND,1,,,,,,,,,,,,,,,,,192,1.70
Maurice Canady,2555178,DB,DAL,CAR,1,,,,,,,,,,,,,,,,,193,1.70
Andre Chachere,2561016,DB,PHI,KC,1,,,,,,,,,,,,,,,,,194,1.70
Xavier Crawford,2562515,DB,CHI,DET,1,,,,,,,,,,,,,,,,,195,1.70
Keion Crossen,2561157,DB,NYG,@NO,1,,,,,,,,,,,,,,,,,196,1.70
Tyree Gillespie,2566256,DB,LV,@LAC,1,,,,,,,,,,,,,,,,,197,1.70
Harrison Hand,2564547,DB,MIN,CLE,1,,,,,,,,,,,,,,,,,198,1.70
Vernon Hargreaves III,2555299,DB,CIN,JAX,1,,,,,,,,,,,,,,,,,199,1.70
Ronnie Harrison,2561008,DB,CLE,@MIN,1,,,,,,,,,,,,,,,,,200,1.70
DeAndre Houston-Carson,2555381,DB,CHI,DET,1,,,,,,,,,,,,,,,,,201,1.70
Dane Jackson,2563614,DB,BUF,HOU,1,,,,,,,,,,,,,,,,,202,1.70
Shemar Jean-Charles,2566079,DB,GB,PIT,1,,,,,,,,,,,,,,,,,203,1.70
A.J. Moore,2561538,DB,HOU,@BUF,1,,,,,,,,,,,,,,,,,204,1.70
Steven Nelson,2552265,DB,PHI,KC,1,,,,,,,,,,,,,,,,,205,1.70
James Pierre,2565003,DB,PIT,@GB,1,,,,,,,,,,,,,,,,,206,1.70
Bradley Roby,2543505,DB,NO,NYG,1,,,,,,,,,,,,,,,,,207,1.70
Robert Rochell,2566241,DB,LA,ARI,1,,,,,,,,,,,,,,,,,208,1.70
Darnell Savage,2562724,DB,GB,PIT,1,,,,,,,,,,,,,,,,,209,1.70
Armani Watts,2560921,DB,KC,@PHI,1,,,,,,,,,,,,,,,,,210,1.70
Tre'Davious White,2557867,DB,BUF,HOU,1,,,,,,,,,,,,,,,,,211,1.70
Dean Marlowe,2553562,DB,DET,@CHI,,1,,,,,,,,,,,,,1,,,212,1.30
Divine Deablo,2566253,DB,LV,@LAC,,1,,,,,,,,,,,,,,,,213,0.80
Deshazor Everett,2553710,DB,WAS,@ATL,,1,,,,,,,,,,,,,,,,214,0.80
Matthias Farley,2556429,DB,TEN,@NYJ,,1,,,,,,,,,,,,,,,,215,0.80
Rudy Ford,2558174,DB,JAX,@CIN,,1,,,,,,,,,,,,,,,,216,0.80
Chauncey Gardner-Johnson,2562588,DB,NO,NYG,,1,,,,,,,,,,,,,,,,217,0.80
Jaylinn Hawkins,2563500,DB,ATL,WAS,,1,,,,,,,,,,,,,,,,218,0.80
Darnay Holmes,2564739,DB,NYG,@NO,,1,,,,,,,,,,,,,,,,219,0.80
Talanoa Hufanga,2566529,DB,SF,SEA,,1,,,,,,,,,,,,,,,,220,0.80
P.J. Locke,2563012,DB,DEN,BAL,,1,,,,,,,,,,,,,,,,221,0.80
Josh Metellus,2564568,DB,MIN,CLE,,1,,,,,,,,,,,,,,,,222,0.80
Eric Murray,2555173,DB,HOU,@BUF,,1,,,,,,,,,,,,,,,,223,0.80
Rashard Robinson,2555546,DB,TB,@NE,,1,,,,,,,,,,,,,,,,224,0.80
Ambry Thomas,2566547,DB,SF,SEA,,1,,,,,,,,,,,,,,,,225,0.80
Kindle Vildor,2563713,DB,CHI,DET,,1,,,,,,,,,,,,,,,,226,0.80
Daryl Worley,2555394,DB,FA,Bye,,1,,,,,,,,,,,,,,,,227,0.80
Delrick Abrams,2563464,DB,FA,Bye,,,,,,,,,,,,,,,,,,228,0.00
DeMarkus Acy,2565087,DB,PIT,@GB,,,,,,,,,,,,,,,,,,229,0.00
Andrew Adams,2556456,DB,TB,@NE,,,,,,,,,,,,,,,,,,230,0.00
Jahleel Addae,2541958,DB,IND,@MIA,,,,,,,,,,,,,,,,,,231,0.00
Jaire Alexander,2560952,DB,GB,PIT,,,,,,,,,,,,,,,,,,232,0.00
Brian Allen,2558237,DB,FA,Bye,,,,,,,,,,,,,,,,,,233,0.00
Marcus Allen,2560956,DB,PIT,@GB,,,,,,,,,,,,,,,,,,234,0.00
Ricardo Allen,2543850,DB,CIN,JAX,,,,,,,,,,,,,,,,,,235,0.00
Johnathan Alston,2561520,DB,FA,Bye,,,,,,,,,,,,,,,,,,236,0.00
Ugo Amadi,2562464,DB,SEA,@SF,,,,,,,,,,,,,,,,,,237,0.00
Cornell Armstrong,2561147,DB,FA,Bye,,,,,,,,,,,,,,,,,,238,0.00
Grayland Arnold,2564814,DB,HOU,@BUF,,,,,,,,,,,,,,,,,,239,0.00
Jaytlin Askew,2566656,DB,FA,Bye,,,,,,,,,,,,,,,,,,240,0.00
Blessuan Austin,2562468,DB,SEA,@SF,,,,,,,,,,,,,,,,,,241,0.00
Chidobe Awuzie,2557840,DB,CIN,JAX,,,,,,,,,,,,,,,,,,242,0.00
Corey Ballentine,2562228,DB,DET,@CHI,,,,,,,,,,,,,,,,,,243,0.00
Chris Banjo,2541192,DB,ARI,@LA,,,,,,,,,,,,,,,,,,244,0.00
Luq Barcoo,2564160,DB,FA,Bye,,,,,,,,,,,,,,,,,,245,0.00
Essang Bassey,2563875,DB,DEN,BAL,,,,,,,,,,,,,,,,,,246,0.00
Jessie Bates,2560970,DB,CIN,JAX,,,,,,,,,,,,,,,,,,247,0.00
DeVante Bausby,2553790,DB,NE,TB,,,,,,,,,,,,,,,,,,248,0.00
Sam Beal,2561643,DB,FA,Bye,,,,,,,,,,,,,,,,,,249,0.00
Elijah Benton,2563758,DB,FA,Bye,,,,,,,,,,,,,,,,,,250,0.00
Henry Black,2563974,DB,GB,PIT,,,,,,,,,,,,,,,,,,251,0.00
Joshuah Bledsoe,2566331,DB,NE,TB,,,,,,,,,,,,,,,,,,252,0.00
Briean Boddy-Calhoun,2556475,DB,TEN,@NYJ,,,,,,,,,,,,,,,,,,253,0.00
Terrell Bonds,2563136,DB,FA,Bye,,,,,,,,,,,,,,,,,,254,0.00
Tre Boston,2543830,DB,FA,Bye,,,,,,,,,,,,,,,,,,255,0.00
Kris Boyd,2562630,DB,MIN,CLE,,,,,,,,,,,,,,,,,,256,0.00
John Brannon,2565018,DB,FA,Bye,,,,,,,,,,,,,,,,,,257,0.00
Brady Breeze,2566103,DB,TEN,@NYJ,,,,,,,,,,,,,,,,,,258,0.00
Antoine Brooks Jr.,2564967,DB,LA,ARI,,,,,,,,,,,,,,,,,,259,0.00
Jordan Brown,2562396,DB,LV,@LAC,,,,,,,,,,,,,,,,,,260,0.00
Shakur Brown,2565774,DB,FA,Bye,,,,,,,,,,,,,,,,,,261,0.00
Tony Brown,2560982,DB,FA,Bye,,,,,,,,,,,,,,,,,,262,0.00
Tre Brown,2566550,DB,SEA,@SF,,,,,,,,,,,,,,,,,,263,0.00
Myles Bryant,2564592,DB,NE,TB,,,,,,,,,,,,,,,,,,264,0.00
Terrell Burgess,2564331,DB,LA,ARI,,,,,,,,,,,,,,,,,,265,0.00
Artie Burns,2555344,DB,CHI,DET,,,,,,,,,,,,,,,,,,266,0.00
Eric Burrell,2565696,DB,FA,Bye,,,,,,,,,,,,,,,,,,267,0.00
Juston Burris,2555313,DB,CAR,@DAL,,,,,,,,,,,,,,,,,,268,0.00
Deante Burton,2559109,DB,DAL,CAR,,,,,,,,,,,,,,,,,,269,0.00
Malcolm Butler,2550613,DB,FA,Bye,,,,,,,,,,,,,,,,,,270,0.00
Camryn Bynum,2566295,DB,MIN,CLE,,,,,,,,,,,,,,,,,,271,0.00
Ibraheim Campbell,2552605,DB,IND,@MIA,,,,,,,,,,,,,,,,,,272,0.00
T.J. Carrie,2550164,DB,IND,@MIA,,,,,,,,,,,,,,,,,,273,0.00
Jamal Carter,2559321,DB,TEN,@NYJ,,,,,,,,,,,,,,,,,,274,0.00
Anthony Chesley,2563235,DB,IND,@MIA,,,,,,,,,,,,,,,,,,275,0.00
Marqui Christian,2556277,DB,CHI,DET,,,,,,,,,,,,,,,,,,276,0.00
Patrick Chung,71251,DB,FA,Bye,,,,,,,,,,,,,,,,,,277,0.00
Andre Cisco,2566154,DB,JAX,@CIN,,,,,,,,,,,,,,,,,,278,0.00
Chris Claybrooks,2564169,DB,JAX,@CIN,,,,,,,,,,,,,,,,,,279,0.00
Chris Cooper,2561429,DB,TB,@NE,,,,,,,,,,,,,,,,,,280,0.00
Shaun Crawford,2565642,DB,FA,Bye,,,,,,,,,,,,,,,,,,281,0.00
Ken Crawley,2556735,DB,NO,NYG,,,,,,,,,,,,,,,,,,282,0.00
Jordan Dangerfield,2541696,DB,FA,Bye,,,,,,,,,,,,,,,,,,283,0.00
DJ Daniel,2566653,DB,FA,Bye,,,,,,,,,,,,,,,,,,284,0.00
Ronald Darby,2552689,DB,DEN,BAL,,,,,,,,,,,,,,,,,,285,0.00
Cody Davis,2541135,DB,NE,TB,,,,,,,,,,,,,,,,,,286,0.00
Javaris Davis,2564265,DB,MIA,IND,,,,,,,,,,,,,,,,,,287,0.00
Sean Davis,2555386,DB,NE,TB,,,,,,,,,,,,,,,,,,288,0.00
Shawn Davis,2565597,DB,GB,PIT,,,,,,,,,,,,,,,,,,289,0.00
Duke Dawson,2561040,DB,DEN,BAL,,,,,,,,,,,,,,,,,,290,0.00
Jamel Dean,2562556,DB,TB,@NE,,,,,,,,,,,,,,,,,,291,0.00
Donte' Deayon,2556512,DB,LA,ARI,,,,,,,,,,,,,,,,,,292,0.00
Stephen Denmark,2562874,DB,FA,Bye,,,,,,,,,,,,,,,,,,293,0.00
Darqueze Dennard,2543474,DB,IND,@MIA,,,,,,,,,,,,,,,,,,294,0.00
Khalil Dorsey,2565336,DB,BAL,@DEN,,,,,,,,,,,,,,,,,,295,0.00
Rasul Douglas,2558168,DB,GB,PIT,,,,,,,,,,,,,,,,,,296,0.00
Quinton Dunbar,2553796,DB,FA,Bye,,,,,,,,,,,,,,,,,,297,0.00
Nate Ebner,2535132,DB,NYG,@NO,,,,,,,,,,,,,,,,,,298,0.00
Corn Elder,2558171,DB,WAS,@ATL,,,,,,,,,,,,,,,,,,299,0.00
DeShon Elliott,2560715,DB,BAL,@DEN,,,,,,,,,,,,,,,,,,300,0.00
Tino Ellis,2564670,DB,FA,Bye,,,,,,,,,,,,,,,,,,301,0.00
Brandon Facyson,2560719,DB,LV,@LAC,,,,,,,,,,,,,,,,,,302,0.00
Caleb Farley,2566106,DB,TEN,@NYJ,,,,,,,,,,,,,,,,,,303,0.00
Clayton Fejedelem,2555355,DB,MIA,IND,,,,,,,,,,,,,,,,,,304,0.00
Rashad Fenton,2562649,DB,KC,@PHI,,,,,,,,,,,,,,,,,,305,0.00
Mark Fields,2562442,DB,FA,Bye,,,,,,,,,,,,,,,,,,306,0.00
Tre Flowers,2560728,DB,CIN,JAX,,,,,,,,,,,,,,,,,,307,0.00
Mike Ford,2561527,DB,DEN,BAL,,,,,,,,,,,,,,,,,,308,0.00
Paris Ford,2566205,DB,FA,Bye,,,,,,,,,,,,,,,,,,309,0.00
Darrick Forrest,2566598,DB,WAS,@ATL,,,,,,,,,,,,,,,,,,310,0.00
Kavon Frazier,2555536,DB,FA,Bye,,,,,,,,,,,,,,,,,,311,0.00
Innis Gaines,2565591,DB,GB,PIT,,,,,,,,,,,,,,,,,,312,0.00
Phillip Gaines,2543851,DB,FA,Bye,,,,,,,,,,,,,,,,,,313,0.00
Rashaan Gaulden,2560775,DB,FA,Bye,,,,,,,,,,,,,,,,,,314,0.00
Jake Gervase,2563306,DB,LA,ARI,,,,,,,,,,,,,,,,,,315,0.00
Mark Gilbert,2565783,DB,DET,@CHI,,,,,,,,,,,,,,,,,,316,0.00
Stephon Gilmore,2533062,DB,CAR,@DAL,,,,,,,,,,,,,,,,,,317,0.00
Tashaun Gipson,2532848,DB,CHI,DET,,,,,,,,,,,,,,,,,,318,0.00
Jeff Gladney,2564541,DB,FA,Bye,,,,,,,,,,,,,,,,,,319,0.00
C.J. Goodwin,2550767,DB,DAL,CAR,,,,,,,,,,,,,,,,,,320,0.00
Tay Gowan,2566427,DB,PHI,KC,,,,,,,,,,,,,,,,,,321,0.00
Thomas Graham Jr.,2565923,DB,CHI,DET,,,,,,,,,,,,,,,,,,322,0.00
Richie Grant,2565818,DB,ATL,WAS,,,,,,,,,,,,,,,,,,323,0.00
J.T. Gray,2561206,DB,NO,NYG,,,,,,,,,,,,,,,,,,324,0.00
T.J. Green,2555537,DB,HOU,@BUF,,,,,,,,,,,,,,,,,,325,0.00
Raven Greene,2561207,DB,FA,Bye,,,,,,,,,,,,,,,,,,326,0.00
Olaijah Griffin,2566635,DB,BUF,HOU,,,,,,,,,,,,,,,,,,327,0.00
Javon Hagan,2565219,DB,ARI,@LA,,,,,,,,,,,,,,,,,,328,0.00
Nate Hairston,2558108,DB,DEN,BAL,,,,,,,,,,,,,,,,,,329,0.00
Darren Hall,2565821,DB,ATL,WAS,,,,,,,,,,,,,,,,,,330,0.00
Tyler Hall,2563497,DB,LA,ARI,,,,,,,,,,,,,,,,,,331,0.00
Saquan Hampton,2562658,DB,FA,Bye,,,,,,,,,,,,,,,,,,332,0.00
Madre Harper,2564421,DB,CAR,@DAL,,,,,,,,,,,,,,,,,,333,0.00
Brontae Harris,2566217,DB,FA,Bye,,,,,,,,,,,,,,,,,,334,0.00
Chris Harris,2530510,DB,LAC,LV,,,,,,,,,,,,,,,,,,335,0.00
Tim Harris,2562949,DB,FA,Bye,,,,,,,,,,,,,,,,,,336,0.00
Myles Hartsfield,2563644,DB,CAR,@DAL,,,,,,,,,,,,,,,,,,337,0.00
J.T. Hassell,2563045,DB,FA,Bye,,,,,,,,,,,,,,,,,,338,0.00
Jeff Heath,2541832,DB,NO,NYG,,,,,,,,,,,,,,,,,,339,0.00
Trayvon Henderson,2561339,DB,CIN,JAX,,,,,,,,,,,,,,,,,,340,0.00
Gavin Heslop,2565156,DB,SEA,@SF,,,,,,,,,,,,,,,,,,341,0.00
Alijah Holder,2562572,DB,FA,Bye,,,,,,,,,,,,,,,,,,342,0.00
Jevon Holland,2566283,DB,MIA,IND,,,,,,,,,,,,,,,,,,343,0.00
Nate Holley,2561627,DB,FA,Bye,,,,,,,,,,,,,,,,,,344,0.00
Ka'dar Hollman,2562940,DB,NYG,@NO,,,,,,,,,,,,,,,,,,345,0.00
Amani Hooker,2562666,DB,TEN,@NYJ,,,,,,,,,,,,,,,,,,346,0.00
Jaycee Horn,2565893,DB,CAR,@DAL,,,,,,,,,,,,,,,,,,347,0.00
Jameson Houston,2563791,DB,FA,Bye,,,,,,,,,,,,,,,,,,348,0.00
JuJu Hughes,2564352,DB,LA,ARI,,,,,,,,,,,,,,,,,,349,0.00
J.T. Ibe,2565570,DB,FA,Bye,,,,,,,,,,,,,,,,,,350,0.00
Noah Igbinoghene,2564457,DB,MIA,IND,,,,,,,,,,,,,,,,,,351,0.00
Bennett Jackson,2543834,DB,FA,Bye,,,,,,,,,,,,,,,,,,352,0.00
Josh Jackson,2560755,DB,KC,@PHI,,,,,,,,,,,,,,,,,,353,0.00
Lamar Jackson,2565513,DB,NYJ,TEN,,,,,,,,,,,,,,,,,,354,0.00
Mike Jackson,2562434,DB,SEA,@SF,,,,,,,,,,,,,,,,,,355,0.00
Robert Jackson,2561434,DB,FA,Bye,,,,,,,,,,,,,,,,,,356,0.00
Michael Jacquet,2564835,DB,FA,Bye,,,,,,,,,,,,,,,,,,357,0.00
Natrell Jamerson,2560759,DB,NYJ,TEN,,,,,,,,,,,,,,,,,,358,0.00
Craig James,2561486,DB,PHI,KC,,,,,,,,,,,,,,,,,,359,0.00
Danny Johnson,2560764,DB,WAS,@ATL,,,,,,,,,,,,,,,,,,360,0.00
Dontae Johnson,2543739,DB,SF,SEA,,,,,,,,,,,,,,,,,,361,0.00
Isaiah Johnson,2562675,DB,FA,Bye,,,,,,,,,,,,,,,,,,362,0.00
Jamar Johnson,2566031,DB,DEN,BAL,,,,,,,,,,,,,,,,,,363,0.00
Kevin Johnson,2552261,DB,FA,Bye,,,,,,,,,,,,,,,,,,364,0.00
Taron Johnson,2560766,DB,BUF,HOU,,,,,,,,,,,,,,,,,,365,0.00
Brandon Jones,2564469,DB,MIA,IND,,,,,,,,,,,,,,,,,,366,0.00
Chris Jones,2560767,DB,TEN,@NYJ,,,,,,,,,,,,,,,,,,367,0.00
Josh Jones,2558119,DB,IND,@MIA,,,,,,,,,,,,,,,,,,368,0.00
Karl Joseph,2555342,DB,PIT,@GB,,,,,,,,,,,,,,,,,,369,0.00
Kelvin Joseph,2566010,DB,DAL,CAR,,,,,,,,,,,,,,,,,,370,0.00
Lamarcus Joyner,2543492,DB,NYJ,TEN,,,,,,,,,,,,,,,,,,371,0.00
Jalen Julius,2564289,DB,FA,Bye,,,,,,,,,,,,,,,,,,372,0.00
Joshua Kalu,2560776,DB,NYG,@NO,,,,,,,,,,,,,,,,,,373,0.00
Bopete Keyes,2564292,DB,FA,Bye,,,,,,,,,,,,,,,,,,374,0.00
Kevin King,2557996,DB,GB,PIT,,,,,,,,,,,,,,,,,,375,0.00
Luther Kirk,2565304,DB,ATL,WAS,,,,,,,,,,,,,,,,,,376,0.00
Chris Lammons,2561226,DB,KC,@PHI,,,,,,,,,,,,,,,,,,377,0.00
Nevin Lawson,2543872,DB,JAX,@CIN,,,,,,,,,,,,,,,,,,378,0.00
Justin Layne,2562479,DB,PIT,@GB,,,,,,,,,,,,,,,,,,379,0.00
Dallin Leavitt,2561585,DB,LV,@LAC,,,,,,,,,,,,,,,,,,380,0.00
Richard LeCounte III,2565977,DB,CLE,@MIN,,,,,,,,,,,,,,,,,,381,0.00
Deommodore Lenoir,2566535,DB,SF,SEA,,,,,,,,,,,,,,,,,,382,0.00
Anthony Levine,2508004,DB,BAL,@DEN,,,,,,,,,,,,,,,,,,383,0.00
Donnie Lewis,2562910,DB,FA,Bye,,,,,,,,,,,,,,,,,,384,0.00
Zane Lewis,2564928,DB,NYJ,TEN,,,,,,,,,,,,,,,,,,385,0.00
Jordan Lucas,2555542,DB,IND,@MIA,,,,,,,,,,,,,,,,,,386,0.00
Cole Luke,2558968,DB,FA,Bye,,,,,,,,,,,,,,,,,,387,0.00
Dylan Mabin,2563029,DB,NO,NYG,,,,,,,,,,,,,,,,,,388,0.00
Greg Mabin,2558971,DB,TEN,@NYJ,,,,,,,,,,,,,,,,,,389,0.00
Iman Marshall,2562961,DB,BAL,@DEN,,,,,,,,,,,,,,,,,,390,0.00
Trey Marshall,2561370,DB,LAC,LV,,,,,,,,,,,,,,,,,,391,0.00
Marcus Maye,2557995,DB,NYJ,TEN,,,,,,,,,,,,,,,,,,392,0.00
Nick McCloud,2566638,DB,BUF,HOU,,,,,,,,,,,,,,,,,,393,0.00
Bradley McDougald,2539243,DB,FA,Bye,,,,,,,,,,,,,,,,,,394,0.00
Sherrick McManis,494289,DB,FA,Bye,,,,,,,,,,,,,,,,,,395,0.00
Zech McPhearson,2566406,DB,PHI,KC,,,,,,,,,,,,,,,,,,396,0.00
Quenton Meeks,2560808,DB,FA,Bye,,,,,,,,,,,,,,,,,,397,0.00
Ifeatu Melifonwu,2566064,DB,DET,@CHI,,,,,,,,,,,,,,,,,,398,0.00
Doug Middleton,2556617,DB,FA,Bye,,,,,,,,,,,,,,,,,,399,0.00
Herb Miller,2563153,DB,CLE,@MIN,,,,,,,,,,,,,,,,,,400,0.00
Jordan Miller,2562497,DB,NO,NYG,,,,,,,,,,,,,,,,,,401,0.00
Chris Milton,2556394,DB,FA,Bye,,,,,,,,,,,,,,,,,,402,0.00
Jovante Moffatt,2563797,DB,CLE,@MIN,,,,,,,,,,,,,,,,,,403,0.00
Elijah Molden,2566115,DB,TEN,@NYJ,,,,,,,,,,,,,,,,,,404,0.00
Joshua Moon,2563265,DB,FA,Bye,,,,,,,,,,,,,,,,,,405,0.00
C.J. Moore,2563193,DB,DET,@CHI,,,,,,,,,,,,,,,,,,406,0.00
Tarvarius Moore,2561117,DB,SF,SEA,,,,,,,,,,,,,,,,,,407,0.00
Jimmy Moreland,2562858,DB,HOU,@BUF,,,,,,,,,,,,,,,,,,408,0.00
TJ Morrison,2565651,DB,FA,Bye,,,,,,,,,,,,,,,,,,409,0.00
Parnell Motley,2565237,DB,DET,@CHI,,,,,,,,,,,,,,,,,,410,0.00
Israel Mukuamu,2566013,DB,DAL,CAR,,,,,,,,,,,,,,,,,,411,0.00
Trayvon Mullen,2562380,DB,LV,@LAC,,,,,,,,,,,,,,,,,,412,0.00
Sean Murphy-Bunting,2562635,DB,TB,@NE,,,,,,,,,,,,,,,,,,413,0.00
Kai Nacua,2559220,DB,SF,SEA,,,,,,,,,,,,,,,,,,414,0.00
Nick Nelson,2560819,DB,IND,@MIA,,,,,,,,,,,,,,,,,,415,0.00
Picasso Nelson,2563002,DB,FA,Bye,,,,,,,,,,,,,,,,,,416,0.00
Greg Newsome II,2565980,DB,CLE,@MIN,,,,,,,,,,,,,,,,,,417,0.00
Keisean Nixon,2562938,DB,LV,@LAC,,,,,,,,,,,,,,,,,,418,0.00
Josh Norman,2532920,DB,SF,SEA,,,,,,,,,,,,,,,,,,419,0.00
Tre Norwood,2566463,DB,PIT,@GB,,,,,,,,,,,,,,,,,,420,0.00
George Odum,2561131,DB,IND,@MIA,,,,,,,,,,,,,,,,,,421,0.00
Michael Ojemudia,2563908,DB,DEN,BAL,,,,,,,,,,,,,,,,,,422,0.00
Jeff Okudah,2563944,DB,DET,@CHI,,,,,,,,,,,,,,,,,,423,0.00
Kareem Orr,2563274,DB,LA,ARI,,,,,,,,,,,,,,,,,,424,0.00
Jonathan Owens,2561255,DB,HOU,@BUF,,,,,,,,,,,,,,,,,,425,0.00
Steven Parker,2561256,DB,NYG,@NO,,,,,,,,,,,,,,,,,,426,0.00
Will Parks,2556278,DB,SF,SEA,,,,,,,,,,,,,,,,,,427,0.00
Jabrill Peppers,2557980,DB,NYG,@NO,,,,,,,,,,,,,,,,,,428,0.00
Jomal Wiltz,2559283,DB,MIA,IND,,,,,,,,,,,,,,,,,,429,0.00
Jordyn Peters,2565750,DB,FA,Bye,,,,,,,,,,,,,,,,,,430,0.00
Marcus Peters,2552488,DB,BAL,@DEN,,,,,,,,,,,,,,,,,,431,0.00
Kevin Peterson,2556764,DB,ARI,@LA,,,,,,,,,,,,,,,,,,432,0.00
Darius Phillips,2560839,DB,CIN,JAX,,,,,,,,,,,,,,,,,,433,0.00
Jason Pinnock,2565753,DB,NYJ,TEN,,,,,,,,,,,,,,,,,,434,0.00
Brian Poole,2556445,DB,FA,Bye,,,,,,,,,,,,,,,,,,435,0.00
Jordan Poyer,2539290,DB,BUF,HOU,,,,,,,,,,,,,,,,,,436,0.00
Troy Pride,2563662,DB,CAR,@DAL,,,,,,,,,,,,,,,,,,437,0.00
Glover Quin,71441,DB,FA,Bye,,,,,,,,,,,,,,,,,,438,0.00
Damarious Randall,2552389,DB,FA,Bye,,,,,,,,,,,,,,,,,,439,0.00
Jeremy Reaves,2561394,DB,WAS,@ATL,,,,,,,,,,,,,,,,,,440,0.00
Will Redmond,2555545,DB,GB,PIT,,,,,,,,,,,,,,,,,,441,0.00
Sheldrick Redwine,2562711,DB,MIA,IND,,,,,,,,,,,,,,,,,,442,0.00
J.R. Reed,2564220,DB,NYG,@NO,,,,,,,,,,,,,,,,,,443,0.00
John Reid,2564088,DB,SEA,@SF,,,,,,,,,,,,,,,,,,444,0.00
Jordan Richards,2552392,DB,BAL,@DEN,,,,,,,,,,,,,,,,,,445,0.00
Elijah Riley,2564853,DB,NYJ,TEN,,,,,,,,,,,,,,,,,,446,0.00
Darryl Roberts,2553353,DB,WAS,@ATL,,,,,,,,,,,,,,,,,,447,0.00
Nickell Robey-Coleman,2540197,DB,DET,@CHI,,,,,,,,,,,,,,,,,,448,0.00
Aaron Robinson,2566370,DB,NYG,@NO,,,,,,,,,,,,,,,,,,449,0.00
Kenny Robinson,2563674,DB,CAR,@DAL,,,,,,,,,,,,,,,,,,450,0.00
Patrick Robinson,2508084,DB,FA,Bye,,,,,,,,,,,,,,,,,,451,0.00
Reggie Robinson II,2563863,DB,DAL,CAR,,,,,,,,,,,,,,,,,,452,0.00
Tyree Robinson,2561519,DB,FA,Bye,,,,,,,,,,,,,,,,,,453,0.00
Winston Rose,2556670,DB,FA,Bye,,,,,,,,,,,,,,,,,,454,0.00
D'Angelo Ross,2563057,DB,NE,TB,,,,,,,,,,,,,,,,,,455,0.00
Brandon Rusnak,2562912,DB,JAX,@CIN,,,,,,,,,,,,,,,,,,456,0.00
KeiVarae Russell,2555547,DB,NO,NYG,,,,,,,,,,,,,,,,,,457,0.00
Stanford Samuels III,2564022,DB,FA,Bye,,,,,,,,,,,,,,,,,,458,0.00
Josiah Scott,2564229,DB,PHI,KC,,,,,,,,,,,,,,,,,,459,0.00
Nick Scott,2562905,DB,LA,ARI,,,,,,,,,,,,,,,,,,460,0.00
Vernon Scott,2564028,DB,GB,PIT,,,,,,,,,,,,,,,,,,461,0.00
Kendall Sheffield,2562730,DB,ATL,WAS,,,,,,,,,,,,,,,,,,462,0.00
LeShaun Sims,2555551,DB,FA,Bye,,,,,,,,,,,,,,,,,,463,0.00
Kemah Siverand,2565189,DB,FA,Bye,,,,,,,,,,,,,,,,,,464,0.00
Buster Skrine,2495343,DB,FA,Bye,,,,,,,,,,,,,,,,,,465,0.00
Maurice Smith,2559058,DB,FA,Bye,,,,,,,,,,,,,,,,,,466,0.00
Ryan Smith,2555552,DB,LAC,LV,,,,,,,,,,,,,,,,,,467,0.00
Saivion Smith,2562741,DB,SF,SEA,,,,,,,,,,,,,,,,,,468,0.00
Tye Smith,2552449,DB,MIN,CLE,,,,,,,,,,,,,,,,,,469,0.00
Benjamin St-Juste,2566604,DB,WAS,@ATL,,,,,,,,,,,,,,,,,,470,0.00
Linden Stephens,2561277,DB,PIT,@GB,,,,,,,,,,,,,,,,,,471,0.00
JaCoby Stevens,2566412,DB,PHI,KC,,,,,,,,,,,,,,,,,,472,0.00
Donovan Stiner,2565795,DB,PIT,@GB,,,,,,,,,,,,,,,,,,473,0.00
Geno Stone,2563584,DB,BAL,@DEN,,,,,,,,,,,,,,,,,,474,0.00
Corey Straughter,2565636,DB,FA,Bye,,,,,,,,,,,,,,,,,,475,0.00
Greg Stroman,2560886,DB,FA,Bye,,,,,,,,,,,,,,,,,,476,0.00
D.J. Swearinger,2539943,DB,FA,Bye,,,,,,,,,,,,,,,,,,477,0.00
Teez Tabor,2557955,DB,CHI,DET,,,,,,,,,,,,,,,,,,478,0.00
Cordrea Tankersley,2557931,DB,FA,Bye,,,,,,,,,,,,,,,,,,479,0.00
Keith Taylor,2565911,DB,CAR,@DAL,,,,,,,,,,,,,,,,,,480,0.00
Shakial Taylor,2563129,DB,FA,Bye,,,,,,,,,,,,,,,,,,481,0.00
Marvell Tell,2562757,DB,IND,@MIA,,,,,,,,,,,,,,,,,,482,0.00
Josh Thomas,2565387,DB,BUF,HOU,,,,,,,,,,,,,,,,,,483,0.00
Stantley Thomas-Oliver,2563689,DB,CAR,@DAL,,,,,,,,,,,,,,,,,,484,0.00
Darian Thompson,2555154,DB,DAL,CAR,,,,,,,,,,,,,,,,,,485,0.00
Deionte Thompson,2562760,DB,ARI,@LA,,,,,,,,,,,,,,,,,,486,0.00
Tariq Thompson,2566644,DB,FA,Bye,,,,,,,,,,,,,,,,,,487,0.00
Desmond Trufant,2539334,DB,LV,@LAC,,,,,,,,,,,,,,,,,,488,0.00
Kenny Vaccaro,2539320,DB,FA,Bye,,,,,,,,,,,,,,,,,,489,0.00
Donte Vaughn,2565084,DB,FA,Bye,,,,,,,,,,,,,,,,,,490,0.00
Jason Verrett,2543493,DB,SF,SEA,,,,,,,,,,,,,,,,,,491,0.00
Kary Vincent Jr.,2566046,DB,PHI,KC,,,,,,,,,,,,,,,,,,492,0.00
Dee Virgin,2559274,DB,FA,Bye,,,,,,,,,,,,,,,,,,493,0.00
Lamont Wade,2565798,DB,FA,Bye,,,,,,,,,,,,,,,,,,494,0.00
Shaun Wade,2565854,DB,NE,TB,,,,,,,,,,,,,,,,,,495,0.00
K'Von Wallace,2564871,DB,PHI,KC,,,,,,,,,,,,,,,,,,496,0.00
Charvarius Ward,2561417,DB,KC,@PHI,,,,,,,,,,,,,,,,,,497,0.00
Nigel Warrior,2563590,DB,SEA,@SF,,,,,,,,,,,,,,,,,,498,0.00
Ar'Darius Washington,2566632,DB,BAL,@DEN,,,,,,,,,,,,,,,,,,499,0.00
Charles Washington,2556703,DB,ARI,@LA,,,,,,,,,,,,,,,,,,500,0.00
Keith Washington,2564706,DB,FA,Bye,,,,,,,,,,,,,,,,,,501,0.00
Jaylen Watkins,2543707,DB,FA,Bye,,,,,,,,,,,,,,,,,,502,0.00
Mark Webb,2566523,DB,LAC,LV,,,,,,,,,,,,,,,,,,503,0.00
Chris Westry,2562902,DB,BAL,@DEN,,,,,,,,,,,,,,,,,,504,0.00
Brendon White,2565765,DB,FA,Bye,,,,,,,,,,,,,,,,,,505,0.00
Jace Whittaker,2564955,DB,ARI,@LA,,,,,,,,,,,,,,,,,,506,0.00
Chris Wilcox,2566577,DB,IND,@MIA,,,,,,,,,,,,,,,,,,507,0.00
Rachad Wildgoose,2565881,DB,BUF,HOU,,,,,,,,,,,,,,,,,,508,0.00
LaDarius Wiley,2563280,DB,FA,Bye,,,,,,,,,,,,,,,,,,509,0.00
Jarren Williams,2564958,DB,NYG,@NO,,,,,,,,,,,,,,,,,,510,0.00
Joejuan Williams,2562787,DB,NE,TB,,,,,,,,,,,,,,,,,,511,0.00
K'Waun Williams,2550654,DB,SF,SEA,,,,,,,,,,,,,,,,,,512,0.00
P.J. Williams,2552484,DB,NO,NYG,,,,,,,,,,,,,,,,,,513,0.00
Rodarius Williams,2566379,DB,NYG,@NO,,,,,,,,,,,,,,,,,,514,0.00
Shawn Williams,2539233,DB,ATL,WAS,,,,,,,,,,,,,,,,,,515,0.00
Trill Williams,2565714,DB,MIA,IND,,,,,,,,,,,,,,,,,,516,0.00
Chris Williamson,2564784,DB,ATL,WAS,,,,,,,,,,,,,,,,,,517,0.00
Khari Willis,2562602,DB,IND,@MIA,,,,,,,,,,,,,,,,,,518,0.00
Donovan Wilson,2562604,DB,DAL,CAR,,,,,,,,,,,,,,,,,,519,0.00
Quincy Wilson,2557961,DB,NYG,@NO,,,,,,,,,,,,,,,,,,520,0.00
Tavon Wilson,2534830,DB,SF,SEA,,,,,,,,,,,,,,,,,,521,0.00
Ahkello Witherspoon,2558157,DB,PIT,@GB,,,,,,,,,,,,,,,,,,522,0.00
Blidi Wreh-Wilson,2539219,DB,TB,@NE,,,,,,,,,,,,,,,,,,523,0.00
Nahshon Wright,2566022,DB,DAL,CAR,,,,,,,,,,,,,,,,,,524,0.00
Rock Ya-Sin,2562614,DB,IND,@MIA,,,,,,,,,,,,,,,,,,525,0.00
