PlayerName,PlayerId,Pos,Team,PlayerOpponent,TacklesTot,TacklesAst,TacklesSck,TacklesTfl,TurnoverInt,TurnoverFrcFum,TurnoverFumRec,ScoreIntTd,ScoreFumTd,ScoreBlkTd,ScoreSaf,ScoreDef2ptRet,Blk,PDef,QBHit,ReturnIntYds,ReturnFumYds,Rank,TotalPoints
Quincy Williams,2562954,LB,NYJ,TEN,10,2,1,2,,,,,,,,,,1,1,,,1,26.60
C.J. Mosley,2543464,LB,NYJ,TEN,10,3,1,1,,,,,,,,,,,1,,,2,23.40
Alec Ogletree,2540143,LB,CHI,DET,10,2,,1,,,,,,,,,,1,,,,3,22.60
Eric Wilson,2559012,LB,HOU,@BUF,6,5,,,1,,,,,,,,,1,1,7,,4,20.93
Foye Oluokun,2561132,LB,ATL,WAS,6,6,1,,,,,,,,,,,1,2,,,5,20.50
Cory Littleton,2556593,LB,LV,@LAC,9,5,,,,,,,,,,,,,,,,6,19.30
Roquan Smith,2560877,LB,CHI,DET,8,2,1,1,,,,,,,,,,,1,,,7,19.20
Denzel Perryman,2552310,LB,LV,@LAC,8,4,,1,,,,,,,,,,,,,,8,18.30
Trevis Gipson,2563695,LB,CHI,DET,3,1,1,2,,1,,,,,,,,1,1,,,9,17.40
Harold Landry,2560784,LB,TEN,@NYJ,5,2,1,3,,,,,,,,,,,1,,,10,17.10
Darius Leonard,2560789,LB,IND,@MIA,5,3,,1,,,1,,,,,,,1,,,8,11,16.17
Robert Quinn,2495485,LB,CHI,DET,5,,1,1,,1,,,,,,,,,1,,,12,16.00
Cole Holcomb,2562872,LB,WAS,@ATL,4,5,,1,,1,,,,,,,,,,,,13,15.80
Jordyn Brooks,2565135,LB,SEA,@SF,4,3,1,1,,,,,,,,,,1,1,,,14,15.70
Matt Judon,2555505,LB,NE,TB,4,3,1,2,,,,,,,,,,,2,,,15,15.20
Blake Lynch,2564562,LB,MIN,CLE,7,1,,,,,,,,,,,,1,,,,16,15.20
Logan Wilson,2563752,LB,CIN,JAX,4,6,1,1,,,,,,,,,,,,,,17,15.10
Bobby Wagner,2532966,LB,SEA,@SF,5,5,,,,,,,,,,,,1,,,,18,15.00
T.J. Watt,2558064,LB,PIT,@GB,3,1,2,2,,,1,,,,,,,,2,,,19,14.90
Pete Werner,2566358,LB,NO,NYG,6,4,,1,,,,,,,,,,,,,,20,14.90
Andrew Van Ginkel,2562768,LB,MIA,IND,5,1,,2,,,,,,,,,,1,,,,21,14.80
De'Vondre Campbell,2555255,LB,GB,PIT,5,4,,,,,,,,,,,,1,1,,,22,14.70
Tremaine Edmunds,2560713,LB,BUF,HOU,4,2,,,1,,,,,,,,,1,,4,,23,14.53
Dee Ford,2543494,LB,SF,SEA,2,1,2,1,,1,,,,,,,,,2,,,24,14.20
Lavonte David,2532828,LB,TB,@NE,5,2,,1,,,,,,,,,,1,,,,25,14.10
Deion Jones,2555162,LB,ATL,WAS,4,7,,1,,,,,,,,,,,,,,26,13.90
Devin Bush,2562243,LB,PIT,@GB,5,1,1,1,,,,,,,,,,,2,,,27,13.80
Terrell Lewis,2564370,LB,LA,ARI,4,,1,1,,1,,,,,,,,,,,,28,13.80
Rashan Gary,2562376,LB,GB,PIT,4,2,1,1,,,,,,,,,,,3,,,29,13.40
Eric Kendricks,2552312,LB,MIN,CLE,6,4,,,,,,,,,,,,,,,,30,13.40
Joe Schobert,2555166,LB,PIT,@GB,5,3,,,,,,,,,,,,1,,,,31,13.40
Tyler Matakevich,2555171,LB,BUF,HOU,4,,,,1,,,,,,,,,1,,15,,32,13.30
Malcolm Smith,2499278,LB,CLE,@MIN,6,2,,1,,,,,,,,,,,,,,33,13.30
Germaine Pratt,2562702,LB,CIN,JAX,5,4,,1,,,,,,,,,,,,,,34,13.20
Fred Warner,2560917,LB,SF,SEA,5,4,,1,,,,,,,,,,,,,,35,13.20
Tyus Bowser,2558166,LB,BAL,@DEN,2,2,2,2,,,,,,,,,,,2,,,36,13.00
Chris Board,2561301,LB,BAL,@DEN,6,3,,,,,,,,,,,,,,,,37,12.60
Alex Singleton,2553739,LB,PHI,KC,6,3,,,,,,,,,,,,,,,,38,12.60
Leonard Floyd,2555285,LB,LA,ARI,5,,1,1,,,,,,,,,,,1,,,39,12.50
Joe Tryon-Shoyinka,2566574,LB,TB,@NE,2,,2,2,,,,,,,,,,,4,,,40,12.40
Christian Kirksey,2543720,LB,HOU,@BUF,4,3,,,,,,,,,,,,1,1,,,41,12.20
Shaquil Barrett,2550541,LB,TB,@NE,3,,1,1,,,,,,,,,,1,2,,,42,12.10
Devin White,2562781,LB,TB,@NE,5,,,,,,,,,,,,,1,2,,,43,12.00
Jordan Hicks,2552315,LB,ARI,@LA,6,2,,,,,,,,,,,,,,,,44,11.80
Azeez Al-Shaair,2562462,LB,SF,SEA,4,6,,,,,,,,,,,,,,,,45,11.60
A.J. Johnson,2561704,LB,DEN,BAL,5,3,,,,,,,,,,,,,,,,46,10.90
Tae Crowder,2564727,LB,NYG,@NO,4,5,,,,,,,,,,,,,,,,47,10.80
Kamu Grugier-Hill,2556363,LB,HOU,@BUF,4,3,,1,,,,,,,,,,,,,,48,10.70
Bobby Okereke,2562416,LB,IND,@MIA,2,6,,,,,,,,,,,,1,,,,49,10.70
Rashaan Evans,2560718,LB,TEN,@NYJ,6,,,,,,,,,,,,,,,,,50,10.20
Jeremiah Owusu-Koramoah,2565983,LB,CLE,@MIN,5,2,,,,,,,,,,,,,,,,51,10.10
Reggie Ragland,2555169,LB,NYG,@NO,4,4,,,,,,,,,,,,,,,,52,10.00
Kyler Fackrell,2555340,LB,LAC,LV,2,,1,1,,,,,,,,,,1,1,,,53,9.90
Micah Parsons,2566019,LB,DAL,CAR,3,1,1,1,,,,,,,,,,,1,,,54,9.90
Alex Anzalone,2558163,LB,DET,@CHI,4,3,,,,,,,,,,,,,1,,,55,9.70
Demario Davis,2533008,LB,NO,NYG,5,1,,,,,,,,,,,,,,,,56,9.30
Elandon Roberts,2556119,LB,MIA,IND,5,1,,,,,,,,,,,,,,,,57,9.30
Isaiah Simmons,2564940,LB,ARI,@LA,4,3,,,,,,,,,,,,,,,,58,9.20
Derrick Barnes,2566055,LB,DET,@CHI,4,1,,1,,,,,,,,,,,,,,59,9.10
Oren Burks,2560984,LB,GB,PIT,3,3,,1,,,,,,,,,,,,,,60,9.00
Kenny Young,2560947,LB,DEN,BAL,3,2,,1,,,,,,,,,,,,,,61,8.20
Jerome Baker,2560966,LB,MIA,IND,2,2,,,,,,,,,,,,1,1,,,62,8.00
Von Miller,2495202,LB,LA,ARI,1,4,0.5,1,,,,,,,,,,,1,,,63,7.90
Shaq Thompson,2552447,LB,CAR,@DAL,4,1,,,,,,,,,,,,,,,,64,7.60
Leighton Vander Esch,2560908,LB,DAL,CAR,4,1,,,,,,,,,,,,,,,,65,7.60
Jon Bostic,2539978,LB,WAS,@ATL,3,3,,,,,,,,,,,,,,,,66,7.50
Damien Wilson,2552686,LB,JAX,@CIN,3,3,,,,,,,,,,,,,,,,67,7.50
Khalil Mack,2543463,LB,CHI,DET,1,,1,1,,,1,,,,,,,,2,,8,68,7.47
Markus Golden,2552273,LB,ARI,@LA,2,,,,,1,,,,,,,,,1,,,69,7.40
Myles Jack,2555329,LB,JAX,@CIN,2,5,,,,,,,,,,,,,,,,70,7.40
Kyzir White,2560928,LB,LAC,LV,3,1,,1,,,,,,,,,,,,,,71,7.40
Malik Harrison,2563554,LB,BAL,@DEN,2,3,,1,,,,,,,,,,,,,,72,7.30
Anthony Hitchens,2543592,LB,KC,@PHI,4,,,,,,,,,,,,,,1,,,73,7.30
Oshane Ximines,2562613,LB,NYG,@NO,1,3,,,,,,,,,,,,1,,,,74,6.60
Tarell Basham,2558165,LB,DAL,CAR,1,1,1,1,,,,,,,,,,,1,,,75,6.50
Whitney Mercilus,2533049,LB,GB,PIT,1,1,1,1,,,,,,,,,,,1,,,76,6.50
Drue Tranquill,2562765,LB,LAC,LV,2,3,,,,,,,,,,,,,1,,,77,6.30
Odafe Oweh,2565848,LB,BAL,@DEN,1,,1,1,,,,,,,,,,,2,,,78,6.20
Akeem Davis-Gaither,2563728,LB,CIN,JAX,2,,,,,,,,,,,,,1,,,,79,5.90
Alex Highsmith,2564982,LB,PIT,@GB,2,3,,,,,,,,,,,,,,,,80,5.80
K.J. Wright,2495252,LB,LV,@LAC,2,3,,,,,,,,,,,,,,,,81,5.80
Patrick Queen,2563575,LB,BAL,@DEN,2,1,,1,,,,,,,,,,,,,,82,5.70
A.J. Klein,2539982,LB,BUF,HOU,1,,,,,,1,,,,,,,1,,,,83,5.20
Josh Allen,2562619,LB,JAX,@CIN,1,1,,,,,,,,,,,,1,,,,84,5.00
Jermaine Carter,2561093,LB,CAR,@DAL,2,2,,,,,,,,,,,,,,,,85,5.00
Jaelan Phillips,2566289,LB,MIA,IND,1,1,0.5,,,,,,,,,,,,3,,,86,5.00
Jalen Reeves-Maybin,2557924,LB,DET,@CHI,1,1,,,,,,,,,,,,1,,,,87,5.00
David Long,2562799,LB,TEN,@NYJ,2,1,,,,,,,,,,,,,,,,88,4.20
Ben Niemann,2561383,LB,KC,@PHI,2,1,,,,,,,,,,,,,,,,89,4.20
Haason Reddick,2557887,LB,CAR,@DAL,2,1,,,,,,,,,,,,,,,,90,4.20
Azeez Ojulari,2566367,LB,NYG,@NO,1,3,,,,,,,,,,,,,,,,91,4.10
Nick Vigil,2555528,LB,MIN,CLE,1,3,,,,,,,,,,,,,,,,92,4.10
Sam Eguavoen,2562038,LB,MIA,IND,1,1,0.5,,,,,,,,,,,,1,,,93,4.00
Kaden Elliss,2562901,LB,NO,NYG,1,2,,,,,,,,,,,,,1,,,94,3.80
Cody Barton,2562472,LB,SEA,@SF,2,,,,,,,,,,,,,,,,,95,3.40
Nick Bolton,2566175,LB,KC,@PHI,2,,,,,,,,,,,,,,,,,96,3.40
Jamin Davis,2566595,LB,WAS,@ATL,2,,,,,,,,,,,,,,,,,97,3.40
Elijah Lee,2558121,LB,CLE,@MIN,2,,,,,,,,,,,,,,,,,98,3.40
Kevin Minter,2540159,LB,TB,@NE,2,,,,,,,,,,,,,,,,,99,3.40
Nick Niemann,2566496,LB,LAC,LV,2,,,,,,,,,,,,,,,,,100,3.40
Justin Strnad,2563914,LB,DEN,BAL,2,,,,,,,,,,,,,,,,,101,3.40
Ty Summers,2562748,LB,GB,PIT,2,,,,,,,,,,,,,,,,,102,3.40
Sione Takitaki,2562753,LB,CLE,@MIN,2,,,,,,,,,,,,,,,,,103,3.40
Joe Thomas,2550262,LB,BAL,@DEN,2,,,,,,,,,,,,,,,,,104,3.40
T.J. Edwards,2562648,LB,PHI,KC,1,2,,,,,,,,,,,,,,,,105,3.30
Zaire Franklin,2561155,LB,IND,@MIA,1,2,,,,,,,,,,,,,,,,106,3.30
Dont'a Hightower,2533057,LB,NE,TB,1,2,,,,,,,,,,,,,,,,107,3.30
Troy Reeder,2563313,LB,LA,ARI,1,2,,,,,,,,,,,,,,,,108,3.30
Lorenzo Carter,2561015,LB,NYG,@NO,,4,,,,,,,,,,,,,,,,109,3.20
Obo Okoronkwo,2560829,LB,LA,ARI,1,,,1,,,,,,,,,,,,,,110,3.20
Ola Adeniyi,2560950,LB,TEN,@NYJ,1,1,,,,,,,,,,,,,,,,111,2.50
Brandon Copeland,2541695,LB,ATL,WAS,1,1,,,,,,,,,,,,,,,,112,2.50
Neville Hewitt,2553657,LB,HOU,@BUF,1,1,,,,,,,,,,,,,,,,113,2.50
Nick Kwiatkoski,2555288,LB,LV,@LAC,1,1,,,,,,,,,,,,,,,,114,2.50
Frankie Luvu,2561366,LB,CAR,@DAL,,,,,,,,,,,,,,1,,,,115,2.50
Andre Smith,2560875,LB,BUF,HOU,1,1,,,,,,,,,,,,,,,,116,2.50
Garret Wallow,2566139,LB,HOU,@BUF,1,1,,,,,,,,,,,,,,,,117,2.50
Samson Ebukam,2558830,LB,SF,SEA,,3,,,,,,,,,,,,,,,,118,2.40
Uchenna Nwosu,2560826,LB,LAC,LV,1,,,,,,,,,,,,,,1,,,119,2.20
Jayon Brown,2558005,LB,TEN,@NYJ,1,,,,,,,,,,,,,,,,,120,1.70
Tyrel Dodson,2562560,LB,BUF,HOU,1,,,,,,,,,,,,,,,,,121,1.70
Troy Dye,2564535,LB,MIN,CLE,1,,,,,,,,,,,,,,,,,122,1.70
Jonathan Garvin,2563992,LB,GB,PIT,1,,,,,,,,,,,,,,,,,123,1.70
Devon Kennard,2543869,LB,ARI,@LA,1,,,,,,,,,,,,,,,,,124,1.70
Micah Kiser,2560782,LB,DEN,BAL,1,,,,,,,,,,,,,,,,,125,1.70
Christian Kuntz,2559484,LB,PIT,@GB,1,,,,,,,,,,,,,,,,,126,1.70
Jake Martin,2561092,LB,HOU,@BUF,1,,,,,,,,,,,,,,,,,127,1.70
David Mayo,2553441,LB,WAS,@ATL,1,,,,,,,,,,,,,,,,,128,1.70
Pernell McPhee,2495201,LB,BAL,@DEN,1,,,,,,,,,,,,,,,,,129,1.70
Hardy Nickerson,2558982,LB,HOU,@BUF,1,,,,,,,,,,,,,,,,,130,1.70
Amen Ogbongbemiga,2566499,LB,LAC,LV,1,,,,,,,,,,,,,,,,,131,1.70
Monty Rice,2566121,LB,TEN,@NYJ,1,,,,,,,,,,,,,,,,,132,1.70
Chris Rumph II,2566508,LB,LAC,LV,1,,,,,,,,,,,,,,,,,133,1.70
Jaylon Smith,2555310,LB,FA,Bye,1,,,,,,,,,,,,,,,,,134,1.70
Robert Spillane,2561596,LB,PIT,@GB,1,,,,,,,,,,,,,,,,,135,1.70
Grant Stuard,2566568,LB,TB,@NE,1,,,,,,,,,,,,,,,,,136,1.70
Zeke Turner,2561283,LB,ARI,@LA,1,,,,,,,,,,,,,,,,,137,1.70
Josh Uche,2564649,LB,NE,TB,1,,,,,,,,,,,,,,,,,138,1.70
Kyle Van Noy,2543699,LB,NE,TB,1,,,,,,,,,,,,,,,,,139,1.70
Matt Milano,2557969,LB,BUF,HOU,,2,,,,,,,,,,,,,,,,140,1.60
Brennan Scarlett,2556673,LB,MIA,IND,,2,,,,,,,,,,,,,,,,141,1.60
Dakota Allen,2562618,LB,JAX,@CIN,,1,,,,,,,,,,,,,,,,142,0.80
Ryan Connelly,2562638,LB,MIN,CLE,,1,,,,,,,,,,,,,,,,143,0.80
Nick Dzubnar,2553877,LB,TEN,@NYJ,,1,,,,,,,,,,,,,,,,144,0.80
Khaleke Hudson,2565279,LB,WAS,@ATL,,1,,,,,,,,,,,,,,,,145,0.80
Julian Stanford,2535867,LB,CAR,@DAL,,1,,,,,,,,,,,,,,,,146,0.80
Mykal Walker,2563530,LB,ATL,WAS,,1,,,,,,,,,,,,,,,,147,0.80
Chandler Jones,2533538,LB,ARI,@LA,,,,,,,,,,,,,,,1,,,148,0.50
Malik Reed,2562825,LB,DEN,BAL,,,,,,,,,,,,,,,1,,,149,0.50
Matthew Adams,2561149,LB,IND,@MIA,,,,,,,,,,,,,,,,,,150,0.00
Tyrell Adams,2553898,LB,SF,SEA,,,,,,,,,,,,,,,,,,151,0.00
Otaro Alaka,2562217,LB,BAL,@DEN,,,,,,,,,,,,,,,,,,152,0.00
Kwon Alexander,2552592,LB,NO,NYG,,,,,,,,,,,,,,,,,,153,0.00
Jeremiah Attaochu,2543717,LB,CHI,DET,,,,,,,,,,,,,,,,,,154,0.00
Joe Bachie,2564661,LB,CIN,JAX,,,,,,,,,,,,,,,,,,155,0.00
Markus Bailey,2563719,LB,CIN,JAX,,,,,,,,,,,,,,,,,,156,0.00
Krys Barnes,2563971,LB,GB,PIT,,,,,,,,,,,,,,,,,,157,0.00
Anthony Barr,2543459,LB,MIN,CLE,,,,,,,,,,,,,,,,,,158,0.00
Daren Bates,2541539,LB,ATL,WAS,,,,,,,,,,,,,,,,,,159,0.00
Zack Baun,2564664,LB,NO,NYG,,,,,,,,,,,,,,,,,,160,0.00
Davin Bellamy,2560973,LB,FA,Bye,,,,,,,,,,,,,,,,,,161,0.00
B.J. Bello,2559141,LB,TEN,@NYJ,,,,,,,,,,,,,,,,,,162,0.00
Ja'Whaun Bentley,2561143,LB,NE,TB,,,,,,,,,,,,,,,,,,163,0.00
Francis Bernard,2563827,LB,DAL,CAR,,,,,,,,,,,,,,,,,,164,0.00
Rashod Berry,2564589,LB,DET,@CHI,,,,,,,,,,,,,,,,,,165,0.00
Jordan Brailford,2562441,LB,FA,Bye,,,,,,,,,,,,,,,,,,166,0.00
K.J. Britt,2566559,LB,TB,@NE,,,,,,,,,,,,,,,,,,167,0.00
Cameron Brown,2564715,LB,NYG,@NO,,,,,,,,,,,,,,,,,,168,0.00
Baron Browning,2566025,LB,DEN,BAL,,,,,,,,,,,,,,,,,,169,0.00
T.J. Brunson,2564718,LB,NYG,@NO,,,,,,,,,,,,,,,,,,170,0.00
Deone Bucannon,2543769,LB,FA,Bye,,,,,,,,,,,,,,,,,,171,0.00
Ben Burr-Kirven,2562490,LB,SEA,@SF,,,,,,,,,,,,,,,,,,172,0.00
Josh Bynes,2530491,LB,BAL,@DEN,,,,,,,,,,,,,,,,,,173,0.00
Shilique Calhoun,2555294,LB,KC,@PHI,,,,,,,,,,,,,,,,,,174,0.00
Austin Calitro,2558925,LB,CIN,JAX,,,,,,,,,,,,,,,,,,175,0.00
Blake Cashman,2562496,LB,NYJ,TEN,,,,,,,,,,,,,,,,,,176,0.00
Anthony Chickillo,2552266,LB,FA,Bye,,,,,,,,,,,,,,,,,,177,0.00
Cole Christiansen,2565021,LB,LAC,LV,,,,,,,,,,,,,,,,,,178,0.00
Bradley Chubb,2561020,LB,DEN,BAL,,,,,,,,,,,,,,,,,,179,0.00
Nick Coe,2564598,LB,FA,Bye,,,,,,,,,,,,,,,,,,180,0.00
Jamie Collins,2539311,LB,NE,TB,,,,,,,,,,,,,,,,,,181,0.00
Zaven Collins,2566421,LB,ARI,@LA,,,,,,,,,,,,,,,,,,182,0.00
Will Compton,2540013,LB,FA,Bye,,,,,,,,,,,,,,,,,,183,0.00
Kamalei Correa,2555339,LB,FA,Bye,,,,,,,,,,,,,,,,,,184,0.00
Carter Coughlin,2564724,LB,NYG,@NO,,,,,,,,,,,,,,,,,,185,0.00
Jabril Cox,2565998,LB,DAL,CAR,,,,,,,,,,,,,,,,,,186,0.00
Zach Cunningham,2558094,LB,HOU,@BUF,,,,,,,,,,,,,,,,,,187,0.00
Jarrad Davis,2557855,LB,NYJ,TEN,,,,,,,,,,,,,,,,,,188,0.00
Tae Davis,2561318,LB,HOU,@BUF,,,,,,,,,,,,,,,,,,189,0.00
Thomas Davis,2506352,LB,FA,Bye,,,,,,,,,,,,,,,,,,190,0.00
Todd Davis,2550930,LB,FA,Bye,,,,,,,,,,,,,,,,,,191,0.00
Devante Downs,2561151,LB,FA,Bye,,,,,,,,,,,,,,,,,,192,0.00
Bud Dupree,2552289,LB,TEN,@NYJ,,,,,,,,,,,,,,,,,,193,0.00
Emeke Egbule,2562578,LB,LAC,LV,,,,,,,,,,,,,,,,,,194,0.00
Milo Eifler,2565729,LB,MIA,IND,,,,,,,,,,,,,,,,,,195,0.00
Duke Ejiofor,2560714,LB,FA,Bye,,,,,,,,,,,,,,,,,,196,0.00
Jay Elliott,2550196,LB,FA,Bye,,,,,,,,,,,,,,,,,,197,0.00
Kyle Emanuel,2552296,LB,FA,Bye,,,,,,,,,,,,,,,,,,198,0.00
Jordan Evans,2558801,LB,CIN,JAX,,,,,,,,,,,,,,,,,,199,0.00
Jaylon Ferguson,2562650,LB,BAL,@DEN,,,,,,,,,,,,,,,,,,200,0.00
Tony Fields II,2565971,LB,CLE,@MIN,,,,,,,,,,,,,,,,,,201,0.00
Sharif Finch,2561328,LB,FA,Bye,,,,,,,,,,,,,,,,,,202,0.00
Paddy Fisher,2565567,LB,FA,Bye,,,,,,,,,,,,,,,,,,203,0.00
Kylie Fitts,2560724,LB,ARI,@LA,,,,,,,,,,,,,,,,,,204,0.00
Demetrius Flannigan-Fowles,2563090,LB,SF,SEA,,,,,,,,,,,,,,,,,,205,0.00
L.J. Fort,2535613,LB,BAL,@DEN,,,,,,,,,,,,,,,,,,206,0.00
Dennis Gardeck,2561200,LB,ARI,@LA,,,,,,,,,,,,,,,,,,207,0.00
Cale Garrett,2565447,LB,FA,Bye,,,,,,,,,,,,,,,,,,208,0.00
Chris Garrett,2566211,LB,LA,ARI,,,,,,,,,,,,,,,,,,209,0.00
Willie Gay Jr.,2564280,LB,KC,@PHI,,,,,,,,,,,,,,,,,,210,0.00
Luke Gifford,2562942,LB,DAL,CAR,,,,,,,,,,,,,,,,,,211,0.00
Ulysees Gilbert,2562811,LB,PIT,@GB,,,,,,,,,,,,,,,,,,212,0.00
Joe Giles-Harris,2562591,LB,BUF,HOU,,,,,,,,,,,,,,,,,,213,0.00
Cam Gill,2565216,LB,TB,@NE,,,,,,,,,,,,,,,,,,214,0.00
Jordan Glasgow,2564118,LB,IND,@MIA,,,,,,,,,,,,,,,,,,215,0.00
B.J. Goodson,2555522,LB,FA,Bye,,,,,,,,,,,,,,,,,,216,0.00
Dre Greenlaw,2562428,LB,SF,SEA,,,,,,,,,,,,,,,,,,217,0.00
Shaquem Griffin,2560999,LB,FA,Bye,,,,,,,,,,,,,,,,,,218,0.00
Bryce Hager,2552307,LB,FA,Bye,,,,,,,,,,,,,,,,,,219,0.00
Nate Hall,2562657,LB,FA,Bye,,,,,,,,,,,,,,,,,,220,0.00
Terez Hall,2562277,LB,NE,TB,,,,,,,,,,,,,,,,,,221,0.00
Shaun Dion Hamilton,2561003,LB,DET,@CHI,,,,,,,,,,,,,,,,,,222,0.00
Chase Hansen,2562280,LB,NO,NYG,,,,,,,,,,,,,,,,,,223,0.00
Darius Harris,2563108,LB,KC,@PHI,,,,,,,,,,,,,,,,,,224,0.00
Josh Harvey-Clemons,2557880,LB,FA,Bye,,,,,,,,,,,,,,,,,,225,0.00
Justin Hollins,2562285,LB,LA,ARI,,,,,,,,,,,,,,,,,,226,0.00
Travin Howard,2561154,LB,LA,ARI,,,,,,,,,,,,,,,,,,227,0.00
Joel Iyiegbuniwe,2560750,LB,CHI,DET,,,,,,,,,,,,,,,,,,228,0.00
Leon Jacobs,2560758,LB,FA,Bye,,,,,,,,,,,,,,,,,,229,0.00
Jordan Jenkins,2555256,LB,HOU,@BUF,,,,,,,,,,,,,,,,,,230,0.00
Anfernee Jennings,2564613,LB,NE,TB,,,,,,,,,,,,,,,,,,231,0.00
Josey Jewell,2560763,LB,DEN,BAL,,,,,,,,,,,,,,,,,,232,0.00
Buddy Johnson,2566454,LB,PIT,@GB,,,,,,,,,,,,,,,,,,233,0.00
Christian Jones,2550572,LB,CHI,DET,,,,,,,,,,,,,,,,,,234,0.00
Ernest Jones,2566229,LB,LA,ARI,,,,,,,,,,,,,,,,,,235,0.00
Joe Jones,2559200,LB,TEN,@NYJ,,,,,,,,,,,,,,,,,,236,0.00
Peter Kalambayi,2560774,LB,FA,Bye,,,,,,,,,,,,,,,,,,237,0.00
Isaiah Kaufusi,2565606,LB,FA,Bye,,,,,,,,,,,,,,,,,,238,0.00
Mychal Kendricks,2532890,LB,FA,Bye,,,,,,,,,,,,,,,,,,239,0.00
Jordan Kunaszyk,2563127,LB,WAS,@ATL,,,,,,,,,,,,,,,,,,240,0.00
Harvey Langi,2558963,LB,NE,TB,,,,,,,,,,,,,,,,,,241,0.00
Shaq Lawson,2555252,LB,NYJ,TEN,,,,,,,,,,,,,,,,,,242,0.00
Marquel Lee,2557972,LB,LV,@LAC,,,,,,,,,,,,,,,,,,243,0.00
Sean Lee,496937,LB,FA,Bye,,,,,,,,,,,,,,,,,,244,0.00
Aaron Lynch,2543650,LB,FA,Bye,,,,,,,,,,,,,,,,,,245,0.00
Cassh Maluia,2564622,LB,FA,Bye,,,,,,,,,,,,,,,,,,246,0.00
Justin March,2553815,LB,FA,Bye,,,,,,,,,,,,,,,,,,247,0.00
Cassius Marsh,2543868,LB,CHI,DET,,,,,,,,,,,,,,,,,,248,0.00
Kamal Martin,2564010,LB,CAR,@DAL,,,,,,,,,,,,,,,,,,249,0.00
Blake Martinez,2555161,LB,NYG,@NO,,,,,,,,,,,,,,,,,,250,0.00
Isaiah McDuffie,2566082,LB,GB,PIT,,,,,,,,,,,,,,,,,,251,0.00
Cameron McGrone,2566337,LB,NE,TB,,,,,,,,,,,,,,,,,,252,0.00
Benardrick McKinney,2552490,LB,NYG,@NO,,,,,,,,,,,,,,,,,,253,0.00
Wynton McManis,2556842,LB,FA,Bye,,,,,,,,,,,,,,,,,,254,0.00
Raekwon McMillan,2558070,LB,NE,TB,,,,,,,,,,,,,,,,,,255,0.00
Montrel Meander,2561376,LB,CLE,@MIN,,,,,,,,,,,,,,,,,,256,0.00
Christian Miller,2562313,LB,FA,Bye,,,,,,,,,,,,,,,,,,257,0.00
Jarvis Miller,2565789,LB,FA,Bye,,,,,,,,,,,,,,,,,,258,0.00
Barkevious Mingo,2540140,LB,FA,Bye,,,,,,,,,,,,,,,,,,259,0.00
Nicholas Morrow,2559054,LB,LV,@LAC,,,,,,,,,,,,,,,,,,260,0.00
Dylan Moses,2565627,LB,JAX,@CIN,,,,,,,,,,,,,,,,,,261,0.00
Calvin Munson,2559217,LB,NE,TB,,,,,,,,,,,,,,,,,,262,0.00
Kenneth Murray,2565063,LB,LAC,LV,,,,,,,,,,,,,,,,,,263,0.00
Tanner Muse,2564427,LB,SEA,@SF,,,,,,,,,,,,,,,,,,264,0.00
Hamsah Nasirildeen,2565747,LB,NYJ,TEN,,,,,,,,,,,,,,,,,,265,0.00
Keanu Neal,2555543,LB,DAL,CAR,,,,,,,,,,,,,,,,,,266,0.00
Anthony Nelson,2562507,LB,TB,@NE,,,,,,,,,,,,,,,,,,267,0.00
Jared Norris,2556862,LB,WAS,@ATL,,,,,,,,,,,,,,,,,,268,0.00
Mark Nzeocha,2552684,LB,FA,Bye,,,,,,,,,,,,,,,,,,269,0.00
Dorian O'Daniel,2560827,LB,KC,@PHI,,,,,,,,,,,,,,,,,,270,0.00
James Onwualu,2559225,LB,FA,Bye,,,,,,,,,,,,,,,,,,271,0.00
Joseph Ossai,2565956,LB,CIN,JAX,,,,,,,,,,,,,,,,,,272,0.00
Natrez Patrick,2562325,LB,DEN,BAL,,,,,,,,,,,,,,,,,,273,0.00
Del'Shawn Phillips,2563179,LB,NYJ,TEN,,,,,,,,,,,,,,,,,,274,0.00
Jacob Phillips,2563806,LB,CLE,@MIN,,,,,,,,,,,,,,,,,,275,0.00
Kevin Pierre-Louis,2543563,LB,HOU,@BUF,,,,,,,,,,,,,,,,,,276,0.00
Shaquille Quarterman,2564217,LB,JAX,@CIN,,,,,,,,,,,,,,,,,,277,0.00
Randy Ramsey,2562920,LB,GB,PIT,,,,,,,,,,,,,,,,,,278,0.00
Hamilcar Rashed Jr.,2565756,LB,NYJ,TEN,,,,,,,,,,,,,,,,,,279,0.00
LaRoy Reynolds,2541741,LB,NYJ,TEN,,,,,,,,,,,,,,,,,,280,0.00
Max Richardson,2565657,LB,FA,Bye,,,,,,,,,,,,,,,,,,281,0.00
Duke Riley,2557967,LB,MIA,IND,,,,,,,,,,,,,,,,,,282,0.00
Derick Roberson,2562870,LB,TEN,@NYJ,,,,,,,,,,,,,,,,,,283,0.00
Craig Robertson,2532431,LB,FA,Bye,,,,,,,,,,,,,,,,,,284,0.00
Edmond Robinson,2552441,LB,FA,Bye,,,,,,,,,,,,,,,,,,285,0.00
Tegray Scales,2560864,LB,FA,Bye,,,,,,,,,,,,,,,,,,286,0.00
Cameron Smith,2562737,LB,FA,Bye,,,,,,,,,,,,,,,,,,287,0.00
Emmanuel Smith,2561275,LB,FA,Bye,,,,,,,,,,,,,,,,,,288,0.00
Jordan Smith,2566169,LB,JAX,@CIN,,,,,,,,,,,,,,,,,,289,0.00
Preston Smith,2552276,LB,GB,PIT,,,,,,,,,,,,,,,,,,290,0.00
Rashad Smith,2565420,LB,CHI,DET,,,,,,,,,,,,,,,,,,291,0.00
Shaq Smith,2565708,LB,FA,Bye,,,,,,,,,,,,,,,,,,292,0.00
Terrance Smith,2556775,LB,FA,Bye,,,,,,,,,,,,,,,,,,293,0.00
Za'Darius Smith,2552279,LB,GB,PIT,,,,,,,,,,,,,,,,,,294,0.00
E.J. Speed,2562955,LB,IND,@MIA,,,,,,,,,,,,,,,,,,295,0.00
Chazz Surratt,2566322,LB,MIN,CLE,,,,,,,,,,,,,,,,,,296,0.00
Jahlani Tavai,2562755,LB,NE,TB,,,,,,,,,,,,,,,,,,297,0.00
Adarius Taylor,2550565,LB,FA,Bye,,,,,,,,,,,,,,,,,,298,0.00
Davion Taylor,2564862,LB,PHI,KC,,,,,,,,,,,,,,,,,,299,0.00
Danny Trevathan,2532961,LB,CHI,DET,,,,,,,,,,,,,,,,,,300,0.00
Derrek Tuszka,2563917,LB,PIT,@GB,,,,,,,,,,,,,,,,,,301,0.00
Tanner Vallejo,2558289,LB,ARI,@LA,,,,,,,,,,,,,,,,,,302,0.00
James Vaughters,2553781,LB,ATL,WAS,,,,,,,,,,,,,,,,,,303,0.00
Barrington Wade,2566629,LB,DEN,BAL,,,,,,,,,,,,,,,,,,304,0.00
Anthony Walker,2558851,LB,CLE,@MIN,,,,,,,,,,,,,,,,,,305,0.00
D'Andre Walker,2562769,LB,FA,Bye,,,,,,,,,,,,,,,,,,306,0.00
Joe Walker,2556192,LB,ARI,@LA,,,,,,,,,,,,,,,,,,307,0.00
Jamar Watson,2565801,LB,FA,Bye,,,,,,,,,,,,,,,,,,308,0.00
Josh Watson,2563104,LB,CAR,@DAL,,,,,,,,,,,,,,,,,,309,0.00
Kristian Welch,2565348,LB,BAL,@DEN,,,,,,,,,,,,,,,,,,310,0.00
Tahir Whitehead,2532986,LB,ARI,@LA,,,,,,,,,,,,,,,,,,311,0.00
Kyle Wilber,2532974,LB,FA,Bye,,,,,,,,,,,,,,,,,,312,0.00
Vince Williams,2540221,LB,FA,Bye,,,,,,,,,,,,,,,,,,313,0.00
Avery Williamson,2543597,LB,DEN,BAL,,,,,,,,,,,,,,,,,,314,0.00
Mack Wilson,2562605,LB,CLE,@MIN,,,,,,,,,,,,,,,,,,315,0.00
Josh Woods,2561626,LB,DET,@CHI,,,,,,,,,,,,,,,,,,316,0.00
